ISO-10303-21;
HEADER;
FILE_DESCRIPTION(('STEP AP242'),'1');
FILE_NAME('0022284042.stp','2024-12-17T10:17:06',('TraceParts'),('TraceParts S.A.'),'Spatial InterOp 3D',' ',' ');
FILE_SCHEMA(('AP242_MANAGED_MODEL_BASED_3D_ENGINEERING_MIM_LF  {1 0 10303 442 1 1 4}'));
ENDSEC;
DATA;
#1=PRODUCT_DEFINITION_CONTEXT('',#10,'design');
#2=APPLICATION_PROTOCOL_DEFINITION('INTERNATIONAL STANDARD','ap242_managed_model_based_3d_engineering',2014,#10);
#3=PRODUCT_CATEGORY_RELATIONSHIP('NONE','NONE',#11,#12);
#4=SHAPE_DEFINITION_REPRESENTATION(#13,#14);
#5=SHAPE_DEFINITION_REPRESENTATION(#13,#15);
#6= (GEOMETRIC_REPRESENTATION_CONTEXT(3)GLOBAL_UNCERTAINTY_ASSIGNED_CONTEXT((#18))GLOBAL_UNIT_ASSIGNED_CONTEXT((#20,#21,#22))REPRESENTATION_CONTEXT('NONE','WORKSPACE'));
#10=APPLICATION_CONTEXT('managed model based 3d engineering');
#11=PRODUCT_CATEGORY('part','NONE');
#12=PRODUCT_RELATED_PRODUCT_CATEGORY('detail',' ',(#24));
#13=PRODUCT_DEFINITION_SHAPE('NONE','NONE',#25);
#14=ADVANCED_BREP_SHAPE_REPRESENTATION('0022284042_1',(#26,#27),#6);
#15=GEOMETRICALLY_BOUNDED_SURFACE_SHAPE_REPRESENTATION('1',(#28,#29),#6);
#18=UNCERTAINTY_MEASURE_WITH_UNIT(LENGTH_MEASURE(1.0E-06),#20,'','');
#20= (CONVERSION_BASED_UNIT('MILLIMETRE',#32)LENGTH_UNIT()NAMED_UNIT(#35));
#21= (NAMED_UNIT(#37)PLANE_ANGLE_UNIT()SI_UNIT($,.RADIAN.));
#22= (NAMED_UNIT(#37)SOLID_ANGLE_UNIT()SI_UNIT($,.STERADIAN.));
#24=PRODUCT('0022284042_1','0022284042_1','PART-0022284042_1-DESC',(#43));
#25=PRODUCT_DEFINITION('','NONE',#44,#1);
#26=MANIFOLD_SOLID_BREP('0022284042_1',#45);
#27=AXIS2_PLACEMENT_3D('',#46,#47,#48);
#28=GEOMETRIC_SET('1',(#49,#50,#51,#52,#53,#54,#55,#56));
#29=AXIS2_PLACEMENT_3D('',#57,#58,#59);
#32=LENGTH_MEASURE_WITH_UNIT(LENGTH_MEASURE(1.0),#60);
#35=DIMENSIONAL_EXPONENTS(1.0,0.0,0.0,0.0,0.0,0.0,0.0);
#37=DIMENSIONAL_EXPONENTS(0.0,0.0,0.0,0.0,0.0,0.0,0.0);
#43=PRODUCT_CONTEXT('',#10,'mechanical');
#44=PRODUCT_DEFINITION_FORMATION_WITH_SPECIFIED_SOURCE(' ','NONE',#24,.NOT_KNOWN.);
#45=CLOSED_SHELL('',(#61,#62,#63,#64,#65,#66,#67,#68,#69,#70,#71,#72,#73,#74,#75,#76,#77,#78,#79,#80,#81,#82,#83,#84,#85,#86,#87,#88,#89,#90,#91,#92,#93,#94,#95,#96,#97,#98,#99,#100,#101,#102,#103,#104,#105,#106,#107,#108,#109,#110,#111,#112,#113,#114,#115,#116,#117,#118,#119,#120,#121,#122,#123,#124,#125,#126,#127,#128,#129,#130,#131,#132,#133,#134,#135,#136,#137,#138,#139,#140,#141,#142,#143,#144,#145,#146,#147,#148,#149,#150,#151,#152,#153,#154,#155,#156,#157,#158,#159,#160,#161,#162,#163,#164,#165,#166,#167,#168,#169,#170,#171,#172,#173,#174,#175,#176,#177,#178,#179,#180,#181,#182,#183,#184,#185,#186,#187,#188,#189,#190,#191,#192,#193,#194,#195,#196,#197,#198,#199,#200,#201,#202,#203,#204,#205,#206,#207,#208,#209,#210,#211,#212,#213,#214,#215,#216,#217,#218,#219,#220,#221,#222,#223,#224,#225,#226,#227,#228,#229,#230,#231,#232,#233,#234,#235,#236,#237,#238,#239,#240,#241,#242,#243,#244,#245,#246,#247,#248,#249,#250,#251,#252,#253,#254,#255,#256,#257,#258,#259,#260,#261,#262,#263,#264,#265,#266,#267,#268,#269,#270,#271,#272,#273,#274,#275,#276,#277,#278,#279,#280,#281,#282,#283,#284,#285,#286,#287,#288));
#46=CARTESIAN_POINT('',(0.0,0.0,0.0));
#47=DIRECTION('',(0.0,0.0,1.0));
#48=DIRECTION('',(1.0,0.0,0.0));
#49=COMPOSITE_CURVE('0022284042_2',(#289),.U.);
#50=COMPOSITE_CURVE('0022284042_3',(#290),.U.);
#51=COMPOSITE_CURVE('0022284042_4',(#291),.U.);
#52=COMPOSITE_CURVE('0022284042_5',(#292),.U.);
#53=COMPOSITE_CURVE('0022284042_6',(#293),.U.);
#54=COMPOSITE_CURVE('0022284042_7',(#294),.U.);
#55=COMPOSITE_CURVE('0022284042_8',(#295),.U.);
#56=COMPOSITE_CURVE('0022284042_9',(#296),.U.);
#57=CARTESIAN_POINT('',(0.0,0.0,0.0));
#58=DIRECTION('',(0.0,0.0,1.0));
#59=DIRECTION('',(1.0,0.0,0.0));
#60= (NAMED_UNIT(#35)LENGTH_UNIT()SI_UNIT(.MILLI.,.METRE.));
#61=ADVANCED_FACE('',(#298),#299,.F.);
#62=ADVANCED_FACE('',(#300),#301,.F.);
#63=ADVANCED_FACE('',(#302),#303,.F.);
#64=ADVANCED_FACE('',(#304),#305,.F.);
#65=ADVANCED_FACE('',(#306),#307,.F.);
#66=ADVANCED_FACE('',(#308),#309,.F.);
#67=ADVANCED_FACE('',(#310),#311,.F.);
#68=ADVANCED_FACE('',(#312),#313,.F.);
#69=ADVANCED_FACE('',(#314),#315,.F.);
#70=ADVANCED_FACE('',(#316),#317,.F.);
#71=ADVANCED_FACE('',(#318,#319,#320,#321,#322,#323,#324,#325,#326,#327,#328),#329,.T.);
#72=ADVANCED_FACE('',(#330),#331,.T.);
#73=ADVANCED_FACE('',(#332),#333,.T.);
#74=ADVANCED_FACE('',(#334),#335,.T.);
#75=ADVANCED_FACE('',(#336),#337,.T.);
#76=ADVANCED_FACE('',(#338),#339,.T.);
#77=ADVANCED_FACE('',(#340),#341,.T.);
#78=ADVANCED_FACE('',(#342),#343,.T.);
#79=ADVANCED_FACE('',(#344),#345,.T.);
#80=ADVANCED_FACE('',(#346),#347,.F.);
#81=ADVANCED_FACE('',(#348),#349,.T.);
#82=ADVANCED_FACE('',(#350),#351,.T.);
#83=ADVANCED_FACE('',(#352),#353,.T.);
#84=ADVANCED_FACE('',(#354),#355,.T.);
#85=ADVANCED_FACE('',(#356),#357,.T.);
#86=ADVANCED_FACE('',(#358),#359,.T.);
#87=ADVANCED_FACE('',(#360),#361,.T.);
#88=ADVANCED_FACE('',(#362),#363,.T.);
#89=ADVANCED_FACE('',(#364),#365,.F.);
#90=ADVANCED_FACE('',(#366),#367,.F.);
#91=ADVANCED_FACE('',(#368),#369,.F.);
#92=ADVANCED_FACE('',(#370),#371,.T.);
#93=ADVANCED_FACE('',(#372),#373,.T.);
#94=ADVANCED_FACE('',(#374),#375,.T.);
#95=ADVANCED_FACE('',(#376),#377,.T.);
#96=ADVANCED_FACE('',(#378),#379,.T.);
#97=ADVANCED_FACE('',(#380),#381,.T.);
#98=ADVANCED_FACE('',(#382),#383,.T.);
#99=ADVANCED_FACE('',(#384),#385,.T.);
#100=ADVANCED_FACE('',(#386),#387,.F.);
#101=ADVANCED_FACE('',(#388),#389,.F.);
#102=ADVANCED_FACE('',(#390),#391,.F.);
#103=ADVANCED_FACE('',(#392),#393,.F.);
#104=ADVANCED_FACE('',(#394),#395,.F.);
#105=ADVANCED_FACE('',(#396),#397,.F.);
#106=ADVANCED_FACE('',(#398),#399,.F.);
#107=ADVANCED_FACE('',(#400),#401,.F.);
#108=ADVANCED_FACE('',(#402),#403,.F.);
#109=ADVANCED_FACE('',(#404),#405,.F.);
#110=ADVANCED_FACE('',(#406),#407,.F.);
#111=ADVANCED_FACE('',(#408),#409,.F.);
#112=ADVANCED_FACE('',(#410),#411,.F.);
#113=ADVANCED_FACE('',(#412),#413,.F.);
#114=ADVANCED_FACE('',(#414),#415,.F.);
#115=ADVANCED_FACE('',(#416),#417,.F.);
#116=ADVANCED_FACE('',(#418),#419,.F.);
#117=ADVANCED_FACE('',(#420),#421,.F.);
#118=ADVANCED_FACE('',(#422),#423,.F.);
#119=ADVANCED_FACE('',(#424),#425,.F.);
#120=ADVANCED_FACE('',(#426),#427,.F.);
#121=ADVANCED_FACE('',(#428),#429,.F.);
#122=ADVANCED_FACE('',(#430),#431,.F.);
#123=ADVANCED_FACE('',(#432),#433,.F.);
#124=ADVANCED_FACE('',(#434),#435,.F.);
#125=ADVANCED_FACE('',(#436),#437,.F.);
#126=ADVANCED_FACE('',(#438),#439,.T.);
#127=ADVANCED_FACE('',(#440),#441,.T.);
#128=ADVANCED_FACE('',(#442),#443,.T.);
#129=ADVANCED_FACE('',(#444),#445,.T.);
#130=ADVANCED_FACE('',(#446),#447,.T.);
#131=ADVANCED_FACE('',(#448),#449,.T.);
#132=ADVANCED_FACE('',(#450),#451,.T.);
#133=ADVANCED_FACE('',(#452),#453,.T.);
#134=ADVANCED_FACE('',(#454,#455,#456,#457,#458,#459,#460,#461,#462,#463,#464),#465,.T.);
#135=ADVANCED_FACE('',(#466),#467,.T.);
#136=ADVANCED_FACE('',(#468),#469,.T.);
#137=ADVANCED_FACE('',(#470),#471,.T.);
#138=ADVANCED_FACE('',(#472),#473,.T.);
#139=ADVANCED_FACE('',(#474),#475,.T.);
#140=ADVANCED_FACE('',(#476),#477,.T.);
#141=ADVANCED_FACE('',(#478),#479,.T.);
#142=ADVANCED_FACE('',(#480),#481,.T.);
#143=ADVANCED_FACE('',(#482),#483,.T.);
#144=ADVANCED_FACE('',(#484),#485,.T.);
#145=ADVANCED_FACE('',(#486),#487,.T.);
#146=ADVANCED_FACE('',(#488),#489,.T.);
#147=ADVANCED_FACE('',(#490),#491,.T.);
#148=ADVANCED_FACE('',(#492),#493,.T.);
#149=ADVANCED_FACE('',(#494),#495,.T.);
#150=ADVANCED_FACE('',(#496),#497,.T.);
#151=ADVANCED_FACE('',(#498),#499,.T.);
#152=ADVANCED_FACE('',(#500),#501,.T.);
#153=ADVANCED_FACE('',(#502),#503,.T.);
#154=ADVANCED_FACE('',(#504),#505,.T.);
#155=ADVANCED_FACE('',(#506),#507,.T.);
#156=ADVANCED_FACE('',(#508),#509,.T.);
#157=ADVANCED_FACE('',(#510),#511,.T.);
#158=ADVANCED_FACE('',(#512),#513,.T.);
#159=ADVANCED_FACE('',(#514),#515,.F.);
#160=ADVANCED_FACE('',(#516),#517,.F.);
#161=ADVANCED_FACE('',(#518),#519,.F.);
#162=ADVANCED_FACE('',(#520),#521,.F.);
#163=ADVANCED_FACE('',(#522),#523,.F.);
#164=ADVANCED_FACE('',(#524),#525,.F.);
#165=ADVANCED_FACE('',(#526),#527,.F.);
#166=ADVANCED_FACE('',(#528),#529,.F.);
#167=ADVANCED_FACE('',(#530),#531,.F.);
#168=ADVANCED_FACE('',(#532),#533,.F.);
#169=ADVANCED_FACE('',(#534),#535,.F.);
#170=ADVANCED_FACE('',(#536),#537,.F.);
#171=ADVANCED_FACE('',(#538),#539,.F.);
#172=ADVANCED_FACE('',(#540),#541,.F.);
#173=ADVANCED_FACE('',(#542),#543,.F.);
#174=ADVANCED_FACE('',(#544),#545,.F.);
#175=ADVANCED_FACE('',(#546),#547,.F.);
#176=ADVANCED_FACE('',(#548),#549,.F.);
#177=ADVANCED_FACE('',(#550),#551,.F.);
#178=ADVANCED_FACE('',(#552),#553,.F.);
#179=ADVANCED_FACE('',(#554),#555,.F.);
#180=ADVANCED_FACE('',(#556),#557,.F.);
#181=ADVANCED_FACE('',(#558),#559,.F.);
#182=ADVANCED_FACE('',(#560),#561,.F.);
#183=ADVANCED_FACE('',(#562),#563,.F.);
#184=ADVANCED_FACE('',(#564),#565,.F.);
#185=ADVANCED_FACE('',(#566),#567,.F.);
#186=ADVANCED_FACE('',(#568),#569,.F.);
#187=ADVANCED_FACE('',(#570),#571,.F.);
#188=ADVANCED_FACE('',(#572),#573,.F.);
#189=ADVANCED_FACE('',(#574),#575,.F.);
#190=ADVANCED_FACE('',(#576),#577,.F.);
#191=ADVANCED_FACE('',(#578),#579,.F.);
#192=ADVANCED_FACE('',(#580),#581,.F.);
#193=ADVANCED_FACE('',(#582),#583,.F.);
#194=ADVANCED_FACE('',(#584),#585,.F.);
#195=ADVANCED_FACE('',(#586),#587,.T.);
#196=ADVANCED_FACE('',(#588),#589,.T.);
#197=ADVANCED_FACE('',(#590),#591,.T.);
#198=ADVANCED_FACE('',(#592),#593,.T.);
#199=ADVANCED_FACE('',(#594),#595,.T.);
#200=ADVANCED_FACE('',(#596),#597,.T.);
#201=ADVANCED_FACE('',(#598),#599,.T.);
#202=ADVANCED_FACE('',(#600),#601,.T.);
#203=ADVANCED_FACE('',(#602),#603,.T.);
#204=ADVANCED_FACE('',(#604),#605,.T.);
#205=ADVANCED_FACE('',(#606),#607,.T.);
#206=ADVANCED_FACE('',(#608),#609,.T.);
#207=ADVANCED_FACE('',(#610),#611,.T.);
#208=ADVANCED_FACE('',(#612),#613,.F.);
#209=ADVANCED_FACE('',(#614),#615,.F.);
#210=ADVANCED_FACE('',(#616),#617,.F.);
#211=ADVANCED_FACE('',(#618),#619,.F.);
#212=ADVANCED_FACE('',(#620),#621,.F.);
#213=ADVANCED_FACE('',(#622),#623,.F.);
#214=ADVANCED_FACE('',(#624),#625,.T.);
#215=ADVANCED_FACE('',(#626),#627,.T.);
#216=ADVANCED_FACE('',(#628),#629,.T.);
#217=ADVANCED_FACE('',(#630),#631,.F.);
#218=ADVANCED_FACE('',(#632),#633,.F.);
#219=ADVANCED_FACE('',(#634),#635,.T.);
#220=ADVANCED_FACE('',(#636),#637,.T.);
#221=ADVANCED_FACE('',(#638),#639,.T.);
#222=ADVANCED_FACE('',(#640),#641,.T.);
#223=ADVANCED_FACE('',(#642),#643,.T.);
#224=ADVANCED_FACE('',(#644),#645,.T.);
#225=ADVANCED_FACE('',(#646),#647,.T.);
#226=ADVANCED_FACE('',(#648),#649,.T.);
#227=ADVANCED_FACE('',(#650),#651,.T.);
#228=ADVANCED_FACE('',(#652),#653,.T.);
#229=ADVANCED_FACE('',(#654),#655,.T.);
#230=ADVANCED_FACE('',(#656),#657,.T.);
#231=ADVANCED_FACE('',(#658),#659,.T.);
#232=ADVANCED_FACE('',(#660),#661,.T.);
#233=ADVANCED_FACE('',(#662),#663,.T.);
#234=ADVANCED_FACE('',(#664),#665,.T.);
#235=ADVANCED_FACE('',(#666),#667,.F.);
#236=ADVANCED_FACE('',(#668),#669,.F.);
#237=ADVANCED_FACE('',(#670),#671,.T.);
#238=ADVANCED_FACE('',(#672),#673,.T.);
#239=ADVANCED_FACE('',(#674),#675,.T.);
#240=ADVANCED_FACE('',(#676),#677,.T.);
#241=ADVANCED_FACE('',(#678),#679,.T.);
#242=ADVANCED_FACE('',(#680),#681,.T.);
#243=ADVANCED_FACE('',(#682),#683,.T.);
#244=ADVANCED_FACE('',(#684),#685,.T.);
#245=ADVANCED_FACE('',(#686),#687,.T.);
#246=ADVANCED_FACE('',(#688),#689,.T.);
#247=ADVANCED_FACE('',(#690),#691,.T.);
#248=ADVANCED_FACE('',(#692),#693,.T.);
#249=ADVANCED_FACE('',(#694),#695,.T.);
#250=ADVANCED_FACE('',(#696),#697,.T.);
#251=ADVANCED_FACE('',(#698),#699,.T.);
#252=ADVANCED_FACE('',(#700),#701,.T.);
#253=ADVANCED_FACE('',(#702),#703,.F.);
#254=ADVANCED_FACE('',(#704),#705,.F.);
#255=ADVANCED_FACE('',(#706),#707,.T.);
#256=ADVANCED_FACE('',(#708),#709,.T.);
#257=ADVANCED_FACE('',(#710),#711,.T.);
#258=ADVANCED_FACE('',(#712),#713,.T.);
#259=ADVANCED_FACE('',(#714),#715,.T.);
#260=ADVANCED_FACE('',(#716),#717,.T.);
#261=ADVANCED_FACE('',(#718),#719,.T.);
#262=ADVANCED_FACE('',(#720),#721,.T.);
#263=ADVANCED_FACE('',(#722),#723,.T.);
#264=ADVANCED_FACE('',(#724),#725,.T.);
#265=ADVANCED_FACE('',(#726),#727,.T.);
#266=ADVANCED_FACE('',(#728),#729,.T.);
#267=ADVANCED_FACE('',(#730),#731,.T.);
#268=ADVANCED_FACE('',(#732),#733,.T.);
#269=ADVANCED_FACE('',(#734),#735,.T.);
#270=ADVANCED_FACE('',(#736),#737,.T.);
#271=ADVANCED_FACE('',(#738),#739,.F.);
#272=ADVANCED_FACE('',(#740),#741,.F.);
#273=ADVANCED_FACE('',(#742),#743,.T.);
#274=ADVANCED_FACE('',(#744),#745,.T.);
#275=ADVANCED_FACE('',(#746),#747,.T.);
#276=ADVANCED_FACE('',(#748),#749,.T.);
#277=ADVANCED_FACE('',(#750),#751,.T.);
#278=ADVANCED_FACE('',(#752),#753,.T.);
#279=ADVANCED_FACE('',(#754),#755,.T.);
#280=ADVANCED_FACE('',(#756),#757,.T.);
#281=ADVANCED_FACE('',(#758),#759,.T.);
#282=ADVANCED_FACE('',(#760),#761,.T.);
#283=ADVANCED_FACE('',(#762),#763,.T.);
#284=ADVANCED_FACE('',(#764),#765,.T.);
#285=ADVANCED_FACE('',(#766),#767,.T.);
#286=ADVANCED_FACE('',(#768),#769,.T.);
#287=ADVANCED_FACE('',(#770),#771,.T.);
#288=ADVANCED_FACE('',(#772),#773,.T.);
#289=COMPOSITE_CURVE_SEGMENT(.CONTINUOUS.,.T.,#774);
#290=COMPOSITE_CURVE_SEGMENT(.CONTINUOUS.,.T.,#775);
#291=COMPOSITE_CURVE_SEGMENT(.CONTINUOUS.,.T.,#776);
#292=COMPOSITE_CURVE_SEGMENT(.CONTINUOUS.,.T.,#777);
#293=COMPOSITE_CURVE_SEGMENT(.CONTINUOUS.,.T.,#778);
#294=COMPOSITE_CURVE_SEGMENT(.CONTINUOUS.,.T.,#779);
#295=COMPOSITE_CURVE_SEGMENT(.CONTINUOUS.,.T.,#780);
#296=COMPOSITE_CURVE_SEGMENT(.CONTINUOUS.,.T.,#781);
#298=FACE_OUTER_BOUND('',#782,.T.);
#299=CYLINDRICAL_SURFACE('',#783,0.7112);
#300=FACE_OUTER_BOUND('',#784,.T.);
#301=CYLINDRICAL_SURFACE('',#785,0.7112);
#302=FACE_OUTER_BOUND('',#786,.T.);
#303=CYLINDRICAL_SURFACE('',#787,0.7112);
#304=FACE_OUTER_BOUND('',#788,.T.);
#305=CYLINDRICAL_SURFACE('',#789,0.7112);
#306=FACE_OUTER_BOUND('',#790,.T.);
#307=CYLINDRICAL_SURFACE('',#791,0.7112);
#308=FACE_OUTER_BOUND('',#792,.T.);
#309=CYLINDRICAL_SURFACE('',#793,0.7112);
#310=FACE_OUTER_BOUND('',#794,.T.);
#311=CYLINDRICAL_SURFACE('',#795,0.7112);
#312=FACE_OUTER_BOUND('',#796,.T.);
#313=CYLINDRICAL_SURFACE('',#797,0.7112);
#314=FACE_OUTER_BOUND('',#798,.T.);
#315=PLANE('',#799);
#316=FACE_OUTER_BOUND('',#800,.T.);
#317=PLANE('',#801);
#318=FACE_OUTER_BOUND('',#802,.T.);
#319=FACE_BOUND('',#803,.T.);
#320=FACE_BOUND('',#804,.T.);
#321=FACE_BOUND('',#805,.T.);
#322=FACE_BOUND('',#806,.T.);
#323=FACE_BOUND('',#807,.T.);
#324=FACE_BOUND('',#808,.T.);
#325=FACE_BOUND('',#809,.T.);
#326=FACE_BOUND('',#810,.T.);
#327=FACE_BOUND('',#811,.T.);
#328=FACE_BOUND('',#812,.T.);
#329=PLANE('',#813);
#330=FACE_OUTER_BOUND('',#814,.T.);
#331=PLANE('',#815);
#332=FACE_OUTER_BOUND('',#816,.T.);
#333=PLANE('',#817);
#334=FACE_OUTER_BOUND('',#818,.T.);
#335=PLANE('',#819);
#336=FACE_OUTER_BOUND('',#820,.T.);
#337=PLANE('',#821);
#338=FACE_OUTER_BOUND('',#822,.T.);
#339=PLANE('',#823);
#340=FACE_OUTER_BOUND('',#824,.T.);
#341=PLANE('',#825);
#342=FACE_OUTER_BOUND('',#826,.T.);
#343=PLANE('',#827);
#344=FACE_OUTER_BOUND('',#828,.T.);
#345=PLANE('',#829);
#346=FACE_OUTER_BOUND('',#830,.T.);
#347=PLANE('',#831);
#348=FACE_OUTER_BOUND('',#832,.T.);
#349=PLANE('',#833);
#350=FACE_OUTER_BOUND('',#834,.T.);
#351=PLANE('',#835);
#352=FACE_OUTER_BOUND('',#836,.T.);
#353=PLANE('',#837);
#354=FACE_OUTER_BOUND('',#838,.T.);
#355=PLANE('',#839);
#356=FACE_OUTER_BOUND('',#840,.T.);
#357=PLANE('',#841);
#358=FACE_OUTER_BOUND('',#842,.T.);
#359=PLANE('',#843);
#360=FACE_OUTER_BOUND('',#844,.T.);
#361=PLANE('',#845);
#362=FACE_OUTER_BOUND('',#846,.T.);
#363=PLANE('',#847);
#364=FACE_OUTER_BOUND('',#848,.T.);
#365=CYLINDRICAL_SURFACE('',#849,0.7112);
#366=FACE_OUTER_BOUND('',#850,.T.);
#367=PLANE('',#851);
#368=FACE_OUTER_BOUND('',#852,.T.);
#369=PLANE('',#853);
#370=FACE_OUTER_BOUND('',#854,.T.);
#371=PLANE('',#855);
#372=FACE_OUTER_BOUND('',#856,.T.);
#373=PLANE('',#857);
#374=FACE_OUTER_BOUND('',#858,.T.);
#375=PLANE('',#859);
#376=FACE_OUTER_BOUND('',#860,.T.);
#377=PLANE('',#861);
#378=FACE_OUTER_BOUND('',#862,.T.);
#379=PLANE('',#863);
#380=FACE_OUTER_BOUND('',#864,.T.);
#381=PLANE('',#865);
#382=FACE_OUTER_BOUND('',#866,.T.);
#383=PLANE('',#867);
#384=FACE_OUTER_BOUND('',#868,.T.);
#385=PLANE('',#869);
#386=FACE_OUTER_BOUND('',#870,.T.);
#387=PLANE('',#871);
#388=FACE_OUTER_BOUND('',#872,.T.);
#389=CYLINDRICAL_SURFACE('',#873,0.7112);
#390=FACE_OUTER_BOUND('',#874,.T.);
#391=PLANE('',#875);
#392=FACE_OUTER_BOUND('',#876,.T.);
#393=PLANE('',#877);
#394=FACE_OUTER_BOUND('',#878,.T.);
#395=CYLINDRICAL_SURFACE('',#879,0.7112);
#396=FACE_OUTER_BOUND('',#880,.T.);
#397=PLANE('',#881);
#398=FACE_OUTER_BOUND('',#882,.T.);
#399=PLANE('',#883);
#400=FACE_OUTER_BOUND('',#884,.T.);
#401=PLANE('',#885);
#402=FACE_OUTER_BOUND('',#886,.T.);
#403=CYLINDRICAL_SURFACE('',#887,0.7112);
#404=FACE_OUTER_BOUND('',#888,.T.);
#405=PLANE('',#889);
#406=FACE_OUTER_BOUND('',#890,.T.);
#407=PLANE('',#891);
#408=FACE_OUTER_BOUND('',#892,.T.);
#409=PLANE('',#893);
#410=FACE_OUTER_BOUND('',#894,.T.);
#411=CYLINDRICAL_SURFACE('',#895,0.7112);
#412=FACE_OUTER_BOUND('',#896,.T.);
#413=PLANE('',#897);
#414=FACE_OUTER_BOUND('',#898,.T.);
#415=PLANE('',#899);
#416=FACE_OUTER_BOUND('',#900,.T.);
#417=PLANE('',#901);
#418=FACE_OUTER_BOUND('',#902,.T.);
#419=CYLINDRICAL_SURFACE('',#903,0.7112);
#420=FACE_OUTER_BOUND('',#904,.T.);
#421=PLANE('',#905);
#422=FACE_OUTER_BOUND('',#906,.T.);
#423=PLANE('',#907);
#424=FACE_OUTER_BOUND('',#908,.T.);
#425=PLANE('',#909);
#426=FACE_OUTER_BOUND('',#910,.T.);
#427=CYLINDRICAL_SURFACE('',#911,0.7112);
#428=FACE_OUTER_BOUND('',#912,.T.);
#429=PLANE('',#913);
#430=FACE_OUTER_BOUND('',#914,.T.);
#431=PLANE('',#915);
#432=FACE_OUTER_BOUND('',#916,.T.);
#433=PLANE('',#917);
#434=FACE_OUTER_BOUND('',#918,.T.);
#435=CYLINDRICAL_SURFACE('',#919,0.7112);
#436=FACE_OUTER_BOUND('',#920,.T.);
#437=PLANE('',#921);
#438=FACE_OUTER_BOUND('',#922,.T.);
#439=PLANE('',#923);
#440=FACE_OUTER_BOUND('',#924,.T.);
#441=PLANE('',#925);
#442=FACE_OUTER_BOUND('',#926,.T.);
#443=PLANE('',#927);
#444=FACE_OUTER_BOUND('',#928,.T.);
#445=PLANE('',#929);
#446=FACE_OUTER_BOUND('',#930,.T.);
#447=PLANE('',#931);
#448=FACE_OUTER_BOUND('',#932,.T.);
#449=PLANE('',#933);
#450=FACE_OUTER_BOUND('',#934,.T.);
#451=PLANE('',#935);
#452=FACE_OUTER_BOUND('',#936,.T.);
#453=PLANE('',#937);
#454=FACE_OUTER_BOUND('',#938,.T.);
#455=FACE_BOUND('',#939,.T.);
#456=FACE_BOUND('',#940,.T.);
#457=FACE_BOUND('',#941,.T.);
#458=FACE_BOUND('',#942,.T.);
#459=FACE_BOUND('',#943,.T.);
#460=FACE_BOUND('',#944,.T.);
#461=FACE_BOUND('',#945,.T.);
#462=FACE_BOUND('',#946,.T.);
#463=FACE_BOUND('',#947,.T.);
#464=FACE_BOUND('',#948,.T.);
#465=PLANE('',#949);
#466=FACE_OUTER_BOUND('',#950,.T.);
#467=PLANE('',#951);
#468=FACE_OUTER_BOUND('',#952,.T.);
#469=PLANE('',#953);
#470=FACE_OUTER_BOUND('',#954,.T.);
#471=PLANE('',#955);
#472=FACE_OUTER_BOUND('',#956,.T.);
#473=PLANE('',#957);
#474=FACE_OUTER_BOUND('',#958,.T.);
#475=PLANE('',#959);
#476=FACE_OUTER_BOUND('',#960,.T.);
#477=PLANE('',#961);
#478=FACE_OUTER_BOUND('',#962,.T.);
#479=PLANE('',#963);
#480=FACE_OUTER_BOUND('',#964,.T.);
#481=PLANE('',#965);
#482=FACE_OUTER_BOUND('',#966,.T.);
#483=PLANE('',#967);
#484=FACE_OUTER_BOUND('',#968,.T.);
#485=PLANE('',#969);
#486=FACE_OUTER_BOUND('',#970,.T.);
#487=PLANE('',#971);
#488=FACE_OUTER_BOUND('',#972,.T.);
#489=PLANE('',#973);
#490=FACE_OUTER_BOUND('',#974,.T.);
#491=PLANE('',#975);
#492=FACE_OUTER_BOUND('',#976,.T.);
#493=PLANE('',#977);
#494=FACE_OUTER_BOUND('',#978,.T.);
#495=PLANE('',#979);
#496=FACE_OUTER_BOUND('',#980,.T.);
#497=PLANE('',#981);
#498=FACE_OUTER_BOUND('',#982,.T.);
#499=PLANE('',#983);
#500=FACE_OUTER_BOUND('',#984,.T.);
#501=PLANE('',#985);
#502=FACE_OUTER_BOUND('',#986,.T.);
#503=PLANE('',#987);
#504=FACE_OUTER_BOUND('',#988,.T.);
#505=PLANE('',#989);
#506=FACE_OUTER_BOUND('',#990,.T.);
#507=PLANE('',#991);
#508=FACE_OUTER_BOUND('',#992,.T.);
#509=PLANE('',#993);
#510=FACE_OUTER_BOUND('',#994,.T.);
#511=PLANE('',#995);
#512=FACE_OUTER_BOUND('',#996,.T.);
#513=PLANE('',#997);
#514=FACE_OUTER_BOUND('',#998,.T.);
#515=PLANE('',#999);
#516=FACE_OUTER_BOUND('',#1000,.T.);
#517=CYLINDRICAL_SURFACE('',#1001,0.7112);
#518=FACE_OUTER_BOUND('',#1002,.T.);
#519=PLANE('',#1003);
#520=FACE_OUTER_BOUND('',#1004,.T.);
#521=PLANE('',#1005);
#522=FACE_OUTER_BOUND('',#1006,.T.);
#523=PLANE('',#1007);
#524=FACE_OUTER_BOUND('',#1008,.T.);
#525=CYLINDRICAL_SURFACE('',#1009,0.7112);
#526=FACE_OUTER_BOUND('',#1010,.T.);
#527=PLANE('',#1011);
#528=FACE_OUTER_BOUND('',#1012,.T.);
#529=PLANE('',#1013);
#530=FACE_OUTER_BOUND('',#1014,.T.);
#531=CYLINDRICAL_SURFACE('',#1015,0.7112);
#532=FACE_OUTER_BOUND('',#1016,.T.);
#533=PLANE('',#1017);
#534=FACE_OUTER_BOUND('',#1018,.T.);
#535=PLANE('',#1019);
#536=FACE_OUTER_BOUND('',#1020,.T.);
#537=PLANE('',#1021);
#538=FACE_OUTER_BOUND('',#1022,.T.);
#539=CYLINDRICAL_SURFACE('',#1023,0.7112);
#540=FACE_OUTER_BOUND('',#1024,.T.);
#541=PLANE('',#1025);
#542=FACE_OUTER_BOUND('',#1026,.T.);
#543=PLANE('',#1027);
#544=FACE_OUTER_BOUND('',#1028,.T.);
#545=PLANE('',#1029);
#546=FACE_OUTER_BOUND('',#1030,.T.);
#547=CYLINDRICAL_SURFACE('',#1031,0.7112);
#548=FACE_OUTER_BOUND('',#1032,.T.);
#549=PLANE('',#1033);
#550=FACE_OUTER_BOUND('',#1034,.T.);
#551=PLANE('',#1035);
#552=FACE_OUTER_BOUND('',#1036,.T.);
#553=PLANE('',#1037);
#554=FACE_OUTER_BOUND('',#1038,.T.);
#555=CYLINDRICAL_SURFACE('',#1039,0.7112);
#556=FACE_OUTER_BOUND('',#1040,.T.);
#557=PLANE('',#1041);
#558=FACE_OUTER_BOUND('',#1042,.T.);
#559=PLANE('',#1043);
#560=FACE_OUTER_BOUND('',#1044,.T.);
#561=PLANE('',#1045);
#562=FACE_OUTER_BOUND('',#1046,.T.);
#563=CYLINDRICAL_SURFACE('',#1047,0.7112);
#564=FACE_OUTER_BOUND('',#1048,.T.);
#565=PLANE('',#1049);
#566=FACE_OUTER_BOUND('',#1050,.T.);
#567=PLANE('',#1051);
#568=FACE_OUTER_BOUND('',#1052,.T.);
#569=CYLINDRICAL_SURFACE('',#1053,0.7112);
#570=FACE_OUTER_BOUND('',#1054,.T.);
#571=PLANE('',#1055);
#572=FACE_OUTER_BOUND('',#1056,.T.);
#573=PLANE('',#1057);
#574=FACE_OUTER_BOUND('',#1058,.T.);
#575=PLANE('',#1059);
#576=FACE_OUTER_BOUND('',#1060,.T.);
#577=PLANE('',#1061);
#578=FACE_OUTER_BOUND('',#1062,.T.);
#579=PLANE('',#1063);
#580=FACE_OUTER_BOUND('',#1064,.T.);
#581=PLANE('',#1065);
#582=FACE_OUTER_BOUND('',#1066,.T.);
#583=PLANE('',#1067);
#584=FACE_OUTER_BOUND('',#1068,.T.);
#585=PLANE('',#1069);
#586=FACE_OUTER_BOUND('',#1070,.T.);
#587=PLANE('',#1071);
#588=FACE_OUTER_BOUND('',#1072,.T.);
#589=PLANE('',#1073);
#590=FACE_OUTER_BOUND('',#1074,.T.);
#591=PLANE('',#1075);
#592=FACE_OUTER_BOUND('',#1076,.T.);
#593=PLANE('',#1077);
#594=FACE_OUTER_BOUND('',#1078,.T.);
#595=PLANE('',#1079);
#596=FACE_OUTER_BOUND('',#1080,.T.);
#597=PLANE('',#1081);
#598=FACE_OUTER_BOUND('',#1082,.T.);
#599=PLANE('',#1083);
#600=FACE_OUTER_BOUND('',#1084,.T.);
#601=PLANE('',#1085);
#602=FACE_OUTER_BOUND('',#1086,.T.);
#603=PLANE('',#1087);
#604=FACE_OUTER_BOUND('',#1088,.T.);
#605=PLANE('',#1089);
#606=FACE_OUTER_BOUND('',#1090,.T.);
#607=PLANE('',#1091);
#608=FACE_OUTER_BOUND('',#1092,.T.);
#609=PLANE('',#1093);
#610=FACE_OUTER_BOUND('',#1094,.T.);
#611=PLANE('',#1095);
#612=FACE_OUTER_BOUND('',#1096,.T.);
#613=PLANE('',#1097);
#614=FACE_OUTER_BOUND('',#1098,.T.);
#615=PLANE('',#1099);
#616=FACE_OUTER_BOUND('',#1100,.T.);
#617=PLANE('',#1101);
#618=FACE_OUTER_BOUND('',#1102,.T.);
#619=PLANE('',#1103);
#620=FACE_OUTER_BOUND('',#1104,.T.);
#621=PLANE('',#1105);
#622=FACE_OUTER_BOUND('',#1106,.T.);
#623=PLANE('',#1107);
#624=FACE_OUTER_BOUND('',#1108,.T.);
#625=PLANE('',#1109);
#626=FACE_OUTER_BOUND('',#1110,.T.);
#627=PLANE('',#1111);
#628=FACE_OUTER_BOUND('',#1112,.T.);
#629=PLANE('',#1113);
#630=FACE_OUTER_BOUND('',#1114,.T.);
#631=PLANE('',#1115);
#632=FACE_OUTER_BOUND('',#1116,.T.);
#633=PLANE('',#1117);
#634=FACE_OUTER_BOUND('',#1118,.T.);
#635=PLANE('',#1119);
#636=FACE_OUTER_BOUND('',#1120,.T.);
#637=PLANE('',#1121);
#638=FACE_OUTER_BOUND('',#1122,.T.);
#639=PLANE('',#1123);
#640=FACE_OUTER_BOUND('',#1124,.T.);
#641=PLANE('',#1125);
#642=FACE_OUTER_BOUND('',#1126,.T.);
#643=PLANE('',#1127);
#644=FACE_OUTER_BOUND('',#1128,.T.);
#645=PLANE('',#1129);
#646=FACE_OUTER_BOUND('',#1130,.T.);
#647=PLANE('',#1131);
#648=FACE_OUTER_BOUND('',#1132,.T.);
#649=PLANE('',#1133);
#650=FACE_OUTER_BOUND('',#1134,.T.);
#651=PLANE('',#1135);
#652=FACE_OUTER_BOUND('',#1136,.T.);
#653=PLANE('',#1137);
#654=FACE_OUTER_BOUND('',#1138,.T.);
#655=PLANE('',#1139);
#656=FACE_OUTER_BOUND('',#1140,.T.);
#657=PLANE('',#1141);
#658=FACE_OUTER_BOUND('',#1142,.T.);
#659=PLANE('',#1143);
#660=FACE_OUTER_BOUND('',#1144,.T.);
#661=PLANE('',#1145);
#662=FACE_OUTER_BOUND('',#1146,.T.);
#663=PLANE('',#1147);
#664=FACE_OUTER_BOUND('',#1148,.T.);
#665=PLANE('',#1149);
#666=FACE_OUTER_BOUND('',#1150,.T.);
#667=PLANE('',#1151);
#668=FACE_OUTER_BOUND('',#1152,.T.);
#669=PLANE('',#1153);
#670=FACE_OUTER_BOUND('',#1154,.T.);
#671=PLANE('',#1155);
#672=FACE_OUTER_BOUND('',#1156,.T.);
#673=PLANE('',#1157);
#674=FACE_OUTER_BOUND('',#1158,.T.);
#675=PLANE('',#1159);
#676=FACE_OUTER_BOUND('',#1160,.T.);
#677=PLANE('',#1161);
#678=FACE_OUTER_BOUND('',#1162,.T.);
#679=PLANE('',#1163);
#680=FACE_OUTER_BOUND('',#1164,.T.);
#681=PLANE('',#1165);
#682=FACE_OUTER_BOUND('',#1166,.T.);
#683=PLANE('',#1167);
#684=FACE_OUTER_BOUND('',#1168,.T.);
#685=PLANE('',#1169);
#686=FACE_OUTER_BOUND('',#1170,.T.);
#687=PLANE('',#1171);
#688=FACE_OUTER_BOUND('',#1172,.T.);
#689=PLANE('',#1173);
#690=FACE_OUTER_BOUND('',#1174,.T.);
#691=PLANE('',#1175);
#692=FACE_OUTER_BOUND('',#1176,.T.);
#693=PLANE('',#1177);
#694=FACE_OUTER_BOUND('',#1178,.T.);
#695=PLANE('',#1179);
#696=FACE_OUTER_BOUND('',#1180,.T.);
#697=PLANE('',#1181);
#698=FACE_OUTER_BOUND('',#1182,.T.);
#699=PLANE('',#1183);
#700=FACE_OUTER_BOUND('',#1184,.T.);
#701=PLANE('',#1185);
#702=FACE_OUTER_BOUND('',#1186,.T.);
#703=PLANE('',#1187);
#704=FACE_OUTER_BOUND('',#1188,.T.);
#705=PLANE('',#1189);
#706=FACE_OUTER_BOUND('',#1190,.T.);
#707=PLANE('',#1191);
#708=FACE_OUTER_BOUND('',#1192,.T.);
#709=PLANE('',#1193);
#710=FACE_OUTER_BOUND('',#1194,.T.);
#711=PLANE('',#1195);
#712=FACE_OUTER_BOUND('',#1196,.T.);
#713=PLANE('',#1197);
#714=FACE_OUTER_BOUND('',#1198,.T.);
#715=PLANE('',#1199);
#716=FACE_OUTER_BOUND('',#1200,.T.);
#717=PLANE('',#1201);
#718=FACE_OUTER_BOUND('',#1202,.T.);
#719=PLANE('',#1203);
#720=FACE_OUTER_BOUND('',#1204,.T.);
#721=PLANE('',#1205);
#722=FACE_OUTER_BOUND('',#1206,.T.);
#723=PLANE('',#1207);
#724=FACE_OUTER_BOUND('',#1208,.T.);
#725=PLANE('',#1209);
#726=FACE_OUTER_BOUND('',#1210,.T.);
#727=PLANE('',#1211);
#728=FACE_OUTER_BOUND('',#1212,.T.);
#729=PLANE('',#1213);
#730=FACE_OUTER_BOUND('',#1214,.T.);
#731=PLANE('',#1215);
#732=FACE_OUTER_BOUND('',#1216,.T.);
#733=PLANE('',#1217);
#734=FACE_OUTER_BOUND('',#1218,.T.);
#735=PLANE('',#1219);
#736=FACE_OUTER_BOUND('',#1220,.T.);
#737=PLANE('',#1221);
#738=FACE_OUTER_BOUND('',#1222,.T.);
#739=PLANE('',#1223);
#740=FACE_OUTER_BOUND('',#1224,.T.);
#741=PLANE('',#1225);
#742=FACE_OUTER_BOUND('',#1226,.T.);
#743=PLANE('',#1227);
#744=FACE_OUTER_BOUND('',#1228,.T.);
#745=PLANE('',#1229);
#746=FACE_OUTER_BOUND('',#1230,.T.);
#747=PLANE('',#1231);
#748=FACE_OUTER_BOUND('',#1232,.T.);
#749=PLANE('',#1233);
#750=FACE_OUTER_BOUND('',#1234,.T.);
#751=PLANE('',#1235);
#752=FACE_OUTER_BOUND('',#1236,.T.);
#753=PLANE('',#1237);
#754=FACE_OUTER_BOUND('',#1238,.T.);
#755=PLANE('',#1239);
#756=FACE_OUTER_BOUND('',#1240,.T.);
#757=PLANE('',#1241);
#758=FACE_OUTER_BOUND('',#1242,.T.);
#759=PLANE('',#1243);
#760=FACE_OUTER_BOUND('',#1244,.T.);
#761=PLANE('',#1245);
#762=FACE_OUTER_BOUND('',#1246,.T.);
#763=PLANE('',#1247);
#764=FACE_OUTER_BOUND('',#1248,.T.);
#765=PLANE('',#1249);
#766=FACE_OUTER_BOUND('',#1250,.T.);
#767=PLANE('',#1251);
#768=FACE_OUTER_BOUND('',#1252,.T.);
#769=PLANE('',#1253);
#770=FACE_OUTER_BOUND('',#1254,.T.);
#771=PLANE('',#1255);
#772=FACE_OUTER_BOUND('',#1256,.T.);
#773=PLANE('',#1257);
#774=TRIMMED_CURVE('',#1258,(PARAMETER_VALUE(0.0)),(PARAMETER_VALUE(3.1415926535892)),.T.,.UNSPECIFIED.);
#775=TRIMMED_CURVE('',#1259,(PARAMETER_VALUE(0.0)),(PARAMETER_VALUE(3.1415926535892)),.T.,.UNSPECIFIED.);
#776=TRIMMED_CURVE('',#1260,(PARAMETER_VALUE(0.0)),(PARAMETER_VALUE(3.1415926535892)),.T.,.UNSPECIFIED.);
#777=TRIMMED_CURVE('',#1261,(PARAMETER_VALUE(0.0)),(PARAMETER_VALUE(3.1415926535892)),.T.,.UNSPECIFIED.);
#778=TRIMMED_CURVE('',#1262,(PARAMETER_VALUE(0.0)),(PARAMETER_VALUE(3.1415926535892)),.T.,.UNSPECIFIED.);
#779=TRIMMED_CURVE('',#1263,(PARAMETER_VALUE(0.0)),(PARAMETER_VALUE(3.1415926535892)),.T.,.UNSPECIFIED.);
#780=TRIMMED_CURVE('',#1264,(PARAMETER_VALUE(0.0)),(PARAMETER_VALUE(3.1415926535892)),.T.,.UNSPECIFIED.);
#781=TRIMMED_CURVE('',#1265,(PARAMETER_VALUE(0.0)),(PARAMETER_VALUE(3.1415926535892)),.T.,.UNSPECIFIED.);
#782=EDGE_LOOP('',(#1266,#1267,#1268,#1269));
#783=AXIS2_PLACEMENT_3D('',#1270,#1271,#1272);
#784=EDGE_LOOP('',(#1273,#1274,#1275,#1276));
#785=AXIS2_PLACEMENT_3D('',#1277,#1278,#1279);
#786=EDGE_LOOP('',(#1280,#1281,#1282,#1283));
#787=AXIS2_PLACEMENT_3D('',#1284,#1285,#1286);
#788=EDGE_LOOP('',(#1287,#1288,#1289,#1290));
#789=AXIS2_PLACEMENT_3D('',#1291,#1292,#1293);
#790=EDGE_LOOP('',(#1294,#1295,#1296,#1297));
#791=AXIS2_PLACEMENT_3D('',#1298,#1299,#1300);
#792=EDGE_LOOP('',(#1301,#1302,#1303,#1304));
#793=AXIS2_PLACEMENT_3D('',#1305,#1306,#1307);
#794=EDGE_LOOP('',(#1308,#1309,#1310,#1311));
#795=AXIS2_PLACEMENT_3D('',#1312,#1313,#1314);
#796=EDGE_LOOP('',(#1315,#1316,#1317,#1318));
#797=AXIS2_PLACEMENT_3D('',#1319,#1320,#1321);
#798=EDGE_LOOP('',(#1322,#1323,#1324,#1325,#1326,#1327));
#799=AXIS2_PLACEMENT_3D('',#1328,#1329,#1330);
#800=EDGE_LOOP('',(#1331,#1332,#1333,#1334,#1335,#1336));
#801=AXIS2_PLACEMENT_3D('',#1337,#1338,#1339);
#802=EDGE_LOOP('',(#1340,#1341,#1342,#1343,#1344,#1345,#1346,#1347,#1348,#1349,#1350,#1351,#1352,#1353,#1354,#1355,#1356,#1357,#1358,#1359,#1360,#1361,#1362,#1363,#1364,#1365,#1366,#1367,#1368,#1369,#1370,#1371,#1372,#1373,#1374,#1375,#1376,#1377,#1378,#1379,#1380,#1381,#1382,#1383,#1384,#1385,#1386,#1387));
#803=EDGE_LOOP('',(#1388,#1389,#1390,#1391,#1392,#1393,#1394));
#804=EDGE_LOOP('',(#1395,#1396,#1397,#1398,#1399,#1400,#1401));
#805=EDGE_LOOP('',(#1402,#1403,#1404,#1405,#1406,#1407,#1408));
#806=EDGE_LOOP('',(#1409,#1410,#1411,#1412,#1413,#1414,#1415));
#807=EDGE_LOOP('',(#1416,#1417,#1418,#1419,#1420,#1421,#1422));
#808=EDGE_LOOP('',(#1423,#1424,#1425,#1426,#1427,#1428,#1429));
#809=EDGE_LOOP('',(#1430,#1431,#1432,#1433));
#810=EDGE_LOOP('',(#1434,#1435,#1436,#1437));
#811=EDGE_LOOP('',(#1438,#1439,#1440,#1441));
#812=EDGE_LOOP('',(#1442,#1443,#1444,#1445));
#813=AXIS2_PLACEMENT_3D('',#1446,#1447,#1448);
#814=EDGE_LOOP('',(#1449,#1450,#1451,#1452));
#815=AXIS2_PLACEMENT_3D('',#1453,#1454,#1455);
#816=EDGE_LOOP('',(#1456,#1457,#1458,#1459));
#817=AXIS2_PLACEMENT_3D('',#1460,#1461,#1462);
#818=EDGE_LOOP('',(#1463,#1464,#1465,#1466));
#819=AXIS2_PLACEMENT_3D('',#1467,#1468,#1469);
#820=EDGE_LOOP('',(#1470,#1471,#1472,#1473));
#821=AXIS2_PLACEMENT_3D('',#1474,#1475,#1476);
#822=EDGE_LOOP('',(#1477,#1478,#1479,#1480));
#823=AXIS2_PLACEMENT_3D('',#1481,#1482,#1483);
#824=EDGE_LOOP('',(#1484,#1485,#1486,#1487));
#825=AXIS2_PLACEMENT_3D('',#1488,#1489,#1490);
#826=EDGE_LOOP('',(#1491,#1492,#1493,#1494));
#827=AXIS2_PLACEMENT_3D('',#1495,#1496,#1497);
#828=EDGE_LOOP('',(#1498,#1499,#1500,#1501));
#829=AXIS2_PLACEMENT_3D('',#1502,#1503,#1504);
#830=EDGE_LOOP('',(#1505,#1506,#1507,#1508));
#831=AXIS2_PLACEMENT_3D('',#1509,#1510,#1511);
#832=EDGE_LOOP('',(#1512,#1513,#1514,#1515,#1516,#1517,#1518));
#833=AXIS2_PLACEMENT_3D('',#1519,#1520,#1521);
#834=EDGE_LOOP('',(#1522,#1523,#1524,#1525,#1526,#1527,#1528));
#835=AXIS2_PLACEMENT_3D('',#1529,#1530,#1531);
#836=EDGE_LOOP('',(#1532,#1533,#1534,#1535,#1536,#1537,#1538));
#837=AXIS2_PLACEMENT_3D('',#1539,#1540,#1541);
#838=EDGE_LOOP('',(#1542,#1543,#1544,#1545,#1546,#1547,#1548));
#839=AXIS2_PLACEMENT_3D('',#1549,#1550,#1551);
#840=EDGE_LOOP('',(#1552,#1553,#1554,#1555,#1556,#1557,#1558));
#841=AXIS2_PLACEMENT_3D('',#1559,#1560,#1561);
#842=EDGE_LOOP('',(#1562,#1563,#1564,#1565,#1566,#1567,#1568));
#843=AXIS2_PLACEMENT_3D('',#1569,#1570,#1571);
#844=EDGE_LOOP('',(#1572,#1573,#1574,#1575,#1576,#1577,#1578));
#845=AXIS2_PLACEMENT_3D('',#1579,#1580,#1581);
#846=EDGE_LOOP('',(#1582,#1583,#1584,#1585,#1586,#1587,#1588));
#847=AXIS2_PLACEMENT_3D('',#1589,#1590,#1591);
#848=EDGE_LOOP('',(#1592,#1593,#1594,#1595));
#849=AXIS2_PLACEMENT_3D('',#1596,#1597,#1598);
#850=EDGE_LOOP('',(#1599,#1600,#1601,#1602));
#851=AXIS2_PLACEMENT_3D('',#1603,#1604,#1605);
#852=EDGE_LOOP('',(#1606,#1607,#1608,#1609));
#853=AXIS2_PLACEMENT_3D('',#1610,#1611,#1612);
#854=EDGE_LOOP('',(#1613,#1614,#1615,#1616));
#855=AXIS2_PLACEMENT_3D('',#1617,#1618,#1619);
#856=EDGE_LOOP('',(#1620,#1621,#1622,#1623));
#857=AXIS2_PLACEMENT_3D('',#1624,#1625,#1626);
#858=EDGE_LOOP('',(#1627,#1628,#1629,#1630));
#859=AXIS2_PLACEMENT_3D('',#1631,#1632,#1633);
#860=EDGE_LOOP('',(#1634,#1635,#1636,#1637));
#861=AXIS2_PLACEMENT_3D('',#1638,#1639,#1640);
#862=EDGE_LOOP('',(#1641,#1642,#1643,#1644));
#863=AXIS2_PLACEMENT_3D('',#1645,#1646,#1647);
#864=EDGE_LOOP('',(#1648,#1649,#1650,#1651));
#865=AXIS2_PLACEMENT_3D('',#1652,#1653,#1654);
#866=EDGE_LOOP('',(#1655,#1656,#1657,#1658));
#867=AXIS2_PLACEMENT_3D('',#1659,#1660,#1661);
#868=EDGE_LOOP('',(#1662,#1663,#1664,#1665));
#869=AXIS2_PLACEMENT_3D('',#1666,#1667,#1668);
#870=EDGE_LOOP('',(#1669,#1670,#1671,#1672));
#871=AXIS2_PLACEMENT_3D('',#1673,#1674,#1675);
#872=EDGE_LOOP('',(#1676,#1677,#1678,#1679));
#873=AXIS2_PLACEMENT_3D('',#1680,#1681,#1682);
#874=EDGE_LOOP('',(#1683,#1684,#1685,#1686));
#875=AXIS2_PLACEMENT_3D('',#1687,#1688,#1689);
#876=EDGE_LOOP('',(#1690,#1691,#1692,#1693));
#877=AXIS2_PLACEMENT_3D('',#1694,#1695,#1696);
#878=EDGE_LOOP('',(#1697,#1698,#1699,#1700));
#879=AXIS2_PLACEMENT_3D('',#1701,#1702,#1703);
#880=EDGE_LOOP('',(#1704,#1705,#1706,#1707));
#881=AXIS2_PLACEMENT_3D('',#1708,#1709,#1710);
#882=EDGE_LOOP('',(#1711,#1712,#1713,#1714));
#883=AXIS2_PLACEMENT_3D('',#1715,#1716,#1717);
#884=EDGE_LOOP('',(#1718,#1719,#1720,#1721));
#885=AXIS2_PLACEMENT_3D('',#1722,#1723,#1724);
#886=EDGE_LOOP('',(#1725,#1726,#1727,#1728));
#887=AXIS2_PLACEMENT_3D('',#1729,#1730,#1731);
#888=EDGE_LOOP('',(#1732,#1733,#1734,#1735));
#889=AXIS2_PLACEMENT_3D('',#1736,#1737,#1738);
#890=EDGE_LOOP('',(#1739,#1740,#1741,#1742));
#891=AXIS2_PLACEMENT_3D('',#1743,#1744,#1745);
#892=EDGE_LOOP('',(#1746,#1747,#1748,#1749));
#893=AXIS2_PLACEMENT_3D('',#1750,#1751,#1752);
#894=EDGE_LOOP('',(#1753,#1754,#1755,#1756));
#895=AXIS2_PLACEMENT_3D('',#1757,#1758,#1759);
#896=EDGE_LOOP('',(#1760,#1761,#1762,#1763));
#897=AXIS2_PLACEMENT_3D('',#1764,#1765,#1766);
#898=EDGE_LOOP('',(#1767,#1768,#1769,#1770));
#899=AXIS2_PLACEMENT_3D('',#1771,#1772,#1773);
#900=EDGE_LOOP('',(#1774,#1775,#1776,#1777));
#901=AXIS2_PLACEMENT_3D('',#1778,#1779,#1780);
#902=EDGE_LOOP('',(#1781,#1782,#1783,#1784));
#903=AXIS2_PLACEMENT_3D('',#1785,#1786,#1787);
#904=EDGE_LOOP('',(#1788,#1789,#1790,#1791));
#905=AXIS2_PLACEMENT_3D('',#1792,#1793,#1794);
#906=EDGE_LOOP('',(#1795,#1796,#1797,#1798));
#907=AXIS2_PLACEMENT_3D('',#1799,#1800,#1801);
#908=EDGE_LOOP('',(#1802,#1803,#1804,#1805));
#909=AXIS2_PLACEMENT_3D('',#1806,#1807,#1808);
#910=EDGE_LOOP('',(#1809,#1810,#1811,#1812));
#911=AXIS2_PLACEMENT_3D('',#1813,#1814,#1815);
#912=EDGE_LOOP('',(#1816,#1817,#1818,#1819));
#913=AXIS2_PLACEMENT_3D('',#1820,#1821,#1822);
#914=EDGE_LOOP('',(#1823,#1824,#1825,#1826));
#915=AXIS2_PLACEMENT_3D('',#1827,#1828,#1829);
#916=EDGE_LOOP('',(#1830,#1831,#1832,#1833));
#917=AXIS2_PLACEMENT_3D('',#1834,#1835,#1836);
#918=EDGE_LOOP('',(#1837,#1838,#1839,#1840));
#919=AXIS2_PLACEMENT_3D('',#1841,#1842,#1843);
#920=EDGE_LOOP('',(#1844,#1845,#1846,#1847));
#921=AXIS2_PLACEMENT_3D('',#1848,#1849,#1850);
#922=EDGE_LOOP('',(#1851,#1852,#1853,#1854,#1855,#1856,#1857,#1858,#1859,#1860,#1861,#1862));
#923=AXIS2_PLACEMENT_3D('',#1863,#1864,#1865);
#924=EDGE_LOOP('',(#1866,#1867,#1868,#1869));
#925=AXIS2_PLACEMENT_3D('',#1870,#1871,#1872);
#926=EDGE_LOOP('',(#1873,#1874,#1875,#1876));
#927=AXIS2_PLACEMENT_3D('',#1877,#1878,#1879);
#928=EDGE_LOOP('',(#1880,#1881,#1882,#1883));
#929=AXIS2_PLACEMENT_3D('',#1884,#1885,#1886);
#930=EDGE_LOOP('',(#1887,#1888,#1889,#1890));
#931=AXIS2_PLACEMENT_3D('',#1891,#1892,#1893);
#932=EDGE_LOOP('',(#1894,#1895,#1896,#1897));
#933=AXIS2_PLACEMENT_3D('',#1898,#1899,#1900);
#934=EDGE_LOOP('',(#1901,#1902,#1903,#1904));
#935=AXIS2_PLACEMENT_3D('',#1905,#1906,#1907);
#936=EDGE_LOOP('',(#1908,#1909,#1910,#1911));
#937=AXIS2_PLACEMENT_3D('',#1912,#1913,#1914);
#938=EDGE_LOOP('',(#1915,#1916,#1917,#1918,#1919,#1920,#1921,#1922,#1923,#1924,#1925,#1926,#1927,#1928,#1929,#1930,#1931,#1932,#1933,#1934,#1935,#1936,#1937,#1938,#1939,#1940,#1941,#1942,#1943,#1944,#1945,#1946,#1947,#1948,#1949,#1950,#1951,#1952,#1953,#1954,#1955,#1956,#1957,#1958,#1959,#1960));
#939=EDGE_LOOP('',(#1961,#1962,#1963,#1964,#1965,#1966));
#940=EDGE_LOOP('',(#1967,#1968,#1969,#1970,#1971,#1972));
#941=EDGE_LOOP('',(#1973,#1974,#1975,#1976,#1977,#1978));
#942=EDGE_LOOP('',(#1979,#1980,#1981,#1982,#1983,#1984));
#943=EDGE_LOOP('',(#1985,#1986,#1987,#1988,#1989,#1990));
#944=EDGE_LOOP('',(#1991,#1992,#1993,#1994,#1995,#1996));
#945=EDGE_LOOP('',(#1997,#1998,#1999,#2000));
#946=EDGE_LOOP('',(#2001,#2002,#2003,#2004));
#947=EDGE_LOOP('',(#2005,#2006,#2007,#2008));
#948=EDGE_LOOP('',(#2009,#2010,#2011,#2012));
#949=AXIS2_PLACEMENT_3D('',#2013,#2014,#2015);
#950=EDGE_LOOP('',(#2016,#2017,#2018,#2019));
#951=AXIS2_PLACEMENT_3D('',#2020,#2021,#2022);
#952=EDGE_LOOP('',(#2023,#2024,#2025,#2026));
#953=AXIS2_PLACEMENT_3D('',#2027,#2028,#2029);
#954=EDGE_LOOP('',(#2030,#2031,#2032,#2033));
#955=AXIS2_PLACEMENT_3D('',#2034,#2035,#2036);
#956=EDGE_LOOP('',(#2037,#2038,#2039,#2040));
#957=AXIS2_PLACEMENT_3D('',#2041,#2042,#2043);
#958=EDGE_LOOP('',(#2044,#2045,#2046,#2047));
#959=AXIS2_PLACEMENT_3D('',#2048,#2049,#2050);
#960=EDGE_LOOP('',(#2051,#2052,#2053,#2054));
#961=AXIS2_PLACEMENT_3D('',#2055,#2056,#2057);
#962=EDGE_LOOP('',(#2058,#2059,#2060,#2061));
#963=AXIS2_PLACEMENT_3D('',#2062,#2063,#2064);
#964=EDGE_LOOP('',(#2065,#2066,#2067,#2068));
#965=AXIS2_PLACEMENT_3D('',#2069,#2070,#2071);
#966=EDGE_LOOP('',(#2072,#2073,#2074,#2075,#2076,#2077));
#967=AXIS2_PLACEMENT_3D('',#2078,#2079,#2080);
#968=EDGE_LOOP('',(#2081,#2082,#2083,#2084,#2085,#2086));
#969=AXIS2_PLACEMENT_3D('',#2087,#2088,#2089);
#970=EDGE_LOOP('',(#2090,#2091,#2092,#2093,#2094,#2095));
#971=AXIS2_PLACEMENT_3D('',#2096,#2097,#2098);
#972=EDGE_LOOP('',(#2099,#2100,#2101,#2102,#2103,#2104));
#973=AXIS2_PLACEMENT_3D('',#2105,#2106,#2107);
#974=EDGE_LOOP('',(#2108,#2109,#2110,#2111,#2112,#2113));
#975=AXIS2_PLACEMENT_3D('',#2114,#2115,#2116);
#976=EDGE_LOOP('',(#2117,#2118,#2119,#2120,#2121,#2122));
#977=AXIS2_PLACEMENT_3D('',#2123,#2124,#2125);
#978=EDGE_LOOP('',(#2126,#2127,#2128,#2129,#2130,#2131));
#979=AXIS2_PLACEMENT_3D('',#2132,#2133,#2134);
#980=EDGE_LOOP('',(#2135,#2136,#2137,#2138,#2139,#2140));
#981=AXIS2_PLACEMENT_3D('',#2141,#2142,#2143);
#982=EDGE_LOOP('',(#2144,#2145,#2146,#2147));
#983=AXIS2_PLACEMENT_3D('',#2148,#2149,#2150);
#984=EDGE_LOOP('',(#2151,#2152,#2153,#2154));
#985=AXIS2_PLACEMENT_3D('',#2155,#2156,#2157);
#986=EDGE_LOOP('',(#2158,#2159,#2160,#2161));
#987=AXIS2_PLACEMENT_3D('',#2162,#2163,#2164);
#988=EDGE_LOOP('',(#2165,#2166,#2167,#2168));
#989=AXIS2_PLACEMENT_3D('',#2169,#2170,#2171);
#990=EDGE_LOOP('',(#2172,#2173,#2174,#2175));
#991=AXIS2_PLACEMENT_3D('',#2176,#2177,#2178);
#992=EDGE_LOOP('',(#2179,#2180,#2181,#2182));
#993=AXIS2_PLACEMENT_3D('',#2183,#2184,#2185);
#994=EDGE_LOOP('',(#2186,#2187,#2188,#2189));
#995=AXIS2_PLACEMENT_3D('',#2190,#2191,#2192);
#996=EDGE_LOOP('',(#2193,#2194,#2195,#2196));
#997=AXIS2_PLACEMENT_3D('',#2197,#2198,#2199);
#998=EDGE_LOOP('',(#2200,#2201,#2202,#2203));
#999=AXIS2_PLACEMENT_3D('',#2204,#2205,#2206);
#1000=EDGE_LOOP('',(#2207,#2208,#2209,#2210));
#1001=AXIS2_PLACEMENT_3D('',#2211,#2212,#2213);
#1002=EDGE_LOOP('',(#2214,#2215,#2216,#2217));
#1003=AXIS2_PLACEMENT_3D('',#2218,#2219,#2220);
#1004=EDGE_LOOP('',(#2221,#2222,#2223,#2224));
#1005=AXIS2_PLACEMENT_3D('',#2225,#2226,#2227);
#1006=EDGE_LOOP('',(#2228,#2229,#2230,#2231));
#1007=AXIS2_PLACEMENT_3D('',#2232,#2233,#2234);
#1008=EDGE_LOOP('',(#2235,#2236,#2237,#2238));
#1009=AXIS2_PLACEMENT_3D('',#2239,#2240,#2241);
#1010=EDGE_LOOP('',(#2242,#2243,#2244,#2245));
#1011=AXIS2_PLACEMENT_3D('',#2246,#2247,#2248);
#1012=EDGE_LOOP('',(#2249,#2250,#2251,#2252));
#1013=AXIS2_PLACEMENT_3D('',#2253,#2254,#2255);
#1014=EDGE_LOOP('',(#2256,#2257,#2258,#2259));
#1015=AXIS2_PLACEMENT_3D('',#2260,#2261,#2262);
#1016=EDGE_LOOP('',(#2263,#2264,#2265,#2266));
#1017=AXIS2_PLACEMENT_3D('',#2267,#2268,#2269);
#1018=EDGE_LOOP('',(#2270,#2271,#2272,#2273));
#1019=AXIS2_PLACEMENT_3D('',#2274,#2275,#2276);
#1020=EDGE_LOOP('',(#2277,#2278,#2279,#2280));
#1021=AXIS2_PLACEMENT_3D('',#2281,#2282,#2283);
#1022=EDGE_LOOP('',(#2284,#2285,#2286,#2287));
#1023=AXIS2_PLACEMENT_3D('',#2288,#2289,#2290);
#1024=EDGE_LOOP('',(#2291,#2292,#2293,#2294));
#1025=AXIS2_PLACEMENT_3D('',#2295,#2296,#2297);
#1026=EDGE_LOOP('',(#2298,#2299,#2300,#2301));
#1027=AXIS2_PLACEMENT_3D('',#2302,#2303,#2304);
#1028=EDGE_LOOP('',(#2305,#2306,#2307,#2308));
#1029=AXIS2_PLACEMENT_3D('',#2309,#2310,#2311);
#1030=EDGE_LOOP('',(#2312,#2313,#2314,#2315));
#1031=AXIS2_PLACEMENT_3D('',#2316,#2317,#2318);
#1032=EDGE_LOOP('',(#2319,#2320,#2321,#2322));
#1033=AXIS2_PLACEMENT_3D('',#2323,#2324,#2325);
#1034=EDGE_LOOP('',(#2326,#2327,#2328,#2329));
#1035=AXIS2_PLACEMENT_3D('',#2330,#2331,#2332);
#1036=EDGE_LOOP('',(#2333,#2334,#2335,#2336));
#1037=AXIS2_PLACEMENT_3D('',#2337,#2338,#2339);
#1038=EDGE_LOOP('',(#2340,#2341,#2342,#2343));
#1039=AXIS2_PLACEMENT_3D('',#2344,#2345,#2346);
#1040=EDGE_LOOP('',(#2347,#2348,#2349,#2350));
#1041=AXIS2_PLACEMENT_3D('',#2351,#2352,#2353);
#1042=EDGE_LOOP('',(#2354,#2355,#2356,#2357));
#1043=AXIS2_PLACEMENT_3D('',#2358,#2359,#2360);
#1044=EDGE_LOOP('',(#2361,#2362,#2363,#2364));
#1045=AXIS2_PLACEMENT_3D('',#2365,#2366,#2367);
#1046=EDGE_LOOP('',(#2368,#2369,#2370,#2371));
#1047=AXIS2_PLACEMENT_3D('',#2372,#2373,#2374);
#1048=EDGE_LOOP('',(#2375,#2376,#2377,#2378));
#1049=AXIS2_PLACEMENT_3D('',#2379,#2380,#2381);
#1050=EDGE_LOOP('',(#2382,#2383,#2384,#2385));
#1051=AXIS2_PLACEMENT_3D('',#2386,#2387,#2388);
#1052=EDGE_LOOP('',(#2389,#2390,#2391,#2392));
#1053=AXIS2_PLACEMENT_3D('',#2393,#2394,#2395);
#1054=EDGE_LOOP('',(#2396,#2397,#2398,#2399));
#1055=AXIS2_PLACEMENT_3D('',#2400,#2401,#2402);
#1056=EDGE_LOOP('',(#2403,#2404,#2405,#2406));
#1057=AXIS2_PLACEMENT_3D('',#2407,#2408,#2409);
#1058=EDGE_LOOP('',(#2410,#2411,#2412,#2413));
#1059=AXIS2_PLACEMENT_3D('',#2414,#2415,#2416);
#1060=EDGE_LOOP('',(#2417,#2418,#2419,#2420));
#1061=AXIS2_PLACEMENT_3D('',#2421,#2422,#2423);
#1062=EDGE_LOOP('',(#2424,#2425,#2426,#2427));
#1063=AXIS2_PLACEMENT_3D('',#2428,#2429,#2430);
#1064=EDGE_LOOP('',(#2431,#2432,#2433,#2434));
#1065=AXIS2_PLACEMENT_3D('',#2435,#2436,#2437);
#1066=EDGE_LOOP('',(#2438,#2439,#2440,#2441));
#1067=AXIS2_PLACEMENT_3D('',#2442,#2443,#2444);
#1068=EDGE_LOOP('',(#2445,#2446,#2447,#2448));
#1069=AXIS2_PLACEMENT_3D('',#2449,#2450,#2451);
#1070=EDGE_LOOP('',(#2452,#2453,#2454,#2455));
#1071=AXIS2_PLACEMENT_3D('',#2456,#2457,#2458);
#1072=EDGE_LOOP('',(#2459,#2460,#2461,#2462,#2463,#2464,#2465,#2466,#2467,#2468,#2469,#2470));
#1073=AXIS2_PLACEMENT_3D('',#2471,#2472,#2473);
#1074=EDGE_LOOP('',(#2474,#2475,#2476,#2477));
#1075=AXIS2_PLACEMENT_3D('',#2478,#2479,#2480);
#1076=EDGE_LOOP('',(#2481,#2482,#2483));
#1077=AXIS2_PLACEMENT_3D('',#2484,#2485,#2486);
#1078=EDGE_LOOP('',(#2487,#2488,#2489));
#1079=AXIS2_PLACEMENT_3D('',#2490,#2491,#2492);
#1080=EDGE_LOOP('',(#2493,#2494,#2495,#2496));
#1081=AXIS2_PLACEMENT_3D('',#2497,#2498,#2499);
#1082=EDGE_LOOP('',(#2500,#2501,#2502));
#1083=AXIS2_PLACEMENT_3D('',#2503,#2504,#2505);
#1084=EDGE_LOOP('',(#2506,#2507,#2508));
#1085=AXIS2_PLACEMENT_3D('',#2509,#2510,#2511);
#1086=EDGE_LOOP('',(#2512,#2513,#2514,#2515));
#1087=AXIS2_PLACEMENT_3D('',#2516,#2517,#2518);
#1088=EDGE_LOOP('',(#2519,#2520,#2521,#2522));
#1089=AXIS2_PLACEMENT_3D('',#2523,#2524,#2525);
#1090=EDGE_LOOP('',(#2526,#2527,#2528,#2529));
#1091=AXIS2_PLACEMENT_3D('',#2530,#2531,#2532);
#1092=EDGE_LOOP('',(#2533,#2534,#2535,#2536));
#1093=AXIS2_PLACEMENT_3D('',#2537,#2538,#2539);
#1094=EDGE_LOOP('',(#2540,#2541,#2542,#2543));
#1095=AXIS2_PLACEMENT_3D('',#2544,#2545,#2546);
#1096=EDGE_LOOP('',(#2547,#2548,#2549,#2550));
#1097=AXIS2_PLACEMENT_3D('',#2551,#2552,#2553);
#1098=EDGE_LOOP('',(#2554,#2555,#2556,#2557));
#1099=AXIS2_PLACEMENT_3D('',#2558,#2559,#2560);
#1100=EDGE_LOOP('',(#2561,#2562,#2563,#2564));
#1101=AXIS2_PLACEMENT_3D('',#2565,#2566,#2567);
#1102=EDGE_LOOP('',(#2568,#2569,#2570,#2571));
#1103=AXIS2_PLACEMENT_3D('',#2572,#2573,#2574);
#1104=EDGE_LOOP('',(#2575,#2576,#2577,#2578));
#1105=AXIS2_PLACEMENT_3D('',#2579,#2580,#2581);
#1106=EDGE_LOOP('',(#2582,#2583,#2584,#2585));
#1107=AXIS2_PLACEMENT_3D('',#2586,#2587,#2588);
#1108=EDGE_LOOP('',(#2589,#2590,#2591,#2592));
#1109=AXIS2_PLACEMENT_3D('',#2593,#2594,#2595);
#1110=EDGE_LOOP('',(#2596,#2597,#2598,#2599));
#1111=AXIS2_PLACEMENT_3D('',#2600,#2601,#2602);
#1112=EDGE_LOOP('',(#2603,#2604,#2605,#2606));
#1113=AXIS2_PLACEMENT_3D('',#2607,#2608,#2609);
#1114=EDGE_LOOP('',(#2610,#2611,#2612,#2613));
#1115=AXIS2_PLACEMENT_3D('',#2614,#2615,#2616);
#1116=EDGE_LOOP('',(#2617,#2618,#2619,#2620));
#1117=AXIS2_PLACEMENT_3D('',#2621,#2622,#2623);
#1118=EDGE_LOOP('',(#2624,#2625,#2626,#2627));
#1119=AXIS2_PLACEMENT_3D('',#2628,#2629,#2630);
#1120=EDGE_LOOP('',(#2631,#2632,#2633,#2634));
#1121=AXIS2_PLACEMENT_3D('',#2635,#2636,#2637);
#1122=EDGE_LOOP('',(#2638,#2639,#2640,#2641));
#1123=AXIS2_PLACEMENT_3D('',#2642,#2643,#2644);
#1124=EDGE_LOOP('',(#2645,#2646,#2647,#2648));
#1125=AXIS2_PLACEMENT_3D('',#2649,#2650,#2651);
#1126=EDGE_LOOP('',(#2652,#2653,#2654,#2655));
#1127=AXIS2_PLACEMENT_3D('',#2656,#2657,#2658);
#1128=EDGE_LOOP('',(#2659,#2660,#2661,#2662));
#1129=AXIS2_PLACEMENT_3D('',#2663,#2664,#2665);
#1130=EDGE_LOOP('',(#2666,#2667,#2668,#2669));
#1131=AXIS2_PLACEMENT_3D('',#2670,#2671,#2672);
#1132=EDGE_LOOP('',(#2673,#2674,#2675,#2676));
#1133=AXIS2_PLACEMENT_3D('',#2677,#2678,#2679);
#1134=EDGE_LOOP('',(#2680,#2681,#2682,#2683));
#1135=AXIS2_PLACEMENT_3D('',#2684,#2685,#2686);
#1136=EDGE_LOOP('',(#2687,#2688,#2689,#2690));
#1137=AXIS2_PLACEMENT_3D('',#2691,#2692,#2693);
#1138=EDGE_LOOP('',(#2694,#2695,#2696,#2697));
#1139=AXIS2_PLACEMENT_3D('',#2698,#2699,#2700);
#1140=EDGE_LOOP('',(#2701,#2702,#2703,#2704));
#1141=AXIS2_PLACEMENT_3D('',#2705,#2706,#2707);
#1142=EDGE_LOOP('',(#2708,#2709,#2710,#2711));
#1143=AXIS2_PLACEMENT_3D('',#2712,#2713,#2714);
#1144=EDGE_LOOP('',(#2715,#2716,#2717,#2718));
#1145=AXIS2_PLACEMENT_3D('',#2719,#2720,#2721);
#1146=EDGE_LOOP('',(#2722,#2723,#2724,#2725));
#1147=AXIS2_PLACEMENT_3D('',#2726,#2727,#2728);
#1148=EDGE_LOOP('',(#2729,#2730,#2731,#2732));
#1149=AXIS2_PLACEMENT_3D('',#2733,#2734,#2735);
#1150=EDGE_LOOP('',(#2736,#2737,#2738,#2739));
#1151=AXIS2_PLACEMENT_3D('',#2740,#2741,#2742);
#1152=EDGE_LOOP('',(#2743,#2744,#2745,#2746));
#1153=AXIS2_PLACEMENT_3D('',#2747,#2748,#2749);
#1154=EDGE_LOOP('',(#2750,#2751,#2752,#2753));
#1155=AXIS2_PLACEMENT_3D('',#2754,#2755,#2756);
#1156=EDGE_LOOP('',(#2757,#2758,#2759,#2760));
#1157=AXIS2_PLACEMENT_3D('',#2761,#2762,#2763);
#1158=EDGE_LOOP('',(#2764,#2765,#2766,#2767));
#1159=AXIS2_PLACEMENT_3D('',#2768,#2769,#2770);
#1160=EDGE_LOOP('',(#2771,#2772,#2773,#2774));
#1161=AXIS2_PLACEMENT_3D('',#2775,#2776,#2777);
#1162=EDGE_LOOP('',(#2778,#2779,#2780,#2781));
#1163=AXIS2_PLACEMENT_3D('',#2782,#2783,#2784);
#1164=EDGE_LOOP('',(#2785,#2786,#2787,#2788));
#1165=AXIS2_PLACEMENT_3D('',#2789,#2790,#2791);
#1166=EDGE_LOOP('',(#2792,#2793,#2794,#2795));
#1167=AXIS2_PLACEMENT_3D('',#2796,#2797,#2798);
#1168=EDGE_LOOP('',(#2799,#2800,#2801,#2802));
#1169=AXIS2_PLACEMENT_3D('',#2803,#2804,#2805);
#1170=EDGE_LOOP('',(#2806,#2807,#2808,#2809));
#1171=AXIS2_PLACEMENT_3D('',#2810,#2811,#2812);
#1172=EDGE_LOOP('',(#2813,#2814,#2815,#2816));
#1173=AXIS2_PLACEMENT_3D('',#2817,#2818,#2819);
#1174=EDGE_LOOP('',(#2820,#2821,#2822,#2823));
#1175=AXIS2_PLACEMENT_3D('',#2824,#2825,#2826);
#1176=EDGE_LOOP('',(#2827,#2828,#2829,#2830));
#1177=AXIS2_PLACEMENT_3D('',#2831,#2832,#2833);
#1178=EDGE_LOOP('',(#2834,#2835,#2836,#2837));
#1179=AXIS2_PLACEMENT_3D('',#2838,#2839,#2840);
#1180=EDGE_LOOP('',(#2841,#2842,#2843,#2844));
#1181=AXIS2_PLACEMENT_3D('',#2845,#2846,#2847);
#1182=EDGE_LOOP('',(#2848,#2849,#2850,#2851));
#1183=AXIS2_PLACEMENT_3D('',#2852,#2853,#2854);
#1184=EDGE_LOOP('',(#2855,#2856,#2857,#2858));
#1185=AXIS2_PLACEMENT_3D('',#2859,#2860,#2861);
#1186=EDGE_LOOP('',(#2862,#2863,#2864,#2865));
#1187=AXIS2_PLACEMENT_3D('',#2866,#2867,#2868);
#1188=EDGE_LOOP('',(#2869,#2870,#2871,#2872));
#1189=AXIS2_PLACEMENT_3D('',#2873,#2874,#2875);
#1190=EDGE_LOOP('',(#2876,#2877,#2878,#2879));
#1191=AXIS2_PLACEMENT_3D('',#2880,#2881,#2882);
#1192=EDGE_LOOP('',(#2883,#2884,#2885,#2886));
#1193=AXIS2_PLACEMENT_3D('',#2887,#2888,#2889);
#1194=EDGE_LOOP('',(#2890,#2891,#2892,#2893));
#1195=AXIS2_PLACEMENT_3D('',#2894,#2895,#2896);
#1196=EDGE_LOOP('',(#2897,#2898,#2899,#2900));
#1197=AXIS2_PLACEMENT_3D('',#2901,#2902,#2903);
#1198=EDGE_LOOP('',(#2904,#2905,#2906,#2907));
#1199=AXIS2_PLACEMENT_3D('',#2908,#2909,#2910);
#1200=EDGE_LOOP('',(#2911,#2912,#2913,#2914));
#1201=AXIS2_PLACEMENT_3D('',#2915,#2916,#2917);
#1202=EDGE_LOOP('',(#2918,#2919,#2920,#2921));
#1203=AXIS2_PLACEMENT_3D('',#2922,#2923,#2924);
#1204=EDGE_LOOP('',(#2925,#2926,#2927,#2928));
#1205=AXIS2_PLACEMENT_3D('',#2929,#2930,#2931);
#1206=EDGE_LOOP('',(#2932,#2933,#2934,#2935));
#1207=AXIS2_PLACEMENT_3D('',#2936,#2937,#2938);
#1208=EDGE_LOOP('',(#2939,#2940,#2941,#2942));
#1209=AXIS2_PLACEMENT_3D('',#2943,#2944,#2945);
#1210=EDGE_LOOP('',(#2946,#2947,#2948,#2949));
#1211=AXIS2_PLACEMENT_3D('',#2950,#2951,#2952);
#1212=EDGE_LOOP('',(#2953,#2954,#2955,#2956));
#1213=AXIS2_PLACEMENT_3D('',#2957,#2958,#2959);
#1214=EDGE_LOOP('',(#2960,#2961,#2962,#2963));
#1215=AXIS2_PLACEMENT_3D('',#2964,#2965,#2966);
#1216=EDGE_LOOP('',(#2967,#2968,#2969,#2970));
#1217=AXIS2_PLACEMENT_3D('',#2971,#2972,#2973);
#1218=EDGE_LOOP('',(#2974,#2975,#2976,#2977));
#1219=AXIS2_PLACEMENT_3D('',#2978,#2979,#2980);
#1220=EDGE_LOOP('',(#2981,#2982,#2983,#2984));
#1221=AXIS2_PLACEMENT_3D('',#2985,#2986,#2987);
#1222=EDGE_LOOP('',(#2988,#2989,#2990,#2991));
#1223=AXIS2_PLACEMENT_3D('',#2992,#2993,#2994);
#1224=EDGE_LOOP('',(#2995,#2996,#2997,#2998));
#1225=AXIS2_PLACEMENT_3D('',#2999,#3000,#3001);
#1226=EDGE_LOOP('',(#3002,#3003,#3004,#3005));
#1227=AXIS2_PLACEMENT_3D('',#3006,#3007,#3008);
#1228=EDGE_LOOP('',(#3009,#3010,#3011,#3012));
#1229=AXIS2_PLACEMENT_3D('',#3013,#3014,#3015);
#1230=EDGE_LOOP('',(#3016,#3017,#3018,#3019));
#1231=AXIS2_PLACEMENT_3D('',#3020,#3021,#3022);
#1232=EDGE_LOOP('',(#3023,#3024,#3025,#3026));
#1233=AXIS2_PLACEMENT_3D('',#3027,#3028,#3029);
#1234=EDGE_LOOP('',(#3030,#3031,#3032,#3033));
#1235=AXIS2_PLACEMENT_3D('',#3034,#3035,#3036);
#1236=EDGE_LOOP('',(#3037,#3038,#3039,#3040));
#1237=AXIS2_PLACEMENT_3D('',#3041,#3042,#3043);
#1238=EDGE_LOOP('',(#3044,#3045,#3046,#3047));
#1239=AXIS2_PLACEMENT_3D('',#3048,#3049,#3050);
#1240=EDGE_LOOP('',(#3051,#3052,#3053,#3054));
#1241=AXIS2_PLACEMENT_3D('',#3055,#3056,#3057);
#1242=EDGE_LOOP('',(#3058,#3059,#3060,#3061));
#1243=AXIS2_PLACEMENT_3D('',#3062,#3063,#3064);
#1244=EDGE_LOOP('',(#3065,#3066,#3067,#3068));
#1245=AXIS2_PLACEMENT_3D('',#3069,#3070,#3071);
#1246=EDGE_LOOP('',(#3072,#3073,#3074,#3075));
#1247=AXIS2_PLACEMENT_3D('',#3076,#3077,#3078);
#1248=EDGE_LOOP('',(#3079,#3080,#3081,#3082));
#1249=AXIS2_PLACEMENT_3D('',#3083,#3084,#3085);
#1250=EDGE_LOOP('',(#3086,#3087,#3088,#3089));
#1251=AXIS2_PLACEMENT_3D('',#3090,#3091,#3092);
#1252=EDGE_LOOP('',(#3093,#3094,#3095,#3096));
#1253=AXIS2_PLACEMENT_3D('',#3097,#3098,#3099);
#1254=EDGE_LOOP('',(#3100,#3101,#3102,#3103));
#1255=AXIS2_PLACEMENT_3D('',#3104,#3105,#3106);
#1256=EDGE_LOOP('',(#3107,#3108,#3109,#3110));
#1257=AXIS2_PLACEMENT_3D('',#3111,#3112,#3113);
#1258=CIRCLE('',#3114,0.508);
#1259=CIRCLE('',#3115,0.508);
#1260=CIRCLE('',#3116,0.508);
#1261=CIRCLE('',#3117,0.508);
#1262=CIRCLE('',#3118,0.508);
#1263=CIRCLE('',#3119,0.508);
#1264=CIRCLE('',#3120,0.508);
#1265=CIRCLE('',#3121,0.508);
#1266=ORIENTED_EDGE('',*,*,#3122,.F.);
#1267=ORIENTED_EDGE('',*,*,#3123,.F.);
#1268=ORIENTED_EDGE('',*,*,#3124,.F.);
#1269=ORIENTED_EDGE('',*,*,#3125,.T.);
#1270=CARTESIAN_POINT('',(-3.81,1.143,0.0));
#1271=DIRECTION('',(0.0,-1.0,0.0));
#1272=DIRECTION('',(1.0,0.0,0.0));
#1273=ORIENTED_EDGE('',*,*,#3126,.F.);
#1274=ORIENTED_EDGE('',*,*,#3127,.T.);
#1275=ORIENTED_EDGE('',*,*,#3128,.T.);
#1276=ORIENTED_EDGE('',*,*,#3129,.F.);
#1277=CARTESIAN_POINT('',(-3.81,1.143,0.0));
#1278=DIRECTION('',(0.0,-1.0,0.0));
#1279=DIRECTION('',(1.0,0.0,0.0));
#1280=ORIENTED_EDGE('',*,*,#3130,.F.);
#1281=ORIENTED_EDGE('',*,*,#3131,.F.);
#1282=ORIENTED_EDGE('',*,*,#3132,.F.);
#1283=ORIENTED_EDGE('',*,*,#3133,.T.);
#1284=CARTESIAN_POINT('',(-1.27,1.143,0.0));
#1285=DIRECTION('',(0.0,-1.0,0.0));
#1286=DIRECTION('',(1.0,0.0,0.0));
#1287=ORIENTED_EDGE('',*,*,#3134,.F.);
#1288=ORIENTED_EDGE('',*,*,#3135,.T.);
#1289=ORIENTED_EDGE('',*,*,#3136,.T.);
#1290=ORIENTED_EDGE('',*,*,#3137,.F.);
#1291=CARTESIAN_POINT('',(-1.27,1.143,0.0));
#1292=DIRECTION('',(0.0,-1.0,0.0));
#1293=DIRECTION('',(1.0,0.0,0.0));
#1294=ORIENTED_EDGE('',*,*,#3138,.F.);
#1295=ORIENTED_EDGE('',*,*,#3139,.F.);
#1296=ORIENTED_EDGE('',*,*,#3140,.F.);
#1297=ORIENTED_EDGE('',*,*,#3141,.T.);
#1298=CARTESIAN_POINT('',(1.27,1.143,0.0));
#1299=DIRECTION('',(0.0,-1.0,0.0));
#1300=DIRECTION('',(1.0,0.0,0.0));
#1301=ORIENTED_EDGE('',*,*,#3142,.F.);
#1302=ORIENTED_EDGE('',*,*,#3143,.T.);
#1303=ORIENTED_EDGE('',*,*,#3144,.T.);
#1304=ORIENTED_EDGE('',*,*,#3145,.F.);
#1305=CARTESIAN_POINT('',(1.27,1.143,0.0));
#1306=DIRECTION('',(0.0,-1.0,0.0));
#1307=DIRECTION('',(1.0,0.0,0.0));
#1308=ORIENTED_EDGE('',*,*,#3146,.F.);
#1309=ORIENTED_EDGE('',*,*,#3147,.F.);
#1310=ORIENTED_EDGE('',*,*,#3148,.F.);
#1311=ORIENTED_EDGE('',*,*,#3149,.T.);
#1312=CARTESIAN_POINT('',(3.81,1.143,0.0));
#1313=DIRECTION('',(0.0,-1.0,0.0));
#1314=DIRECTION('',(1.0,0.0,0.0));
#1315=ORIENTED_EDGE('',*,*,#3150,.F.);
#1316=ORIENTED_EDGE('',*,*,#3151,.T.);
#1317=ORIENTED_EDGE('',*,*,#3152,.T.);
#1318=ORIENTED_EDGE('',*,*,#3153,.F.);
#1319=CARTESIAN_POINT('',(3.81,1.143,0.0));
#1320=DIRECTION('',(0.0,-1.0,0.0));
#1321=DIRECTION('',(1.0,0.0,0.0));
#1322=ORIENTED_EDGE('',*,*,#3154,.F.);
#1323=ORIENTED_EDGE('',*,*,#3155,.F.);
#1324=ORIENTED_EDGE('',*,*,#3156,.F.);
#1325=ORIENTED_EDGE('',*,*,#3157,.F.);
#1326=ORIENTED_EDGE('',*,*,#3158,.F.);
#1327=ORIENTED_EDGE('',*,*,#3159,.F.);
#1328=CARTESIAN_POINT('',(4.7625,0.0,0.0));
#1329=DIRECTION('',(-1.0,0.0,0.0));
#1330=DIRECTION('',(0.0,0.0,1.0));
#1331=ORIENTED_EDGE('',*,*,#3160,.F.);
#1332=ORIENTED_EDGE('',*,*,#3161,.T.);
#1333=ORIENTED_EDGE('',*,*,#3162,.F.);
#1334=ORIENTED_EDGE('',*,*,#3163,.F.);
#1335=ORIENTED_EDGE('',*,*,#3164,.F.);
#1336=ORIENTED_EDGE('',*,*,#3165,.T.);
#1337=CARTESIAN_POINT('',(4.7625,0.0,0.0));
#1338=DIRECTION('',(-1.0,0.0,0.0));
#1339=DIRECTION('',(0.0,0.0,1.0));
#1340=ORIENTED_EDGE('',*,*,#3166,.F.);
#1341=ORIENTED_EDGE('',*,*,#3167,.F.);
#1342=ORIENTED_EDGE('',*,*,#3168,.F.);
#1343=ORIENTED_EDGE('',*,*,#3169,.F.);
#1344=ORIENTED_EDGE('',*,*,#3170,.F.);
#1345=ORIENTED_EDGE('',*,*,#3171,.F.);
#1346=ORIENTED_EDGE('',*,*,#3172,.F.);
#1347=ORIENTED_EDGE('',*,*,#3173,.F.);
#1348=ORIENTED_EDGE('',*,*,#3174,.F.);
#1349=ORIENTED_EDGE('',*,*,#3175,.F.);
#1350=ORIENTED_EDGE('',*,*,#3176,.F.);
#1351=ORIENTED_EDGE('',*,*,#3177,.F.);
#1352=ORIENTED_EDGE('',*,*,#3178,.F.);
#1353=ORIENTED_EDGE('',*,*,#3179,.F.);
#1354=ORIENTED_EDGE('',*,*,#3180,.F.);
#1355=ORIENTED_EDGE('',*,*,#3181,.F.);
#1356=ORIENTED_EDGE('',*,*,#3182,.F.);
#1357=ORIENTED_EDGE('',*,*,#3157,.T.);
#1358=ORIENTED_EDGE('',*,*,#3183,.T.);
#1359=ORIENTED_EDGE('',*,*,#3184,.T.);
#1360=ORIENTED_EDGE('',*,*,#3185,.T.);
#1361=ORIENTED_EDGE('',*,*,#3153,.T.);
#1362=ORIENTED_EDGE('',*,*,#3186,.T.);
#1363=ORIENTED_EDGE('',*,*,#3187,.F.);
#1364=ORIENTED_EDGE('',*,*,#3159,.T.);
#1365=ORIENTED_EDGE('',*,*,#3188,.F.);
#1366=ORIENTED_EDGE('',*,*,#3189,.F.);
#1367=ORIENTED_EDGE('',*,*,#3190,.F.);
#1368=ORIENTED_EDGE('',*,*,#3191,.T.);
#1369=ORIENTED_EDGE('',*,*,#3192,.F.);
#1370=ORIENTED_EDGE('',*,*,#3193,.F.);
#1371=ORIENTED_EDGE('',*,*,#3194,.T.);
#1372=ORIENTED_EDGE('',*,*,#3195,.F.);
#1373=ORIENTED_EDGE('',*,*,#3196,.F.);
#1374=ORIENTED_EDGE('',*,*,#3197,.T.);
#1375=ORIENTED_EDGE('',*,*,#3198,.F.);
#1376=ORIENTED_EDGE('',*,*,#3199,.F.);
#1377=ORIENTED_EDGE('',*,*,#3200,.T.);
#1378=ORIENTED_EDGE('',*,*,#3201,.F.);
#1379=ORIENTED_EDGE('',*,*,#3202,.F.);
#1380=ORIENTED_EDGE('',*,*,#3203,.F.);
#1381=ORIENTED_EDGE('',*,*,#3204,.F.);
#1382=ORIENTED_EDGE('',*,*,#3205,.F.);
#1383=ORIENTED_EDGE('',*,*,#3206,.T.);
#1384=ORIENTED_EDGE('',*,*,#3123,.T.);
#1385=ORIENTED_EDGE('',*,*,#3207,.T.);
#1386=ORIENTED_EDGE('',*,*,#3208,.T.);
#1387=ORIENTED_EDGE('',*,*,#3209,.T.);
#1388=ORIENTED_EDGE('',*,*,#3210,.T.);
#1389=ORIENTED_EDGE('',*,*,#3211,.F.);
#1390=ORIENTED_EDGE('',*,*,#3212,.T.);
#1391=ORIENTED_EDGE('',*,*,#3131,.T.);
#1392=ORIENTED_EDGE('',*,*,#3213,.T.);
#1393=ORIENTED_EDGE('',*,*,#3214,.T.);
#1394=ORIENTED_EDGE('',*,*,#3215,.T.);
#1395=ORIENTED_EDGE('',*,*,#3216,.T.);
#1396=ORIENTED_EDGE('',*,*,#3217,.F.);
#1397=ORIENTED_EDGE('',*,*,#3218,.T.);
#1398=ORIENTED_EDGE('',*,*,#3139,.T.);
#1399=ORIENTED_EDGE('',*,*,#3219,.T.);
#1400=ORIENTED_EDGE('',*,*,#3220,.T.);
#1401=ORIENTED_EDGE('',*,*,#3221,.T.);
#1402=ORIENTED_EDGE('',*,*,#3222,.T.);
#1403=ORIENTED_EDGE('',*,*,#3223,.F.);
#1404=ORIENTED_EDGE('',*,*,#3224,.T.);
#1405=ORIENTED_EDGE('',*,*,#3147,.T.);
#1406=ORIENTED_EDGE('',*,*,#3225,.T.);
#1407=ORIENTED_EDGE('',*,*,#3226,.T.);
#1408=ORIENTED_EDGE('',*,*,#3227,.T.);
#1409=ORIENTED_EDGE('',*,*,#3228,.F.);
#1410=ORIENTED_EDGE('',*,*,#3229,.T.);
#1411=ORIENTED_EDGE('',*,*,#3230,.T.);
#1412=ORIENTED_EDGE('',*,*,#3231,.T.);
#1413=ORIENTED_EDGE('',*,*,#3145,.T.);
#1414=ORIENTED_EDGE('',*,*,#3232,.T.);
#1415=ORIENTED_EDGE('',*,*,#3233,.F.);
#1416=ORIENTED_EDGE('',*,*,#3234,.F.);
#1417=ORIENTED_EDGE('',*,*,#3235,.T.);
#1418=ORIENTED_EDGE('',*,*,#3236,.T.);
#1419=ORIENTED_EDGE('',*,*,#3237,.T.);
#1420=ORIENTED_EDGE('',*,*,#3137,.T.);
#1421=ORIENTED_EDGE('',*,*,#3238,.T.);
#1422=ORIENTED_EDGE('',*,*,#3239,.F.);
#1423=ORIENTED_EDGE('',*,*,#3240,.F.);
#1424=ORIENTED_EDGE('',*,*,#3241,.T.);
#1425=ORIENTED_EDGE('',*,*,#3242,.T.);
#1426=ORIENTED_EDGE('',*,*,#3243,.T.);
#1427=ORIENTED_EDGE('',*,*,#3129,.T.);
#1428=ORIENTED_EDGE('',*,*,#3244,.T.);
#1429=ORIENTED_EDGE('',*,*,#3245,.F.);
#1430=ORIENTED_EDGE('',*,*,#3246,.T.);
#1431=ORIENTED_EDGE('',*,*,#3247,.F.);
#1432=ORIENTED_EDGE('',*,*,#3248,.F.);
#1433=ORIENTED_EDGE('',*,*,#3249,.T.);
#1434=ORIENTED_EDGE('',*,*,#3250,.T.);
#1435=ORIENTED_EDGE('',*,*,#3251,.F.);
#1436=ORIENTED_EDGE('',*,*,#3252,.F.);
#1437=ORIENTED_EDGE('',*,*,#3253,.T.);
#1438=ORIENTED_EDGE('',*,*,#3254,.T.);
#1439=ORIENTED_EDGE('',*,*,#3255,.F.);
#1440=ORIENTED_EDGE('',*,*,#3256,.F.);
#1441=ORIENTED_EDGE('',*,*,#3257,.T.);
#1442=ORIENTED_EDGE('',*,*,#3258,.T.);
#1443=ORIENTED_EDGE('',*,*,#3259,.F.);
#1444=ORIENTED_EDGE('',*,*,#3260,.F.);
#1445=ORIENTED_EDGE('',*,*,#3261,.T.);
#1446=CARTESIAN_POINT('',(4.7625,0.9398,-1.1684));
#1447=DIRECTION('',(-0.0,1.0,0.0));
#1448=DIRECTION('',(1.0,0.0,0.0));
#1449=ORIENTED_EDGE('',*,*,#3262,.T.);
#1450=ORIENTED_EDGE('',*,*,#3263,.F.);
#1451=ORIENTED_EDGE('',*,*,#3227,.F.);
#1452=ORIENTED_EDGE('',*,*,#3264,.T.);
#1453=CARTESIAN_POINT('',(4.7625,0.9398,1.1684));
#1454=DIRECTION('',(0.0,0.0,1.0));
#1455=DIRECTION('',(1.0,0.0,0.0));
#1456=ORIENTED_EDGE('',*,*,#3183,.F.);
#1457=ORIENTED_EDGE('',*,*,#3156,.T.);
#1458=ORIENTED_EDGE('',*,*,#3265,.T.);
#1459=ORIENTED_EDGE('',*,*,#3266,.F.);
#1460=CARTESIAN_POINT('',(4.7625,0.9398,1.1684));
#1461=DIRECTION('',(0.0,0.0,1.0));
#1462=DIRECTION('',(1.0,0.0,0.0));
#1463=ORIENTED_EDGE('',*,*,#3267,.T.);
#1464=ORIENTED_EDGE('',*,*,#3268,.F.);
#1465=ORIENTED_EDGE('',*,*,#3221,.F.);
#1466=ORIENTED_EDGE('',*,*,#3269,.T.);
#1467=CARTESIAN_POINT('',(4.7625,0.9398,1.1684));
#1468=DIRECTION('',(0.0,0.0,1.0));
#1469=DIRECTION('',(1.0,0.0,0.0));
#1470=ORIENTED_EDGE('',*,*,#3229,.F.);
#1471=ORIENTED_EDGE('',*,*,#3270,.T.);
#1472=ORIENTED_EDGE('',*,*,#3271,.T.);
#1473=ORIENTED_EDGE('',*,*,#3272,.F.);
#1474=CARTESIAN_POINT('',(4.7625,0.9398,1.1684));
#1475=DIRECTION('',(0.0,0.0,1.0));
#1476=DIRECTION('',(1.0,0.0,0.0));
#1477=ORIENTED_EDGE('',*,*,#3273,.T.);
#1478=ORIENTED_EDGE('',*,*,#3274,.F.);
#1479=ORIENTED_EDGE('',*,*,#3215,.F.);
#1480=ORIENTED_EDGE('',*,*,#3275,.T.);
#1481=CARTESIAN_POINT('',(4.7625,0.9398,1.1684));
#1482=DIRECTION('',(0.0,0.0,1.0));
#1483=DIRECTION('',(1.0,0.0,0.0));
#1484=ORIENTED_EDGE('',*,*,#3235,.F.);
#1485=ORIENTED_EDGE('',*,*,#3276,.T.);
#1486=ORIENTED_EDGE('',*,*,#3277,.T.);
#1487=ORIENTED_EDGE('',*,*,#3278,.F.);
#1488=CARTESIAN_POINT('',(4.7625,0.9398,1.1684));
#1489=DIRECTION('',(0.0,0.0,1.0));
#1490=DIRECTION('',(1.0,0.0,0.0));
#1491=ORIENTED_EDGE('',*,*,#3279,.T.);
#1492=ORIENTED_EDGE('',*,*,#3280,.F.);
#1493=ORIENTED_EDGE('',*,*,#3209,.F.);
#1494=ORIENTED_EDGE('',*,*,#3281,.T.);
#1495=CARTESIAN_POINT('',(4.7625,0.9398,1.1684));
#1496=DIRECTION('',(0.0,0.0,1.0));
#1497=DIRECTION('',(1.0,0.0,0.0));
#1498=ORIENTED_EDGE('',*,*,#3241,.F.);
#1499=ORIENTED_EDGE('',*,*,#3282,.T.);
#1500=ORIENTED_EDGE('',*,*,#3283,.T.);
#1501=ORIENTED_EDGE('',*,*,#3284,.F.);
#1502=CARTESIAN_POINT('',(4.7625,0.9398,1.1684));
#1503=DIRECTION('',(0.0,0.0,1.0));
#1504=DIRECTION('',(1.0,0.0,0.0));
#1505=ORIENTED_EDGE('',*,*,#3264,.F.);
#1506=ORIENTED_EDGE('',*,*,#3226,.F.);
#1507=ORIENTED_EDGE('',*,*,#3285,.F.);
#1508=ORIENTED_EDGE('',*,*,#3286,.F.);
#1509=CARTESIAN_POINT('',(3.2893,1.143,0.484434670518104));
#1510=DIRECTION('',(-1.0,0.0,0.0));
#1511=DIRECTION('',(0.0,0.0,1.0));
#1512=ORIENTED_EDGE('',*,*,#3287,.F.);
#1513=ORIENTED_EDGE('',*,*,#3265,.F.);
#1514=ORIENTED_EDGE('',*,*,#3155,.T.);
#1515=ORIENTED_EDGE('',*,*,#3288,.T.);
#1516=ORIENTED_EDGE('',*,*,#3289,.T.);
#1517=ORIENTED_EDGE('',*,*,#3151,.F.);
#1518=ORIENTED_EDGE('',*,*,#3290,.F.);
#1519=CARTESIAN_POINT('',(4.7625,1.143,1.1684));
#1520=DIRECTION('',(-0.0,1.0,0.0));
#1521=DIRECTION('',(1.0,0.0,0.0));
#1522=ORIENTED_EDGE('',*,*,#3291,.T.);
#1523=ORIENTED_EDGE('',*,*,#3292,.F.);
#1524=ORIENTED_EDGE('',*,*,#3262,.F.);
#1525=ORIENTED_EDGE('',*,*,#3286,.T.);
#1526=ORIENTED_EDGE('',*,*,#3293,.F.);
#1527=ORIENTED_EDGE('',*,*,#3149,.F.);
#1528=ORIENTED_EDGE('',*,*,#3294,.F.);
#1529=CARTESIAN_POINT('',(4.7625,1.143,1.1684));
#1530=DIRECTION('',(-0.0,1.0,0.0));
#1531=DIRECTION('',(1.0,0.0,0.0));
#1532=ORIENTED_EDGE('',*,*,#3295,.F.);
#1533=ORIENTED_EDGE('',*,*,#3271,.F.);
#1534=ORIENTED_EDGE('',*,*,#3296,.T.);
#1535=ORIENTED_EDGE('',*,*,#3297,.T.);
#1536=ORIENTED_EDGE('',*,*,#3298,.T.);
#1537=ORIENTED_EDGE('',*,*,#3143,.F.);
#1538=ORIENTED_EDGE('',*,*,#3299,.F.);
#1539=CARTESIAN_POINT('',(4.7625,1.143,1.1684));
#1540=DIRECTION('',(-0.0,1.0,0.0));
#1541=DIRECTION('',(1.0,0.0,0.0));
#1542=ORIENTED_EDGE('',*,*,#3300,.T.);
#1543=ORIENTED_EDGE('',*,*,#3301,.F.);
#1544=ORIENTED_EDGE('',*,*,#3267,.F.);
#1545=ORIENTED_EDGE('',*,*,#3302,.T.);
#1546=ORIENTED_EDGE('',*,*,#3303,.F.);
#1547=ORIENTED_EDGE('',*,*,#3141,.F.);
#1548=ORIENTED_EDGE('',*,*,#3304,.F.);
#1549=CARTESIAN_POINT('',(4.7625,1.143,1.1684));
#1550=DIRECTION('',(-0.0,1.0,0.0));
#1551=DIRECTION('',(1.0,0.0,0.0));
#1552=ORIENTED_EDGE('',*,*,#3305,.F.);
#1553=ORIENTED_EDGE('',*,*,#3277,.F.);
#1554=ORIENTED_EDGE('',*,*,#3306,.T.);
#1555=ORIENTED_EDGE('',*,*,#3307,.T.);
#1556=ORIENTED_EDGE('',*,*,#3308,.T.);
#1557=ORIENTED_EDGE('',*,*,#3135,.F.);
#1558=ORIENTED_EDGE('',*,*,#3309,.F.);
#1559=CARTESIAN_POINT('',(4.7625,1.143,1.1684));
#1560=DIRECTION('',(-0.0,1.0,0.0));
#1561=DIRECTION('',(1.0,0.0,0.0));
#1562=ORIENTED_EDGE('',*,*,#3310,.T.);
#1563=ORIENTED_EDGE('',*,*,#3311,.F.);
#1564=ORIENTED_EDGE('',*,*,#3273,.F.);
#1565=ORIENTED_EDGE('',*,*,#3312,.T.);
#1566=ORIENTED_EDGE('',*,*,#3313,.F.);
#1567=ORIENTED_EDGE('',*,*,#3133,.F.);
#1568=ORIENTED_EDGE('',*,*,#3314,.F.);
#1569=CARTESIAN_POINT('',(4.7625,1.143,1.1684));
#1570=DIRECTION('',(-0.0,1.0,0.0));
#1571=DIRECTION('',(1.0,0.0,0.0));
#1572=ORIENTED_EDGE('',*,*,#3315,.F.);
#1573=ORIENTED_EDGE('',*,*,#3283,.F.);
#1574=ORIENTED_EDGE('',*,*,#3316,.T.);
#1575=ORIENTED_EDGE('',*,*,#3317,.T.);
#1576=ORIENTED_EDGE('',*,*,#3318,.T.);
#1577=ORIENTED_EDGE('',*,*,#3127,.F.);
#1578=ORIENTED_EDGE('',*,*,#3319,.F.);
#1579=CARTESIAN_POINT('',(4.7625,1.143,1.1684));
#1580=DIRECTION('',(-0.0,1.0,0.0));
#1581=DIRECTION('',(1.0,0.0,0.0));
#1582=ORIENTED_EDGE('',*,*,#3320,.T.);
#1583=ORIENTED_EDGE('',*,*,#3321,.F.);
#1584=ORIENTED_EDGE('',*,*,#3279,.F.);
#1585=ORIENTED_EDGE('',*,*,#3322,.T.);
#1586=ORIENTED_EDGE('',*,*,#3323,.F.);
#1587=ORIENTED_EDGE('',*,*,#3125,.F.);
#1588=ORIENTED_EDGE('',*,*,#3324,.F.);
#1589=CARTESIAN_POINT('',(4.7625,1.143,1.1684));
#1590=DIRECTION('',(-0.0,1.0,0.0));
#1591=DIRECTION('',(1.0,0.0,0.0));
#1592=ORIENTED_EDGE('',*,*,#3150,.T.);
#1593=ORIENTED_EDGE('',*,*,#3185,.F.);
#1594=ORIENTED_EDGE('',*,*,#3325,.F.);
#1595=ORIENTED_EDGE('',*,*,#3290,.T.);
#1596=CARTESIAN_POINT('',(3.81,1.143,0.0));
#1597=DIRECTION('',(0.0,-1.0,0.0));
#1598=DIRECTION('',(1.0,0.0,0.0));
#1599=ORIENTED_EDGE('',*,*,#3325,.T.);
#1600=ORIENTED_EDGE('',*,*,#3184,.F.);
#1601=ORIENTED_EDGE('',*,*,#3266,.T.);
#1602=ORIENTED_EDGE('',*,*,#3287,.T.);
#1603=CARTESIAN_POINT('',(3.81,1.143,1.1684));
#1604=DIRECTION('',(1.0,0.0,0.0));
#1605=DIRECTION('',(0.0,1.0,0.0));
#1606=ORIENTED_EDGE('',*,*,#3326,.T.);
#1607=ORIENTED_EDGE('',*,*,#3186,.F.);
#1608=ORIENTED_EDGE('',*,*,#3152,.F.);
#1609=ORIENTED_EDGE('',*,*,#3289,.F.);
#1610=CARTESIAN_POINT('',(4.3307,1.143,-0.484434670518104));
#1611=DIRECTION('',(1.0,0.0,0.0));
#1612=DIRECTION('',(0.0,1.0,0.0));
#1613=ORIENTED_EDGE('',*,*,#3288,.F.);
#1614=ORIENTED_EDGE('',*,*,#3154,.T.);
#1615=ORIENTED_EDGE('',*,*,#3187,.T.);
#1616=ORIENTED_EDGE('',*,*,#3326,.F.);
#1617=CARTESIAN_POINT('',(4.7625,1.143,-1.1684));
#1618=DIRECTION('',(0.0,0.0,-1.0));
#1619=DIRECTION('',(0.0,-1.0,0.0));
#1620=ORIENTED_EDGE('',*,*,#3223,.T.);
#1621=ORIENTED_EDGE('',*,*,#3327,.F.);
#1622=ORIENTED_EDGE('',*,*,#3291,.F.);
#1623=ORIENTED_EDGE('',*,*,#3328,.T.);
#1624=CARTESIAN_POINT('',(4.7625,1.143,-1.1684));
#1625=DIRECTION('',(0.0,0.0,-1.0));
#1626=DIRECTION('',(0.0,-1.0,0.0));
#1627=ORIENTED_EDGE('',*,*,#3297,.F.);
#1628=ORIENTED_EDGE('',*,*,#3329,.T.);
#1629=ORIENTED_EDGE('',*,*,#3233,.T.);
#1630=ORIENTED_EDGE('',*,*,#3330,.F.);
#1631=CARTESIAN_POINT('',(4.7625,1.143,-1.1684));
#1632=DIRECTION('',(0.0,0.0,-1.0));
#1633=DIRECTION('',(0.0,-1.0,0.0));
#1634=ORIENTED_EDGE('',*,*,#3217,.T.);
#1635=ORIENTED_EDGE('',*,*,#3331,.F.);
#1636=ORIENTED_EDGE('',*,*,#3300,.F.);
#1637=ORIENTED_EDGE('',*,*,#3332,.T.);
#1638=CARTESIAN_POINT('',(4.7625,1.143,-1.1684));
#1639=DIRECTION('',(0.0,0.0,-1.0));
#1640=DIRECTION('',(0.0,-1.0,0.0));
#1641=ORIENTED_EDGE('',*,*,#3307,.F.);
#1642=ORIENTED_EDGE('',*,*,#3333,.T.);
#1643=ORIENTED_EDGE('',*,*,#3239,.T.);
#1644=ORIENTED_EDGE('',*,*,#3334,.F.);
#1645=CARTESIAN_POINT('',(4.7625,1.143,-1.1684));
#1646=DIRECTION('',(0.0,0.0,-1.0));
#1647=DIRECTION('',(0.0,-1.0,0.0));
#1648=ORIENTED_EDGE('',*,*,#3211,.T.);
#1649=ORIENTED_EDGE('',*,*,#3335,.F.);
#1650=ORIENTED_EDGE('',*,*,#3310,.F.);
#1651=ORIENTED_EDGE('',*,*,#3336,.T.);
#1652=CARTESIAN_POINT('',(4.7625,1.143,-1.1684));
#1653=DIRECTION('',(0.0,0.0,-1.0));
#1654=DIRECTION('',(0.0,-1.0,0.0));
#1655=ORIENTED_EDGE('',*,*,#3317,.F.);
#1656=ORIENTED_EDGE('',*,*,#3337,.T.);
#1657=ORIENTED_EDGE('',*,*,#3245,.T.);
#1658=ORIENTED_EDGE('',*,*,#3338,.F.);
#1659=CARTESIAN_POINT('',(4.7625,1.143,-1.1684));
#1660=DIRECTION('',(0.0,0.0,-1.0));
#1661=DIRECTION('',(0.0,-1.0,0.0));
#1662=ORIENTED_EDGE('',*,*,#3205,.T.);
#1663=ORIENTED_EDGE('',*,*,#3339,.F.);
#1664=ORIENTED_EDGE('',*,*,#3320,.F.);
#1665=ORIENTED_EDGE('',*,*,#3340,.T.);
#1666=CARTESIAN_POINT('',(4.7625,1.143,-1.1684));
#1667=DIRECTION('',(0.0,0.0,-1.0));
#1668=DIRECTION('',(0.0,-1.0,0.0));
#1669=ORIENTED_EDGE('',*,*,#3148,.T.);
#1670=ORIENTED_EDGE('',*,*,#3224,.F.);
#1671=ORIENTED_EDGE('',*,*,#3328,.F.);
#1672=ORIENTED_EDGE('',*,*,#3294,.T.);
#1673=CARTESIAN_POINT('',(3.81,1.143,-1.1684));
#1674=DIRECTION('',(-1.0,0.0,0.0));
#1675=DIRECTION('',(0.0,0.0,1.0));
#1676=ORIENTED_EDGE('',*,*,#3146,.T.);
#1677=ORIENTED_EDGE('',*,*,#3293,.T.);
#1678=ORIENTED_EDGE('',*,*,#3285,.T.);
#1679=ORIENTED_EDGE('',*,*,#3225,.F.);
#1680=CARTESIAN_POINT('',(3.81,1.143,0.0));
#1681=DIRECTION('',(0.0,-1.0,0.0));
#1682=DIRECTION('',(1.0,0.0,0.0));
#1683=ORIENTED_EDGE('',*,*,#3327,.T.);
#1684=ORIENTED_EDGE('',*,*,#3222,.F.);
#1685=ORIENTED_EDGE('',*,*,#3263,.T.);
#1686=ORIENTED_EDGE('',*,*,#3292,.T.);
#1687=CARTESIAN_POINT('',(2.8575,0.9398,1.2446));
#1688=DIRECTION('',(1.0,0.0,0.0));
#1689=DIRECTION('',(0.0,1.0,0.0));
#1690=ORIENTED_EDGE('',*,*,#3330,.T.);
#1691=ORIENTED_EDGE('',*,*,#3232,.F.);
#1692=ORIENTED_EDGE('',*,*,#3144,.F.);
#1693=ORIENTED_EDGE('',*,*,#3298,.F.);
#1694=CARTESIAN_POINT('',(1.7907,1.143,-0.484434670518104));
#1695=DIRECTION('',(1.0,0.0,0.0));
#1696=DIRECTION('',(0.0,1.0,0.0));
#1697=ORIENTED_EDGE('',*,*,#3142,.T.);
#1698=ORIENTED_EDGE('',*,*,#3231,.F.);
#1699=ORIENTED_EDGE('',*,*,#3341,.F.);
#1700=ORIENTED_EDGE('',*,*,#3299,.T.);
#1701=CARTESIAN_POINT('',(1.27,1.143,0.0));
#1702=DIRECTION('',(0.0,-1.0,0.0));
#1703=DIRECTION('',(1.0,0.0,0.0));
#1704=ORIENTED_EDGE('',*,*,#3341,.T.);
#1705=ORIENTED_EDGE('',*,*,#3230,.F.);
#1706=ORIENTED_EDGE('',*,*,#3272,.T.);
#1707=ORIENTED_EDGE('',*,*,#3295,.T.);
#1708=CARTESIAN_POINT('',(1.27,1.143,1.1684));
#1709=DIRECTION('',(1.0,0.0,0.0));
#1710=DIRECTION('',(0.0,1.0,0.0));
#1711=ORIENTED_EDGE('',*,*,#3270,.F.);
#1712=ORIENTED_EDGE('',*,*,#3228,.T.);
#1713=ORIENTED_EDGE('',*,*,#3329,.F.);
#1714=ORIENTED_EDGE('',*,*,#3296,.F.);
#1715=CARTESIAN_POINT('',(2.2225,1.1938,1.2446));
#1716=DIRECTION('',(-1.0,0.0,0.0));
#1717=DIRECTION('',(0.0,0.0,1.0));
#1718=ORIENTED_EDGE('',*,*,#3140,.T.);
#1719=ORIENTED_EDGE('',*,*,#3218,.F.);
#1720=ORIENTED_EDGE('',*,*,#3332,.F.);
#1721=ORIENTED_EDGE('',*,*,#3304,.T.);
#1722=CARTESIAN_POINT('',(1.27,1.143,-1.1684));
#1723=DIRECTION('',(-1.0,0.0,0.0));
#1724=DIRECTION('',(0.0,0.0,1.0));
#1725=ORIENTED_EDGE('',*,*,#3138,.T.);
#1726=ORIENTED_EDGE('',*,*,#3303,.T.);
#1727=ORIENTED_EDGE('',*,*,#3342,.T.);
#1728=ORIENTED_EDGE('',*,*,#3219,.F.);
#1729=CARTESIAN_POINT('',(1.27,1.143,0.0));
#1730=DIRECTION('',(0.0,-1.0,0.0));
#1731=DIRECTION('',(1.0,0.0,0.0));
#1732=ORIENTED_EDGE('',*,*,#3269,.F.);
#1733=ORIENTED_EDGE('',*,*,#3220,.F.);
#1734=ORIENTED_EDGE('',*,*,#3342,.F.);
#1735=ORIENTED_EDGE('',*,*,#3302,.F.);
#1736=CARTESIAN_POINT('',(0.7493,1.143,0.484434670518104));
#1737=DIRECTION('',(-1.0,0.0,0.0));
#1738=DIRECTION('',(0.0,0.0,1.0));
#1739=ORIENTED_EDGE('',*,*,#3331,.T.);
#1740=ORIENTED_EDGE('',*,*,#3216,.F.);
#1741=ORIENTED_EDGE('',*,*,#3268,.T.);
#1742=ORIENTED_EDGE('',*,*,#3301,.T.);
#1743=CARTESIAN_POINT('',(0.3175,0.9398,1.2446));
#1744=DIRECTION('',(1.0,0.0,0.0));
#1745=DIRECTION('',(0.0,1.0,0.0));
#1746=ORIENTED_EDGE('',*,*,#3334,.T.);
#1747=ORIENTED_EDGE('',*,*,#3238,.F.);
#1748=ORIENTED_EDGE('',*,*,#3136,.F.);
#1749=ORIENTED_EDGE('',*,*,#3308,.F.);
#1750=CARTESIAN_POINT('',(-0.7493,1.143,-0.484434670518104));
#1751=DIRECTION('',(1.0,0.0,0.0));
#1752=DIRECTION('',(0.0,1.0,0.0));
#1753=ORIENTED_EDGE('',*,*,#3134,.T.);
#1754=ORIENTED_EDGE('',*,*,#3237,.F.);
#1755=ORIENTED_EDGE('',*,*,#3343,.F.);
#1756=ORIENTED_EDGE('',*,*,#3309,.T.);
#1757=CARTESIAN_POINT('',(-1.27,1.143,0.0));
#1758=DIRECTION('',(0.0,-1.0,0.0));
#1759=DIRECTION('',(1.0,0.0,0.0));
#1760=ORIENTED_EDGE('',*,*,#3343,.T.);
#1761=ORIENTED_EDGE('',*,*,#3236,.F.);
#1762=ORIENTED_EDGE('',*,*,#3278,.T.);
#1763=ORIENTED_EDGE('',*,*,#3305,.T.);
#1764=CARTESIAN_POINT('',(-1.27,1.143,1.1684));
#1765=DIRECTION('',(1.0,0.0,0.0));
#1766=DIRECTION('',(0.0,1.0,0.0));
#1767=ORIENTED_EDGE('',*,*,#3276,.F.);
#1768=ORIENTED_EDGE('',*,*,#3234,.T.);
#1769=ORIENTED_EDGE('',*,*,#3333,.F.);
#1770=ORIENTED_EDGE('',*,*,#3306,.F.);
#1771=CARTESIAN_POINT('',(-0.3175,1.1938,1.2446));
#1772=DIRECTION('',(-1.0,0.0,0.0));
#1773=DIRECTION('',(0.0,0.0,1.0));
#1774=ORIENTED_EDGE('',*,*,#3132,.T.);
#1775=ORIENTED_EDGE('',*,*,#3212,.F.);
#1776=ORIENTED_EDGE('',*,*,#3336,.F.);
#1777=ORIENTED_EDGE('',*,*,#3314,.T.);
#1778=CARTESIAN_POINT('',(-1.27,1.143,-1.1684));
#1779=DIRECTION('',(-1.0,0.0,0.0));
#1780=DIRECTION('',(0.0,0.0,1.0));
#1781=ORIENTED_EDGE('',*,*,#3130,.T.);
#1782=ORIENTED_EDGE('',*,*,#3313,.T.);
#1783=ORIENTED_EDGE('',*,*,#3344,.T.);
#1784=ORIENTED_EDGE('',*,*,#3213,.F.);
#1785=CARTESIAN_POINT('',(-1.27,1.143,0.0));
#1786=DIRECTION('',(0.0,-1.0,0.0));
#1787=DIRECTION('',(1.0,0.0,0.0));
#1788=ORIENTED_EDGE('',*,*,#3275,.F.);
#1789=ORIENTED_EDGE('',*,*,#3214,.F.);
#1790=ORIENTED_EDGE('',*,*,#3344,.F.);
#1791=ORIENTED_EDGE('',*,*,#3312,.F.);
#1792=CARTESIAN_POINT('',(-1.7907,1.143,0.484434670518104));
#1793=DIRECTION('',(-1.0,0.0,0.0));
#1794=DIRECTION('',(0.0,0.0,1.0));
#1795=ORIENTED_EDGE('',*,*,#3335,.T.);
#1796=ORIENTED_EDGE('',*,*,#3210,.F.);
#1797=ORIENTED_EDGE('',*,*,#3274,.T.);
#1798=ORIENTED_EDGE('',*,*,#3311,.T.);
#1799=CARTESIAN_POINT('',(-2.2225,0.9398,1.2446));
#1800=DIRECTION('',(1.0,0.0,0.0));
#1801=DIRECTION('',(0.0,1.0,0.0));
#1802=ORIENTED_EDGE('',*,*,#3338,.T.);
#1803=ORIENTED_EDGE('',*,*,#3244,.F.);
#1804=ORIENTED_EDGE('',*,*,#3128,.F.);
#1805=ORIENTED_EDGE('',*,*,#3318,.F.);
#1806=CARTESIAN_POINT('',(-3.2893,1.143,-0.484434670518104));
#1807=DIRECTION('',(1.0,0.0,0.0));
#1808=DIRECTION('',(0.0,1.0,0.0));
#1809=ORIENTED_EDGE('',*,*,#3126,.T.);
#1810=ORIENTED_EDGE('',*,*,#3243,.F.);
#1811=ORIENTED_EDGE('',*,*,#3345,.F.);
#1812=ORIENTED_EDGE('',*,*,#3319,.T.);
#1813=CARTESIAN_POINT('',(-3.81,1.143,0.0));
#1814=DIRECTION('',(0.0,-1.0,0.0));
#1815=DIRECTION('',(1.0,0.0,0.0));
#1816=ORIENTED_EDGE('',*,*,#3345,.T.);
#1817=ORIENTED_EDGE('',*,*,#3242,.F.);
#1818=ORIENTED_EDGE('',*,*,#3284,.T.);
#1819=ORIENTED_EDGE('',*,*,#3315,.T.);
#1820=CARTESIAN_POINT('',(-3.81,1.143,1.1684));
#1821=DIRECTION('',(1.0,0.0,0.0));
#1822=DIRECTION('',(0.0,1.0,0.0));
#1823=ORIENTED_EDGE('',*,*,#3282,.F.);
#1824=ORIENTED_EDGE('',*,*,#3240,.T.);
#1825=ORIENTED_EDGE('',*,*,#3337,.F.);
#1826=ORIENTED_EDGE('',*,*,#3316,.F.);
#1827=CARTESIAN_POINT('',(-2.8575,1.1938,1.2446));
#1828=DIRECTION('',(-1.0,0.0,0.0));
#1829=DIRECTION('',(0.0,0.0,1.0));
#1830=ORIENTED_EDGE('',*,*,#3124,.T.);
#1831=ORIENTED_EDGE('',*,*,#3206,.F.);
#1832=ORIENTED_EDGE('',*,*,#3340,.F.);
#1833=ORIENTED_EDGE('',*,*,#3324,.T.);
#1834=CARTESIAN_POINT('',(-3.81,1.143,-1.1684));
#1835=DIRECTION('',(-1.0,0.0,0.0));
#1836=DIRECTION('',(0.0,0.0,1.0));
#1837=ORIENTED_EDGE('',*,*,#3122,.T.);
#1838=ORIENTED_EDGE('',*,*,#3323,.T.);
#1839=ORIENTED_EDGE('',*,*,#3346,.T.);
#1840=ORIENTED_EDGE('',*,*,#3207,.F.);
#1841=CARTESIAN_POINT('',(-3.81,1.143,0.0));
#1842=DIRECTION('',(0.0,-1.0,0.0));
#1843=DIRECTION('',(1.0,0.0,0.0));
#1844=ORIENTED_EDGE('',*,*,#3281,.F.);
#1845=ORIENTED_EDGE('',*,*,#3208,.F.);
#1846=ORIENTED_EDGE('',*,*,#3346,.F.);
#1847=ORIENTED_EDGE('',*,*,#3322,.F.);
#1848=CARTESIAN_POINT('',(-4.3307,1.143,0.484434670518104));
#1849=DIRECTION('',(-1.0,0.0,0.0));
#1850=DIRECTION('',(0.0,0.0,1.0));
#1851=ORIENTED_EDGE('',*,*,#3347,.T.);
#1852=ORIENTED_EDGE('',*,*,#3348,.F.);
#1853=ORIENTED_EDGE('',*,*,#3349,.T.);
#1854=ORIENTED_EDGE('',*,*,#3350,.T.);
#1855=ORIENTED_EDGE('',*,*,#3351,.T.);
#1856=ORIENTED_EDGE('',*,*,#3352,.F.);
#1857=ORIENTED_EDGE('',*,*,#3353,.F.);
#1858=ORIENTED_EDGE('',*,*,#3166,.T.);
#1859=ORIENTED_EDGE('',*,*,#3280,.T.);
#1860=ORIENTED_EDGE('',*,*,#3321,.T.);
#1861=ORIENTED_EDGE('',*,*,#3339,.T.);
#1862=ORIENTED_EDGE('',*,*,#3204,.T.);
#1863=CARTESIAN_POINT('',(-4.7625,0.0,0.0));
#1864=DIRECTION('',(-1.0,0.0,0.0));
#1865=DIRECTION('',(0.0,0.0,1.0));
#1866=ORIENTED_EDGE('',*,*,#3353,.T.);
#1867=ORIENTED_EDGE('',*,*,#3354,.F.);
#1868=ORIENTED_EDGE('',*,*,#3355,.F.);
#1869=ORIENTED_EDGE('',*,*,#3167,.T.);
#1870=CARTESIAN_POINT('',(-5.08,0.9398,0.9144));
#1871=DIRECTION('',(0.0,0.0,-1.0));
#1872=DIRECTION('',(0.0,-1.0,0.0));
#1873=ORIENTED_EDGE('',*,*,#3355,.T.);
#1874=ORIENTED_EDGE('',*,*,#3356,.F.);
#1875=ORIENTED_EDGE('',*,*,#3357,.F.);
#1876=ORIENTED_EDGE('',*,*,#3168,.T.);
#1877=CARTESIAN_POINT('',(-5.08,0.9398,1.0033));
#1878=DIRECTION('',(-1.0,0.0,0.0));
#1879=DIRECTION('',(0.0,0.0,1.0));
#1880=ORIENTED_EDGE('',*,*,#3169,.T.);
#1881=ORIENTED_EDGE('',*,*,#3357,.T.);
#1882=ORIENTED_EDGE('',*,*,#3358,.F.);
#1883=ORIENTED_EDGE('',*,*,#3359,.F.);
#1884=CARTESIAN_POINT('',(-4.7625,0.9398,1.2446));
#1885=DIRECTION('',(-0.605083267533586,0.0,0.796162194123081));
#1886=DIRECTION('',(0.0,1.0,0.0));
#1887=ORIENTED_EDGE('',*,*,#3360,.F.);
#1888=ORIENTED_EDGE('',*,*,#3179,.T.);
#1889=ORIENTED_EDGE('',*,*,#3361,.F.);
#1890=ORIENTED_EDGE('',*,*,#3362,.F.);
#1891=CARTESIAN_POINT('',(4.7625,-0.9398,1.2446));
#1892=DIRECTION('',(0.0,0.0,1.0));
#1893=DIRECTION('',(1.0,0.0,0.0));
#1894=ORIENTED_EDGE('',*,*,#3363,.F.);
#1895=ORIENTED_EDGE('',*,*,#3364,.T.);
#1896=ORIENTED_EDGE('',*,*,#3176,.T.);
#1897=ORIENTED_EDGE('',*,*,#3365,.F.);
#1898=CARTESIAN_POINT('',(4.7625,-0.9398,1.2446));
#1899=DIRECTION('',(0.0,0.0,1.0));
#1900=DIRECTION('',(1.0,0.0,0.0));
#1901=ORIENTED_EDGE('',*,*,#3366,.F.);
#1902=ORIENTED_EDGE('',*,*,#3367,.T.);
#1903=ORIENTED_EDGE('',*,*,#3173,.T.);
#1904=ORIENTED_EDGE('',*,*,#3368,.F.);
#1905=CARTESIAN_POINT('',(4.7625,-0.9398,1.2446));
#1906=DIRECTION('',(0.0,0.0,1.0));
#1907=DIRECTION('',(1.0,0.0,0.0));
#1908=ORIENTED_EDGE('',*,*,#3170,.T.);
#1909=ORIENTED_EDGE('',*,*,#3359,.T.);
#1910=ORIENTED_EDGE('',*,*,#3369,.F.);
#1911=ORIENTED_EDGE('',*,*,#3370,.T.);
#1912=CARTESIAN_POINT('',(4.7625,-0.9398,1.2446));
#1913=DIRECTION('',(0.0,0.0,1.0));
#1914=DIRECTION('',(1.0,0.0,0.0));
#1915=ORIENTED_EDGE('',*,*,#3348,.T.);
#1916=ORIENTED_EDGE('',*,*,#3371,.T.);
#1917=ORIENTED_EDGE('',*,*,#3372,.T.);
#1918=ORIENTED_EDGE('',*,*,#3373,.T.);
#1919=ORIENTED_EDGE('',*,*,#3374,.F.);
#1920=ORIENTED_EDGE('',*,*,#3375,.F.);
#1921=ORIENTED_EDGE('',*,*,#3376,.F.);
#1922=ORIENTED_EDGE('',*,*,#3377,.F.);
#1923=ORIENTED_EDGE('',*,*,#3378,.F.);
#1924=ORIENTED_EDGE('',*,*,#3379,.F.);
#1925=ORIENTED_EDGE('',*,*,#3380,.F.);
#1926=ORIENTED_EDGE('',*,*,#3381,.F.);
#1927=ORIENTED_EDGE('',*,*,#3382,.F.);
#1928=ORIENTED_EDGE('',*,*,#3383,.F.);
#1929=ORIENTED_EDGE('',*,*,#3384,.T.);
#1930=ORIENTED_EDGE('',*,*,#3385,.T.);
#1931=ORIENTED_EDGE('',*,*,#3386,.T.);
#1932=ORIENTED_EDGE('',*,*,#3165,.F.);
#1933=ORIENTED_EDGE('',*,*,#3387,.T.);
#1934=ORIENTED_EDGE('',*,*,#3388,.T.);
#1935=ORIENTED_EDGE('',*,*,#3389,.T.);
#1936=ORIENTED_EDGE('',*,*,#3390,.T.);
#1937=ORIENTED_EDGE('',*,*,#3391,.F.);
#1938=ORIENTED_EDGE('',*,*,#3161,.F.);
#1939=ORIENTED_EDGE('',*,*,#3392,.T.);
#1940=ORIENTED_EDGE('',*,*,#3393,.T.);
#1941=ORIENTED_EDGE('',*,*,#3394,.T.);
#1942=ORIENTED_EDGE('',*,*,#3362,.T.);
#1943=ORIENTED_EDGE('',*,*,#3395,.F.);
#1944=ORIENTED_EDGE('',*,*,#3396,.F.);
#1945=ORIENTED_EDGE('',*,*,#3363,.T.);
#1946=ORIENTED_EDGE('',*,*,#3397,.F.);
#1947=ORIENTED_EDGE('',*,*,#3398,.F.);
#1948=ORIENTED_EDGE('',*,*,#3366,.T.);
#1949=ORIENTED_EDGE('',*,*,#3399,.F.);
#1950=ORIENTED_EDGE('',*,*,#3400,.F.);
#1951=ORIENTED_EDGE('',*,*,#3369,.T.);
#1952=ORIENTED_EDGE('',*,*,#3358,.T.);
#1953=ORIENTED_EDGE('',*,*,#3356,.T.);
#1954=ORIENTED_EDGE('',*,*,#3354,.T.);
#1955=ORIENTED_EDGE('',*,*,#3352,.T.);
#1956=ORIENTED_EDGE('',*,*,#3401,.F.);
#1957=ORIENTED_EDGE('',*,*,#3402,.T.);
#1958=ORIENTED_EDGE('',*,*,#3403,.T.);
#1959=ORIENTED_EDGE('',*,*,#3404,.T.);
#1960=ORIENTED_EDGE('',*,*,#3405,.T.);
#1961=ORIENTED_EDGE('',*,*,#3406,.T.);
#1962=ORIENTED_EDGE('',*,*,#3407,.T.);
#1963=ORIENTED_EDGE('',*,*,#3408,.T.);
#1964=ORIENTED_EDGE('',*,*,#3409,.T.);
#1965=ORIENTED_EDGE('',*,*,#3410,.T.);
#1966=ORIENTED_EDGE('',*,*,#3411,.F.);
#1967=ORIENTED_EDGE('',*,*,#3412,.T.);
#1968=ORIENTED_EDGE('',*,*,#3413,.T.);
#1969=ORIENTED_EDGE('',*,*,#3414,.T.);
#1970=ORIENTED_EDGE('',*,*,#3415,.T.);
#1971=ORIENTED_EDGE('',*,*,#3416,.T.);
#1972=ORIENTED_EDGE('',*,*,#3417,.F.);
#1973=ORIENTED_EDGE('',*,*,#3418,.F.);
#1974=ORIENTED_EDGE('',*,*,#3419,.F.);
#1975=ORIENTED_EDGE('',*,*,#3420,.T.);
#1976=ORIENTED_EDGE('',*,*,#3421,.T.);
#1977=ORIENTED_EDGE('',*,*,#3422,.T.);
#1978=ORIENTED_EDGE('',*,*,#3423,.T.);
#1979=ORIENTED_EDGE('',*,*,#3424,.F.);
#1980=ORIENTED_EDGE('',*,*,#3425,.F.);
#1981=ORIENTED_EDGE('',*,*,#3426,.T.);
#1982=ORIENTED_EDGE('',*,*,#3427,.T.);
#1983=ORIENTED_EDGE('',*,*,#3428,.T.);
#1984=ORIENTED_EDGE('',*,*,#3429,.T.);
#1985=ORIENTED_EDGE('',*,*,#3430,.F.);
#1986=ORIENTED_EDGE('',*,*,#3431,.F.);
#1987=ORIENTED_EDGE('',*,*,#3432,.T.);
#1988=ORIENTED_EDGE('',*,*,#3433,.T.);
#1989=ORIENTED_EDGE('',*,*,#3434,.T.);
#1990=ORIENTED_EDGE('',*,*,#3435,.T.);
#1991=ORIENTED_EDGE('',*,*,#3436,.T.);
#1992=ORIENTED_EDGE('',*,*,#3437,.T.);
#1993=ORIENTED_EDGE('',*,*,#3438,.T.);
#1994=ORIENTED_EDGE('',*,*,#3439,.T.);
#1995=ORIENTED_EDGE('',*,*,#3440,.T.);
#1996=ORIENTED_EDGE('',*,*,#3441,.F.);
#1997=ORIENTED_EDGE('',*,*,#3442,.T.);
#1998=ORIENTED_EDGE('',*,*,#3443,.T.);
#1999=ORIENTED_EDGE('',*,*,#3444,.F.);
#2000=ORIENTED_EDGE('',*,*,#3445,.F.);
#2001=ORIENTED_EDGE('',*,*,#3446,.T.);
#2002=ORIENTED_EDGE('',*,*,#3447,.T.);
#2003=ORIENTED_EDGE('',*,*,#3448,.F.);
#2004=ORIENTED_EDGE('',*,*,#3449,.F.);
#2005=ORIENTED_EDGE('',*,*,#3450,.T.);
#2006=ORIENTED_EDGE('',*,*,#3451,.T.);
#2007=ORIENTED_EDGE('',*,*,#3452,.F.);
#2008=ORIENTED_EDGE('',*,*,#3453,.F.);
#2009=ORIENTED_EDGE('',*,*,#3454,.T.);
#2010=ORIENTED_EDGE('',*,*,#3455,.T.);
#2011=ORIENTED_EDGE('',*,*,#3456,.F.);
#2012=ORIENTED_EDGE('',*,*,#3457,.F.);
#2013=CARTESIAN_POINT('',(4.7625,-0.9398,-1.2446));
#2014=DIRECTION('',(0.0,-1.0,0.0));
#2015=DIRECTION('',(0.0,0.0,-1.0));
#2016=ORIENTED_EDGE('',*,*,#3458,.F.);
#2017=ORIENTED_EDGE('',*,*,#3459,.F.);
#2018=ORIENTED_EDGE('',*,*,#3162,.T.);
#2019=ORIENTED_EDGE('',*,*,#3391,.T.);
#2020=CARTESIAN_POINT('',(4.7625,-1.143,1.1684));
#2021=DIRECTION('',(0.0,0.0,1.0));
#2022=DIRECTION('',(1.0,0.0,0.0));
#2023=ORIENTED_EDGE('',*,*,#3460,.F.);
#2024=ORIENTED_EDGE('',*,*,#3461,.F.);
#2025=ORIENTED_EDGE('',*,*,#3462,.T.);
#2026=ORIENTED_EDGE('',*,*,#3419,.T.);
#2027=CARTESIAN_POINT('',(4.7625,-1.143,1.1684));
#2028=DIRECTION('',(0.0,0.0,1.0));
#2029=DIRECTION('',(1.0,0.0,0.0));
#2030=ORIENTED_EDGE('',*,*,#3425,.T.);
#2031=ORIENTED_EDGE('',*,*,#3463,.F.);
#2032=ORIENTED_EDGE('',*,*,#3464,.F.);
#2033=ORIENTED_EDGE('',*,*,#3465,.T.);
#2034=CARTESIAN_POINT('',(4.7625,-1.143,1.1684));
#2035=DIRECTION('',(0.0,0.0,1.0));
#2036=DIRECTION('',(1.0,0.0,0.0));
#2037=ORIENTED_EDGE('',*,*,#3466,.F.);
#2038=ORIENTED_EDGE('',*,*,#3467,.T.);
#2039=ORIENTED_EDGE('',*,*,#3417,.T.);
#2040=ORIENTED_EDGE('',*,*,#3468,.F.);
#2041=CARTESIAN_POINT('',(4.7625,-1.143,1.1684));
#2042=DIRECTION('',(0.0,0.0,1.0));
#2043=DIRECTION('',(1.0,0.0,0.0));
#2044=ORIENTED_EDGE('',*,*,#3431,.T.);
#2045=ORIENTED_EDGE('',*,*,#3469,.F.);
#2046=ORIENTED_EDGE('',*,*,#3470,.F.);
#2047=ORIENTED_EDGE('',*,*,#3471,.T.);
#2048=CARTESIAN_POINT('',(4.7625,-1.143,1.1684));
#2049=DIRECTION('',(0.0,0.0,1.0));
#2050=DIRECTION('',(1.0,0.0,0.0));
#2051=ORIENTED_EDGE('',*,*,#3472,.F.);
#2052=ORIENTED_EDGE('',*,*,#3473,.T.);
#2053=ORIENTED_EDGE('',*,*,#3411,.T.);
#2054=ORIENTED_EDGE('',*,*,#3474,.F.);
#2055=CARTESIAN_POINT('',(4.7625,-1.143,1.1684));
#2056=DIRECTION('',(0.0,0.0,1.0));
#2057=DIRECTION('',(1.0,0.0,0.0));
#2058=ORIENTED_EDGE('',*,*,#3401,.T.);
#2059=ORIENTED_EDGE('',*,*,#3351,.F.);
#2060=ORIENTED_EDGE('',*,*,#3475,.F.);
#2061=ORIENTED_EDGE('',*,*,#3476,.T.);
#2062=CARTESIAN_POINT('',(4.7625,-1.143,1.1684));
#2063=DIRECTION('',(0.0,0.0,1.0));
#2064=DIRECTION('',(1.0,0.0,0.0));
#2065=ORIENTED_EDGE('',*,*,#3477,.F.);
#2066=ORIENTED_EDGE('',*,*,#3478,.T.);
#2067=ORIENTED_EDGE('',*,*,#3441,.T.);
#2068=ORIENTED_EDGE('',*,*,#3479,.F.);
#2069=CARTESIAN_POINT('',(4.7625,-1.143,1.1684));
#2070=DIRECTION('',(0.0,0.0,1.0));
#2071=DIRECTION('',(1.0,0.0,0.0));
#2072=ORIENTED_EDGE('',*,*,#3163,.T.);
#2073=ORIENTED_EDGE('',*,*,#3459,.T.);
#2074=ORIENTED_EDGE('',*,*,#3480,.T.);
#2075=ORIENTED_EDGE('',*,*,#3481,.F.);
#2076=ORIENTED_EDGE('',*,*,#3482,.F.);
#2077=ORIENTED_EDGE('',*,*,#3483,.F.);
#2078=CARTESIAN_POINT('',(4.7625,-1.143,-1.1684));
#2079=DIRECTION('',(0.0,-1.0,0.0));
#2080=DIRECTION('',(0.0,0.0,-1.0));
#2081=ORIENTED_EDGE('',*,*,#3484,.T.);
#2082=ORIENTED_EDGE('',*,*,#3485,.F.);
#2083=ORIENTED_EDGE('',*,*,#3486,.F.);
#2084=ORIENTED_EDGE('',*,*,#3461,.T.);
#2085=ORIENTED_EDGE('',*,*,#3487,.F.);
#2086=ORIENTED_EDGE('',*,*,#3488,.F.);
#2087=CARTESIAN_POINT('',(4.7625,-1.143,-1.1684));
#2088=DIRECTION('',(0.0,-1.0,0.0));
#2089=DIRECTION('',(0.0,0.0,-1.0));
#2090=ORIENTED_EDGE('',*,*,#3464,.T.);
#2091=ORIENTED_EDGE('',*,*,#3489,.F.);
#2092=ORIENTED_EDGE('',*,*,#3490,.F.);
#2093=ORIENTED_EDGE('',*,*,#3491,.T.);
#2094=ORIENTED_EDGE('',*,*,#3492,.F.);
#2095=ORIENTED_EDGE('',*,*,#3493,.F.);
#2096=CARTESIAN_POINT('',(4.7625,-1.143,-1.1684));
#2097=DIRECTION('',(0.0,-1.0,0.0));
#2098=DIRECTION('',(0.0,0.0,-1.0));
#2099=ORIENTED_EDGE('',*,*,#3494,.F.);
#2100=ORIENTED_EDGE('',*,*,#3495,.T.);
#2101=ORIENTED_EDGE('',*,*,#3466,.T.);
#2102=ORIENTED_EDGE('',*,*,#3496,.T.);
#2103=ORIENTED_EDGE('',*,*,#3497,.F.);
#2104=ORIENTED_EDGE('',*,*,#3498,.F.);
#2105=CARTESIAN_POINT('',(4.7625,-1.143,-1.1684));
#2106=DIRECTION('',(0.0,-1.0,0.0));
#2107=DIRECTION('',(0.0,0.0,-1.0));
#2108=ORIENTED_EDGE('',*,*,#3470,.T.);
#2109=ORIENTED_EDGE('',*,*,#3499,.F.);
#2110=ORIENTED_EDGE('',*,*,#3500,.F.);
#2111=ORIENTED_EDGE('',*,*,#3501,.T.);
#2112=ORIENTED_EDGE('',*,*,#3502,.F.);
#2113=ORIENTED_EDGE('',*,*,#3503,.F.);
#2114=CARTESIAN_POINT('',(4.7625,-1.143,-1.1684));
#2115=DIRECTION('',(0.0,-1.0,0.0));
#2116=DIRECTION('',(0.0,0.0,-1.0));
#2117=ORIENTED_EDGE('',*,*,#3504,.F.);
#2118=ORIENTED_EDGE('',*,*,#3505,.T.);
#2119=ORIENTED_EDGE('',*,*,#3472,.T.);
#2120=ORIENTED_EDGE('',*,*,#3506,.T.);
#2121=ORIENTED_EDGE('',*,*,#3507,.F.);
#2122=ORIENTED_EDGE('',*,*,#3508,.F.);
#2123=CARTESIAN_POINT('',(4.7625,-1.143,-1.1684));
#2124=DIRECTION('',(0.0,-1.0,0.0));
#2125=DIRECTION('',(0.0,0.0,-1.0));
#2126=ORIENTED_EDGE('',*,*,#3475,.T.);
#2127=ORIENTED_EDGE('',*,*,#3350,.F.);
#2128=ORIENTED_EDGE('',*,*,#3509,.F.);
#2129=ORIENTED_EDGE('',*,*,#3510,.T.);
#2130=ORIENTED_EDGE('',*,*,#3511,.F.);
#2131=ORIENTED_EDGE('',*,*,#3512,.F.);
#2132=CARTESIAN_POINT('',(4.7625,-1.143,-1.1684));
#2133=DIRECTION('',(0.0,-1.0,0.0));
#2134=DIRECTION('',(0.0,0.0,-1.0));
#2135=ORIENTED_EDGE('',*,*,#3513,.F.);
#2136=ORIENTED_EDGE('',*,*,#3514,.T.);
#2137=ORIENTED_EDGE('',*,*,#3477,.T.);
#2138=ORIENTED_EDGE('',*,*,#3515,.T.);
#2139=ORIENTED_EDGE('',*,*,#3516,.F.);
#2140=ORIENTED_EDGE('',*,*,#3517,.F.);
#2141=CARTESIAN_POINT('',(4.7625,-1.143,-1.1684));
#2142=DIRECTION('',(0.0,-1.0,0.0));
#2143=DIRECTION('',(0.0,0.0,-1.0));
#2144=ORIENTED_EDGE('',*,*,#3164,.T.);
#2145=ORIENTED_EDGE('',*,*,#3483,.T.);
#2146=ORIENTED_EDGE('',*,*,#3518,.F.);
#2147=ORIENTED_EDGE('',*,*,#3387,.F.);
#2148=CARTESIAN_POINT('',(4.7625,-0.9398,-1.1684));
#2149=DIRECTION('',(0.0,0.0,-1.0));
#2150=DIRECTION('',(0.0,-1.0,0.0));
#2151=ORIENTED_EDGE('',*,*,#3519,.T.);
#2152=ORIENTED_EDGE('',*,*,#3488,.T.);
#2153=ORIENTED_EDGE('',*,*,#3520,.F.);
#2154=ORIENTED_EDGE('',*,*,#3423,.F.);
#2155=CARTESIAN_POINT('',(4.7625,-0.9398,-1.1684));
#2156=DIRECTION('',(0.0,0.0,-1.0));
#2157=DIRECTION('',(0.0,-1.0,0.0));
#2158=ORIENTED_EDGE('',*,*,#3490,.T.);
#2159=ORIENTED_EDGE('',*,*,#3521,.F.);
#2160=ORIENTED_EDGE('',*,*,#3429,.F.);
#2161=ORIENTED_EDGE('',*,*,#3522,.T.);
#2162=CARTESIAN_POINT('',(4.7625,-0.9398,-1.1684));
#2163=DIRECTION('',(0.0,0.0,-1.0));
#2164=DIRECTION('',(0.0,-1.0,0.0));
#2165=ORIENTED_EDGE('',*,*,#3413,.F.);
#2166=ORIENTED_EDGE('',*,*,#3523,.T.);
#2167=ORIENTED_EDGE('',*,*,#3494,.T.);
#2168=ORIENTED_EDGE('',*,*,#3524,.F.);
#2169=CARTESIAN_POINT('',(4.7625,-0.9398,-1.1684));
#2170=DIRECTION('',(0.0,0.0,-1.0));
#2171=DIRECTION('',(0.0,-1.0,0.0));
#2172=ORIENTED_EDGE('',*,*,#3500,.T.);
#2173=ORIENTED_EDGE('',*,*,#3525,.F.);
#2174=ORIENTED_EDGE('',*,*,#3435,.F.);
#2175=ORIENTED_EDGE('',*,*,#3526,.T.);
#2176=CARTESIAN_POINT('',(4.7625,-0.9398,-1.1684));
#2177=DIRECTION('',(0.0,0.0,-1.0));
#2178=DIRECTION('',(0.0,-1.0,0.0));
#2179=ORIENTED_EDGE('',*,*,#3407,.F.);
#2180=ORIENTED_EDGE('',*,*,#3527,.T.);
#2181=ORIENTED_EDGE('',*,*,#3504,.T.);
#2182=ORIENTED_EDGE('',*,*,#3528,.F.);
#2183=CARTESIAN_POINT('',(4.7625,-0.9398,-1.1684));
#2184=DIRECTION('',(0.0,0.0,-1.0));
#2185=DIRECTION('',(0.0,-1.0,0.0));
#2186=ORIENTED_EDGE('',*,*,#3509,.T.);
#2187=ORIENTED_EDGE('',*,*,#3349,.F.);
#2188=ORIENTED_EDGE('',*,*,#3405,.F.);
#2189=ORIENTED_EDGE('',*,*,#3529,.T.);
#2190=CARTESIAN_POINT('',(4.7625,-0.9398,-1.1684));
#2191=DIRECTION('',(0.0,0.0,-1.0));
#2192=DIRECTION('',(0.0,-1.0,0.0));
#2193=ORIENTED_EDGE('',*,*,#3437,.F.);
#2194=ORIENTED_EDGE('',*,*,#3530,.T.);
#2195=ORIENTED_EDGE('',*,*,#3513,.T.);
#2196=ORIENTED_EDGE('',*,*,#3531,.F.);
#2197=CARTESIAN_POINT('',(4.7625,-0.9398,-1.1684));
#2198=DIRECTION('',(0.0,0.0,-1.0));
#2199=DIRECTION('',(0.0,-1.0,0.0));
#2200=ORIENTED_EDGE('',*,*,#3532,.T.);
#2201=ORIENTED_EDGE('',*,*,#3388,.F.);
#2202=ORIENTED_EDGE('',*,*,#3518,.T.);
#2203=ORIENTED_EDGE('',*,*,#3482,.T.);
#2204=CARTESIAN_POINT('',(3.81,-1.143,-1.1684));
#2205=DIRECTION('',(1.0,0.0,0.0));
#2206=DIRECTION('',(0.0,1.0,0.0));
#2207=ORIENTED_EDGE('',*,*,#3533,.T.);
#2208=ORIENTED_EDGE('',*,*,#3389,.F.);
#2209=ORIENTED_EDGE('',*,*,#3532,.F.);
#2210=ORIENTED_EDGE('',*,*,#3481,.T.);
#2211=CARTESIAN_POINT('',(3.81,-1.143,0.0));
#2212=DIRECTION('',(0.0,1.0,-0.0));
#2213=DIRECTION('',(1.0,0.0,0.0));
#2214=ORIENTED_EDGE('',*,*,#3458,.T.);
#2215=ORIENTED_EDGE('',*,*,#3390,.F.);
#2216=ORIENTED_EDGE('',*,*,#3533,.F.);
#2217=ORIENTED_EDGE('',*,*,#3480,.F.);
#2218=CARTESIAN_POINT('',(4.3434,-1.143,-0.47041458310723));
#2219=DIRECTION('',(1.0,0.0,0.0));
#2220=DIRECTION('',(0.0,1.0,0.0));
#2221=ORIENTED_EDGE('',*,*,#3460,.T.);
#2222=ORIENTED_EDGE('',*,*,#3418,.T.);
#2223=ORIENTED_EDGE('',*,*,#3520,.T.);
#2224=ORIENTED_EDGE('',*,*,#3487,.T.);
#2225=CARTESIAN_POINT('',(2.8575,-1.1938,1.2446));
#2226=DIRECTION('',(1.0,0.0,0.0));
#2227=DIRECTION('',(0.0,1.0,0.0));
#2228=ORIENTED_EDGE('',*,*,#3519,.F.);
#2229=ORIENTED_EDGE('',*,*,#3422,.F.);
#2230=ORIENTED_EDGE('',*,*,#3534,.F.);
#2231=ORIENTED_EDGE('',*,*,#3484,.F.);
#2232=CARTESIAN_POINT('',(3.2766,-1.143,0.47041458310723));
#2233=DIRECTION('',(-1.0,0.0,0.0));
#2234=DIRECTION('',(0.0,0.0,1.0));
#2235=ORIENTED_EDGE('',*,*,#3534,.T.);
#2236=ORIENTED_EDGE('',*,*,#3421,.F.);
#2237=ORIENTED_EDGE('',*,*,#3535,.F.);
#2238=ORIENTED_EDGE('',*,*,#3485,.T.);
#2239=CARTESIAN_POINT('',(3.81,-1.143,0.0));
#2240=DIRECTION('',(0.0,1.0,-0.0));
#2241=DIRECTION('',(1.0,0.0,0.0));
#2242=ORIENTED_EDGE('',*,*,#3535,.T.);
#2243=ORIENTED_EDGE('',*,*,#3420,.F.);
#2244=ORIENTED_EDGE('',*,*,#3462,.F.);
#2245=ORIENTED_EDGE('',*,*,#3486,.T.);
#2246=CARTESIAN_POINT('',(3.81,-1.143,1.1684));
#2247=DIRECTION('',(-1.0,0.0,0.0));
#2248=DIRECTION('',(0.0,0.0,1.0));
#2249=ORIENTED_EDGE('',*,*,#3522,.F.);
#2250=ORIENTED_EDGE('',*,*,#3428,.F.);
#2251=ORIENTED_EDGE('',*,*,#3536,.F.);
#2252=ORIENTED_EDGE('',*,*,#3491,.F.);
#2253=CARTESIAN_POINT('',(0.7366,-1.143,0.47041458310723));
#2254=DIRECTION('',(-1.0,0.0,0.0));
#2255=DIRECTION('',(0.0,0.0,1.0));
#2256=ORIENTED_EDGE('',*,*,#3536,.T.);
#2257=ORIENTED_EDGE('',*,*,#3427,.F.);
#2258=ORIENTED_EDGE('',*,*,#3537,.F.);
#2259=ORIENTED_EDGE('',*,*,#3492,.T.);
#2260=CARTESIAN_POINT('',(1.27,-1.143,0.0));
#2261=DIRECTION('',(0.0,1.0,-0.0));
#2262=DIRECTION('',(1.0,0.0,0.0));
#2263=ORIENTED_EDGE('',*,*,#3537,.T.);
#2264=ORIENTED_EDGE('',*,*,#3426,.F.);
#2265=ORIENTED_EDGE('',*,*,#3465,.F.);
#2266=ORIENTED_EDGE('',*,*,#3493,.T.);
#2267=CARTESIAN_POINT('',(1.27,-1.143,1.1684));
#2268=DIRECTION('',(-1.0,0.0,0.0));
#2269=DIRECTION('',(0.0,0.0,1.0));
#2270=ORIENTED_EDGE('',*,*,#3463,.T.);
#2271=ORIENTED_EDGE('',*,*,#3424,.T.);
#2272=ORIENTED_EDGE('',*,*,#3521,.T.);
#2273=ORIENTED_EDGE('',*,*,#3489,.T.);
#2274=CARTESIAN_POINT('',(0.3175,-1.1938,1.2446));
#2275=DIRECTION('',(1.0,0.0,0.0));
#2276=DIRECTION('',(0.0,1.0,0.0));
#2277=ORIENTED_EDGE('',*,*,#3538,.T.);
#2278=ORIENTED_EDGE('',*,*,#3414,.F.);
#2279=ORIENTED_EDGE('',*,*,#3524,.T.);
#2280=ORIENTED_EDGE('',*,*,#3498,.T.);
#2281=CARTESIAN_POINT('',(1.27,-1.143,-1.1684));
#2282=DIRECTION('',(1.0,0.0,0.0));
#2283=DIRECTION('',(0.0,1.0,0.0));
#2284=ORIENTED_EDGE('',*,*,#3539,.T.);
#2285=ORIENTED_EDGE('',*,*,#3415,.F.);
#2286=ORIENTED_EDGE('',*,*,#3538,.F.);
#2287=ORIENTED_EDGE('',*,*,#3497,.T.);
#2288=CARTESIAN_POINT('',(1.27,-1.143,0.0));
#2289=DIRECTION('',(0.0,1.0,-0.0));
#2290=DIRECTION('',(1.0,0.0,0.0));
#2291=ORIENTED_EDGE('',*,*,#3468,.T.);
#2292=ORIENTED_EDGE('',*,*,#3416,.F.);
#2293=ORIENTED_EDGE('',*,*,#3539,.F.);
#2294=ORIENTED_EDGE('',*,*,#3496,.F.);
#2295=CARTESIAN_POINT('',(1.8034,-1.143,-0.47041458310723));
#2296=DIRECTION('',(1.0,0.0,0.0));
#2297=DIRECTION('',(0.0,1.0,0.0));
#2298=ORIENTED_EDGE('',*,*,#3523,.F.);
#2299=ORIENTED_EDGE('',*,*,#3412,.F.);
#2300=ORIENTED_EDGE('',*,*,#3467,.F.);
#2301=ORIENTED_EDGE('',*,*,#3495,.F.);
#2302=CARTESIAN_POINT('',(2.2225,-0.9398,1.2446));
#2303=DIRECTION('',(-1.0,0.0,0.0));
#2304=DIRECTION('',(0.0,0.0,1.0));
#2305=ORIENTED_EDGE('',*,*,#3526,.F.);
#2306=ORIENTED_EDGE('',*,*,#3434,.F.);
#2307=ORIENTED_EDGE('',*,*,#3540,.F.);
#2308=ORIENTED_EDGE('',*,*,#3501,.F.);
#2309=CARTESIAN_POINT('',(-1.8034,-1.143,0.47041458310723));
#2310=DIRECTION('',(-1.0,0.0,0.0));
#2311=DIRECTION('',(0.0,0.0,1.0));
#2312=ORIENTED_EDGE('',*,*,#3540,.T.);
#2313=ORIENTED_EDGE('',*,*,#3433,.F.);
#2314=ORIENTED_EDGE('',*,*,#3541,.F.);
#2315=ORIENTED_EDGE('',*,*,#3502,.T.);
#2316=CARTESIAN_POINT('',(-1.27,-1.143,0.0));
#2317=DIRECTION('',(0.0,1.0,-0.0));
#2318=DIRECTION('',(1.0,0.0,0.0));
#2319=ORIENTED_EDGE('',*,*,#3541,.T.);
#2320=ORIENTED_EDGE('',*,*,#3432,.F.);
#2321=ORIENTED_EDGE('',*,*,#3471,.F.);
#2322=ORIENTED_EDGE('',*,*,#3503,.T.);
#2323=CARTESIAN_POINT('',(-1.27,-1.143,1.1684));
#2324=DIRECTION('',(-1.0,0.0,0.0));
#2325=DIRECTION('',(0.0,0.0,1.0));
#2326=ORIENTED_EDGE('',*,*,#3469,.T.);
#2327=ORIENTED_EDGE('',*,*,#3430,.T.);
#2328=ORIENTED_EDGE('',*,*,#3525,.T.);
#2329=ORIENTED_EDGE('',*,*,#3499,.T.);
#2330=CARTESIAN_POINT('',(-2.2225,-1.1938,1.2446));
#2331=DIRECTION('',(1.0,0.0,0.0));
#2332=DIRECTION('',(0.0,1.0,0.0));
#2333=ORIENTED_EDGE('',*,*,#3542,.T.);
#2334=ORIENTED_EDGE('',*,*,#3408,.F.);
#2335=ORIENTED_EDGE('',*,*,#3528,.T.);
#2336=ORIENTED_EDGE('',*,*,#3508,.T.);
#2337=CARTESIAN_POINT('',(-1.27,-1.143,-1.1684));
#2338=DIRECTION('',(1.0,0.0,0.0));
#2339=DIRECTION('',(0.0,1.0,0.0));
#2340=ORIENTED_EDGE('',*,*,#3543,.T.);
#2341=ORIENTED_EDGE('',*,*,#3409,.F.);
#2342=ORIENTED_EDGE('',*,*,#3542,.F.);
#2343=ORIENTED_EDGE('',*,*,#3507,.T.);
#2344=CARTESIAN_POINT('',(-1.27,-1.143,0.0));
#2345=DIRECTION('',(0.0,1.0,-0.0));
#2346=DIRECTION('',(1.0,0.0,0.0));
#2347=ORIENTED_EDGE('',*,*,#3474,.T.);
#2348=ORIENTED_EDGE('',*,*,#3410,.F.);
#2349=ORIENTED_EDGE('',*,*,#3543,.F.);
#2350=ORIENTED_EDGE('',*,*,#3506,.F.);
#2351=CARTESIAN_POINT('',(-0.7366,-1.143,-0.47041458310723));
#2352=DIRECTION('',(1.0,0.0,0.0));
#2353=DIRECTION('',(0.0,1.0,0.0));
#2354=ORIENTED_EDGE('',*,*,#3527,.F.);
#2355=ORIENTED_EDGE('',*,*,#3406,.F.);
#2356=ORIENTED_EDGE('',*,*,#3473,.F.);
#2357=ORIENTED_EDGE('',*,*,#3505,.F.);
#2358=CARTESIAN_POINT('',(-0.3175,-0.9398,1.2446));
#2359=DIRECTION('',(-1.0,0.0,0.0));
#2360=DIRECTION('',(0.0,0.0,1.0));
#2361=ORIENTED_EDGE('',*,*,#3529,.F.);
#2362=ORIENTED_EDGE('',*,*,#3404,.F.);
#2363=ORIENTED_EDGE('',*,*,#3544,.F.);
#2364=ORIENTED_EDGE('',*,*,#3510,.F.);
#2365=CARTESIAN_POINT('',(-4.3434,-1.143,0.47041458310723));
#2366=DIRECTION('',(-1.0,0.0,0.0));
#2367=DIRECTION('',(0.0,0.0,1.0));
#2368=ORIENTED_EDGE('',*,*,#3544,.T.);
#2369=ORIENTED_EDGE('',*,*,#3403,.F.);
#2370=ORIENTED_EDGE('',*,*,#3545,.F.);
#2371=ORIENTED_EDGE('',*,*,#3511,.T.);
#2372=CARTESIAN_POINT('',(-3.81,-1.143,0.0));
#2373=DIRECTION('',(0.0,1.0,-0.0));
#2374=DIRECTION('',(1.0,0.0,0.0));
#2375=ORIENTED_EDGE('',*,*,#3545,.T.);
#2376=ORIENTED_EDGE('',*,*,#3402,.F.);
#2377=ORIENTED_EDGE('',*,*,#3476,.F.);
#2378=ORIENTED_EDGE('',*,*,#3512,.T.);
#2379=CARTESIAN_POINT('',(-3.81,-1.143,1.1684));
#2380=DIRECTION('',(-1.0,0.0,0.0));
#2381=DIRECTION('',(0.0,0.0,1.0));
#2382=ORIENTED_EDGE('',*,*,#3546,.T.);
#2383=ORIENTED_EDGE('',*,*,#3438,.F.);
#2384=ORIENTED_EDGE('',*,*,#3531,.T.);
#2385=ORIENTED_EDGE('',*,*,#3517,.T.);
#2386=CARTESIAN_POINT('',(-3.81,-1.143,-1.1684));
#2387=DIRECTION('',(1.0,0.0,0.0));
#2388=DIRECTION('',(0.0,1.0,0.0));
#2389=ORIENTED_EDGE('',*,*,#3547,.T.);
#2390=ORIENTED_EDGE('',*,*,#3439,.F.);
#2391=ORIENTED_EDGE('',*,*,#3546,.F.);
#2392=ORIENTED_EDGE('',*,*,#3516,.T.);
#2393=CARTESIAN_POINT('',(-3.81,-1.143,0.0));
#2394=DIRECTION('',(0.0,1.0,-0.0));
#2395=DIRECTION('',(1.0,0.0,0.0));
#2396=ORIENTED_EDGE('',*,*,#3479,.T.);
#2397=ORIENTED_EDGE('',*,*,#3440,.F.);
#2398=ORIENTED_EDGE('',*,*,#3547,.F.);
#2399=ORIENTED_EDGE('',*,*,#3515,.F.);
#2400=CARTESIAN_POINT('',(-3.2766,-1.143,-0.47041458310723));
#2401=DIRECTION('',(1.0,0.0,0.0));
#2402=DIRECTION('',(0.0,1.0,0.0));
#2403=ORIENTED_EDGE('',*,*,#3530,.F.);
#2404=ORIENTED_EDGE('',*,*,#3436,.F.);
#2405=ORIENTED_EDGE('',*,*,#3478,.F.);
#2406=ORIENTED_EDGE('',*,*,#3514,.F.);
#2407=CARTESIAN_POINT('',(-2.8575,-0.9398,1.2446));
#2408=DIRECTION('',(-1.0,0.0,0.0));
#2409=DIRECTION('',(0.0,0.0,1.0));
#2410=ORIENTED_EDGE('',*,*,#3370,.F.);
#2411=ORIENTED_EDGE('',*,*,#3400,.T.);
#2412=ORIENTED_EDGE('',*,*,#3548,.F.);
#2413=ORIENTED_EDGE('',*,*,#3171,.T.);
#2414=CARTESIAN_POINT('',(-2.54,1.143,0.9906));
#2415=DIRECTION('',(-0.707106781186547,0.0,-0.707106781186547));
#2416=DIRECTION('',(-0.707106781186548,0.0,0.707106781186548));
#2417=ORIENTED_EDGE('',*,*,#3548,.T.);
#2418=ORIENTED_EDGE('',*,*,#3399,.T.);
#2419=ORIENTED_EDGE('',*,*,#3368,.T.);
#2420=ORIENTED_EDGE('',*,*,#3172,.T.);
#2421=CARTESIAN_POINT('',(-2.286,1.143,1.2446));
#2422=DIRECTION('',(0.707106781186547,0.0,-0.707106781186547));
#2423=DIRECTION('',(0.0,-1.0,0.0));
#2424=ORIENTED_EDGE('',*,*,#3367,.F.);
#2425=ORIENTED_EDGE('',*,*,#3398,.T.);
#2426=ORIENTED_EDGE('',*,*,#3549,.F.);
#2427=ORIENTED_EDGE('',*,*,#3174,.T.);
#2428=CARTESIAN_POINT('',(0.0,1.143,0.9906));
#2429=DIRECTION('',(-0.707106781186547,0.0,-0.707106781186547));
#2430=DIRECTION('',(-0.707106781186548,0.0,0.707106781186548));
#2431=ORIENTED_EDGE('',*,*,#3549,.T.);
#2432=ORIENTED_EDGE('',*,*,#3397,.T.);
#2433=ORIENTED_EDGE('',*,*,#3365,.T.);
#2434=ORIENTED_EDGE('',*,*,#3175,.T.);
#2435=CARTESIAN_POINT('',(0.254,1.143,1.2446));
#2436=DIRECTION('',(0.707106781186547,0.0,-0.707106781186547));
#2437=DIRECTION('',(0.0,-1.0,0.0));
#2438=ORIENTED_EDGE('',*,*,#3364,.F.);
#2439=ORIENTED_EDGE('',*,*,#3396,.T.);
#2440=ORIENTED_EDGE('',*,*,#3550,.F.);
#2441=ORIENTED_EDGE('',*,*,#3177,.T.);
#2442=CARTESIAN_POINT('',(2.54,1.143,0.9906));
#2443=DIRECTION('',(-0.707106781186547,0.0,-0.707106781186547));
#2444=DIRECTION('',(-0.707106781186548,0.0,0.707106781186548));
#2445=ORIENTED_EDGE('',*,*,#3550,.T.);
#2446=ORIENTED_EDGE('',*,*,#3395,.T.);
#2447=ORIENTED_EDGE('',*,*,#3361,.T.);
#2448=ORIENTED_EDGE('',*,*,#3178,.T.);
#2449=CARTESIAN_POINT('',(2.794,1.143,1.2446));
#2450=DIRECTION('',(0.707106781186547,0.0,-0.707106781186547));
#2451=DIRECTION('',(0.0,-1.0,0.0));
#2452=ORIENTED_EDGE('',*,*,#3394,.F.);
#2453=ORIENTED_EDGE('',*,*,#3551,.F.);
#2454=ORIENTED_EDGE('',*,*,#3180,.T.);
#2455=ORIENTED_EDGE('',*,*,#3360,.T.);
#2456=CARTESIAN_POINT('',(5.08,0.9398,1.0033));
#2457=DIRECTION('',(0.605083267533586,0.0,0.796162194123081));
#2458=DIRECTION('',(0.0,-1.0,0.0));
#2459=ORIENTED_EDGE('',*,*,#3552,.T.);
#2460=ORIENTED_EDGE('',*,*,#3385,.F.);
#2461=ORIENTED_EDGE('',*,*,#3553,.F.);
#2462=ORIENTED_EDGE('',*,*,#3189,.T.);
#2463=ORIENTED_EDGE('',*,*,#3554,.T.);
#2464=ORIENTED_EDGE('',*,*,#3555,.T.);
#2465=ORIENTED_EDGE('',*,*,#3556,.F.);
#2466=ORIENTED_EDGE('',*,*,#3181,.T.);
#2467=ORIENTED_EDGE('',*,*,#3551,.T.);
#2468=ORIENTED_EDGE('',*,*,#3393,.F.);
#2469=ORIENTED_EDGE('',*,*,#3557,.F.);
#2470=ORIENTED_EDGE('',*,*,#3558,.T.);
#2471=CARTESIAN_POINT('',(5.08,0.0,0.0));
#2472=DIRECTION('',(1.0,0.0,0.0));
#2473=DIRECTION('',(0.0,1.0,0.0));
#2474=ORIENTED_EDGE('',*,*,#3558,.F.);
#2475=ORIENTED_EDGE('',*,*,#3559,.F.);
#2476=ORIENTED_EDGE('',*,*,#3160,.T.);
#2477=ORIENTED_EDGE('',*,*,#3560,.T.);
#2478=CARTESIAN_POINT('',(4.92125,-0.7493,0.0));
#2479=DIRECTION('',(0.768221279597376,-0.64018439966448,0.0));
#2480=DIRECTION('',(0.0,0.0,-1.0));
#2481=ORIENTED_EDGE('',*,*,#3561,.T.);
#2482=ORIENTED_EDGE('',*,*,#3554,.F.);
#2483=ORIENTED_EDGE('',*,*,#3188,.T.);
#2484=CARTESIAN_POINT('',(5.08,0.9398,-0.9144));
#2485=DIRECTION('',(0.0,0.0,1.0));
#2486=DIRECTION('',(1.0,0.0,0.0));
#2487=ORIENTED_EDGE('',*,*,#3552,.F.);
#2488=ORIENTED_EDGE('',*,*,#3560,.F.);
#2489=ORIENTED_EDGE('',*,*,#3386,.F.);
#2490=CARTESIAN_POINT('',(5.08,0.9398,-0.9144));
#2491=DIRECTION('',(0.0,0.0,1.0));
#2492=DIRECTION('',(1.0,0.0,0.0));
#2493=ORIENTED_EDGE('',*,*,#3158,.T.);
#2494=ORIENTED_EDGE('',*,*,#3562,.T.);
#2495=ORIENTED_EDGE('',*,*,#3555,.F.);
#2496=ORIENTED_EDGE('',*,*,#3561,.F.);
#2497=CARTESIAN_POINT('',(4.92125,0.7493,0.0));
#2498=DIRECTION('',(0.768221279597376,0.64018439966448,0.0));
#2499=DIRECTION('',(0.0,0.0,-1.0));
#2500=ORIENTED_EDGE('',*,*,#3556,.T.);
#2501=ORIENTED_EDGE('',*,*,#3562,.F.);
#2502=ORIENTED_EDGE('',*,*,#3182,.T.);
#2503=CARTESIAN_POINT('',(4.7625,0.9398,0.9144));
#2504=DIRECTION('',(0.0,0.0,-1.0));
#2505=DIRECTION('',(0.0,-1.0,0.0));
#2506=ORIENTED_EDGE('',*,*,#3559,.T.);
#2507=ORIENTED_EDGE('',*,*,#3557,.T.);
#2508=ORIENTED_EDGE('',*,*,#3392,.F.);
#2509=CARTESIAN_POINT('',(4.7625,0.9398,0.9144));
#2510=DIRECTION('',(0.0,0.0,-1.0));
#2511=DIRECTION('',(0.0,-1.0,0.0));
#2512=ORIENTED_EDGE('',*,*,#3190,.T.);
#2513=ORIENTED_EDGE('',*,*,#3553,.T.);
#2514=ORIENTED_EDGE('',*,*,#3384,.F.);
#2515=ORIENTED_EDGE('',*,*,#3563,.F.);
#2516=CARTESIAN_POINT('',(4.7625,0.9398,-1.2446));
#2517=DIRECTION('',(0.605083267533586,0.0,-0.796162194123081));
#2518=DIRECTION('',(0.0,-1.0,0.0));
#2519=ORIENTED_EDGE('',*,*,#3563,.T.);
#2520=ORIENTED_EDGE('',*,*,#3383,.T.);
#2521=ORIENTED_EDGE('',*,*,#3564,.F.);
#2522=ORIENTED_EDGE('',*,*,#3191,.F.);
#2523=CARTESIAN_POINT('',(4.7625,0.9398,-1.2446));
#2524=DIRECTION('',(0.0,0.0,-1.0));
#2525=DIRECTION('',(0.0,-1.0,0.0));
#2526=ORIENTED_EDGE('',*,*,#3194,.F.);
#2527=ORIENTED_EDGE('',*,*,#3565,.T.);
#2528=ORIENTED_EDGE('',*,*,#3380,.T.);
#2529=ORIENTED_EDGE('',*,*,#3566,.F.);
#2530=CARTESIAN_POINT('',(4.7625,0.9398,-1.2446));
#2531=DIRECTION('',(0.0,0.0,-1.0));
#2532=DIRECTION('',(0.0,-1.0,0.0));
#2533=ORIENTED_EDGE('',*,*,#3374,.T.);
#2534=ORIENTED_EDGE('',*,*,#3567,.F.);
#2535=ORIENTED_EDGE('',*,*,#3200,.F.);
#2536=ORIENTED_EDGE('',*,*,#3568,.T.);
#2537=CARTESIAN_POINT('',(4.7625,0.9398,-1.2446));
#2538=DIRECTION('',(0.0,0.0,-1.0));
#2539=DIRECTION('',(0.0,-1.0,0.0));
#2540=ORIENTED_EDGE('',*,*,#3197,.F.);
#2541=ORIENTED_EDGE('',*,*,#3569,.T.);
#2542=ORIENTED_EDGE('',*,*,#3377,.T.);
#2543=ORIENTED_EDGE('',*,*,#3570,.F.);
#2544=CARTESIAN_POINT('',(4.7625,0.9398,-1.2446));
#2545=DIRECTION('',(0.0,0.0,-1.0));
#2546=DIRECTION('',(0.0,-1.0,0.0));
#2547=ORIENTED_EDGE('',*,*,#3564,.T.);
#2548=ORIENTED_EDGE('',*,*,#3382,.T.);
#2549=ORIENTED_EDGE('',*,*,#3571,.F.);
#2550=ORIENTED_EDGE('',*,*,#3192,.T.);
#2551=CARTESIAN_POINT('',(2.54,1.143,-0.9906));
#2552=DIRECTION('',(0.707106781186547,0.0,0.707106781186547));
#2553=DIRECTION('',(0.0,-1.0,0.0));
#2554=ORIENTED_EDGE('',*,*,#3571,.T.);
#2555=ORIENTED_EDGE('',*,*,#3381,.T.);
#2556=ORIENTED_EDGE('',*,*,#3565,.F.);
#2557=ORIENTED_EDGE('',*,*,#3193,.T.);
#2558=CARTESIAN_POINT('',(2.286,1.143,-1.2446));
#2559=DIRECTION('',(-0.707106781186547,0.0,0.707106781186547));
#2560=DIRECTION('',(0.0,1.0,0.0));
#2561=ORIENTED_EDGE('',*,*,#3566,.T.);
#2562=ORIENTED_EDGE('',*,*,#3379,.T.);
#2563=ORIENTED_EDGE('',*,*,#3572,.F.);
#2564=ORIENTED_EDGE('',*,*,#3195,.T.);
#2565=CARTESIAN_POINT('',(0.0,1.143,-0.9906));
#2566=DIRECTION('',(0.707106781186547,0.0,0.707106781186547));
#2567=DIRECTION('',(0.0,-1.0,0.0));
#2568=ORIENTED_EDGE('',*,*,#3572,.T.);
#2569=ORIENTED_EDGE('',*,*,#3378,.T.);
#2570=ORIENTED_EDGE('',*,*,#3569,.F.);
#2571=ORIENTED_EDGE('',*,*,#3196,.T.);
#2572=CARTESIAN_POINT('',(-0.254,1.143,-1.2446));
#2573=DIRECTION('',(-0.707106781186547,0.0,0.707106781186547));
#2574=DIRECTION('',(0.0,1.0,0.0));
#2575=ORIENTED_EDGE('',*,*,#3573,.T.);
#2576=ORIENTED_EDGE('',*,*,#3375,.T.);
#2577=ORIENTED_EDGE('',*,*,#3568,.F.);
#2578=ORIENTED_EDGE('',*,*,#3199,.T.);
#2579=CARTESIAN_POINT('',(-2.794,1.143,-1.2446));
#2580=DIRECTION('',(-0.707106781186547,0.0,0.707106781186547));
#2581=DIRECTION('',(0.0,1.0,0.0));
#2582=ORIENTED_EDGE('',*,*,#3570,.T.);
#2583=ORIENTED_EDGE('',*,*,#3376,.T.);
#2584=ORIENTED_EDGE('',*,*,#3573,.F.);
#2585=ORIENTED_EDGE('',*,*,#3198,.T.);
#2586=CARTESIAN_POINT('',(-2.54,1.143,-0.9906));
#2587=DIRECTION('',(0.707106781186547,0.0,0.707106781186547));
#2588=DIRECTION('',(0.0,-1.0,0.0));
#2589=ORIENTED_EDGE('',*,*,#3373,.F.);
#2590=ORIENTED_EDGE('',*,*,#3574,.F.);
#2591=ORIENTED_EDGE('',*,*,#3201,.T.);
#2592=ORIENTED_EDGE('',*,*,#3567,.T.);
#2593=CARTESIAN_POINT('',(-5.08,0.9398,-1.0033));
#2594=DIRECTION('',(-0.605083267533586,0.0,-0.796162194123081));
#2595=DIRECTION('',(-0.796162194123081,0.0,0.605083267533586));
#2596=ORIENTED_EDGE('',*,*,#3574,.T.);
#2597=ORIENTED_EDGE('',*,*,#3372,.F.);
#2598=ORIENTED_EDGE('',*,*,#3575,.F.);
#2599=ORIENTED_EDGE('',*,*,#3202,.T.);
#2600=CARTESIAN_POINT('',(-5.08,0.9398,-0.9144));
#2601=DIRECTION('',(-1.0,0.0,0.0));
#2602=DIRECTION('',(0.0,0.0,1.0));
#2603=ORIENTED_EDGE('',*,*,#3575,.T.);
#2604=ORIENTED_EDGE('',*,*,#3371,.F.);
#2605=ORIENTED_EDGE('',*,*,#3347,.F.);
#2606=ORIENTED_EDGE('',*,*,#3203,.T.);
#2607=CARTESIAN_POINT('',(-4.7625,0.9398,-0.9144));
#2608=DIRECTION('',(0.0,0.0,1.0));
#2609=DIRECTION('',(1.0,0.0,0.0));
#2610=ORIENTED_EDGE('',*,*,#3576,.F.);
#2611=ORIENTED_EDGE('',*,*,#3249,.F.);
#2612=ORIENTED_EDGE('',*,*,#3577,.F.);
#2613=ORIENTED_EDGE('',*,*,#3578,.T.);
#2614=CARTESIAN_POINT('',(3.4798,0.0,0.0));
#2615=DIRECTION('',(1.0,0.0,0.0));
#2616=DIRECTION('',(0.0,1.0,0.0));
#2617=ORIENTED_EDGE('',*,*,#3579,.F.);
#2618=ORIENTED_EDGE('',*,*,#3445,.T.);
#2619=ORIENTED_EDGE('',*,*,#3580,.F.);
#2620=ORIENTED_EDGE('',*,*,#3581,.T.);
#2621=CARTESIAN_POINT('',(3.4798,0.0,0.0));
#2622=DIRECTION('',(1.0,0.0,0.0));
#2623=DIRECTION('',(0.0,1.0,0.0));
#2624=ORIENTED_EDGE('',*,*,#3582,.F.);
#2625=ORIENTED_EDGE('',*,*,#3578,.F.);
#2626=ORIENTED_EDGE('',*,*,#3583,.F.);
#2627=ORIENTED_EDGE('',*,*,#3584,.T.);
#2628=CARTESIAN_POINT('',(3.57505,8.128,0.0));
#2629=DIRECTION('',(-0.982872186934318,0.184288535050203,0.0));
#2630=DIRECTION('',(0.0,0.0,1.0));
#2631=ORIENTED_EDGE('',*,*,#3584,.F.);
#2632=ORIENTED_EDGE('',*,*,#3585,.F.);
#2633=ORIENTED_EDGE('',*,*,#3586,.F.);
#2634=ORIENTED_EDGE('',*,*,#3587,.T.);
#2635=CARTESIAN_POINT('',(3.4798,8.636,-0.3302));
#2636=DIRECTION('',(-0.0,1.0,0.0));
#2637=DIRECTION('',(1.0,0.0,0.0));
#2638=ORIENTED_EDGE('',*,*,#3588,.T.);
#2639=ORIENTED_EDGE('',*,*,#3589,.T.);
#2640=ORIENTED_EDGE('',*,*,#3582,.T.);
#2641=ORIENTED_EDGE('',*,*,#3587,.F.);
#2642=CARTESIAN_POINT('',(3.81,8.128,-0.23495));
#2643=DIRECTION('',(0.0,0.184288535050203,-0.982872186934318));
#2644=DIRECTION('',(-1.0,0.0,0.0));
#2645=ORIENTED_EDGE('',*,*,#3590,.F.);
#2646=ORIENTED_EDGE('',*,*,#3246,.F.);
#2647=ORIENTED_EDGE('',*,*,#3576,.T.);
#2648=ORIENTED_EDGE('',*,*,#3589,.F.);
#2649=CARTESIAN_POINT('',(3.4798,-4.191,-0.3302));
#2650=DIRECTION('',(0.0,0.0,-1.0));
#2651=DIRECTION('',(0.0,-1.0,0.0));
#2652=ORIENTED_EDGE('',*,*,#3580,.T.);
#2653=ORIENTED_EDGE('',*,*,#3444,.T.);
#2654=ORIENTED_EDGE('',*,*,#3591,.F.);
#2655=ORIENTED_EDGE('',*,*,#3592,.T.);
#2656=CARTESIAN_POINT('',(3.4798,-4.191,-0.3302));
#2657=DIRECTION('',(0.0,0.0,-1.0));
#2658=DIRECTION('',(0.0,-1.0,0.0));
#2659=ORIENTED_EDGE('',*,*,#3593,.T.);
#2660=ORIENTED_EDGE('',*,*,#3247,.T.);
#2661=ORIENTED_EDGE('',*,*,#3590,.T.);
#2662=ORIENTED_EDGE('',*,*,#3594,.T.);
#2663=CARTESIAN_POINT('',(4.1402,0.0,0.0));
#2664=DIRECTION('',(1.0,0.0,0.0));
#2665=DIRECTION('',(0.0,1.0,0.0));
#2666=ORIENTED_EDGE('',*,*,#3591,.T.);
#2667=ORIENTED_EDGE('',*,*,#3443,.F.);
#2668=ORIENTED_EDGE('',*,*,#3595,.T.);
#2669=ORIENTED_EDGE('',*,*,#3596,.T.);
#2670=CARTESIAN_POINT('',(4.1402,0.0,0.0));
#2671=DIRECTION('',(1.0,0.0,0.0));
#2672=DIRECTION('',(0.0,1.0,0.0));
#2673=ORIENTED_EDGE('',*,*,#3597,.F.);
#2674=ORIENTED_EDGE('',*,*,#3594,.F.);
#2675=ORIENTED_EDGE('',*,*,#3588,.F.);
#2676=ORIENTED_EDGE('',*,*,#3586,.T.);
#2677=CARTESIAN_POINT('',(4.04495,8.128,0.0));
#2678=DIRECTION('',(0.982872186934318,0.184288535050203,0.0));
#2679=DIRECTION('',(0.0,0.0,-1.0));
#2680=ORIENTED_EDGE('',*,*,#3597,.T.);
#2681=ORIENTED_EDGE('',*,*,#3585,.T.);
#2682=ORIENTED_EDGE('',*,*,#3583,.T.);
#2683=ORIENTED_EDGE('',*,*,#3598,.F.);
#2684=CARTESIAN_POINT('',(3.81,8.128,0.23495));
#2685=DIRECTION('',(0.0,0.184288535050203,0.982872186934318));
#2686=DIRECTION('',(1.0,-0.0,0.0));
#2687=ORIENTED_EDGE('',*,*,#3577,.T.);
#2688=ORIENTED_EDGE('',*,*,#3248,.T.);
#2689=ORIENTED_EDGE('',*,*,#3593,.F.);
#2690=ORIENTED_EDGE('',*,*,#3598,.T.);
#2691=CARTESIAN_POINT('',(3.4798,8.636,0.3302));
#2692=DIRECTION('',(0.0,0.0,1.0));
#2693=DIRECTION('',(1.0,0.0,0.0));
#2694=ORIENTED_EDGE('',*,*,#3595,.F.);
#2695=ORIENTED_EDGE('',*,*,#3442,.F.);
#2696=ORIENTED_EDGE('',*,*,#3579,.T.);
#2697=ORIENTED_EDGE('',*,*,#3599,.F.);
#2698=CARTESIAN_POINT('',(3.4798,8.636,0.3302));
#2699=DIRECTION('',(0.0,0.0,1.0));
#2700=DIRECTION('',(1.0,0.0,0.0));
#2701=ORIENTED_EDGE('',*,*,#3600,.F.);
#2702=ORIENTED_EDGE('',*,*,#3601,.F.);
#2703=ORIENTED_EDGE('',*,*,#3602,.T.);
#2704=ORIENTED_EDGE('',*,*,#3599,.T.);
#2705=CARTESIAN_POINT('',(3.81,-3.683,0.23495));
#2706=DIRECTION('',(0.0,-0.184288535050203,0.982872186934318));
#2707=DIRECTION('',(-1.0,0.0,0.0));
#2708=ORIENTED_EDGE('',*,*,#3603,.T.);
#2709=ORIENTED_EDGE('',*,*,#3596,.F.);
#2710=ORIENTED_EDGE('',*,*,#3602,.F.);
#2711=ORIENTED_EDGE('',*,*,#3604,.T.);
#2712=CARTESIAN_POINT('',(4.04495,-3.683,0.0));
#2713=DIRECTION('',(0.982872186934318,-0.184288535050203,0.0));
#2714=DIRECTION('',(0.0,0.0,-1.0));
#2715=ORIENTED_EDGE('',*,*,#3604,.F.);
#2716=ORIENTED_EDGE('',*,*,#3601,.T.);
#2717=ORIENTED_EDGE('',*,*,#3605,.F.);
#2718=ORIENTED_EDGE('',*,*,#3606,.F.);
#2719=CARTESIAN_POINT('',(3.4798,-4.191,0.3302));
#2720=DIRECTION('',(0.0,-1.0,0.0));
#2721=DIRECTION('',(0.0,0.0,-1.0));
#2722=ORIENTED_EDGE('',*,*,#3603,.F.);
#2723=ORIENTED_EDGE('',*,*,#3606,.T.);
#2724=ORIENTED_EDGE('',*,*,#3607,.T.);
#2725=ORIENTED_EDGE('',*,*,#3592,.F.);
#2726=CARTESIAN_POINT('',(3.81,-3.683,-0.23495));
#2727=DIRECTION('',(0.0,-0.184288535050203,-0.982872186934318));
#2728=DIRECTION('',(0.0,-0.982872186934319,0.184288535050203));
#2729=ORIENTED_EDGE('',*,*,#3607,.F.);
#2730=ORIENTED_EDGE('',*,*,#3605,.T.);
#2731=ORIENTED_EDGE('',*,*,#3600,.T.);
#2732=ORIENTED_EDGE('',*,*,#3581,.F.);
#2733=CARTESIAN_POINT('',(3.57505,-3.683,0.0));
#2734=DIRECTION('',(-0.982872186934318,-0.184288535050203,0.0));
#2735=DIRECTION('',(-0.184288535050203,0.982872186934319,0.0));
#2736=ORIENTED_EDGE('',*,*,#3608,.F.);
#2737=ORIENTED_EDGE('',*,*,#3253,.F.);
#2738=ORIENTED_EDGE('',*,*,#3609,.F.);
#2739=ORIENTED_EDGE('',*,*,#3610,.T.);
#2740=CARTESIAN_POINT('',(0.9398,0.0,0.0));
#2741=DIRECTION('',(1.0,0.0,0.0));
#2742=DIRECTION('',(0.0,1.0,0.0));
#2743=ORIENTED_EDGE('',*,*,#3611,.F.);
#2744=ORIENTED_EDGE('',*,*,#3449,.T.);
#2745=ORIENTED_EDGE('',*,*,#3612,.F.);
#2746=ORIENTED_EDGE('',*,*,#3613,.T.);
#2747=CARTESIAN_POINT('',(0.9398,0.0,0.0));
#2748=DIRECTION('',(1.0,0.0,0.0));
#2749=DIRECTION('',(0.0,1.0,0.0));
#2750=ORIENTED_EDGE('',*,*,#3614,.F.);
#2751=ORIENTED_EDGE('',*,*,#3610,.F.);
#2752=ORIENTED_EDGE('',*,*,#3615,.F.);
#2753=ORIENTED_EDGE('',*,*,#3616,.T.);
#2754=CARTESIAN_POINT('',(1.03505,8.128,0.0));
#2755=DIRECTION('',(-0.982872186934318,0.184288535050203,0.0));
#2756=DIRECTION('',(0.0,0.0,1.0));
#2757=ORIENTED_EDGE('',*,*,#3616,.F.);
#2758=ORIENTED_EDGE('',*,*,#3617,.F.);
#2759=ORIENTED_EDGE('',*,*,#3618,.F.);
#2760=ORIENTED_EDGE('',*,*,#3619,.T.);
#2761=CARTESIAN_POINT('',(0.9398,8.636,-0.3302));
#2762=DIRECTION('',(-0.0,1.0,0.0));
#2763=DIRECTION('',(1.0,0.0,0.0));
#2764=ORIENTED_EDGE('',*,*,#3620,.T.);
#2765=ORIENTED_EDGE('',*,*,#3621,.T.);
#2766=ORIENTED_EDGE('',*,*,#3614,.T.);
#2767=ORIENTED_EDGE('',*,*,#3619,.F.);
#2768=CARTESIAN_POINT('',(1.27,8.128,-0.23495));
#2769=DIRECTION('',(0.0,0.184288535050203,-0.982872186934318));
#2770=DIRECTION('',(-1.0,0.0,0.0));
#2771=ORIENTED_EDGE('',*,*,#3622,.F.);
#2772=ORIENTED_EDGE('',*,*,#3250,.F.);
#2773=ORIENTED_EDGE('',*,*,#3608,.T.);
#2774=ORIENTED_EDGE('',*,*,#3621,.F.);
#2775=CARTESIAN_POINT('',(0.9398,-4.191,-0.3302));
#2776=DIRECTION('',(0.0,0.0,-1.0));
#2777=DIRECTION('',(0.0,-1.0,0.0));
#2778=ORIENTED_EDGE('',*,*,#3612,.T.);
#2779=ORIENTED_EDGE('',*,*,#3448,.T.);
#2780=ORIENTED_EDGE('',*,*,#3623,.F.);
#2781=ORIENTED_EDGE('',*,*,#3624,.T.);
#2782=CARTESIAN_POINT('',(0.9398,-4.191,-0.3302));
#2783=DIRECTION('',(0.0,0.0,-1.0));
#2784=DIRECTION('',(0.0,-1.0,0.0));
#2785=ORIENTED_EDGE('',*,*,#3625,.T.);
#2786=ORIENTED_EDGE('',*,*,#3251,.T.);
#2787=ORIENTED_EDGE('',*,*,#3622,.T.);
#2788=ORIENTED_EDGE('',*,*,#3626,.T.);
#2789=CARTESIAN_POINT('',(1.6002,0.0,0.0));
#2790=DIRECTION('',(1.0,0.0,0.0));
#2791=DIRECTION('',(0.0,1.0,0.0));
#2792=ORIENTED_EDGE('',*,*,#3623,.T.);
#2793=ORIENTED_EDGE('',*,*,#3447,.F.);
#2794=ORIENTED_EDGE('',*,*,#3627,.T.);
#2795=ORIENTED_EDGE('',*,*,#3628,.T.);
#2796=CARTESIAN_POINT('',(1.6002,0.0,0.0));
#2797=DIRECTION('',(1.0,0.0,0.0));
#2798=DIRECTION('',(0.0,1.0,0.0));
#2799=ORIENTED_EDGE('',*,*,#3629,.F.);
#2800=ORIENTED_EDGE('',*,*,#3626,.F.);
#2801=ORIENTED_EDGE('',*,*,#3620,.F.);
#2802=ORIENTED_EDGE('',*,*,#3618,.T.);
#2803=CARTESIAN_POINT('',(1.50495,8.128,0.0));
#2804=DIRECTION('',(0.982872186934318,0.184288535050203,0.0));
#2805=DIRECTION('',(0.0,0.0,-1.0));
#2806=ORIENTED_EDGE('',*,*,#3629,.T.);
#2807=ORIENTED_EDGE('',*,*,#3617,.T.);
#2808=ORIENTED_EDGE('',*,*,#3615,.T.);
#2809=ORIENTED_EDGE('',*,*,#3630,.F.);
#2810=CARTESIAN_POINT('',(1.27,8.128,0.23495));
#2811=DIRECTION('',(0.0,0.184288535050203,0.982872186934318));
#2812=DIRECTION('',(1.0,-0.0,0.0));
#2813=ORIENTED_EDGE('',*,*,#3609,.T.);
#2814=ORIENTED_EDGE('',*,*,#3252,.T.);
#2815=ORIENTED_EDGE('',*,*,#3625,.F.);
#2816=ORIENTED_EDGE('',*,*,#3630,.T.);
#2817=CARTESIAN_POINT('',(0.9398,8.636,0.3302));
#2818=DIRECTION('',(0.0,0.0,1.0));
#2819=DIRECTION('',(1.0,0.0,0.0));
#2820=ORIENTED_EDGE('',*,*,#3627,.F.);
#2821=ORIENTED_EDGE('',*,*,#3446,.F.);
#2822=ORIENTED_EDGE('',*,*,#3611,.T.);
#2823=ORIENTED_EDGE('',*,*,#3631,.F.);
#2824=CARTESIAN_POINT('',(0.9398,8.636,0.3302));
#2825=DIRECTION('',(0.0,0.0,1.0));
#2826=DIRECTION('',(1.0,0.0,0.0));
#2827=ORIENTED_EDGE('',*,*,#3632,.F.);
#2828=ORIENTED_EDGE('',*,*,#3633,.F.);
#2829=ORIENTED_EDGE('',*,*,#3634,.T.);
#2830=ORIENTED_EDGE('',*,*,#3631,.T.);
#2831=CARTESIAN_POINT('',(1.27,-3.683,0.23495));
#2832=DIRECTION('',(0.0,-0.184288535050203,0.982872186934318));
#2833=DIRECTION('',(-1.0,0.0,0.0));
#2834=ORIENTED_EDGE('',*,*,#3635,.F.);
#2835=ORIENTED_EDGE('',*,*,#3628,.F.);
#2836=ORIENTED_EDGE('',*,*,#3634,.F.);
#2837=ORIENTED_EDGE('',*,*,#3636,.T.);
#2838=CARTESIAN_POINT('',(1.50495,-3.683,0.0));
#2839=DIRECTION('',(0.982872186934318,-0.184288535050203,0.0));
#2840=DIRECTION('',(0.0,0.0,-1.0));
#2841=ORIENTED_EDGE('',*,*,#3636,.F.);
#2842=ORIENTED_EDGE('',*,*,#3633,.T.);
#2843=ORIENTED_EDGE('',*,*,#3637,.F.);
#2844=ORIENTED_EDGE('',*,*,#3638,.F.);
#2845=CARTESIAN_POINT('',(0.9398,-4.191,0.3302));
#2846=DIRECTION('',(0.0,-1.0,0.0));
#2847=DIRECTION('',(0.0,0.0,-1.0));
#2848=ORIENTED_EDGE('',*,*,#3635,.T.);
#2849=ORIENTED_EDGE('',*,*,#3638,.T.);
#2850=ORIENTED_EDGE('',*,*,#3639,.T.);
#2851=ORIENTED_EDGE('',*,*,#3624,.F.);
#2852=CARTESIAN_POINT('',(1.27,-3.683,-0.23495));
#2853=DIRECTION('',(0.0,-0.184288535050203,-0.982872186934318));
#2854=DIRECTION('',(0.0,-0.982872186934319,0.184288535050203));
#2855=ORIENTED_EDGE('',*,*,#3639,.F.);
#2856=ORIENTED_EDGE('',*,*,#3637,.T.);
#2857=ORIENTED_EDGE('',*,*,#3632,.T.);
#2858=ORIENTED_EDGE('',*,*,#3613,.F.);
#2859=CARTESIAN_POINT('',(1.03505,-3.683,0.0));
#2860=DIRECTION('',(-0.982872186934318,-0.184288535050203,0.0));
#2861=DIRECTION('',(-0.184288535050203,0.982872186934319,0.0));
#2862=ORIENTED_EDGE('',*,*,#3640,.F.);
#2863=ORIENTED_EDGE('',*,*,#3257,.F.);
#2864=ORIENTED_EDGE('',*,*,#3641,.F.);
#2865=ORIENTED_EDGE('',*,*,#3642,.T.);
#2866=CARTESIAN_POINT('',(-1.6002,0.0,0.0));
#2867=DIRECTION('',(1.0,0.0,0.0));
#2868=DIRECTION('',(0.0,1.0,0.0));
#2869=ORIENTED_EDGE('',*,*,#3643,.F.);
#2870=ORIENTED_EDGE('',*,*,#3453,.T.);
#2871=ORIENTED_EDGE('',*,*,#3644,.F.);
#2872=ORIENTED_EDGE('',*,*,#3645,.T.);
#2873=CARTESIAN_POINT('',(-1.6002,0.0,0.0));
#2874=DIRECTION('',(1.0,0.0,0.0));
#2875=DIRECTION('',(0.0,1.0,0.0));
#2876=ORIENTED_EDGE('',*,*,#3646,.F.);
#2877=ORIENTED_EDGE('',*,*,#3642,.F.);
#2878=ORIENTED_EDGE('',*,*,#3647,.F.);
#2879=ORIENTED_EDGE('',*,*,#3648,.T.);
#2880=CARTESIAN_POINT('',(-1.50495,8.128,0.0));
#2881=DIRECTION('',(-0.982872186934318,0.184288535050203,0.0));
#2882=DIRECTION('',(0.0,0.0,1.0));
#2883=ORIENTED_EDGE('',*,*,#3648,.F.);
#2884=ORIENTED_EDGE('',*,*,#3649,.F.);
#2885=ORIENTED_EDGE('',*,*,#3650,.F.);
#2886=ORIENTED_EDGE('',*,*,#3651,.T.);
#2887=CARTESIAN_POINT('',(-1.6002,8.636,-0.3302));
#2888=DIRECTION('',(-0.0,1.0,0.0));
#2889=DIRECTION('',(1.0,0.0,0.0));
#2890=ORIENTED_EDGE('',*,*,#3652,.T.);
#2891=ORIENTED_EDGE('',*,*,#3653,.T.);
#2892=ORIENTED_EDGE('',*,*,#3646,.T.);
#2893=ORIENTED_EDGE('',*,*,#3651,.F.);
#2894=CARTESIAN_POINT('',(-1.27,8.128,-0.23495));
#2895=DIRECTION('',(0.0,0.184288535050203,-0.982872186934318));
#2896=DIRECTION('',(-1.0,0.0,0.0));
#2897=ORIENTED_EDGE('',*,*,#3654,.F.);
#2898=ORIENTED_EDGE('',*,*,#3254,.F.);
#2899=ORIENTED_EDGE('',*,*,#3640,.T.);
#2900=ORIENTED_EDGE('',*,*,#3653,.F.);
#2901=CARTESIAN_POINT('',(-1.6002,-4.191,-0.3302));
#2902=DIRECTION('',(0.0,0.0,-1.0));
#2903=DIRECTION('',(0.0,-1.0,0.0));
#2904=ORIENTED_EDGE('',*,*,#3644,.T.);
#2905=ORIENTED_EDGE('',*,*,#3452,.T.);
#2906=ORIENTED_EDGE('',*,*,#3655,.F.);
#2907=ORIENTED_EDGE('',*,*,#3656,.T.);
#2908=CARTESIAN_POINT('',(-1.6002,-4.191,-0.3302));
#2909=DIRECTION('',(0.0,0.0,-1.0));
#2910=DIRECTION('',(0.0,-1.0,0.0));
#2911=ORIENTED_EDGE('',*,*,#3657,.T.);
#2912=ORIENTED_EDGE('',*,*,#3255,.T.);
#2913=ORIENTED_EDGE('',*,*,#3654,.T.);
#2914=ORIENTED_EDGE('',*,*,#3658,.T.);
#2915=CARTESIAN_POINT('',(-0.9398,0.0,0.0));
#2916=DIRECTION('',(1.0,0.0,0.0));
#2917=DIRECTION('',(0.0,1.0,0.0));
#2918=ORIENTED_EDGE('',*,*,#3655,.T.);
#2919=ORIENTED_EDGE('',*,*,#3451,.F.);
#2920=ORIENTED_EDGE('',*,*,#3659,.T.);
#2921=ORIENTED_EDGE('',*,*,#3660,.T.);
#2922=CARTESIAN_POINT('',(-0.9398,0.0,0.0));
#2923=DIRECTION('',(1.0,0.0,0.0));
#2924=DIRECTION('',(0.0,1.0,0.0));
#2925=ORIENTED_EDGE('',*,*,#3661,.F.);
#2926=ORIENTED_EDGE('',*,*,#3658,.F.);
#2927=ORIENTED_EDGE('',*,*,#3652,.F.);
#2928=ORIENTED_EDGE('',*,*,#3650,.T.);
#2929=CARTESIAN_POINT('',(-1.03505,8.128,0.0));
#2930=DIRECTION('',(0.982872186934318,0.184288535050203,0.0));
#2931=DIRECTION('',(0.0,0.0,-1.0));
#2932=ORIENTED_EDGE('',*,*,#3661,.T.);
#2933=ORIENTED_EDGE('',*,*,#3649,.T.);
#2934=ORIENTED_EDGE('',*,*,#3647,.T.);
#2935=ORIENTED_EDGE('',*,*,#3662,.F.);
#2936=CARTESIAN_POINT('',(-1.27,8.128,0.23495));
#2937=DIRECTION('',(0.0,0.184288535050203,0.982872186934318));
#2938=DIRECTION('',(1.0,-0.0,0.0));
#2939=ORIENTED_EDGE('',*,*,#3641,.T.);
#2940=ORIENTED_EDGE('',*,*,#3256,.T.);
#2941=ORIENTED_EDGE('',*,*,#3657,.F.);
#2942=ORIENTED_EDGE('',*,*,#3662,.T.);
#2943=CARTESIAN_POINT('',(-1.6002,8.636,0.3302));
#2944=DIRECTION('',(0.0,0.0,1.0));
#2945=DIRECTION('',(1.0,0.0,0.0));
#2946=ORIENTED_EDGE('',*,*,#3659,.F.);
#2947=ORIENTED_EDGE('',*,*,#3450,.F.);
#2948=ORIENTED_EDGE('',*,*,#3643,.T.);
#2949=ORIENTED_EDGE('',*,*,#3663,.F.);
#2950=CARTESIAN_POINT('',(-1.6002,8.636,0.3302));
#2951=DIRECTION('',(0.0,0.0,1.0));
#2952=DIRECTION('',(1.0,0.0,0.0));
#2953=ORIENTED_EDGE('',*,*,#3664,.F.);
#2954=ORIENTED_EDGE('',*,*,#3665,.F.);
#2955=ORIENTED_EDGE('',*,*,#3666,.T.);
#2956=ORIENTED_EDGE('',*,*,#3663,.T.);
#2957=CARTESIAN_POINT('',(-1.27,-3.683,0.23495));
#2958=DIRECTION('',(0.0,-0.184288535050203,0.982872186934318));
#2959=DIRECTION('',(-1.0,0.0,0.0));
#2960=ORIENTED_EDGE('',*,*,#3667,.F.);
#2961=ORIENTED_EDGE('',*,*,#3660,.F.);
#2962=ORIENTED_EDGE('',*,*,#3666,.F.);
#2963=ORIENTED_EDGE('',*,*,#3668,.T.);
#2964=CARTESIAN_POINT('',(-1.03505,-3.683,0.0));
#2965=DIRECTION('',(0.982872186934318,-0.184288535050203,0.0));
#2966=DIRECTION('',(0.0,0.0,-1.0));
#2967=ORIENTED_EDGE('',*,*,#3668,.F.);
#2968=ORIENTED_EDGE('',*,*,#3665,.T.);
#2969=ORIENTED_EDGE('',*,*,#3669,.F.);
#2970=ORIENTED_EDGE('',*,*,#3670,.F.);
#2971=CARTESIAN_POINT('',(-1.6002,-4.191,0.3302));
#2972=DIRECTION('',(0.0,-1.0,0.0));
#2973=DIRECTION('',(0.0,0.0,-1.0));
#2974=ORIENTED_EDGE('',*,*,#3667,.T.);
#2975=ORIENTED_EDGE('',*,*,#3670,.T.);
#2976=ORIENTED_EDGE('',*,*,#3671,.T.);
#2977=ORIENTED_EDGE('',*,*,#3656,.F.);
#2978=CARTESIAN_POINT('',(-1.27,-3.683,-0.23495));
#2979=DIRECTION('',(0.0,-0.184288535050203,-0.982872186934318));
#2980=DIRECTION('',(0.0,-0.982872186934319,0.184288535050203));
#2981=ORIENTED_EDGE('',*,*,#3671,.F.);
#2982=ORIENTED_EDGE('',*,*,#3669,.T.);
#2983=ORIENTED_EDGE('',*,*,#3664,.T.);
#2984=ORIENTED_EDGE('',*,*,#3645,.F.);
#2985=CARTESIAN_POINT('',(-1.50495,-3.683,0.0));
#2986=DIRECTION('',(-0.982872186934318,-0.184288535050203,0.0));
#2987=DIRECTION('',(-0.184288535050203,0.982872186934319,0.0));
#2988=ORIENTED_EDGE('',*,*,#3672,.F.);
#2989=ORIENTED_EDGE('',*,*,#3261,.F.);
#2990=ORIENTED_EDGE('',*,*,#3673,.F.);
#2991=ORIENTED_EDGE('',*,*,#3674,.T.);
#2992=CARTESIAN_POINT('',(-4.1402,0.0,0.0));
#2993=DIRECTION('',(1.0,0.0,0.0));
#2994=DIRECTION('',(0.0,1.0,0.0));
#2995=ORIENTED_EDGE('',*,*,#3675,.F.);
#2996=ORIENTED_EDGE('',*,*,#3457,.T.);
#2997=ORIENTED_EDGE('',*,*,#3676,.F.);
#2998=ORIENTED_EDGE('',*,*,#3677,.T.);
#2999=CARTESIAN_POINT('',(-4.1402,0.0,0.0));
#3000=DIRECTION('',(1.0,0.0,0.0));
#3001=DIRECTION('',(0.0,1.0,0.0));
#3002=ORIENTED_EDGE('',*,*,#3678,.F.);
#3003=ORIENTED_EDGE('',*,*,#3674,.F.);
#3004=ORIENTED_EDGE('',*,*,#3679,.F.);
#3005=ORIENTED_EDGE('',*,*,#3680,.T.);
#3006=CARTESIAN_POINT('',(-4.04495,8.128,0.0));
#3007=DIRECTION('',(-0.982872186934318,0.184288535050203,0.0));
#3008=DIRECTION('',(0.0,0.0,1.0));
#3009=ORIENTED_EDGE('',*,*,#3680,.F.);
#3010=ORIENTED_EDGE('',*,*,#3681,.F.);
#3011=ORIENTED_EDGE('',*,*,#3682,.F.);
#3012=ORIENTED_EDGE('',*,*,#3683,.T.);
#3013=CARTESIAN_POINT('',(-4.1402,8.636,-0.3302));
#3014=DIRECTION('',(-0.0,1.0,0.0));
#3015=DIRECTION('',(1.0,0.0,0.0));
#3016=ORIENTED_EDGE('',*,*,#3684,.T.);
#3017=ORIENTED_EDGE('',*,*,#3685,.T.);
#3018=ORIENTED_EDGE('',*,*,#3678,.T.);
#3019=ORIENTED_EDGE('',*,*,#3683,.F.);
#3020=CARTESIAN_POINT('',(-3.81,8.128,-0.23495));
#3021=DIRECTION('',(0.0,0.184288535050203,-0.982872186934318));
#3022=DIRECTION('',(-1.0,0.0,0.0));
#3023=ORIENTED_EDGE('',*,*,#3686,.F.);
#3024=ORIENTED_EDGE('',*,*,#3258,.F.);
#3025=ORIENTED_EDGE('',*,*,#3672,.T.);
#3026=ORIENTED_EDGE('',*,*,#3685,.F.);
#3027=CARTESIAN_POINT('',(-4.1402,-4.191,-0.3302));
#3028=DIRECTION('',(0.0,0.0,-1.0));
#3029=DIRECTION('',(0.0,-1.0,0.0));
#3030=ORIENTED_EDGE('',*,*,#3676,.T.);
#3031=ORIENTED_EDGE('',*,*,#3456,.T.);
#3032=ORIENTED_EDGE('',*,*,#3687,.F.);
#3033=ORIENTED_EDGE('',*,*,#3688,.T.);
#3034=CARTESIAN_POINT('',(-4.1402,-4.191,-0.3302));
#3035=DIRECTION('',(0.0,0.0,-1.0));
#3036=DIRECTION('',(0.0,-1.0,0.0));
#3037=ORIENTED_EDGE('',*,*,#3689,.T.);
#3038=ORIENTED_EDGE('',*,*,#3259,.T.);
#3039=ORIENTED_EDGE('',*,*,#3686,.T.);
#3040=ORIENTED_EDGE('',*,*,#3690,.T.);
#3041=CARTESIAN_POINT('',(-3.4798,0.0,0.0));
#3042=DIRECTION('',(1.0,0.0,0.0));
#3043=DIRECTION('',(0.0,1.0,0.0));
#3044=ORIENTED_EDGE('',*,*,#3687,.T.);
#3045=ORIENTED_EDGE('',*,*,#3455,.F.);
#3046=ORIENTED_EDGE('',*,*,#3691,.T.);
#3047=ORIENTED_EDGE('',*,*,#3692,.T.);
#3048=CARTESIAN_POINT('',(-3.4798,0.0,0.0));
#3049=DIRECTION('',(1.0,0.0,0.0));
#3050=DIRECTION('',(0.0,1.0,0.0));
#3051=ORIENTED_EDGE('',*,*,#3693,.F.);
#3052=ORIENTED_EDGE('',*,*,#3690,.F.);
#3053=ORIENTED_EDGE('',*,*,#3684,.F.);
#3054=ORIENTED_EDGE('',*,*,#3682,.T.);
#3055=CARTESIAN_POINT('',(-3.57505,8.128,0.0));
#3056=DIRECTION('',(0.982872186934318,0.184288535050203,0.0));
#3057=DIRECTION('',(0.0,0.0,-1.0));
#3058=ORIENTED_EDGE('',*,*,#3693,.T.);
#3059=ORIENTED_EDGE('',*,*,#3681,.T.);
#3060=ORIENTED_EDGE('',*,*,#3679,.T.);
#3061=ORIENTED_EDGE('',*,*,#3694,.F.);
#3062=CARTESIAN_POINT('',(-3.81,8.128,0.23495));
#3063=DIRECTION('',(0.0,0.184288535050203,0.982872186934318));
#3064=DIRECTION('',(1.0,-0.0,0.0));
#3065=ORIENTED_EDGE('',*,*,#3673,.T.);
#3066=ORIENTED_EDGE('',*,*,#3260,.T.);
#3067=ORIENTED_EDGE('',*,*,#3689,.F.);
#3068=ORIENTED_EDGE('',*,*,#3694,.T.);
#3069=CARTESIAN_POINT('',(-4.1402,8.636,0.3302));
#3070=DIRECTION('',(0.0,0.0,1.0));
#3071=DIRECTION('',(1.0,0.0,0.0));
#3072=ORIENTED_EDGE('',*,*,#3691,.F.);
#3073=ORIENTED_EDGE('',*,*,#3454,.F.);
#3074=ORIENTED_EDGE('',*,*,#3675,.T.);
#3075=ORIENTED_EDGE('',*,*,#3695,.F.);
#3076=CARTESIAN_POINT('',(-4.1402,8.636,0.3302));
#3077=DIRECTION('',(0.0,0.0,1.0));
#3078=DIRECTION('',(1.0,0.0,0.0));
#3079=ORIENTED_EDGE('',*,*,#3696,.F.);
#3080=ORIENTED_EDGE('',*,*,#3697,.F.);
#3081=ORIENTED_EDGE('',*,*,#3698,.T.);
#3082=ORIENTED_EDGE('',*,*,#3695,.T.);
#3083=CARTESIAN_POINT('',(-3.81,-3.683,0.23495));
#3084=DIRECTION('',(0.0,-0.184288535050203,0.982872186934318));
#3085=DIRECTION('',(-1.0,0.0,0.0));
#3086=ORIENTED_EDGE('',*,*,#3699,.F.);
#3087=ORIENTED_EDGE('',*,*,#3692,.F.);
#3088=ORIENTED_EDGE('',*,*,#3698,.F.);
#3089=ORIENTED_EDGE('',*,*,#3700,.T.);
#3090=CARTESIAN_POINT('',(-3.57505,-3.683,0.0));
#3091=DIRECTION('',(0.982872186934318,-0.184288535050203,0.0));
#3092=DIRECTION('',(0.0,0.0,-1.0));
#3093=ORIENTED_EDGE('',*,*,#3700,.F.);
#3094=ORIENTED_EDGE('',*,*,#3697,.T.);
#3095=ORIENTED_EDGE('',*,*,#3701,.F.);
#3096=ORIENTED_EDGE('',*,*,#3702,.F.);
#3097=CARTESIAN_POINT('',(-4.1402,-4.191,0.3302));
#3098=DIRECTION('',(0.0,-1.0,0.0));
#3099=DIRECTION('',(0.0,0.0,-1.0));
#3100=ORIENTED_EDGE('',*,*,#3699,.T.);
#3101=ORIENTED_EDGE('',*,*,#3702,.T.);
#3102=ORIENTED_EDGE('',*,*,#3703,.T.);
#3103=ORIENTED_EDGE('',*,*,#3688,.F.);
#3104=CARTESIAN_POINT('',(-3.81,-3.683,-0.23495));
#3105=DIRECTION('',(0.0,-0.184288535050203,-0.982872186934318));
#3106=DIRECTION('',(0.0,-0.982872186934319,0.184288535050203));
#3107=ORIENTED_EDGE('',*,*,#3703,.F.);
#3108=ORIENTED_EDGE('',*,*,#3701,.T.);
#3109=ORIENTED_EDGE('',*,*,#3696,.T.);
#3110=ORIENTED_EDGE('',*,*,#3677,.F.);
#3111=CARTESIAN_POINT('',(-4.04495,-3.683,0.0));
#3112=DIRECTION('',(-0.982872186934318,-0.184288535050203,0.0));
#3113=DIRECTION('',(-0.184288535050203,0.982872186934319,0.0));
#3114=AXIS2_PLACEMENT_3D('',#3704,#3705,#3706);
#3115=AXIS2_PLACEMENT_3D('',#3707,#3708,#3709);
#3116=AXIS2_PLACEMENT_3D('',#3710,#3711,#3712);
#3117=AXIS2_PLACEMENT_3D('',#3713,#3714,#3715);
#3118=AXIS2_PLACEMENT_3D('',#3716,#3717,#3718);
#3119=AXIS2_PLACEMENT_3D('',#3719,#3720,#3721);
#3120=AXIS2_PLACEMENT_3D('',#3722,#3723,#3724);
#3121=AXIS2_PLACEMENT_3D('',#3725,#3726,#3727);
#3122=EDGE_CURVE('',#3728,#3729,#3730,.T.);
#3123=EDGE_CURVE('',#3731,#3728,#3732,.T.);
#3124=EDGE_CURVE('',#3733,#3731,#3734,.T.);
#3125=EDGE_CURVE('',#3733,#3729,#3735,.T.);
#3126=EDGE_CURVE('',#3736,#3737,#3738,.T.);
#3127=EDGE_CURVE('',#3736,#3739,#3740,.T.);
#3128=EDGE_CURVE('',#3739,#3741,#3742,.T.);
#3129=EDGE_CURVE('',#3737,#3741,#3743,.T.);
#3130=EDGE_CURVE('',#3744,#3745,#3746,.T.);
#3131=EDGE_CURVE('',#3747,#3744,#3748,.T.);
#3132=EDGE_CURVE('',#3749,#3747,#3750,.T.);
#3133=EDGE_CURVE('',#3749,#3745,#3751,.T.);
#3134=EDGE_CURVE('',#3752,#3753,#3754,.T.);
#3135=EDGE_CURVE('',#3752,#3755,#3756,.T.);
#3136=EDGE_CURVE('',#3755,#3757,#3758,.T.);
#3137=EDGE_CURVE('',#3753,#3757,#3759,.T.);
#3138=EDGE_CURVE('',#3760,#3761,#3762,.T.);
#3139=EDGE_CURVE('',#3763,#3760,#3764,.T.);
#3140=EDGE_CURVE('',#3765,#3763,#3766,.T.);
#3141=EDGE_CURVE('',#3765,#3761,#3767,.T.);
#3142=EDGE_CURVE('',#3768,#3769,#3770,.T.);
#3143=EDGE_CURVE('',#3768,#3771,#3772,.T.);
#3144=EDGE_CURVE('',#3771,#3773,#3774,.T.);
#3145=EDGE_CURVE('',#3769,#3773,#3775,.T.);
#3146=EDGE_CURVE('',#3776,#3777,#3778,.T.);
#3147=EDGE_CURVE('',#3779,#3776,#3780,.T.);
#3148=EDGE_CURVE('',#3781,#3779,#3782,.T.);
#3149=EDGE_CURVE('',#3781,#3777,#3783,.T.);
#3150=EDGE_CURVE('',#3784,#3785,#3786,.T.);
#3151=EDGE_CURVE('',#3784,#3787,#3788,.T.);
#3152=EDGE_CURVE('',#3787,#3789,#3790,.T.);
#3153=EDGE_CURVE('',#3785,#3789,#3791,.T.);
#3154=EDGE_CURVE('',#3792,#3793,#3794,.T.);
#3155=EDGE_CURVE('',#3795,#3792,#3796,.T.);
#3156=EDGE_CURVE('',#3797,#3795,#3798,.T.);
#3157=EDGE_CURVE('',#3799,#3797,#3800,.T.);
#3158=EDGE_CURVE('',#3801,#3799,#3802,.T.);
#3159=EDGE_CURVE('',#3793,#3801,#3803,.T.);
#3160=EDGE_CURVE('',#3804,#3805,#3806,.T.);
#3161=EDGE_CURVE('',#3804,#3807,#3808,.T.);
#3162=EDGE_CURVE('',#3809,#3807,#3810,.T.);
#3163=EDGE_CURVE('',#3811,#3809,#3812,.T.);
#3164=EDGE_CURVE('',#3813,#3811,#3814,.T.);
#3165=EDGE_CURVE('',#3813,#3805,#3815,.T.);
#3166=EDGE_CURVE('',#3816,#3817,#3818,.T.);
#3167=EDGE_CURVE('',#3819,#3816,#3820,.T.);
#3168=EDGE_CURVE('',#3821,#3819,#3822,.T.);
#3169=EDGE_CURVE('',#3823,#3821,#3824,.T.);
#3170=EDGE_CURVE('',#3825,#3823,#3826,.T.);
#3171=EDGE_CURVE('',#3827,#3825,#3828,.T.);
#3172=EDGE_CURVE('',#3829,#3827,#3830,.T.);
#3173=EDGE_CURVE('',#3831,#3829,#3832,.T.);
#3174=EDGE_CURVE('',#3833,#3831,#3834,.T.);
#3175=EDGE_CURVE('',#3835,#3833,#3836,.T.);
#3176=EDGE_CURVE('',#3837,#3835,#3838,.T.);
#3177=EDGE_CURVE('',#3839,#3837,#3840,.T.);
#3178=EDGE_CURVE('',#3841,#3839,#3842,.T.);
#3179=EDGE_CURVE('',#3843,#3841,#3844,.T.);
#3180=EDGE_CURVE('',#3845,#3843,#3846,.T.);
#3181=EDGE_CURVE('',#3847,#3845,#3848,.T.);
#3182=EDGE_CURVE('',#3799,#3847,#3849,.T.);
#3183=EDGE_CURVE('',#3797,#3850,#3851,.T.);
#3184=EDGE_CURVE('',#3850,#3852,#3853,.T.);
#3185=EDGE_CURVE('',#3852,#3785,#3854,.T.);
#3186=EDGE_CURVE('',#3789,#3855,#3856,.T.);
#3187=EDGE_CURVE('',#3793,#3855,#3857,.T.);
#3188=EDGE_CURVE('',#3858,#3801,#3859,.T.);
#3189=EDGE_CURVE('',#3860,#3858,#3861,.T.);
#3190=EDGE_CURVE('',#3862,#3860,#3863,.T.);
#3191=EDGE_CURVE('',#3862,#3864,#3865,.T.);
#3192=EDGE_CURVE('',#3866,#3864,#3867,.T.);
#3193=EDGE_CURVE('',#3868,#3866,#3869,.T.);
#3194=EDGE_CURVE('',#3868,#3870,#3871,.T.);
#3195=EDGE_CURVE('',#3872,#3870,#3873,.T.);
#3196=EDGE_CURVE('',#3874,#3872,#3875,.T.);
#3197=EDGE_CURVE('',#3874,#3876,#3877,.T.);
#3198=EDGE_CURVE('',#3878,#3876,#3879,.T.);
#3199=EDGE_CURVE('',#3880,#3878,#3881,.T.);
#3200=EDGE_CURVE('',#3880,#3882,#3883,.T.);
#3201=EDGE_CURVE('',#3884,#3882,#3885,.T.);
#3202=EDGE_CURVE('',#3886,#3884,#3887,.T.);
#3203=EDGE_CURVE('',#3888,#3886,#3889,.T.);
#3204=EDGE_CURVE('',#3890,#3888,#3891,.T.);
#3205=EDGE_CURVE('',#3892,#3890,#3893,.T.);
#3206=EDGE_CURVE('',#3892,#3731,#3894,.T.);
#3207=EDGE_CURVE('',#3728,#3895,#3896,.T.);
#3208=EDGE_CURVE('',#3895,#3897,#3898,.T.);
#3209=EDGE_CURVE('',#3897,#3817,#3899,.T.);
#3210=EDGE_CURVE('',#3900,#3901,#3902,.T.);
#3211=EDGE_CURVE('',#3903,#3901,#3904,.T.);
#3212=EDGE_CURVE('',#3903,#3747,#3905,.T.);
#3213=EDGE_CURVE('',#3744,#3906,#3907,.T.);
#3214=EDGE_CURVE('',#3906,#3908,#3909,.T.);
#3215=EDGE_CURVE('',#3908,#3900,#3910,.T.);
#3216=EDGE_CURVE('',#3911,#3912,#3913,.T.);
#3217=EDGE_CURVE('',#3914,#3912,#3915,.T.);
#3218=EDGE_CURVE('',#3914,#3763,#3916,.T.);
#3219=EDGE_CURVE('',#3760,#3917,#3918,.T.);
#3220=EDGE_CURVE('',#3917,#3919,#3920,.T.);
#3221=EDGE_CURVE('',#3919,#3911,#3921,.T.);
#3222=EDGE_CURVE('',#3922,#3923,#3924,.T.);
#3223=EDGE_CURVE('',#3925,#3923,#3926,.T.);
#3224=EDGE_CURVE('',#3925,#3779,#3927,.T.);
#3225=EDGE_CURVE('',#3776,#3928,#3929,.T.);
#3226=EDGE_CURVE('',#3928,#3930,#3931,.T.);
#3227=EDGE_CURVE('',#3930,#3922,#3932,.T.);
#3228=EDGE_CURVE('',#3933,#3934,#3935,.T.);
#3229=EDGE_CURVE('',#3933,#3936,#3937,.T.);
#3230=EDGE_CURVE('',#3936,#3938,#3939,.T.);
#3231=EDGE_CURVE('',#3938,#3769,#3940,.T.);
#3232=EDGE_CURVE('',#3773,#3941,#3942,.T.);
#3233=EDGE_CURVE('',#3934,#3941,#3943,.T.);
#3234=EDGE_CURVE('',#3944,#3945,#3946,.T.);
#3235=EDGE_CURVE('',#3944,#3947,#3948,.T.);
#3236=EDGE_CURVE('',#3947,#3949,#3950,.T.);
#3237=EDGE_CURVE('',#3949,#3753,#3951,.T.);
#3238=EDGE_CURVE('',#3757,#3952,#3953,.T.);
#3239=EDGE_CURVE('',#3945,#3952,#3954,.T.);
#3240=EDGE_CURVE('',#3955,#3956,#3957,.T.);
#3241=EDGE_CURVE('',#3955,#3958,#3959,.T.);
#3242=EDGE_CURVE('',#3958,#3960,#3961,.T.);
#3243=EDGE_CURVE('',#3960,#3737,#3962,.T.);
#3244=EDGE_CURVE('',#3741,#3963,#3964,.T.);
#3245=EDGE_CURVE('',#3956,#3963,#3965,.T.);
#3246=EDGE_CURVE('',#3966,#3967,#3968,.T.);
#3247=EDGE_CURVE('',#3969,#3967,#3970,.T.);
#3248=EDGE_CURVE('',#3971,#3969,#3972,.T.);
#3249=EDGE_CURVE('',#3971,#3966,#3973,.T.);
#3250=EDGE_CURVE('',#3974,#3975,#3976,.T.);
#3251=EDGE_CURVE('',#3977,#3975,#3978,.T.);
#3252=EDGE_CURVE('',#3979,#3977,#3980,.T.);
#3253=EDGE_CURVE('',#3979,#3974,#3981,.T.);
#3254=EDGE_CURVE('',#3982,#3983,#3984,.T.);
#3255=EDGE_CURVE('',#3985,#3983,#3986,.T.);
#3256=EDGE_CURVE('',#3987,#3985,#3988,.T.);
#3257=EDGE_CURVE('',#3987,#3982,#3989,.T.);
#3258=EDGE_CURVE('',#3990,#3991,#3992,.T.);
#3259=EDGE_CURVE('',#3993,#3991,#3994,.T.);
#3260=EDGE_CURVE('',#3995,#3993,#3996,.T.);
#3261=EDGE_CURVE('',#3995,#3990,#3997,.T.);
#3262=EDGE_CURVE('',#3998,#3999,#4000,.T.);
#3263=EDGE_CURVE('',#3922,#3999,#4001,.T.);
#3264=EDGE_CURVE('',#3930,#3998,#4002,.T.);
#3265=EDGE_CURVE('',#3795,#4003,#4004,.T.);
#3266=EDGE_CURVE('',#3850,#4003,#4005,.T.);
#3267=EDGE_CURVE('',#4006,#4007,#4008,.T.);
#3268=EDGE_CURVE('',#3911,#4007,#4009,.T.);
#3269=EDGE_CURVE('',#3919,#4006,#4010,.T.);
#3270=EDGE_CURVE('',#3933,#4011,#4012,.T.);
#3271=EDGE_CURVE('',#4011,#4013,#4014,.T.);
#3272=EDGE_CURVE('',#3936,#4013,#4015,.T.);
#3273=EDGE_CURVE('',#4016,#4017,#4018,.T.);
#3274=EDGE_CURVE('',#3900,#4017,#4019,.T.);
#3275=EDGE_CURVE('',#3908,#4016,#4020,.T.);
#3276=EDGE_CURVE('',#3944,#4021,#4022,.T.);
#3277=EDGE_CURVE('',#4021,#4023,#4024,.T.);
#3278=EDGE_CURVE('',#3947,#4023,#4025,.T.);
#3279=EDGE_CURVE('',#4026,#4027,#4028,.T.);
#3280=EDGE_CURVE('',#3817,#4027,#4029,.T.);
#3281=EDGE_CURVE('',#3897,#4026,#4030,.T.);
#3282=EDGE_CURVE('',#3955,#4031,#4032,.T.);
#3283=EDGE_CURVE('',#4031,#4033,#4034,.T.);
#3284=EDGE_CURVE('',#3958,#4033,#4035,.T.);
#3285=EDGE_CURVE('',#4036,#3928,#4037,.T.);
#3286=EDGE_CURVE('',#3998,#4036,#4038,.T.);
#3287=EDGE_CURVE('',#4003,#4039,#4040,.T.);
#3288=EDGE_CURVE('',#3792,#4041,#4042,.T.);
#3289=EDGE_CURVE('',#4041,#3787,#4043,.T.);
#3290=EDGE_CURVE('',#4039,#3784,#4044,.T.);
#3291=EDGE_CURVE('',#4045,#4046,#4047,.T.);
#3292=EDGE_CURVE('',#3999,#4046,#4048,.T.);
#3293=EDGE_CURVE('',#3777,#4036,#4049,.T.);
#3294=EDGE_CURVE('',#4045,#3781,#4050,.T.);
#3295=EDGE_CURVE('',#4013,#4051,#4052,.T.);
#3296=EDGE_CURVE('',#4011,#4053,#4054,.T.);
#3297=EDGE_CURVE('',#4053,#4055,#4056,.T.);
#3298=EDGE_CURVE('',#4055,#3771,#4057,.T.);
#3299=EDGE_CURVE('',#4051,#3768,#4058,.T.);
#3300=EDGE_CURVE('',#4059,#4060,#4061,.T.);
#3301=EDGE_CURVE('',#4007,#4060,#4062,.T.);
#3302=EDGE_CURVE('',#4006,#4063,#4064,.T.);
#3303=EDGE_CURVE('',#3761,#4063,#4065,.T.);
#3304=EDGE_CURVE('',#4059,#3765,#4066,.T.);
#3305=EDGE_CURVE('',#4023,#4067,#4068,.T.);
#3306=EDGE_CURVE('',#4021,#4069,#4070,.T.);
#3307=EDGE_CURVE('',#4069,#4071,#4072,.T.);
#3308=EDGE_CURVE('',#4071,#3755,#4073,.T.);
#3309=EDGE_CURVE('',#4067,#3752,#4074,.T.);
#3310=EDGE_CURVE('',#4075,#4076,#4077,.T.);
#3311=EDGE_CURVE('',#4017,#4076,#4078,.T.);
#3312=EDGE_CURVE('',#4016,#4079,#4080,.T.);
#3313=EDGE_CURVE('',#3745,#4079,#4081,.T.);
#3314=EDGE_CURVE('',#4075,#3749,#4082,.T.);
#3315=EDGE_CURVE('',#4033,#4083,#4084,.T.);
#3316=EDGE_CURVE('',#4031,#4085,#4086,.T.);
#3317=EDGE_CURVE('',#4085,#4087,#4088,.T.);
#3318=EDGE_CURVE('',#4087,#3739,#4089,.T.);
#3319=EDGE_CURVE('',#4083,#3736,#4090,.T.);
#3320=EDGE_CURVE('',#4091,#4092,#4093,.T.);
#3321=EDGE_CURVE('',#4027,#4092,#4094,.T.);
#3322=EDGE_CURVE('',#4026,#4095,#4096,.T.);
#3323=EDGE_CURVE('',#3729,#4095,#4097,.T.);
#3324=EDGE_CURVE('',#4091,#3733,#4098,.T.);
#3325=EDGE_CURVE('',#4039,#3852,#4099,.T.);
#3326=EDGE_CURVE('',#4041,#3855,#4100,.T.);
#3327=EDGE_CURVE('',#4046,#3923,#4101,.T.);
#3328=EDGE_CURVE('',#4045,#3925,#4102,.T.);
#3329=EDGE_CURVE('',#4053,#3934,#4103,.T.);
#3330=EDGE_CURVE('',#4055,#3941,#4104,.T.);
#3331=EDGE_CURVE('',#4060,#3912,#4105,.T.);
#3332=EDGE_CURVE('',#4059,#3914,#4106,.T.);
#3333=EDGE_CURVE('',#4069,#3945,#4107,.T.);
#3334=EDGE_CURVE('',#4071,#3952,#4108,.T.);
#3335=EDGE_CURVE('',#4076,#3901,#4109,.T.);
#3336=EDGE_CURVE('',#4075,#3903,#4110,.T.);
#3337=EDGE_CURVE('',#4085,#3956,#4111,.T.);
#3338=EDGE_CURVE('',#4087,#3963,#4112,.T.);
#3339=EDGE_CURVE('',#4092,#3890,#4113,.T.);
#3340=EDGE_CURVE('',#4091,#3892,#4114,.T.);
#3341=EDGE_CURVE('',#4051,#3938,#4115,.T.);
#3342=EDGE_CURVE('',#4063,#3917,#4116,.T.);
#3343=EDGE_CURVE('',#4067,#3949,#4117,.T.);
#3344=EDGE_CURVE('',#4079,#3906,#4118,.T.);
#3345=EDGE_CURVE('',#4083,#3960,#4119,.T.);
#3346=EDGE_CURVE('',#4095,#3895,#4120,.T.);
#3347=EDGE_CURVE('',#3888,#4121,#4122,.T.);
#3348=EDGE_CURVE('',#4123,#4121,#4124,.T.);
#3349=EDGE_CURVE('',#4123,#4125,#4126,.T.);
#3350=EDGE_CURVE('',#4125,#4127,#4128,.T.);
#3351=EDGE_CURVE('',#4127,#4129,#4130,.T.);
#3352=EDGE_CURVE('',#4131,#4129,#4132,.T.);
#3353=EDGE_CURVE('',#3816,#4131,#4133,.T.);
#3354=EDGE_CURVE('',#4134,#4131,#4135,.T.);
#3355=EDGE_CURVE('',#3819,#4134,#4136,.T.);
#3356=EDGE_CURVE('',#4137,#4134,#4138,.T.);
#3357=EDGE_CURVE('',#3821,#4137,#4139,.T.);
#3358=EDGE_CURVE('',#4140,#4137,#4141,.T.);
#3359=EDGE_CURVE('',#3823,#4140,#4142,.T.);
#3360=EDGE_CURVE('',#3843,#4143,#4144,.T.);
#3361=EDGE_CURVE('',#4145,#3841,#4146,.T.);
#3362=EDGE_CURVE('',#4143,#4145,#4147,.T.);
#3363=EDGE_CURVE('',#4148,#4149,#4150,.T.);
#3364=EDGE_CURVE('',#4148,#3837,#4151,.T.);
#3365=EDGE_CURVE('',#4149,#3835,#4152,.T.);
#3366=EDGE_CURVE('',#4153,#4154,#4155,.T.);
#3367=EDGE_CURVE('',#4153,#3831,#4156,.T.);
#3368=EDGE_CURVE('',#4154,#3829,#4157,.T.);
#3369=EDGE_CURVE('',#4158,#4140,#4159,.T.);
#3370=EDGE_CURVE('',#4158,#3825,#4160,.T.);
#3371=EDGE_CURVE('',#4121,#4161,#4162,.T.);
#3372=EDGE_CURVE('',#4161,#4163,#4164,.T.);
#3373=EDGE_CURVE('',#4163,#4165,#4166,.T.);
#3374=EDGE_CURVE('',#4167,#4165,#4168,.T.);
#3375=EDGE_CURVE('',#4169,#4167,#4170,.T.);
#3376=EDGE_CURVE('',#4171,#4169,#4172,.T.);
#3377=EDGE_CURVE('',#4173,#4171,#4174,.T.);
#3378=EDGE_CURVE('',#4175,#4173,#4176,.T.);
#3379=EDGE_CURVE('',#4177,#4175,#4178,.T.);
#3380=EDGE_CURVE('',#4179,#4177,#4180,.T.);
#3381=EDGE_CURVE('',#4181,#4179,#4182,.T.);
#3382=EDGE_CURVE('',#4183,#4181,#4184,.T.);
#3383=EDGE_CURVE('',#4185,#4183,#4186,.T.);
#3384=EDGE_CURVE('',#4185,#4187,#4188,.T.);
#3385=EDGE_CURVE('',#4187,#4189,#4190,.T.);
#3386=EDGE_CURVE('',#4189,#3805,#4191,.T.);
#3387=EDGE_CURVE('',#3813,#4192,#4193,.T.);
#3388=EDGE_CURVE('',#4192,#4194,#4195,.T.);
#3389=EDGE_CURVE('',#4194,#4196,#4197,.T.);
#3390=EDGE_CURVE('',#4196,#4198,#4199,.T.);
#3391=EDGE_CURVE('',#3807,#4198,#4200,.T.);
#3392=EDGE_CURVE('',#3804,#4201,#4202,.T.);
#3393=EDGE_CURVE('',#4201,#4203,#4204,.T.);
#3394=EDGE_CURVE('',#4203,#4143,#4205,.T.);
#3395=EDGE_CURVE('',#4206,#4145,#4207,.T.);
#3396=EDGE_CURVE('',#4148,#4206,#4208,.T.);
#3397=EDGE_CURVE('',#4209,#4149,#4210,.T.);
#3398=EDGE_CURVE('',#4153,#4209,#4211,.T.);
#3399=EDGE_CURVE('',#4212,#4154,#4213,.T.);
#3400=EDGE_CURVE('',#4158,#4212,#4214,.T.);
#3401=EDGE_CURVE('',#4215,#4129,#4216,.T.);
#3402=EDGE_CURVE('',#4215,#4217,#4218,.T.);
#3403=EDGE_CURVE('',#4217,#4219,#4220,.T.);
#3404=EDGE_CURVE('',#4219,#4221,#4222,.T.);
#3405=EDGE_CURVE('',#4221,#4123,#4223,.T.);
#3406=EDGE_CURVE('',#4224,#4225,#4226,.T.);
#3407=EDGE_CURVE('',#4225,#4227,#4228,.T.);
#3408=EDGE_CURVE('',#4227,#4229,#4230,.T.);
#3409=EDGE_CURVE('',#4229,#4231,#4232,.T.);
#3410=EDGE_CURVE('',#4231,#4233,#4234,.T.);
#3411=EDGE_CURVE('',#4224,#4233,#4235,.T.);
#3412=EDGE_CURVE('',#4236,#4237,#4238,.T.);
#3413=EDGE_CURVE('',#4237,#4239,#4240,.T.);
#3414=EDGE_CURVE('',#4239,#4241,#4242,.T.);
#3415=EDGE_CURVE('',#4241,#4243,#4244,.T.);
#3416=EDGE_CURVE('',#4243,#4245,#4246,.T.);
#3417=EDGE_CURVE('',#4236,#4245,#4247,.T.);
#3418=EDGE_CURVE('',#4248,#4249,#4250,.T.);
#3419=EDGE_CURVE('',#4251,#4248,#4252,.T.);
#3420=EDGE_CURVE('',#4251,#4253,#4254,.T.);
#3421=EDGE_CURVE('',#4253,#4255,#4256,.T.);
#3422=EDGE_CURVE('',#4255,#4257,#4258,.T.);
#3423=EDGE_CURVE('',#4257,#4249,#4259,.T.);
#3424=EDGE_CURVE('',#4260,#4261,#4262,.T.);
#3425=EDGE_CURVE('',#4263,#4260,#4264,.T.);
#3426=EDGE_CURVE('',#4263,#4265,#4266,.T.);
#3427=EDGE_CURVE('',#4265,#4267,#4268,.T.);
#3428=EDGE_CURVE('',#4267,#4269,#4270,.T.);
#3429=EDGE_CURVE('',#4269,#4261,#4271,.T.);
#3430=EDGE_CURVE('',#4272,#4273,#4274,.T.);
#3431=EDGE_CURVE('',#4275,#4272,#4276,.T.);
#3432=EDGE_CURVE('',#4275,#4277,#4278,.T.);
#3433=EDGE_CURVE('',#4277,#4279,#4280,.T.);
#3434=EDGE_CURVE('',#4279,#4281,#4282,.T.);
#3435=EDGE_CURVE('',#4281,#4273,#4283,.T.);
#3436=EDGE_CURVE('',#4284,#4285,#4286,.T.);
#3437=EDGE_CURVE('',#4285,#4287,#4288,.T.);
#3438=EDGE_CURVE('',#4287,#4289,#4290,.T.);
#3439=EDGE_CURVE('',#4289,#4291,#4292,.T.);
#3440=EDGE_CURVE('',#4291,#4293,#4294,.T.);
#3441=EDGE_CURVE('',#4284,#4293,#4295,.T.);
#3442=EDGE_CURVE('',#4296,#4297,#4298,.T.);
#3443=EDGE_CURVE('',#4297,#4299,#4300,.T.);
#3444=EDGE_CURVE('',#4301,#4299,#4302,.T.);
#3445=EDGE_CURVE('',#4296,#4301,#4303,.T.);
#3446=EDGE_CURVE('',#4304,#4305,#4306,.T.);
#3447=EDGE_CURVE('',#4305,#4307,#4308,.T.);
#3448=EDGE_CURVE('',#4309,#4307,#4310,.T.);
#3449=EDGE_CURVE('',#4304,#4309,#4311,.T.);
#3450=EDGE_CURVE('',#4312,#4313,#4314,.T.);
#3451=EDGE_CURVE('',#4313,#4315,#4316,.T.);
#3452=EDGE_CURVE('',#4317,#4315,#4318,.T.);
#3453=EDGE_CURVE('',#4312,#4317,#4319,.T.);
#3454=EDGE_CURVE('',#4320,#4321,#4322,.T.);
#3455=EDGE_CURVE('',#4321,#4323,#4324,.T.);
#3456=EDGE_CURVE('',#4325,#4323,#4326,.T.);
#3457=EDGE_CURVE('',#4320,#4325,#4327,.T.);
#3458=EDGE_CURVE('',#4328,#4198,#4329,.T.);
#3459=EDGE_CURVE('',#3809,#4328,#4330,.T.);
#3460=EDGE_CURVE('',#4331,#4248,#4332,.T.);
#3461=EDGE_CURVE('',#4333,#4331,#4334,.T.);
#3462=EDGE_CURVE('',#4333,#4251,#4335,.T.);
#3463=EDGE_CURVE('',#4336,#4260,#4337,.T.);
#3464=EDGE_CURVE('',#4338,#4336,#4339,.T.);
#3465=EDGE_CURVE('',#4338,#4263,#4340,.T.);
#3466=EDGE_CURVE('',#4341,#4342,#4343,.T.);
#3467=EDGE_CURVE('',#4341,#4236,#4344,.T.);
#3468=EDGE_CURVE('',#4342,#4245,#4345,.T.);
#3469=EDGE_CURVE('',#4346,#4272,#4347,.T.);
#3470=EDGE_CURVE('',#4348,#4346,#4349,.T.);
#3471=EDGE_CURVE('',#4348,#4275,#4350,.T.);
#3472=EDGE_CURVE('',#4351,#4352,#4353,.T.);
#3473=EDGE_CURVE('',#4351,#4224,#4354,.T.);
#3474=EDGE_CURVE('',#4352,#4233,#4355,.T.);
#3475=EDGE_CURVE('',#4356,#4127,#4357,.T.);
#3476=EDGE_CURVE('',#4356,#4215,#4358,.T.);
#3477=EDGE_CURVE('',#4359,#4360,#4361,.T.);
#3478=EDGE_CURVE('',#4359,#4284,#4362,.T.);
#3479=EDGE_CURVE('',#4360,#4293,#4363,.T.);
#3480=EDGE_CURVE('',#4328,#4364,#4365,.T.);
#3481=EDGE_CURVE('',#4366,#4364,#4367,.T.);
#3482=EDGE_CURVE('',#4368,#4366,#4369,.T.);
#3483=EDGE_CURVE('',#3811,#4368,#4370,.T.);
#3484=EDGE_CURVE('',#4371,#4372,#4373,.T.);
#3485=EDGE_CURVE('',#4374,#4372,#4375,.T.);
#3486=EDGE_CURVE('',#4333,#4374,#4376,.T.);
#3487=EDGE_CURVE('',#4377,#4331,#4378,.T.);
#3488=EDGE_CURVE('',#4371,#4377,#4379,.T.);
#3489=EDGE_CURVE('',#4380,#4336,#4381,.T.);
#3490=EDGE_CURVE('',#4382,#4380,#4383,.T.);
#3491=EDGE_CURVE('',#4382,#4384,#4385,.T.);
#3492=EDGE_CURVE('',#4386,#4384,#4387,.T.);
#3493=EDGE_CURVE('',#4338,#4386,#4388,.T.);
#3494=EDGE_CURVE('',#4389,#4390,#4391,.T.);
#3495=EDGE_CURVE('',#4389,#4341,#4392,.T.);
#3496=EDGE_CURVE('',#4342,#4393,#4394,.T.);
#3497=EDGE_CURVE('',#4395,#4393,#4396,.T.);
#3498=EDGE_CURVE('',#4390,#4395,#4397,.T.);
#3499=EDGE_CURVE('',#4398,#4346,#4399,.T.);
#3500=EDGE_CURVE('',#4400,#4398,#4401,.T.);
#3501=EDGE_CURVE('',#4400,#4402,#4403,.T.);
#3502=EDGE_CURVE('',#4404,#4402,#4405,.T.);
#3503=EDGE_CURVE('',#4348,#4404,#4406,.T.);
#3504=EDGE_CURVE('',#4407,#4408,#4409,.T.);
#3505=EDGE_CURVE('',#4407,#4351,#4410,.T.);
#3506=EDGE_CURVE('',#4352,#4411,#4412,.T.);
#3507=EDGE_CURVE('',#4413,#4411,#4414,.T.);
#3508=EDGE_CURVE('',#4408,#4413,#4415,.T.);
#3509=EDGE_CURVE('',#4416,#4125,#4417,.T.);
#3510=EDGE_CURVE('',#4416,#4418,#4419,.T.);
#3511=EDGE_CURVE('',#4420,#4418,#4421,.T.);
#3512=EDGE_CURVE('',#4356,#4420,#4422,.T.);
#3513=EDGE_CURVE('',#4423,#4424,#4425,.T.);
#3514=EDGE_CURVE('',#4423,#4359,#4426,.T.);
#3515=EDGE_CURVE('',#4360,#4427,#4428,.T.);
#3516=EDGE_CURVE('',#4429,#4427,#4430,.T.);
#3517=EDGE_CURVE('',#4424,#4429,#4431,.T.);
#3518=EDGE_CURVE('',#4192,#4368,#4432,.T.);
#3519=EDGE_CURVE('',#4257,#4371,#4433,.T.);
#3520=EDGE_CURVE('',#4249,#4377,#4434,.T.);
#3521=EDGE_CURVE('',#4261,#4380,#4435,.T.);
#3522=EDGE_CURVE('',#4269,#4382,#4436,.T.);
#3523=EDGE_CURVE('',#4237,#4389,#4437,.T.);
#3524=EDGE_CURVE('',#4239,#4390,#4438,.T.);
#3525=EDGE_CURVE('',#4273,#4398,#4439,.T.);
#3526=EDGE_CURVE('',#4281,#4400,#4440,.T.);
#3527=EDGE_CURVE('',#4225,#4407,#4441,.T.);
#3528=EDGE_CURVE('',#4227,#4408,#4442,.T.);
#3529=EDGE_CURVE('',#4221,#4416,#4443,.T.);
#3530=EDGE_CURVE('',#4285,#4423,#4444,.T.);
#3531=EDGE_CURVE('',#4287,#4424,#4445,.T.);
#3532=EDGE_CURVE('',#4366,#4194,#4446,.T.);
#3533=EDGE_CURVE('',#4364,#4196,#4447,.T.);
#3534=EDGE_CURVE('',#4372,#4255,#4448,.T.);
#3535=EDGE_CURVE('',#4374,#4253,#4449,.T.);
#3536=EDGE_CURVE('',#4384,#4267,#4450,.T.);
#3537=EDGE_CURVE('',#4386,#4265,#4451,.T.);
#3538=EDGE_CURVE('',#4395,#4241,#4452,.T.);
#3539=EDGE_CURVE('',#4393,#4243,#4453,.T.);
#3540=EDGE_CURVE('',#4402,#4279,#4454,.T.);
#3541=EDGE_CURVE('',#4404,#4277,#4455,.T.);
#3542=EDGE_CURVE('',#4413,#4229,#4456,.T.);
#3543=EDGE_CURVE('',#4411,#4231,#4457,.T.);
#3544=EDGE_CURVE('',#4418,#4219,#4458,.T.);
#3545=EDGE_CURVE('',#4420,#4217,#4459,.T.);
#3546=EDGE_CURVE('',#4429,#4289,#4460,.T.);
#3547=EDGE_CURVE('',#4427,#4291,#4461,.T.);
#3548=EDGE_CURVE('',#3827,#4212,#4462,.T.);
#3549=EDGE_CURVE('',#3833,#4209,#4463,.T.);
#3550=EDGE_CURVE('',#3839,#4206,#4464,.T.);
#3551=EDGE_CURVE('',#3845,#4203,#4465,.T.);
#3552=EDGE_CURVE('',#4466,#4189,#4467,.T.);
#3553=EDGE_CURVE('',#3860,#4187,#4468,.T.);
#3554=EDGE_CURVE('',#3858,#4469,#4470,.T.);
#3555=EDGE_CURVE('',#4469,#4471,#4472,.T.);
#3556=EDGE_CURVE('',#3847,#4471,#4473,.T.);
#3557=EDGE_CURVE('',#4474,#4201,#4475,.T.);
#3558=EDGE_CURVE('',#4474,#4466,#4476,.T.);
#3559=EDGE_CURVE('',#3804,#4474,#4477,.T.);
#3560=EDGE_CURVE('',#3805,#4466,#4478,.T.);
#3561=EDGE_CURVE('',#3801,#4469,#4479,.T.);
#3562=EDGE_CURVE('',#3799,#4471,#4480,.T.);
#3563=EDGE_CURVE('',#3862,#4185,#4481,.T.);
#3564=EDGE_CURVE('',#3864,#4183,#4482,.T.);
#3565=EDGE_CURVE('',#3868,#4179,#4483,.T.);
#3566=EDGE_CURVE('',#3870,#4177,#4484,.T.);
#3567=EDGE_CURVE('',#3882,#4165,#4485,.T.);
#3568=EDGE_CURVE('',#3880,#4167,#4486,.T.);
#3569=EDGE_CURVE('',#3874,#4173,#4487,.T.);
#3570=EDGE_CURVE('',#3876,#4171,#4488,.T.);
#3571=EDGE_CURVE('',#3866,#4181,#4489,.T.);
#3572=EDGE_CURVE('',#3872,#4175,#4490,.T.);
#3573=EDGE_CURVE('',#3878,#4169,#4491,.T.);
#3574=EDGE_CURVE('',#3884,#4163,#4492,.T.);
#3575=EDGE_CURVE('',#3886,#4161,#4493,.T.);
#3576=EDGE_CURVE('',#3966,#4494,#4495,.T.);
#3577=EDGE_CURVE('',#4496,#3971,#4497,.T.);
#3578=EDGE_CURVE('',#4496,#4494,#4498,.T.);
#3579=EDGE_CURVE('',#4296,#4499,#4500,.T.);
#3580=EDGE_CURVE('',#4501,#4301,#4502,.T.);
#3581=EDGE_CURVE('',#4501,#4499,#4503,.T.);
#3582=EDGE_CURVE('',#4494,#4504,#4505,.T.);
#3583=EDGE_CURVE('',#4506,#4496,#4507,.T.);
#3584=EDGE_CURVE('',#4506,#4504,#4508,.T.);
#3585=EDGE_CURVE('',#4509,#4506,#4510,.T.);
#3586=EDGE_CURVE('',#4511,#4509,#4512,.T.);
#3587=EDGE_CURVE('',#4511,#4504,#4513,.T.);
#3588=EDGE_CURVE('',#4511,#4514,#4515,.T.);
#3589=EDGE_CURVE('',#4514,#4494,#4516,.T.);
#3590=EDGE_CURVE('',#3967,#4514,#4517,.T.);
#3591=EDGE_CURVE('',#4518,#4299,#4519,.T.);
#3592=EDGE_CURVE('',#4518,#4501,#4520,.T.);
#3593=EDGE_CURVE('',#4521,#3969,#4522,.T.);
#3594=EDGE_CURVE('',#4514,#4521,#4523,.T.);
#3595=EDGE_CURVE('',#4297,#4524,#4525,.T.);
#3596=EDGE_CURVE('',#4524,#4518,#4526,.T.);
#3597=EDGE_CURVE('',#4521,#4509,#4527,.T.);
#3598=EDGE_CURVE('',#4521,#4496,#4528,.T.);
#3599=EDGE_CURVE('',#4524,#4499,#4529,.T.);
#3600=EDGE_CURVE('',#4530,#4499,#4531,.T.);
#3601=EDGE_CURVE('',#4532,#4530,#4533,.T.);
#3602=EDGE_CURVE('',#4532,#4524,#4534,.T.);
#3603=EDGE_CURVE('',#4535,#4518,#4536,.T.);
#3604=EDGE_CURVE('',#4532,#4535,#4537,.T.);
#3605=EDGE_CURVE('',#4538,#4530,#4539,.T.);
#3606=EDGE_CURVE('',#4535,#4538,#4540,.T.);
#3607=EDGE_CURVE('',#4538,#4501,#4541,.T.);
#3608=EDGE_CURVE('',#3974,#4542,#4543,.T.);
#3609=EDGE_CURVE('',#4544,#3979,#4545,.T.);
#3610=EDGE_CURVE('',#4544,#4542,#4546,.T.);
#3611=EDGE_CURVE('',#4304,#4547,#4548,.T.);
#3612=EDGE_CURVE('',#4549,#4309,#4550,.T.);
#3613=EDGE_CURVE('',#4549,#4547,#4551,.T.);
#3614=EDGE_CURVE('',#4542,#4552,#4553,.T.);
#3615=EDGE_CURVE('',#4554,#4544,#4555,.T.);
#3616=EDGE_CURVE('',#4554,#4552,#4556,.T.);
#3617=EDGE_CURVE('',#4557,#4554,#4558,.T.);
#3618=EDGE_CURVE('',#4559,#4557,#4560,.T.);
#3619=EDGE_CURVE('',#4559,#4552,#4561,.T.);
#3620=EDGE_CURVE('',#4559,#4562,#4563,.T.);
#3621=EDGE_CURVE('',#4562,#4542,#4564,.T.);
#3622=EDGE_CURVE('',#3975,#4562,#4565,.T.);
#3623=EDGE_CURVE('',#4566,#4307,#4567,.T.);
#3624=EDGE_CURVE('',#4566,#4549,#4568,.T.);
#3625=EDGE_CURVE('',#4569,#3977,#4570,.T.);
#3626=EDGE_CURVE('',#4562,#4569,#4571,.T.);
#3627=EDGE_CURVE('',#4305,#4572,#4573,.T.);
#3628=EDGE_CURVE('',#4572,#4566,#4574,.T.);
#3629=EDGE_CURVE('',#4569,#4557,#4575,.T.);
#3630=EDGE_CURVE('',#4569,#4544,#4576,.T.);
#3631=EDGE_CURVE('',#4572,#4547,#4577,.T.);
#3632=EDGE_CURVE('',#4578,#4547,#4579,.T.);
#3633=EDGE_CURVE('',#4580,#4578,#4581,.T.);
#3634=EDGE_CURVE('',#4580,#4572,#4582,.T.);
#3635=EDGE_CURVE('',#4566,#4583,#4584,.T.);
#3636=EDGE_CURVE('',#4580,#4583,#4585,.T.);
#3637=EDGE_CURVE('',#4586,#4578,#4587,.T.);
#3638=EDGE_CURVE('',#4583,#4586,#4588,.T.);
#3639=EDGE_CURVE('',#4586,#4549,#4589,.T.);
#3640=EDGE_CURVE('',#3982,#4590,#4591,.T.);
#3641=EDGE_CURVE('',#4592,#3987,#4593,.T.);
#3642=EDGE_CURVE('',#4592,#4590,#4594,.T.);
#3643=EDGE_CURVE('',#4312,#4595,#4596,.T.);
#3644=EDGE_CURVE('',#4597,#4317,#4598,.T.);
#3645=EDGE_CURVE('',#4597,#4595,#4599,.T.);
#3646=EDGE_CURVE('',#4590,#4600,#4601,.T.);
#3647=EDGE_CURVE('',#4602,#4592,#4603,.T.);
#3648=EDGE_CURVE('',#4602,#4600,#4604,.T.);
#3649=EDGE_CURVE('',#4605,#4602,#4606,.T.);
#3650=EDGE_CURVE('',#4607,#4605,#4608,.T.);
#3651=EDGE_CURVE('',#4607,#4600,#4609,.T.);
#3652=EDGE_CURVE('',#4607,#4610,#4611,.T.);
#3653=EDGE_CURVE('',#4610,#4590,#4612,.T.);
#3654=EDGE_CURVE('',#3983,#4610,#4613,.T.);
#3655=EDGE_CURVE('',#4614,#4315,#4615,.T.);
#3656=EDGE_CURVE('',#4614,#4597,#4616,.T.);
#3657=EDGE_CURVE('',#4617,#3985,#4618,.T.);
#3658=EDGE_CURVE('',#4610,#4617,#4619,.T.);
#3659=EDGE_CURVE('',#4313,#4620,#4621,.T.);
#3660=EDGE_CURVE('',#4620,#4614,#4622,.T.);
#3661=EDGE_CURVE('',#4617,#4605,#4623,.T.);
#3662=EDGE_CURVE('',#4617,#4592,#4624,.T.);
#3663=EDGE_CURVE('',#4620,#4595,#4625,.T.);
#3664=EDGE_CURVE('',#4626,#4595,#4627,.T.);
#3665=EDGE_CURVE('',#4628,#4626,#4629,.T.);
#3666=EDGE_CURVE('',#4628,#4620,#4630,.T.);
#3667=EDGE_CURVE('',#4614,#4631,#4632,.T.);
#3668=EDGE_CURVE('',#4628,#4631,#4633,.T.);
#3669=EDGE_CURVE('',#4634,#4626,#4635,.T.);
#3670=EDGE_CURVE('',#4631,#4634,#4636,.T.);
#3671=EDGE_CURVE('',#4634,#4597,#4637,.T.);
#3672=EDGE_CURVE('',#3990,#4638,#4639,.T.);
#3673=EDGE_CURVE('',#4640,#3995,#4641,.T.);
#3674=EDGE_CURVE('',#4640,#4638,#4642,.T.);
#3675=EDGE_CURVE('',#4320,#4643,#4644,.T.);
#3676=EDGE_CURVE('',#4645,#4325,#4646,.T.);
#3677=EDGE_CURVE('',#4645,#4643,#4647,.T.);
#3678=EDGE_CURVE('',#4638,#4648,#4649,.T.);
#3679=EDGE_CURVE('',#4650,#4640,#4651,.T.);
#3680=EDGE_CURVE('',#4650,#4648,#4652,.T.);
#3681=EDGE_CURVE('',#4653,#4650,#4654,.T.);
#3682=EDGE_CURVE('',#4655,#4653,#4656,.T.);
#3683=EDGE_CURVE('',#4655,#4648,#4657,.T.);
#3684=EDGE_CURVE('',#4655,#4658,#4659,.T.);
#3685=EDGE_CURVE('',#4658,#4638,#4660,.T.);
#3686=EDGE_CURVE('',#3991,#4658,#4661,.T.);
#3687=EDGE_CURVE('',#4662,#4323,#4663,.T.);
#3688=EDGE_CURVE('',#4662,#4645,#4664,.T.);
#3689=EDGE_CURVE('',#4665,#3993,#4666,.T.);
#3690=EDGE_CURVE('',#4658,#4665,#4667,.T.);
#3691=EDGE_CURVE('',#4321,#4668,#4669,.T.);
#3692=EDGE_CURVE('',#4668,#4662,#4670,.T.);
#3693=EDGE_CURVE('',#4665,#4653,#4671,.T.);
#3694=EDGE_CURVE('',#4665,#4640,#4672,.T.);
#3695=EDGE_CURVE('',#4668,#4643,#4673,.T.);
#3696=EDGE_CURVE('',#4674,#4643,#4675,.T.);
#3697=EDGE_CURVE('',#4676,#4674,#4677,.T.);
#3698=EDGE_CURVE('',#4676,#4668,#4678,.T.);
#3699=EDGE_CURVE('',#4662,#4679,#4680,.T.);
#3700=EDGE_CURVE('',#4676,#4679,#4681,.T.);
#3701=EDGE_CURVE('',#4682,#4674,#4683,.T.);
#3702=EDGE_CURVE('',#4679,#4682,#4684,.T.);
#3703=EDGE_CURVE('',#4682,#4645,#4685,.T.);
#3704=CARTESIAN_POINT('',(3.81,-1.143,0.0));
#3705=DIRECTION('',(0.0,-1.0,0.0));
#3706=DIRECTION('',(1.0,0.0,0.0));
#3707=CARTESIAN_POINT('',(3.81,-1.143,0.0));
#3708=DIRECTION('',(0.0,-1.0,0.0));
#3709=DIRECTION('',(-1.0,0.0,0.0));
#3710=CARTESIAN_POINT('',(1.27,-1.143,0.0));
#3711=DIRECTION('',(0.0,-1.0,0.0));
#3712=DIRECTION('',(1.0,0.0,0.0));
#3713=CARTESIAN_POINT('',(1.27,-1.143,0.0));
#3714=DIRECTION('',(0.0,-1.0,0.0));
#3715=DIRECTION('',(-1.0,0.0,0.0));
#3716=CARTESIAN_POINT('',(-1.27,-1.143,0.0));
#3717=DIRECTION('',(0.0,-1.0,0.0));
#3718=DIRECTION('',(1.0,0.0,0.0));
#3719=CARTESIAN_POINT('',(-1.27,-1.143,0.0));
#3720=DIRECTION('',(0.0,-1.0,0.0));
#3721=DIRECTION('',(-1.0,0.0,0.0));
#3722=CARTESIAN_POINT('',(-3.81,-1.143,0.0));
#3723=DIRECTION('',(0.0,-1.0,0.0));
#3724=DIRECTION('',(1.0,0.0,0.0));
#3725=CARTESIAN_POINT('',(-3.81,-1.143,0.0));
#3726=DIRECTION('',(0.0,-1.0,0.0));
#3727=DIRECTION('',(-1.0,0.0,0.0));
#3728=VERTEX_POINT('',#4686);
#3729=VERTEX_POINT('',#4687);
#3730=LINE('',#4688,#4689);
#3731=VERTEX_POINT('',#4690);
#3732=CIRCLE('',#4691,0.7112);
#3733=VERTEX_POINT('',#4692);
#3734=LINE('',#4693,#4694);
#3735=CIRCLE('',#4695,0.7112);
#3736=VERTEX_POINT('',#4696);
#3737=VERTEX_POINT('',#4697);
#3738=LINE('',#4698,#4699);
#3739=VERTEX_POINT('',#4700);
#3740=CIRCLE('',#4701,0.7112);
#3741=VERTEX_POINT('',#4702);
#3742=LINE('',#4703,#4704);
#3743=CIRCLE('',#4705,0.7112);
#3744=VERTEX_POINT('',#4706);
#3745=VERTEX_POINT('',#4707);
#3746=LINE('',#4708,#4709);
#3747=VERTEX_POINT('',#4710);
#3748=CIRCLE('',#4711,0.7112);
#3749=VERTEX_POINT('',#4712);
#3750=LINE('',#4713,#4714);
#3751=CIRCLE('',#4715,0.7112);
#3752=VERTEX_POINT('',#4716);
#3753=VERTEX_POINT('',#4717);
#3754=LINE('',#4718,#4719);
#3755=VERTEX_POINT('',#4720);
#3756=CIRCLE('',#4721,0.7112);
#3757=VERTEX_POINT('',#4722);
#3758=LINE('',#4723,#4724);
#3759=CIRCLE('',#4725,0.7112);
#3760=VERTEX_POINT('',#4726);
#3761=VERTEX_POINT('',#4727);
#3762=LINE('',#4728,#4729);
#3763=VERTEX_POINT('',#4730);
#3764=CIRCLE('',#4731,0.7112);
#3765=VERTEX_POINT('',#4732);
#3766=LINE('',#4733,#4734);
#3767=CIRCLE('',#4735,0.7112);
#3768=VERTEX_POINT('',#4736);
#3769=VERTEX_POINT('',#4737);
#3770=LINE('',#4738,#4739);
#3771=VERTEX_POINT('',#4740);
#3772=CIRCLE('',#4741,0.7112);
#3773=VERTEX_POINT('',#4742);
#3774=LINE('',#4743,#4744);
#3775=CIRCLE('',#4745,0.7112);
#3776=VERTEX_POINT('',#4746);
#3777=VERTEX_POINT('',#4747);
#3778=LINE('',#4748,#4749);
#3779=VERTEX_POINT('',#4750);
#3780=CIRCLE('',#4751,0.7112);
#3781=VERTEX_POINT('',#4752);
#3782=LINE('',#4753,#4754);
#3783=CIRCLE('',#4755,0.7112);
#3784=VERTEX_POINT('',#4756);
#3785=VERTEX_POINT('',#4757);
#3786=LINE('',#4758,#4759);
#3787=VERTEX_POINT('',#4760);
#3788=CIRCLE('',#4761,0.7112);
#3789=VERTEX_POINT('',#4762);
#3790=LINE('',#4763,#4764);
#3791=CIRCLE('',#4765,0.7112);
#3792=VERTEX_POINT('',#4766);
#3793=VERTEX_POINT('',#4767);
#3794=LINE('',#4768,#4769);
#3795=VERTEX_POINT('',#4770);
#3796=LINE('',#4771,#4772);
#3797=VERTEX_POINT('',#4773);
#3798=LINE('',#4774,#4775);
#3799=VERTEX_POINT('',#4776);
#3800=LINE('',#4777,#4778);
#3801=VERTEX_POINT('',#4779);
#3802=LINE('',#4780,#4781);
#3803=LINE('',#4782,#4783);
#3804=VERTEX_POINT('',#4784);
#3805=VERTEX_POINT('',#4785);
#3806=LINE('',#4786,#4787);
#3807=VERTEX_POINT('',#4788);
#3808=LINE('',#4789,#4790);
#3809=VERTEX_POINT('',#4791);
#3810=LINE('',#4792,#4793);
#3811=VERTEX_POINT('',#4794);
#3812=LINE('',#4795,#4796);
#3813=VERTEX_POINT('',#4797);
#3814=LINE('',#4798,#4799);
#3815=LINE('',#4800,#4801);
#3816=VERTEX_POINT('',#4802);
#3817=VERTEX_POINT('',#4803);
#3818=LINE('',#4804,#4805);
#3819=VERTEX_POINT('',#4806);
#3820=LINE('',#4807,#4808);
#3821=VERTEX_POINT('',#4809);
#3822=LINE('',#4810,#4811);
#3823=VERTEX_POINT('',#4812);
#3824=LINE('',#4813,#4814);
#3825=VERTEX_POINT('',#4815);
#3826=LINE('',#4816,#4817);
#3827=VERTEX_POINT('',#4818);
#3828=LINE('',#4819,#4820);
#3829=VERTEX_POINT('',#4821);
#3830=LINE('',#4822,#4823);
#3831=VERTEX_POINT('',#4824);
#3832=LINE('',#4825,#4826);
#3833=VERTEX_POINT('',#4827);
#3834=LINE('',#4828,#4829);
#3835=VERTEX_POINT('',#4830);
#3836=LINE('',#4831,#4832);
#3837=VERTEX_POINT('',#4833);
#3838=LINE('',#4834,#4835);
#3839=VERTEX_POINT('',#4836);
#3840=LINE('',#4837,#4838);
#3841=VERTEX_POINT('',#4839);
#3842=LINE('',#4840,#4841);
#3843=VERTEX_POINT('',#4842);
#3844=LINE('',#4843,#4844);
#3845=VERTEX_POINT('',#4845);
#3846=LINE('',#4846,#4847);
#3847=VERTEX_POINT('',#4848);
#3848=LINE('',#4849,#4850);
#3849=LINE('',#4851,#4852);
#3850=VERTEX_POINT('',#4853);
#3851=LINE('',#4854,#4855);
#3852=VERTEX_POINT('',#4856);
#3853=LINE('',#4857,#4858);
#3854=CIRCLE('',#4859,0.7112);
#3855=VERTEX_POINT('',#4860);
#3856=LINE('',#4861,#4862);
#3857=LINE('',#4863,#4864);
#3858=VERTEX_POINT('',#4865);
#3859=LINE('',#4866,#4867);
#3860=VERTEX_POINT('',#4868);
#3861=LINE('',#4869,#4870);
#3862=VERTEX_POINT('',#4871);
#3863=LINE('',#4872,#4873);
#3864=VERTEX_POINT('',#4874);
#3865=LINE('',#4875,#4876);
#3866=VERTEX_POINT('',#4877);
#3867=LINE('',#4878,#4879);
#3868=VERTEX_POINT('',#4880);
#3869=LINE('',#4881,#4882);
#3870=VERTEX_POINT('',#4883);
#3871=LINE('',#4884,#4885);
#3872=VERTEX_POINT('',#4886);
#3873=LINE('',#4887,#4888);
#3874=VERTEX_POINT('',#4889);
#3875=LINE('',#4890,#4891);
#3876=VERTEX_POINT('',#4892);
#3877=LINE('',#4893,#4894);
#3878=VERTEX_POINT('',#4895);
#3879=LINE('',#4896,#4897);
#3880=VERTEX_POINT('',#4898);
#3881=LINE('',#4899,#4900);
#3882=VERTEX_POINT('',#4901);
#3883=LINE('',#4902,#4903);
#3884=VERTEX_POINT('',#4904);
#3885=LINE('',#4905,#4906);
#3886=VERTEX_POINT('',#4907);
#3887=LINE('',#4908,#4909);
#3888=VERTEX_POINT('',#4910);
#3889=LINE('',#4911,#4912);
#3890=VERTEX_POINT('',#4913);
#3891=LINE('',#4914,#4915);
#3892=VERTEX_POINT('',#4916);
#3893=LINE('',#4917,#4918);
#3894=LINE('',#4919,#4920);
#3895=VERTEX_POINT('',#4921);
#3896=CIRCLE('',#4922,0.7112);
#3897=VERTEX_POINT('',#4923);
#3898=LINE('',#4924,#4925);
#3899=LINE('',#4926,#4927);
#3900=VERTEX_POINT('',#4928);
#3901=VERTEX_POINT('',#4929);
#3902=LINE('',#4930,#4931);
#3903=VERTEX_POINT('',#4932);
#3904=LINE('',#4933,#4934);
#3905=LINE('',#4935,#4936);
#3906=VERTEX_POINT('',#4937);
#3907=CIRCLE('',#4938,0.7112);
#3908=VERTEX_POINT('',#4939);
#3909=LINE('',#4940,#4941);
#3910=LINE('',#4942,#4943);
#3911=VERTEX_POINT('',#4944);
#3912=VERTEX_POINT('',#4945);
#3913=LINE('',#4946,#4947);
#3914=VERTEX_POINT('',#4948);
#3915=LINE('',#4949,#4950);
#3916=LINE('',#4951,#4952);
#3917=VERTEX_POINT('',#4953);
#3918=CIRCLE('',#4954,0.7112);
#3919=VERTEX_POINT('',#4955);
#3920=LINE('',#4956,#4957);
#3921=LINE('',#4958,#4959);
#3922=VERTEX_POINT('',#4960);
#3923=VERTEX_POINT('',#4961);
#3924=LINE('',#4962,#4963);
#3925=VERTEX_POINT('',#4964);
#3926=LINE('',#4965,#4966);
#3927=LINE('',#4967,#4968);
#3928=VERTEX_POINT('',#4969);
#3929=CIRCLE('',#4970,0.7112);
#3930=VERTEX_POINT('',#4971);
#3931=LINE('',#4972,#4973);
#3932=LINE('',#4974,#4975);
#3933=VERTEX_POINT('',#4976);
#3934=VERTEX_POINT('',#4977);
#3935=LINE('',#4978,#4979);
#3936=VERTEX_POINT('',#4980);
#3937=LINE('',#4981,#4982);
#3938=VERTEX_POINT('',#4983);
#3939=LINE('',#4984,#4985);
#3940=CIRCLE('',#4986,0.7112);
#3941=VERTEX_POINT('',#4987);
#3942=LINE('',#4988,#4989);
#3943=LINE('',#4990,#4991);
#3944=VERTEX_POINT('',#4992);
#3945=VERTEX_POINT('',#4993);
#3946=LINE('',#4994,#4995);
#3947=VERTEX_POINT('',#4996);
#3948=LINE('',#4997,#4998);
#3949=VERTEX_POINT('',#4999);
#3950=LINE('',#5000,#5001);
#3951=CIRCLE('',#5002,0.7112);
#3952=VERTEX_POINT('',#5003);
#3953=LINE('',#5004,#5005);
#3954=LINE('',#5006,#5007);
#3955=VERTEX_POINT('',#5008);
#3956=VERTEX_POINT('',#5009);
#3957=LINE('',#5010,#5011);
#3958=VERTEX_POINT('',#5012);
#3959=LINE('',#5013,#5014);
#3960=VERTEX_POINT('',#5015);
#3961=LINE('',#5016,#5017);
#3962=CIRCLE('',#5018,0.7112);
#3963=VERTEX_POINT('',#5019);
#3964=LINE('',#5020,#5021);
#3965=LINE('',#5022,#5023);
#3966=VERTEX_POINT('',#5024);
#3967=VERTEX_POINT('',#5025);
#3968=LINE('',#5026,#5027);
#3969=VERTEX_POINT('',#5028);
#3970=LINE('',#5029,#5030);
#3971=VERTEX_POINT('',#5031);
#3972=LINE('',#5032,#5033);
#3973=LINE('',#5034,#5035);
#3974=VERTEX_POINT('',#5036);
#3975=VERTEX_POINT('',#5037);
#3976=LINE('',#5038,#5039);
#3977=VERTEX_POINT('',#5040);
#3978=LINE('',#5041,#5042);
#3979=VERTEX_POINT('',#5043);
#3980=LINE('',#5044,#5045);
#3981=LINE('',#5046,#5047);
#3982=VERTEX_POINT('',#5048);
#3983=VERTEX_POINT('',#5049);
#3984=LINE('',#5050,#5051);
#3985=VERTEX_POINT('',#5052);
#3986=LINE('',#5053,#5054);
#3987=VERTEX_POINT('',#5055);
#3988=LINE('',#5056,#5057);
#3989=LINE('',#5058,#5059);
#3990=VERTEX_POINT('',#5060);
#3991=VERTEX_POINT('',#5061);
#3992=LINE('',#5062,#5063);
#3993=VERTEX_POINT('',#5064);
#3994=LINE('',#5065,#5066);
#3995=VERTEX_POINT('',#5067);
#3996=LINE('',#5068,#5069);
#3997=LINE('',#5070,#5071);
#3998=VERTEX_POINT('',#5072);
#3999=VERTEX_POINT('',#5073);
#4000=LINE('',#5074,#5075);
#4001=LINE('',#5076,#5077);
#4002=LINE('',#5078,#5079);
#4003=VERTEX_POINT('',#5080);
#4004=LINE('',#5081,#5082);
#4005=LINE('',#5083,#5084);
#4006=VERTEX_POINT('',#5085);
#4007=VERTEX_POINT('',#5086);
#4008=LINE('',#5087,#5088);
#4009=LINE('',#5089,#5090);
#4010=LINE('',#5091,#5092);
#4011=VERTEX_POINT('',#5093);
#4012=LINE('',#5094,#5095);
#4013=VERTEX_POINT('',#5096);
#4014=LINE('',#5097,#5098);
#4015=LINE('',#5099,#5100);
#4016=VERTEX_POINT('',#5101);
#4017=VERTEX_POINT('',#5102);
#4018=LINE('',#5103,#5104);
#4019=LINE('',#5105,#5106);
#4020=LINE('',#5107,#5108);
#4021=VERTEX_POINT('',#5109);
#4022=LINE('',#5110,#5111);
#4023=VERTEX_POINT('',#5112);
#4024=LINE('',#5113,#5114);
#4025=LINE('',#5115,#5116);
#4026=VERTEX_POINT('',#5117);
#4027=VERTEX_POINT('',#5118);
#4028=LINE('',#5119,#5120);
#4029=LINE('',#5121,#5122);
#4030=LINE('',#5123,#5124);
#4031=VERTEX_POINT('',#5125);
#4032=LINE('',#5126,#5127);
#4033=VERTEX_POINT('',#5128);
#4034=LINE('',#5129,#5130);
#4035=LINE('',#5131,#5132);
#4036=VERTEX_POINT('',#5133);
#4037=LINE('',#5134,#5135);
#4038=LINE('',#5136,#5137);
#4039=VERTEX_POINT('',#5138);
#4040=LINE('',#5139,#5140);
#4041=VERTEX_POINT('',#5141);
#4042=LINE('',#5142,#5143);
#4043=LINE('',#5144,#5145);
#4044=CIRCLE('',#5146,0.7112);
#4045=VERTEX_POINT('',#5147);
#4046=VERTEX_POINT('',#5148);
#4047=LINE('',#5149,#5150);
#4048=LINE('',#5151,#5152);
#4049=CIRCLE('',#5153,0.7112);
#4050=LINE('',#5154,#5155);
#4051=VERTEX_POINT('',#5156);
#4052=LINE('',#5157,#5158);
#4053=VERTEX_POINT('',#5159);
#4054=LINE('',#5160,#5161);
#4055=VERTEX_POINT('',#5162);
#4056=LINE('',#5163,#5164);
#4057=LINE('',#5165,#5166);
#4058=CIRCLE('',#5167,0.7112);
#4059=VERTEX_POINT('',#5168);
#4060=VERTEX_POINT('',#5169);
#4061=LINE('',#5170,#5171);
#4062=LINE('',#5172,#5173);
#4063=VERTEX_POINT('',#5174);
#4064=LINE('',#5175,#5176);
#4065=CIRCLE('',#5177,0.7112);
#4066=LINE('',#5178,#5179);
#4067=VERTEX_POINT('',#5180);
#4068=LINE('',#5181,#5182);
#4069=VERTEX_POINT('',#5183);
#4070=LINE('',#5184,#5185);
#4071=VERTEX_POINT('',#5186);
#4072=LINE('',#5187,#5188);
#4073=LINE('',#5189,#5190);
#4074=CIRCLE('',#5191,0.7112);
#4075=VERTEX_POINT('',#5192);
#4076=VERTEX_POINT('',#5193);
#4077=LINE('',#5194,#5195);
#4078=LINE('',#5196,#5197);
#4079=VERTEX_POINT('',#5198);
#4080=LINE('',#5199,#5200);
#4081=CIRCLE('',#5201,0.7112);
#4082=LINE('',#5202,#5203);
#4083=VERTEX_POINT('',#5204);
#4084=LINE('',#5205,#5206);
#4085=VERTEX_POINT('',#5207);
#4086=LINE('',#5208,#5209);
#4087=VERTEX_POINT('',#5210);
#4088=LINE('',#5211,#5212);
#4089=LINE('',#5213,#5214);
#4090=CIRCLE('',#5215,0.7112);
#4091=VERTEX_POINT('',#5216);
#4092=VERTEX_POINT('',#5217);
#4093=LINE('',#5218,#5219);
#4094=LINE('',#5220,#5221);
#4095=VERTEX_POINT('',#5222);
#4096=LINE('',#5223,#5224);
#4097=CIRCLE('',#5225,0.7112);
#4098=LINE('',#5226,#5227);
#4099=LINE('',#5228,#5229);
#4100=LINE('',#5230,#5231);
#4101=LINE('',#5232,#5233);
#4102=LINE('',#5234,#5235);
#4103=LINE('',#5236,#5237);
#4104=LINE('',#5238,#5239);
#4105=LINE('',#5240,#5241);
#4106=LINE('',#5242,#5243);
#4107=LINE('',#5244,#5245);
#4108=LINE('',#5246,#5247);
#4109=LINE('',#5248,#5249);
#4110=LINE('',#5250,#5251);
#4111=LINE('',#5252,#5253);
#4112=LINE('',#5254,#5255);
#4113=LINE('',#5256,#5257);
#4114=LINE('',#5258,#5259);
#4115=LINE('',#5260,#5261);
#4116=LINE('',#5262,#5263);
#4117=LINE('',#5264,#5265);
#4118=LINE('',#5266,#5267);
#4119=LINE('',#5268,#5269);
#4120=LINE('',#5270,#5271);
#4121=VERTEX_POINT('',#5272);
#4122=LINE('',#5273,#5274);
#4123=VERTEX_POINT('',#5275);
#4124=LINE('',#5276,#5277);
#4125=VERTEX_POINT('',#5278);
#4126=LINE('',#5279,#5280);
#4127=VERTEX_POINT('',#5281);
#4128=LINE('',#5282,#5283);
#4129=VERTEX_POINT('',#5284);
#4130=LINE('',#5285,#5286);
#4131=VERTEX_POINT('',#5287);
#4132=LINE('',#5288,#5289);
#4133=LINE('',#5290,#5291);
#4134=VERTEX_POINT('',#5292);
#4135=LINE('',#5293,#5294);
#4136=LINE('',#5295,#5296);
#4137=VERTEX_POINT('',#5297);
#4138=LINE('',#5298,#5299);
#4139=LINE('',#5300,#5301);
#4140=VERTEX_POINT('',#5302);
#4141=LINE('',#5303,#5304);
#4142=LINE('',#5305,#5306);
#4143=VERTEX_POINT('',#5307);
#4144=LINE('',#5308,#5309);
#4145=VERTEX_POINT('',#5310);
#4146=LINE('',#5311,#5312);
#4147=LINE('',#5313,#5314);
#4148=VERTEX_POINT('',#5315);
#4149=VERTEX_POINT('',#5316);
#4150=LINE('',#5317,#5318);
#4151=LINE('',#5319,#5320);
#4152=LINE('',#5321,#5322);
#4153=VERTEX_POINT('',#5323);
#4154=VERTEX_POINT('',#5324);
#4155=LINE('',#5325,#5326);
#4156=LINE('',#5327,#5328);
#4157=LINE('',#5329,#5330);
#4158=VERTEX_POINT('',#5331);
#4159=LINE('',#5332,#5333);
#4160=LINE('',#5334,#5335);
#4161=VERTEX_POINT('',#5336);
#4162=LINE('',#5337,#5338);
#4163=VERTEX_POINT('',#5339);
#4164=LINE('',#5340,#5341);
#4165=VERTEX_POINT('',#5342);
#4166=LINE('',#5343,#5344);
#4167=VERTEX_POINT('',#5345);
#4168=LINE('',#5346,#5347);
#4169=VERTEX_POINT('',#5348);
#4170=LINE('',#5349,#5350);
#4171=VERTEX_POINT('',#5351);
#4172=LINE('',#5352,#5353);
#4173=VERTEX_POINT('',#5354);
#4174=LINE('',#5355,#5356);
#4175=VERTEX_POINT('',#5357);
#4176=LINE('',#5358,#5359);
#4177=VERTEX_POINT('',#5360);
#4178=LINE('',#5361,#5362);
#4179=VERTEX_POINT('',#5363);
#4180=LINE('',#5364,#5365);
#4181=VERTEX_POINT('',#5366);
#4182=LINE('',#5367,#5368);
#4183=VERTEX_POINT('',#5369);
#4184=LINE('',#5370,#5371);
#4185=VERTEX_POINT('',#5372);
#4186=LINE('',#5373,#5374);
#4187=VERTEX_POINT('',#5375);
#4188=LINE('',#5376,#5377);
#4189=VERTEX_POINT('',#5378);
#4190=LINE('',#5379,#5380);
#4191=LINE('',#5381,#5382);
#4192=VERTEX_POINT('',#5383);
#4193=LINE('',#5384,#5385);
#4194=VERTEX_POINT('',#5386);
#4195=LINE('',#5387,#5388);
#4196=VERTEX_POINT('',#5389);
#4197=CIRCLE('',#5390,0.7112);
#4198=VERTEX_POINT('',#5391);
#4199=LINE('',#5392,#5393);
#4200=LINE('',#5394,#5395);
#4201=VERTEX_POINT('',#5396);
#4202=LINE('',#5397,#5398);
#4203=VERTEX_POINT('',#5399);
#4204=LINE('',#5400,#5401);
#4205=LINE('',#5402,#5403);
#4206=VERTEX_POINT('',#5404);
#4207=LINE('',#5405,#5406);
#4208=LINE('',#5407,#5408);
#4209=VERTEX_POINT('',#5409);
#4210=LINE('',#5410,#5411);
#4211=LINE('',#5412,#5413);
#4212=VERTEX_POINT('',#5414);
#4213=LINE('',#5415,#5416);
#4214=LINE('',#5417,#5418);
#4215=VERTEX_POINT('',#5419);
#4216=LINE('',#5420,#5421);
#4217=VERTEX_POINT('',#5422);
#4218=LINE('',#5423,#5424);
#4219=VERTEX_POINT('',#5425);
#4220=CIRCLE('',#5426,0.7112);
#4221=VERTEX_POINT('',#5427);
#4222=LINE('',#5428,#5429);
#4223=LINE('',#5430,#5431);
#4224=VERTEX_POINT('',#5432);
#4225=VERTEX_POINT('',#5433);
#4226=LINE('',#5434,#5435);
#4227=VERTEX_POINT('',#5436);
#4228=LINE('',#5437,#5438);
#4229=VERTEX_POINT('',#5439);
#4230=LINE('',#5440,#5441);
#4231=VERTEX_POINT('',#5442);
#4232=CIRCLE('',#5443,0.7112);
#4233=VERTEX_POINT('',#5444);
#4234=LINE('',#5445,#5446);
#4235=LINE('',#5447,#5448);
#4236=VERTEX_POINT('',#5449);
#4237=VERTEX_POINT('',#5450);
#4238=LINE('',#5451,#5452);
#4239=VERTEX_POINT('',#5453);
#4240=LINE('',#5454,#5455);
#4241=VERTEX_POINT('',#5456);
#4242=LINE('',#5457,#5458);
#4243=VERTEX_POINT('',#5459);
#4244=CIRCLE('',#5460,0.7112);
#4245=VERTEX_POINT('',#5461);
#4246=LINE('',#5462,#5463);
#4247=LINE('',#5464,#5465);
#4248=VERTEX_POINT('',#5466);
#4249=VERTEX_POINT('',#5467);
#4250=LINE('',#5468,#5469);
#4251=VERTEX_POINT('',#5470);
#4252=LINE('',#5471,#5472);
#4253=VERTEX_POINT('',#5473);
#4254=LINE('',#5474,#5475);
#4255=VERTEX_POINT('',#5476);
#4256=CIRCLE('',#5477,0.7112);
#4257=VERTEX_POINT('',#5478);
#4258=LINE('',#5479,#5480);
#4259=LINE('',#5481,#5482);
#4260=VERTEX_POINT('',#5483);
#4261=VERTEX_POINT('',#5484);
#4262=LINE('',#5485,#5486);
#4263=VERTEX_POINT('',#5487);
#4264=LINE('',#5488,#5489);
#4265=VERTEX_POINT('',#5490);
#4266=LINE('',#5491,#5492);
#4267=VERTEX_POINT('',#5493);
#4268=CIRCLE('',#5494,0.7112);
#4269=VERTEX_POINT('',#5495);
#4270=LINE('',#5496,#5497);
#4271=LINE('',#5498,#5499);
#4272=VERTEX_POINT('',#5500);
#4273=VERTEX_POINT('',#5501);
#4274=LINE('',#5502,#5503);
#4275=VERTEX_POINT('',#5504);
#4276=LINE('',#5505,#5506);
#4277=VERTEX_POINT('',#5507);
#4278=LINE('',#5508,#5509);
#4279=VERTEX_POINT('',#5510);
#4280=CIRCLE('',#5511,0.7112);
#4281=VERTEX_POINT('',#5512);
#4282=LINE('',#5513,#5514);
#4283=LINE('',#5515,#5516);
#4284=VERTEX_POINT('',#5517);
#4285=VERTEX_POINT('',#5518);
#4286=LINE('',#5519,#5520);
#4287=VERTEX_POINT('',#5521);
#4288=LINE('',#5522,#5523);
#4289=VERTEX_POINT('',#5524);
#4290=LINE('',#5525,#5526);
#4291=VERTEX_POINT('',#5527);
#4292=CIRCLE('',#5528,0.7112);
#4293=VERTEX_POINT('',#5529);
#4294=LINE('',#5530,#5531);
#4295=LINE('',#5532,#5533);
#4296=VERTEX_POINT('',#5534);
#4297=VERTEX_POINT('',#5535);
#4298=LINE('',#5536,#5537);
#4299=VERTEX_POINT('',#5538);
#4300=LINE('',#5539,#5540);
#4301=VERTEX_POINT('',#5541);
#4302=LINE('',#5542,#5543);
#4303=LINE('',#5544,#5545);
#4304=VERTEX_POINT('',#5546);
#4305=VERTEX_POINT('',#5547);
#4306=LINE('',#5548,#5549);
#4307=VERTEX_POINT('',#5550);
#4308=LINE('',#5551,#5552);
#4309=VERTEX_POINT('',#5553);
#4310=LINE('',#5554,#5555);
#4311=LINE('',#5556,#5557);
#4312=VERTEX_POINT('',#5558);
#4313=VERTEX_POINT('',#5559);
#4314=LINE('',#5560,#5561);
#4315=VERTEX_POINT('',#5562);
#4316=LINE('',#5563,#5564);
#4317=VERTEX_POINT('',#5565);
#4318=LINE('',#5566,#5567);
#4319=LINE('',#5568,#5569);
#4320=VERTEX_POINT('',#5570);
#4321=VERTEX_POINT('',#5571);
#4322=LINE('',#5572,#5573);
#4323=VERTEX_POINT('',#5574);
#4324=LINE('',#5575,#5576);
#4325=VERTEX_POINT('',#5577);
#4326=LINE('',#5578,#5579);
#4327=LINE('',#5580,#5581);
#4328=VERTEX_POINT('',#5582);
#4329=LINE('',#5583,#5584);
#4330=LINE('',#5585,#5586);
#4331=VERTEX_POINT('',#5587);
#4332=LINE('',#5588,#5589);
#4333=VERTEX_POINT('',#5590);
#4334=LINE('',#5591,#5592);
#4335=LINE('',#5593,#5594);
#4336=VERTEX_POINT('',#5595);
#4337=LINE('',#5596,#5597);
#4338=VERTEX_POINT('',#5598);
#4339=LINE('',#5599,#5600);
#4340=LINE('',#5601,#5602);
#4341=VERTEX_POINT('',#5603);
#4342=VERTEX_POINT('',#5604);
#4343=LINE('',#5605,#5606);
#4344=LINE('',#5607,#5608);
#4345=LINE('',#5609,#5610);
#4346=VERTEX_POINT('',#5611);
#4347=LINE('',#5612,#5613);
#4348=VERTEX_POINT('',#5614);
#4349=LINE('',#5615,#5616);
#4350=LINE('',#5617,#5618);
#4351=VERTEX_POINT('',#5619);
#4352=VERTEX_POINT('',#5620);
#4353=LINE('',#5621,#5622);
#4354=LINE('',#5623,#5624);
#4355=LINE('',#5625,#5626);
#4356=VERTEX_POINT('',#5627);
#4357=LINE('',#5628,#5629);
#4358=LINE('',#5630,#5631);
#4359=VERTEX_POINT('',#5632);
#4360=VERTEX_POINT('',#5633);
#4361=LINE('',#5634,#5635);
#4362=LINE('',#5636,#5637);
#4363=LINE('',#5638,#5639);
#4364=VERTEX_POINT('',#5640);
#4365=LINE('',#5641,#5642);
#4366=VERTEX_POINT('',#5643);
#4367=CIRCLE('',#5644,0.7112);
#4368=VERTEX_POINT('',#5645);
#4369=LINE('',#5646,#5647);
#4370=LINE('',#5648,#5649);
#4371=VERTEX_POINT('',#5650);
#4372=VERTEX_POINT('',#5651);
#4373=LINE('',#5652,#5653);
#4374=VERTEX_POINT('',#5654);
#4375=CIRCLE('',#5655,0.7112);
#4376=LINE('',#5656,#5657);
#4377=VERTEX_POINT('',#5658);
#4378=LINE('',#5659,#5660);
#4379=LINE('',#5661,#5662);
#4380=VERTEX_POINT('',#5663);
#4381=LINE('',#5664,#5665);
#4382=VERTEX_POINT('',#5666);
#4383=LINE('',#5667,#5668);
#4384=VERTEX_POINT('',#5669);
#4385=LINE('',#5670,#5671);
#4386=VERTEX_POINT('',#5672);
#4387=CIRCLE('',#5673,0.7112);
#4388=LINE('',#5674,#5675);
#4389=VERTEX_POINT('',#5676);
#4390=VERTEX_POINT('',#5677);
#4391=LINE('',#5678,#5679);
#4392=LINE('',#5680,#5681);
#4393=VERTEX_POINT('',#5682);
#4394=LINE('',#5683,#5684);
#4395=VERTEX_POINT('',#5685);
#4396=CIRCLE('',#5686,0.7112);
#4397=LINE('',#5687,#5688);
#4398=VERTEX_POINT('',#5689);
#4399=LINE('',#5690,#5691);
#4400=VERTEX_POINT('',#5692);
#4401=LINE('',#5693,#5694);
#4402=VERTEX_POINT('',#5695);
#4403=LINE('',#5696,#5697);
#4404=VERTEX_POINT('',#5698);
#4405=CIRCLE('',#5699,0.7112);
#4406=LINE('',#5700,#5701);
#4407=VERTEX_POINT('',#5702);
#4408=VERTEX_POINT('',#5703);
#4409=LINE('',#5704,#5705);
#4410=LINE('',#5706,#5707);
#4411=VERTEX_POINT('',#5708);
#4412=LINE('',#5709,#5710);
#4413=VERTEX_POINT('',#5711);
#4414=CIRCLE('',#5712,0.7112);
#4415=LINE('',#5713,#5714);
#4416=VERTEX_POINT('',#5715);
#4417=LINE('',#5716,#5717);
#4418=VERTEX_POINT('',#5718);
#4419=LINE('',#5719,#5720);
#4420=VERTEX_POINT('',#5721);
#4421=CIRCLE('',#5722,0.7112);
#4422=LINE('',#5723,#5724);
#4423=VERTEX_POINT('',#5725);
#4424=VERTEX_POINT('',#5726);
#4425=LINE('',#5727,#5728);
#4426=LINE('',#5729,#5730);
#4427=VERTEX_POINT('',#5731);
#4428=LINE('',#5732,#5733);
#4429=VERTEX_POINT('',#5734);
#4430=CIRCLE('',#5735,0.7112);
#4431=LINE('',#5736,#5737);
#4432=LINE('',#5738,#5739);
#4433=LINE('',#5740,#5741);
#4434=LINE('',#5742,#5743);
#4435=LINE('',#5744,#5745);
#4436=LINE('',#5746,#5747);
#4437=LINE('',#5748,#5749);
#4438=LINE('',#5750,#5751);
#4439=LINE('',#5752,#5753);
#4440=LINE('',#5754,#5755);
#4441=LINE('',#5756,#5757);
#4442=LINE('',#5758,#5759);
#4443=LINE('',#5760,#5761);
#4444=LINE('',#5762,#5763);
#4445=LINE('',#5764,#5765);
#4446=LINE('',#5766,#5767);
#4447=LINE('',#5768,#5769);
#4448=LINE('',#5770,#5771);
#4449=LINE('',#5772,#5773);
#4450=LINE('',#5774,#5775);
#4451=LINE('',#5776,#5777);
#4452=LINE('',#5778,#5779);
#4453=LINE('',#5780,#5781);
#4454=LINE('',#5782,#5783);
#4455=LINE('',#5784,#5785);
#4456=LINE('',#5786,#5787);
#4457=LINE('',#5788,#5789);
#4458=LINE('',#5790,#5791);
#4459=LINE('',#5792,#5793);
#4460=LINE('',#5794,#5795);
#4461=LINE('',#5796,#5797);
#4462=LINE('',#5798,#5799);
#4463=LINE('',#5800,#5801);
#4464=LINE('',#5802,#5803);
#4465=LINE('',#5804,#5805);
#4466=VERTEX_POINT('',#5806);
#4467=LINE('',#5807,#5808);
#4468=LINE('',#5809,#5810);
#4469=VERTEX_POINT('',#5811);
#4470=LINE('',#5812,#5813);
#4471=VERTEX_POINT('',#5814);
#4472=LINE('',#5815,#5816);
#4473=LINE('',#5817,#5818);
#4474=VERTEX_POINT('',#5819);
#4475=LINE('',#5820,#5821);
#4476=LINE('',#5822,#5823);
#4477=LINE('',#5824,#5825);
#4478=LINE('',#5826,#5827);
#4479=LINE('',#5828,#5829);
#4480=LINE('',#5830,#5831);
#4481=LINE('',#5832,#5833);
#4482=LINE('',#5834,#5835);
#4483=LINE('',#5836,#5837);
#4484=LINE('',#5838,#5839);
#4485=LINE('',#5840,#5841);
#4486=LINE('',#5842,#5843);
#4487=LINE('',#5844,#5845);
#4488=LINE('',#5846,#5847);
#4489=LINE('',#5848,#5849);
#4490=LINE('',#5850,#5851);
#4491=LINE('',#5852,#5853);
#4492=LINE('',#5854,#5855);
#4493=LINE('',#5856,#5857);
#4494=VERTEX_POINT('',#5858);
#4495=LINE('',#5859,#5860);
#4496=VERTEX_POINT('',#5861);
#4497=LINE('',#5862,#5863);
#4498=LINE('',#5864,#5865);
#4499=VERTEX_POINT('',#5866);
#4500=LINE('',#5867,#5868);
#4501=VERTEX_POINT('',#5869);
#4502=LINE('',#5870,#5871);
#4503=LINE('',#5872,#5873);
#4504=VERTEX_POINT('',#5874);
#4505=LINE('',#5875,#5876);
#4506=VERTEX_POINT('',#5877);
#4507=LINE('',#5878,#5879);
#4508=LINE('',#5880,#5881);
#4509=VERTEX_POINT('',#5882);
#4510=LINE('',#5883,#5884);
#4511=VERTEX_POINT('',#5885);
#4512=LINE('',#5886,#5887);
#4513=LINE('',#5888,#5889);
#4514=VERTEX_POINT('',#5890);
#4515=LINE('',#5891,#5892);
#4516=LINE('',#5893,#5894);
#4517=LINE('',#5895,#5896);
#4518=VERTEX_POINT('',#5897);
#4519=LINE('',#5898,#5899);
#4520=LINE('',#5900,#5901);
#4521=VERTEX_POINT('',#5902);
#4522=LINE('',#5903,#5904);
#4523=LINE('',#5905,#5906);
#4524=VERTEX_POINT('',#5907);
#4525=LINE('',#5908,#5909);
#4526=LINE('',#5910,#5911);
#4527=LINE('',#5912,#5913);
#4528=LINE('',#5914,#5915);
#4529=LINE('',#5916,#5917);
#4530=VERTEX_POINT('',#5918);
#4531=LINE('',#5919,#5920);
#4532=VERTEX_POINT('',#5921);
#4533=LINE('',#5922,#5923);
#4534=LINE('',#5924,#5925);
#4535=VERTEX_POINT('',#5926);
#4536=LINE('',#5927,#5928);
#4537=LINE('',#5929,#5930);
#4538=VERTEX_POINT('',#5931);
#4539=LINE('',#5932,#5933);
#4540=LINE('',#5934,#5935);
#4541=LINE('',#5936,#5937);
#4542=VERTEX_POINT('',#5938);
#4543=LINE('',#5939,#5940);
#4544=VERTEX_POINT('',#5941);
#4545=LINE('',#5942,#5943);
#4546=LINE('',#5944,#5945);
#4547=VERTEX_POINT('',#5946);
#4548=LINE('',#5947,#5948);
#4549=VERTEX_POINT('',#5949);
#4550=LINE('',#5950,#5951);
#4551=LINE('',#5952,#5953);
#4552=VERTEX_POINT('',#5954);
#4553=LINE('',#5955,#5956);
#4554=VERTEX_POINT('',#5957);
#4555=LINE('',#5958,#5959);
#4556=LINE('',#5960,#5961);
#4557=VERTEX_POINT('',#5962);
#4558=LINE('',#5963,#5964);
#4559=VERTEX_POINT('',#5965);
#4560=LINE('',#5966,#5967);
#4561=LINE('',#5968,#5969);
#4562=VERTEX_POINT('',#5970);
#4563=LINE('',#5971,#5972);
#4564=LINE('',#5973,#5974);
#4565=LINE('',#5975,#5976);
#4566=VERTEX_POINT('',#5977);
#4567=LINE('',#5978,#5979);
#4568=LINE('',#5980,#5981);
#4569=VERTEX_POINT('',#5982);
#4570=LINE('',#5983,#5984);
#4571=LINE('',#5985,#5986);
#4572=VERTEX_POINT('',#5987);
#4573=LINE('',#5988,#5989);
#4574=LINE('',#5990,#5991);
#4575=LINE('',#5992,#5993);
#4576=LINE('',#5994,#5995);
#4577=LINE('',#5996,#5997);
#4578=VERTEX_POINT('',#5998);
#4579=LINE('',#5999,#6000);
#4580=VERTEX_POINT('',#6001);
#4581=LINE('',#6002,#6003);
#4582=LINE('',#6004,#6005);
#4583=VERTEX_POINT('',#6006);
#4584=LINE('',#6007,#6008);
#4585=LINE('',#6009,#6010);
#4586=VERTEX_POINT('',#6011);
#4587=LINE('',#6012,#6013);
#4588=LINE('',#6014,#6015);
#4589=LINE('',#6016,#6017);
#4590=VERTEX_POINT('',#6018);
#4591=LINE('',#6019,#6020);
#4592=VERTEX_POINT('',#6021);
#4593=LINE('',#6022,#6023);
#4594=LINE('',#6024,#6025);
#4595=VERTEX_POINT('',#6026);
#4596=LINE('',#6027,#6028);
#4597=VERTEX_POINT('',#6029);
#4598=LINE('',#6030,#6031);
#4599=LINE('',#6032,#6033);
#4600=VERTEX_POINT('',#6034);
#4601=LINE('',#6035,#6036);
#4602=VERTEX_POINT('',#6037);
#4603=LINE('',#6038,#6039);
#4604=LINE('',#6040,#6041);
#4605=VERTEX_POINT('',#6042);
#4606=LINE('',#6043,#6044);
#4607=VERTEX_POINT('',#6045);
#4608=LINE('',#6046,#6047);
#4609=LINE('',#6048,#6049);
#4610=VERTEX_POINT('',#6050);
#4611=LINE('',#6051,#6052);
#4612=LINE('',#6053,#6054);
#4613=LINE('',#6055,#6056);
#4614=VERTEX_POINT('',#6057);
#4615=LINE('',#6058,#6059);
#4616=LINE('',#6060,#6061);
#4617=VERTEX_POINT('',#6062);
#4618=LINE('',#6063,#6064);
#4619=LINE('',#6065,#6066);
#4620=VERTEX_POINT('',#6067);
#4621=LINE('',#6068,#6069);
#4622=LINE('',#6070,#6071);
#4623=LINE('',#6072,#6073);
#4624=LINE('',#6074,#6075);
#4625=LINE('',#6076,#6077);
#4626=VERTEX_POINT('',#6078);
#4627=LINE('',#6079,#6080);
#4628=VERTEX_POINT('',#6081);
#4629=LINE('',#6082,#6083);
#4630=LINE('',#6084,#6085);
#4631=VERTEX_POINT('',#6086);
#4632=LINE('',#6087,#6088);
#4633=LINE('',#6089,#6090);
#4634=VERTEX_POINT('',#6091);
#4635=LINE('',#6092,#6093);
#4636=LINE('',#6094,#6095);
#4637=LINE('',#6096,#6097);
#4638=VERTEX_POINT('',#6098);
#4639=LINE('',#6099,#6100);
#4640=VERTEX_POINT('',#6101);
#4641=LINE('',#6102,#6103);
#4642=LINE('',#6104,#6105);
#4643=VERTEX_POINT('',#6106);
#4644=LINE('',#6107,#6108);
#4645=VERTEX_POINT('',#6109);
#4646=LINE('',#6110,#6111);
#4647=LINE('',#6112,#6113);
#4648=VERTEX_POINT('',#6114);
#4649=LINE('',#6115,#6116);
#4650=VERTEX_POINT('',#6117);
#4651=LINE('',#6118,#6119);
#4652=LINE('',#6120,#6121);
#4653=VERTEX_POINT('',#6122);
#4654=LINE('',#6123,#6124);
#4655=VERTEX_POINT('',#6125);
#4656=LINE('',#6126,#6127);
#4657=LINE('',#6128,#6129);
#4658=VERTEX_POINT('',#6130);
#4659=LINE('',#6131,#6132);
#4660=LINE('',#6133,#6134);
#4661=LINE('',#6135,#6136);
#4662=VERTEX_POINT('',#6137);
#4663=LINE('',#6138,#6139);
#4664=LINE('',#6140,#6141);
#4665=VERTEX_POINT('',#6142);
#4666=LINE('',#6143,#6144);
#4667=LINE('',#6145,#6146);
#4668=VERTEX_POINT('',#6147);
#4669=LINE('',#6148,#6149);
#4670=LINE('',#6150,#6151);
#4671=LINE('',#6152,#6153);
#4672=LINE('',#6154,#6155);
#4673=LINE('',#6156,#6157);
#4674=VERTEX_POINT('',#6158);
#4675=LINE('',#6159,#6160);
#4676=VERTEX_POINT('',#6161);
#4677=LINE('',#6162,#6163);
#4678=LINE('',#6164,#6165);
#4679=VERTEX_POINT('',#6166);
#4680=LINE('',#6167,#6168);
#4681=LINE('',#6169,#6170);
#4682=VERTEX_POINT('',#6171);
#4683=LINE('',#6172,#6173);
#4684=LINE('',#6174,#6175);
#4685=LINE('',#6176,#6177);
#4686=CARTESIAN_POINT('',(-4.5212,0.9398,5.74247897497382E-17));
#4687=CARTESIAN_POINT('',(-4.5212,1.143,5.74247897497382E-17));
#4688=CARTESIAN_POINT('',(-4.5212,1.143,5.74247897497382E-17));
#4689=VECTOR('',#6178,1.0);
#4690=CARTESIAN_POINT('',(-3.81,0.9398,-0.7112));
#4691=AXIS2_PLACEMENT_3D('',#6179,#6180,#6181);
#4692=CARTESIAN_POINT('',(-3.81,1.143,-0.7112));
#4693=CARTESIAN_POINT('',(-3.81,1.143,-0.7112));
#4694=VECTOR('',#6182,0.2032);
#4695=AXIS2_PLACEMENT_3D('',#6183,#6184,#6185);
#4696=CARTESIAN_POINT('',(-3.0988,1.143,-5.74247897497382E-17));
#4697=CARTESIAN_POINT('',(-3.0988,0.9398,-5.74247897497382E-17));
#4698=CARTESIAN_POINT('',(-3.0988,1.143,-5.74247897497382E-17));
#4699=VECTOR('',#6186,1.0);
#4700=CARTESIAN_POINT('',(-3.2893,1.143,-0.484434670518104));
#4701=AXIS2_PLACEMENT_3D('',#6187,#6188,#6189);
#4702=CARTESIAN_POINT('',(-3.2893,0.9398,-0.484434670518104));
#4703=CARTESIAN_POINT('',(-3.2893,1.143,-0.484434670518104));
#4704=VECTOR('',#6190,0.2032);
#4705=AXIS2_PLACEMENT_3D('',#6191,#6192,#6193);
#4706=CARTESIAN_POINT('',(-1.9812,0.9398,5.74247897497382E-17));
#4707=CARTESIAN_POINT('',(-1.9812,1.143,5.74247897497382E-17));
#4708=CARTESIAN_POINT('',(-1.9812,1.143,5.74247897497382E-17));
#4709=VECTOR('',#6194,1.0);
#4710=CARTESIAN_POINT('',(-1.27,0.9398,-0.7112));
#4711=AXIS2_PLACEMENT_3D('',#6195,#6196,#6197);
#4712=CARTESIAN_POINT('',(-1.27,1.143,-0.7112));
#4713=CARTESIAN_POINT('',(-1.27,1.143,-0.7112));
#4714=VECTOR('',#6198,0.2032);
#4715=AXIS2_PLACEMENT_3D('',#6199,#6200,#6201);
#4716=CARTESIAN_POINT('',(-0.5588,1.143,-5.74247897497382E-17));
#4717=CARTESIAN_POINT('',(-0.5588,0.9398,-5.74247897497382E-17));
#4718=CARTESIAN_POINT('',(-0.5588,1.143,-5.74247897497382E-17));
#4719=VECTOR('',#6202,1.0);
#4720=CARTESIAN_POINT('',(-0.7493,1.143,-0.484434670518104));
#4721=AXIS2_PLACEMENT_3D('',#6203,#6204,#6205);
#4722=CARTESIAN_POINT('',(-0.7493,0.9398,-0.484434670518104));
#4723=CARTESIAN_POINT('',(-0.7493,1.143,-0.484434670518104));
#4724=VECTOR('',#6206,0.2032);
#4725=AXIS2_PLACEMENT_3D('',#6207,#6208,#6209);
#4726=CARTESIAN_POINT('',(0.5588,0.9398,8.51803653653671E-17));
#4727=CARTESIAN_POINT('',(0.5588,1.143,8.51803653653671E-17));
#4728=CARTESIAN_POINT('',(0.5588,1.143,8.51803653653671E-17));
#4729=VECTOR('',#6210,1.0);
#4730=CARTESIAN_POINT('',(1.27,0.9398,-0.7112));
#4731=AXIS2_PLACEMENT_3D('',#6211,#6212,#6213);
#4732=CARTESIAN_POINT('',(1.27,1.143,-0.7112));
#4733=CARTESIAN_POINT('',(1.27,1.143,-0.7112));
#4734=VECTOR('',#6214,0.2032);
#4735=AXIS2_PLACEMENT_3D('',#6215,#6216,#6217);
#4736=CARTESIAN_POINT('',(1.9812,1.143,-8.51803653653671E-17));
#4737=CARTESIAN_POINT('',(1.9812,0.9398,-8.51803653653671E-17));
#4738=CARTESIAN_POINT('',(1.9812,1.143,-8.51803653653671E-17));
#4739=VECTOR('',#6218,1.0);
#4740=CARTESIAN_POINT('',(1.7907,1.143,-0.484434670518104));
#4741=AXIS2_PLACEMENT_3D('',#6219,#6220,#6221);
#4742=CARTESIAN_POINT('',(1.7907,0.9398,-0.484434670518104));
#4743=CARTESIAN_POINT('',(1.7907,1.143,-0.484434670518104));
#4744=VECTOR('',#6222,0.2032);
#4745=AXIS2_PLACEMENT_3D('',#6223,#6224,#6225);
#4746=CARTESIAN_POINT('',(3.0988,0.9398,5.74247897497382E-17));
#4747=CARTESIAN_POINT('',(3.0988,1.143,5.74247897497382E-17));
#4748=CARTESIAN_POINT('',(3.0988,1.143,5.74247897497382E-17));
#4749=VECTOR('',#6226,1.0);
#4750=CARTESIAN_POINT('',(3.81,0.9398,-0.7112));
#4751=AXIS2_PLACEMENT_3D('',#6227,#6228,#6229);
#4752=CARTESIAN_POINT('',(3.81,1.143,-0.7112));
#4753=CARTESIAN_POINT('',(3.81,1.143,-0.7112));
#4754=VECTOR('',#6230,0.2032);
#4755=AXIS2_PLACEMENT_3D('',#6231,#6232,#6233);
#4756=CARTESIAN_POINT('',(4.5212,1.143,-5.74247897497382E-17));
#4757=CARTESIAN_POINT('',(4.5212,0.9398,-5.74247897497382E-17));
#4758=CARTESIAN_POINT('',(4.5212,1.143,-5.74247897497382E-17));
#4759=VECTOR('',#6234,1.0);
#4760=CARTESIAN_POINT('',(4.3307,1.143,-0.484434670518104));
#4761=AXIS2_PLACEMENT_3D('',#6235,#6236,#6237);
#4762=CARTESIAN_POINT('',(4.3307,0.9398,-0.484434670518104));
#4763=CARTESIAN_POINT('',(4.3307,1.143,-0.484434670518104));
#4764=VECTOR('',#6238,0.2032);
#4765=AXIS2_PLACEMENT_3D('',#6239,#6240,#6241);
#4766=CARTESIAN_POINT('',(4.7625,1.143,-1.1684));
#4767=CARTESIAN_POINT('',(4.7625,0.9398,-1.1684));
#4768=CARTESIAN_POINT('',(4.7625,1.143,-1.1684));
#4769=VECTOR('',#6242,0.2032);
#4770=CARTESIAN_POINT('',(4.7625,1.143,1.1684));
#4771=CARTESIAN_POINT('',(4.7625,1.143,1.1684));
#4772=VECTOR('',#6243,2.3368);
#4773=CARTESIAN_POINT('',(4.7625,0.9398,1.1684));
#4774=CARTESIAN_POINT('',(4.7625,0.9398,1.1684));
#4775=VECTOR('',#6244,0.2032);
#4776=CARTESIAN_POINT('',(4.7625,0.9398,0.9144));
#4777=CARTESIAN_POINT('',(4.7625,0.9398,0.9144));
#4778=VECTOR('',#6245,0.254);
#4779=CARTESIAN_POINT('',(4.7625,0.9398,-0.9144));
#4780=CARTESIAN_POINT('',(4.7625,0.9398,-0.9144));
#4781=VECTOR('',#6246,1.8288);
#4782=CARTESIAN_POINT('',(4.7625,0.9398,-1.1684));
#4783=VECTOR('',#6247,0.254);
#4784=CARTESIAN_POINT('',(4.7625,-0.9398,0.9144));
#4785=CARTESIAN_POINT('',(4.7625,-0.9398,-0.9144));
#4786=CARTESIAN_POINT('',(4.7625,-0.9398,0.9144));
#4787=VECTOR('',#6248,1.8288);
#4788=CARTESIAN_POINT('',(4.7625,-0.9398,1.1684));
#4789=CARTESIAN_POINT('',(4.7625,-0.9398,0.9144));
#4790=VECTOR('',#6249,0.254);
#4791=CARTESIAN_POINT('',(4.7625,-1.143,1.1684));
#4792=CARTESIAN_POINT('',(4.7625,-1.143,1.1684));
#4793=VECTOR('',#6250,0.2032);
#4794=CARTESIAN_POINT('',(4.7625,-1.143,-1.1684));
#4795=CARTESIAN_POINT('',(4.7625,-1.143,-1.1684));
#4796=VECTOR('',#6251,2.3368);
#4797=CARTESIAN_POINT('',(4.7625,-0.9398,-1.1684));
#4798=CARTESIAN_POINT('',(4.7625,-0.9398,-1.1684));
#4799=VECTOR('',#6252,0.2032);
#4800=CARTESIAN_POINT('',(4.7625,-0.9398,-1.1684));
#4801=VECTOR('',#6253,0.254);
#4802=CARTESIAN_POINT('',(-4.7625,0.9398,0.9144));
#4803=CARTESIAN_POINT('',(-4.7625,0.9398,1.1684));
#4804=CARTESIAN_POINT('',(-4.7625,0.9398,0.9144));
#4805=VECTOR('',#6254,0.254);
#4806=CARTESIAN_POINT('',(-5.08,0.9398,0.9144));
#4807=CARTESIAN_POINT('',(-5.08,0.9398,0.9144));
#4808=VECTOR('',#6255,0.3175);
#4809=CARTESIAN_POINT('',(-5.08,0.9398,1.0033));
#4810=CARTESIAN_POINT('',(-5.08,0.9398,1.0033));
#4811=VECTOR('',#6256,0.0889);
#4812=CARTESIAN_POINT('',(-4.7625,0.9398,1.2446));
#4813=CARTESIAN_POINT('',(-4.7625,0.9398,1.2446));
#4814=VECTOR('',#6257,0.398788089089994);
#4815=CARTESIAN_POINT('',(-2.794,0.9398,1.2446));
#4816=CARTESIAN_POINT('',(-2.794,0.9398,1.2446));
#4817=VECTOR('',#6258,1.9685);
#4818=CARTESIAN_POINT('',(-2.54,0.9398,0.9906));
#4819=CARTESIAN_POINT('',(-2.54,0.9398,0.9906));
#4820=VECTOR('',#6259,0.359210244842742);
#4821=CARTESIAN_POINT('',(-2.286,0.9398,1.2446));
#4822=CARTESIAN_POINT('',(-2.286,0.9398,1.2446));
#4823=VECTOR('',#6260,0.359210244842742);
#4824=CARTESIAN_POINT('',(-0.254,0.9398,1.2446));
#4825=CARTESIAN_POINT('',(-0.254,0.9398,1.2446));
#4826=VECTOR('',#6261,2.032);
#4827=CARTESIAN_POINT('',(0.0,0.9398,0.9906));
#4828=CARTESIAN_POINT('',(0.0,0.9398,0.9906));
#4829=VECTOR('',#6262,0.359210244842742);
#4830=CARTESIAN_POINT('',(0.254,0.9398,1.2446));
#4831=CARTESIAN_POINT('',(0.254,0.9398,1.2446));
#4832=VECTOR('',#6263,0.359210244842742);
#4833=CARTESIAN_POINT('',(2.286,0.9398,1.2446));
#4834=CARTESIAN_POINT('',(2.286,0.9398,1.2446));
#4835=VECTOR('',#6264,2.032);
#4836=CARTESIAN_POINT('',(2.54,0.9398,0.9906));
#4837=CARTESIAN_POINT('',(2.54,0.9398,0.9906));
#4838=VECTOR('',#6265,0.359210244842742);
#4839=CARTESIAN_POINT('',(2.794,0.9398,1.2446));
#4840=CARTESIAN_POINT('',(2.794,0.9398,1.2446));
#4841=VECTOR('',#6266,0.359210244842742);
#4842=CARTESIAN_POINT('',(4.7625,0.9398,1.2446));
#4843=CARTESIAN_POINT('',(4.7625,0.9398,1.2446));
#4844=VECTOR('',#6267,1.9685);
#4845=CARTESIAN_POINT('',(5.08,0.9398,1.0033));
#4846=CARTESIAN_POINT('',(5.08,0.9398,1.0033));
#4847=VECTOR('',#6268,0.398788089089994);
#4848=CARTESIAN_POINT('',(5.08,0.9398,0.9144));
#4849=CARTESIAN_POINT('',(5.08,0.9398,0.9144));
#4850=VECTOR('',#6269,0.0889);
#4851=CARTESIAN_POINT('',(4.7625,0.9398,0.9144));
#4852=VECTOR('',#6270,0.3175);
#4853=CARTESIAN_POINT('',(3.81,0.9398,1.1684));
#4854=CARTESIAN_POINT('',(4.7625,0.9398,1.1684));
#4855=VECTOR('',#6271,0.9525);
#4856=CARTESIAN_POINT('',(3.81,0.9398,0.7112));
#4857=CARTESIAN_POINT('',(3.81,0.9398,1.1684));
#4858=VECTOR('',#6272,0.4572);
#4859=AXIS2_PLACEMENT_3D('',#6273,#6274,#6275);
#4860=CARTESIAN_POINT('',(4.3307,0.9398,-1.1684));
#4861=CARTESIAN_POINT('',(4.3307,0.9398,-0.484434670518104));
#4862=VECTOR('',#6276,0.683965329481896);
#4863=CARTESIAN_POINT('',(4.7625,0.9398,-1.1684));
#4864=VECTOR('',#6277,0.4318);
#4865=CARTESIAN_POINT('',(5.08,0.9398,-0.9144));
#4866=CARTESIAN_POINT('',(5.08,0.9398,-0.9144));
#4867=VECTOR('',#6278,0.3175);
#4868=CARTESIAN_POINT('',(5.08,0.9398,-1.0033));
#4869=CARTESIAN_POINT('',(5.08,0.9398,-1.0033));
#4870=VECTOR('',#6279,0.0889);
#4871=CARTESIAN_POINT('',(4.7625,0.9398,-1.2446));
#4872=CARTESIAN_POINT('',(4.7625,0.9398,-1.2446));
#4873=VECTOR('',#6280,0.398788089089994);
#4874=CARTESIAN_POINT('',(2.794,0.9398,-1.2446));
#4875=CARTESIAN_POINT('',(4.7625,0.9398,-1.2446));
#4876=VECTOR('',#6281,1.9685);
#4877=CARTESIAN_POINT('',(2.54,0.9398,-0.9906));
#4878=CARTESIAN_POINT('',(2.54,0.9398,-0.9906));
#4879=VECTOR('',#6282,0.359210244842742);
#4880=CARTESIAN_POINT('',(2.286,0.9398,-1.2446));
#4881=CARTESIAN_POINT('',(2.286,0.9398,-1.2446));
#4882=VECTOR('',#6283,0.359210244842742);
#4883=CARTESIAN_POINT('',(0.254,0.9398,-1.2446));
#4884=CARTESIAN_POINT('',(2.286,0.9398,-1.2446));
#4885=VECTOR('',#6284,2.032);
#4886=CARTESIAN_POINT('',(0.0,0.9398,-0.9906));
#4887=CARTESIAN_POINT('',(0.0,0.9398,-0.9906));
#4888=VECTOR('',#6285,0.359210244842742);
#4889=CARTESIAN_POINT('',(-0.254,0.9398,-1.2446));
#4890=CARTESIAN_POINT('',(-0.254,0.9398,-1.2446));
#4891=VECTOR('',#6286,0.359210244842742);
#4892=CARTESIAN_POINT('',(-2.286,0.9398,-1.2446));
#4893=CARTESIAN_POINT('',(-0.254,0.9398,-1.2446));
#4894=VECTOR('',#6287,2.032);
#4895=CARTESIAN_POINT('',(-2.54,0.9398,-0.9906));
#4896=CARTESIAN_POINT('',(-2.54,0.9398,-0.9906));
#4897=VECTOR('',#6288,0.359210244842742);
#4898=CARTESIAN_POINT('',(-2.794,0.9398,-1.2446));
#4899=CARTESIAN_POINT('',(-2.794,0.9398,-1.2446));
#4900=VECTOR('',#6289,0.359210244842742);
#4901=CARTESIAN_POINT('',(-4.7625,0.9398,-1.2446));
#4902=CARTESIAN_POINT('',(-2.794,0.9398,-1.2446));
#4903=VECTOR('',#6290,1.9685);
#4904=CARTESIAN_POINT('',(-5.08,0.9398,-1.0033));
#4905=CARTESIAN_POINT('',(-5.08,0.9398,-1.0033));
#4906=VECTOR('',#6291,0.398788089089994);
#4907=CARTESIAN_POINT('',(-5.08,0.9398,-0.9144));
#4908=CARTESIAN_POINT('',(-5.08,0.9398,-0.9144));
#4909=VECTOR('',#6292,0.0889);
#4910=CARTESIAN_POINT('',(-4.7625,0.9398,-0.9144));
#4911=CARTESIAN_POINT('',(-4.7625,0.9398,-0.9144));
#4912=VECTOR('',#6293,0.3175);
#4913=CARTESIAN_POINT('',(-4.7625,0.9398,-1.1684));
#4914=CARTESIAN_POINT('',(-4.7625,0.9398,-1.1684));
#4915=VECTOR('',#6294,0.254);
#4916=CARTESIAN_POINT('',(-3.81,0.9398,-1.1684));
#4917=CARTESIAN_POINT('',(-3.81,0.9398,-1.1684));
#4918=VECTOR('',#6295,0.9525);
#4919=CARTESIAN_POINT('',(-3.81,0.9398,-1.1684));
#4920=VECTOR('',#6296,0.4572);
#4921=CARTESIAN_POINT('',(-4.3307,0.9398,0.484434670518104));
#4922=AXIS2_PLACEMENT_3D('',#6297,#6298,#6299);
#4923=CARTESIAN_POINT('',(-4.3307,0.9398,1.1684));
#4924=CARTESIAN_POINT('',(-4.3307,0.9398,0.484434670518104));
#4925=VECTOR('',#6300,0.683965329481896);
#4926=CARTESIAN_POINT('',(-4.3307,0.9398,1.1684));
#4927=VECTOR('',#6301,0.4318);
#4928=CARTESIAN_POINT('',(-2.2225,0.9398,1.1684));
#4929=CARTESIAN_POINT('',(-2.2225,0.9398,-1.1684));
#4930=CARTESIAN_POINT('',(-2.2225,0.9398,1.1684));
#4931=VECTOR('',#6302,2.3368);
#4932=CARTESIAN_POINT('',(-1.27,0.9398,-1.1684));
#4933=CARTESIAN_POINT('',(-1.27,0.9398,-1.1684));
#4934=VECTOR('',#6303,0.9525);
#4935=CARTESIAN_POINT('',(-1.27,0.9398,-1.1684));
#4936=VECTOR('',#6304,0.4572);
#4937=CARTESIAN_POINT('',(-1.7907,0.9398,0.484434670518104));
#4938=AXIS2_PLACEMENT_3D('',#6305,#6306,#6307);
#4939=CARTESIAN_POINT('',(-1.7907,0.9398,1.1684));
#4940=CARTESIAN_POINT('',(-1.7907,0.9398,0.484434670518104));
#4941=VECTOR('',#6308,0.683965329481896);
#4942=CARTESIAN_POINT('',(-1.7907,0.9398,1.1684));
#4943=VECTOR('',#6309,0.4318);
#4944=CARTESIAN_POINT('',(0.3175,0.9398,1.1684));
#4945=CARTESIAN_POINT('',(0.3175,0.9398,-1.1684));
#4946=CARTESIAN_POINT('',(0.3175,0.9398,1.1684));
#4947=VECTOR('',#6310,2.3368);
#4948=CARTESIAN_POINT('',(1.27,0.9398,-1.1684));
#4949=CARTESIAN_POINT('',(1.27,0.9398,-1.1684));
#4950=VECTOR('',#6311,0.9525);
#4951=CARTESIAN_POINT('',(1.27,0.9398,-1.1684));
#4952=VECTOR('',#6312,0.4572);
#4953=CARTESIAN_POINT('',(0.7493,0.9398,0.484434670518104));
#4954=AXIS2_PLACEMENT_3D('',#6313,#6314,#6315);
#4955=CARTESIAN_POINT('',(0.7493,0.9398,1.1684));
#4956=CARTESIAN_POINT('',(0.7493,0.9398,0.484434670518104));
#4957=VECTOR('',#6316,0.683965329481896);
#4958=CARTESIAN_POINT('',(0.7493,0.9398,1.1684));
#4959=VECTOR('',#6317,0.4318);
#4960=CARTESIAN_POINT('',(2.8575,0.9398,1.1684));
#4961=CARTESIAN_POINT('',(2.8575,0.9398,-1.1684));
#4962=CARTESIAN_POINT('',(2.8575,0.9398,1.1684));
#4963=VECTOR('',#6318,2.3368);
#4964=CARTESIAN_POINT('',(3.81,0.9398,-1.1684));
#4965=CARTESIAN_POINT('',(3.81,0.9398,-1.1684));
#4966=VECTOR('',#6319,0.9525);
#4967=CARTESIAN_POINT('',(3.81,0.9398,-1.1684));
#4968=VECTOR('',#6320,0.4572);
#4969=CARTESIAN_POINT('',(3.2893,0.9398,0.484434670518104));
#4970=AXIS2_PLACEMENT_3D('',#6321,#6322,#6323);
#4971=CARTESIAN_POINT('',(3.2893,0.9398,1.1684));
#4972=CARTESIAN_POINT('',(3.2893,0.9398,0.484434670518104));
#4973=VECTOR('',#6324,0.683965329481896);
#4974=CARTESIAN_POINT('',(3.2893,0.9398,1.1684));
#4975=VECTOR('',#6325,0.4318);
#4976=CARTESIAN_POINT('',(2.2225,0.9398,1.1684));
#4977=CARTESIAN_POINT('',(2.2225,0.9398,-1.1684));
#4978=CARTESIAN_POINT('',(2.2225,0.9398,1.1684));
#4979=VECTOR('',#6326,2.3368);
#4980=CARTESIAN_POINT('',(1.27,0.9398,1.1684));
#4981=CARTESIAN_POINT('',(2.2225,0.9398,1.1684));
#4982=VECTOR('',#6327,0.9525);
#4983=CARTESIAN_POINT('',(1.27,0.9398,0.7112));
#4984=CARTESIAN_POINT('',(1.27,0.9398,1.1684));
#4985=VECTOR('',#6328,0.4572);
#4986=AXIS2_PLACEMENT_3D('',#6329,#6330,#6331);
#4987=CARTESIAN_POINT('',(1.7907,0.9398,-1.1684));
#4988=CARTESIAN_POINT('',(1.7907,0.9398,-0.484434670518104));
#4989=VECTOR('',#6332,0.683965329481896);
#4990=CARTESIAN_POINT('',(2.2225,0.9398,-1.1684));
#4991=VECTOR('',#6333,0.4318);
#4992=CARTESIAN_POINT('',(-0.3175,0.9398,1.1684));
#4993=CARTESIAN_POINT('',(-0.3175,0.9398,-1.1684));
#4994=CARTESIAN_POINT('',(-0.3175,0.9398,1.1684));
#4995=VECTOR('',#6334,2.3368);
#4996=CARTESIAN_POINT('',(-1.27,0.9398,1.1684));
#4997=CARTESIAN_POINT('',(-0.3175,0.9398,1.1684));
#4998=VECTOR('',#6335,0.9525);
#4999=CARTESIAN_POINT('',(-1.27,0.9398,0.7112));
#5000=CARTESIAN_POINT('',(-1.27,0.9398,1.1684));
#5001=VECTOR('',#6336,0.4572);
#5002=AXIS2_PLACEMENT_3D('',#6337,#6338,#6339);
#5003=CARTESIAN_POINT('',(-0.7493,0.9398,-1.1684));
#5004=CARTESIAN_POINT('',(-0.7493,0.9398,-0.484434670518104));
#5005=VECTOR('',#6340,0.683965329481896);
#5006=CARTESIAN_POINT('',(-0.3175,0.9398,-1.1684));
#5007=VECTOR('',#6341,0.4318);
#5008=CARTESIAN_POINT('',(-2.8575,0.9398,1.1684));
#5009=CARTESIAN_POINT('',(-2.8575,0.9398,-1.1684));
#5010=CARTESIAN_POINT('',(-2.8575,0.9398,1.1684));
#5011=VECTOR('',#6342,2.3368);
#5012=CARTESIAN_POINT('',(-3.81,0.9398,1.1684));
#5013=CARTESIAN_POINT('',(-2.8575,0.9398,1.1684));
#5014=VECTOR('',#6343,0.9525);
#5015=CARTESIAN_POINT('',(-3.81,0.9398,0.7112));
#5016=CARTESIAN_POINT('',(-3.81,0.9398,1.1684));
#5017=VECTOR('',#6344,0.4572);
#5018=AXIS2_PLACEMENT_3D('',#6345,#6346,#6347);
#5019=CARTESIAN_POINT('',(-3.2893,0.9398,-1.1684));
#5020=CARTESIAN_POINT('',(-3.2893,0.9398,-0.484434670518104));
#5021=VECTOR('',#6348,0.683965329481896);
#5022=CARTESIAN_POINT('',(-2.8575,0.9398,-1.1684));
#5023=VECTOR('',#6349,0.4318);
#5024=CARTESIAN_POINT('',(3.4798,0.9398,-0.3302));
#5025=CARTESIAN_POINT('',(4.1402,0.9398,-0.3302));
#5026=CARTESIAN_POINT('',(3.4798,0.9398,-0.3302));
#5027=VECTOR('',#6350,0.6604);
#5028=CARTESIAN_POINT('',(4.1402,0.9398,0.3302));
#5029=CARTESIAN_POINT('',(4.1402,0.9398,0.3302));
#5030=VECTOR('',#6351,0.6604);
#5031=CARTESIAN_POINT('',(3.4798,0.9398,0.3302));
#5032=CARTESIAN_POINT('',(3.4798,0.9398,0.3302));
#5033=VECTOR('',#6352,0.6604);
#5034=CARTESIAN_POINT('',(3.4798,0.9398,0.3302));
#5035=VECTOR('',#6353,0.6604);
#5036=CARTESIAN_POINT('',(0.9398,0.9398,-0.3302));
#5037=CARTESIAN_POINT('',(1.6002,0.9398,-0.3302));
#5038=CARTESIAN_POINT('',(0.9398,0.9398,-0.3302));
#5039=VECTOR('',#6354,0.6604);
#5040=CARTESIAN_POINT('',(1.6002,0.9398,0.3302));
#5041=CARTESIAN_POINT('',(1.6002,0.9398,0.3302));
#5042=VECTOR('',#6355,0.6604);
#5043=CARTESIAN_POINT('',(0.9398,0.9398,0.3302));
#5044=CARTESIAN_POINT('',(0.9398,0.9398,0.3302));
#5045=VECTOR('',#6356,0.6604);
#5046=CARTESIAN_POINT('',(0.9398,0.9398,0.3302));
#5047=VECTOR('',#6357,0.6604);
#5048=CARTESIAN_POINT('',(-1.6002,0.9398,-0.3302));
#5049=CARTESIAN_POINT('',(-0.9398,0.9398,-0.3302));
#5050=CARTESIAN_POINT('',(-1.6002,0.9398,-0.3302));
#5051=VECTOR('',#6358,0.6604);
#5052=CARTESIAN_POINT('',(-0.9398,0.9398,0.3302));
#5053=CARTESIAN_POINT('',(-0.9398,0.9398,0.3302));
#5054=VECTOR('',#6359,0.6604);
#5055=CARTESIAN_POINT('',(-1.6002,0.9398,0.3302));
#5056=CARTESIAN_POINT('',(-1.6002,0.9398,0.3302));
#5057=VECTOR('',#6360,0.6604);
#5058=CARTESIAN_POINT('',(-1.6002,0.9398,0.3302));
#5059=VECTOR('',#6361,0.6604);
#5060=CARTESIAN_POINT('',(-4.1402,0.9398,-0.3302));
#5061=CARTESIAN_POINT('',(-3.4798,0.9398,-0.3302));
#5062=CARTESIAN_POINT('',(-4.1402,0.9398,-0.3302));
#5063=VECTOR('',#6362,0.6604);
#5064=CARTESIAN_POINT('',(-3.4798,0.9398,0.3302));
#5065=CARTESIAN_POINT('',(-3.4798,0.9398,0.3302));
#5066=VECTOR('',#6363,0.6604);
#5067=CARTESIAN_POINT('',(-4.1402,0.9398,0.3302));
#5068=CARTESIAN_POINT('',(-4.1402,0.9398,0.3302));
#5069=VECTOR('',#6364,0.6604);
#5070=CARTESIAN_POINT('',(-4.1402,0.9398,0.3302));
#5071=VECTOR('',#6365,0.6604);
#5072=CARTESIAN_POINT('',(3.2893,1.143,1.1684));
#5073=CARTESIAN_POINT('',(2.8575,1.143,1.1684));
#5074=CARTESIAN_POINT('',(3.2893,1.143,1.1684));
#5075=VECTOR('',#6366,0.4318);
#5076=CARTESIAN_POINT('',(2.8575,0.9398,1.1684));
#5077=VECTOR('',#6367,0.2032);
#5078=CARTESIAN_POINT('',(3.2893,0.9398,1.1684));
#5079=VECTOR('',#6368,0.2032);
#5080=CARTESIAN_POINT('',(3.81,1.143,1.1684));
#5081=CARTESIAN_POINT('',(4.7625,1.143,1.1684));
#5082=VECTOR('',#6369,0.9525);
#5083=CARTESIAN_POINT('',(3.81,0.9398,1.1684));
#5084=VECTOR('',#6370,0.2032);
#5085=CARTESIAN_POINT('',(0.7493,1.143,1.1684));
#5086=CARTESIAN_POINT('',(0.3175,1.143,1.1684));
#5087=CARTESIAN_POINT('',(0.7493,1.143,1.1684));
#5088=VECTOR('',#6371,0.4318);
#5089=CARTESIAN_POINT('',(0.3175,0.9398,1.1684));
#5090=VECTOR('',#6372,0.2032);
#5091=CARTESIAN_POINT('',(0.7493,0.9398,1.1684));
#5092=VECTOR('',#6373,0.2032);
#5093=CARTESIAN_POINT('',(2.2225,1.143,1.1684));
#5094=CARTESIAN_POINT('',(2.2225,0.9398,1.1684));
#5095=VECTOR('',#6374,0.2032);
#5096=CARTESIAN_POINT('',(1.27,1.143,1.1684));
#5097=CARTESIAN_POINT('',(2.2225,1.143,1.1684));
#5098=VECTOR('',#6375,0.9525);
#5099=CARTESIAN_POINT('',(1.27,0.9398,1.1684));
#5100=VECTOR('',#6376,0.2032);
#5101=CARTESIAN_POINT('',(-1.7907,1.143,1.1684));
#5102=CARTESIAN_POINT('',(-2.2225,1.143,1.1684));
#5103=CARTESIAN_POINT('',(-1.7907,1.143,1.1684));
#5104=VECTOR('',#6377,0.4318);
#5105=CARTESIAN_POINT('',(-2.2225,0.9398,1.1684));
#5106=VECTOR('',#6378,0.2032);
#5107=CARTESIAN_POINT('',(-1.7907,0.9398,1.1684));
#5108=VECTOR('',#6379,0.2032);
#5109=CARTESIAN_POINT('',(-0.3175,1.143,1.1684));
#5110=CARTESIAN_POINT('',(-0.3175,0.9398,1.1684));
#5111=VECTOR('',#6380,0.2032);
#5112=CARTESIAN_POINT('',(-1.27,1.143,1.1684));
#5113=CARTESIAN_POINT('',(-0.3175,1.143,1.1684));
#5114=VECTOR('',#6381,0.9525);
#5115=CARTESIAN_POINT('',(-1.27,0.9398,1.1684));
#5116=VECTOR('',#6382,0.2032);
#5117=CARTESIAN_POINT('',(-4.3307,1.143,1.1684));
#5118=CARTESIAN_POINT('',(-4.7625,1.143,1.1684));
#5119=CARTESIAN_POINT('',(-4.3307,1.143,1.1684));
#5120=VECTOR('',#6383,0.4318);
#5121=CARTESIAN_POINT('',(-4.7625,0.9398,1.1684));
#5122=VECTOR('',#6384,0.2032);
#5123=CARTESIAN_POINT('',(-4.3307,0.9398,1.1684));
#5124=VECTOR('',#6385,0.2032);
#5125=CARTESIAN_POINT('',(-2.8575,1.143,1.1684));
#5126=CARTESIAN_POINT('',(-2.8575,0.9398,1.1684));
#5127=VECTOR('',#6386,0.2032);
#5128=CARTESIAN_POINT('',(-3.81,1.143,1.1684));
#5129=CARTESIAN_POINT('',(-2.8575,1.143,1.1684));
#5130=VECTOR('',#6387,0.9525);
#5131=CARTESIAN_POINT('',(-3.81,0.9398,1.1684));
#5132=VECTOR('',#6388,0.2032);
#5133=CARTESIAN_POINT('',(3.2893,1.143,0.484434670518104));
#5134=CARTESIAN_POINT('',(3.2893,1.143,0.484434670518104));
#5135=VECTOR('',#6389,0.2032);
#5136=CARTESIAN_POINT('',(3.2893,1.143,1.1684));
#5137=VECTOR('',#6390,0.683965329481896);
#5138=CARTESIAN_POINT('',(3.81,1.143,0.7112));
#5139=CARTESIAN_POINT('',(3.81,1.143,1.1684));
#5140=VECTOR('',#6391,0.4572);
#5141=CARTESIAN_POINT('',(4.3307,1.143,-1.1684));
#5142=CARTESIAN_POINT('',(4.7625,1.143,-1.1684));
#5143=VECTOR('',#6392,0.4318);
#5144=CARTESIAN_POINT('',(4.3307,1.143,-1.1684));
#5145=VECTOR('',#6393,0.683965329481896);
#5146=AXIS2_PLACEMENT_3D('',#6394,#6395,#6396);
#5147=CARTESIAN_POINT('',(3.81,1.143,-1.1684));
#5148=CARTESIAN_POINT('',(2.8575,1.143,-1.1684));
#5149=CARTESIAN_POINT('',(3.81,1.143,-1.1684));
#5150=VECTOR('',#6397,0.9525);
#5151=CARTESIAN_POINT('',(2.8575,1.143,1.1684));
#5152=VECTOR('',#6398,2.3368);
#5153=AXIS2_PLACEMENT_3D('',#6399,#6400,#6401);
#5154=CARTESIAN_POINT('',(3.81,1.143,-1.1684));
#5155=VECTOR('',#6402,0.4572);
#5156=CARTESIAN_POINT('',(1.27,1.143,0.7112));
#5157=CARTESIAN_POINT('',(1.27,1.143,1.1684));
#5158=VECTOR('',#6403,0.4572);
#5159=CARTESIAN_POINT('',(2.2225,1.143,-1.1684));
#5160=CARTESIAN_POINT('',(2.2225,1.143,1.1684));
#5161=VECTOR('',#6404,2.3368);
#5162=CARTESIAN_POINT('',(1.7907,1.143,-1.1684));
#5163=CARTESIAN_POINT('',(2.2225,1.143,-1.1684));
#5164=VECTOR('',#6405,0.4318);
#5165=CARTESIAN_POINT('',(1.7907,1.143,-1.1684));
#5166=VECTOR('',#6406,0.683965329481896);
#5167=AXIS2_PLACEMENT_3D('',#6407,#6408,#6409);
#5168=CARTESIAN_POINT('',(1.27,1.143,-1.1684));
#5169=CARTESIAN_POINT('',(0.3175,1.143,-1.1684));
#5170=CARTESIAN_POINT('',(1.27,1.143,-1.1684));
#5171=VECTOR('',#6410,0.9525);
#5172=CARTESIAN_POINT('',(0.3175,1.143,1.1684));
#5173=VECTOR('',#6411,2.3368);
#5174=CARTESIAN_POINT('',(0.7493,1.143,0.484434670518104));
#5175=CARTESIAN_POINT('',(0.7493,1.143,1.1684));
#5176=VECTOR('',#6412,0.683965329481896);
#5177=AXIS2_PLACEMENT_3D('',#6413,#6414,#6415);
#5178=CARTESIAN_POINT('',(1.27,1.143,-1.1684));
#5179=VECTOR('',#6416,0.4572);
#5180=CARTESIAN_POINT('',(-1.27,1.143,0.7112));
#5181=CARTESIAN_POINT('',(-1.27,1.143,1.1684));
#5182=VECTOR('',#6417,0.4572);
#5183=CARTESIAN_POINT('',(-0.3175,1.143,-1.1684));
#5184=CARTESIAN_POINT('',(-0.3175,1.143,1.1684));
#5185=VECTOR('',#6418,2.3368);
#5186=CARTESIAN_POINT('',(-0.7493,1.143,-1.1684));
#5187=CARTESIAN_POINT('',(-0.3175,1.143,-1.1684));
#5188=VECTOR('',#6419,0.4318);
#5189=CARTESIAN_POINT('',(-0.7493,1.143,-1.1684));
#5190=VECTOR('',#6420,0.683965329481896);
#5191=AXIS2_PLACEMENT_3D('',#6421,#6422,#6423);
#5192=CARTESIAN_POINT('',(-1.27,1.143,-1.1684));
#5193=CARTESIAN_POINT('',(-2.2225,1.143,-1.1684));
#5194=CARTESIAN_POINT('',(-1.27,1.143,-1.1684));
#5195=VECTOR('',#6424,0.9525);
#5196=CARTESIAN_POINT('',(-2.2225,1.143,1.1684));
#5197=VECTOR('',#6425,2.3368);
#5198=CARTESIAN_POINT('',(-1.7907,1.143,0.484434670518104));
#5199=CARTESIAN_POINT('',(-1.7907,1.143,1.1684));
#5200=VECTOR('',#6426,0.683965329481896);
#5201=AXIS2_PLACEMENT_3D('',#6427,#6428,#6429);
#5202=CARTESIAN_POINT('',(-1.27,1.143,-1.1684));
#5203=VECTOR('',#6430,0.4572);
#5204=CARTESIAN_POINT('',(-3.81,1.143,0.7112));
#5205=CARTESIAN_POINT('',(-3.81,1.143,1.1684));
#5206=VECTOR('',#6431,0.4572);
#5207=CARTESIAN_POINT('',(-2.8575,1.143,-1.1684));
#5208=CARTESIAN_POINT('',(-2.8575,1.143,1.1684));
#5209=VECTOR('',#6432,2.3368);
#5210=CARTESIAN_POINT('',(-3.2893,1.143,-1.1684));
#5211=CARTESIAN_POINT('',(-2.8575,1.143,-1.1684));
#5212=VECTOR('',#6433,0.4318);
#5213=CARTESIAN_POINT('',(-3.2893,1.143,-1.1684));
#5214=VECTOR('',#6434,0.683965329481896);
#5215=AXIS2_PLACEMENT_3D('',#6435,#6436,#6437);
#5216=CARTESIAN_POINT('',(-3.81,1.143,-1.1684));
#5217=CARTESIAN_POINT('',(-4.7625,1.143,-1.1684));
#5218=CARTESIAN_POINT('',(-3.81,1.143,-1.1684));
#5219=VECTOR('',#6438,0.9525);
#5220=CARTESIAN_POINT('',(-4.7625,1.143,1.1684));
#5221=VECTOR('',#6439,2.3368);
#5222=CARTESIAN_POINT('',(-4.3307,1.143,0.484434670518104));
#5223=CARTESIAN_POINT('',(-4.3307,1.143,1.1684));
#5224=VECTOR('',#6440,0.683965329481896);
#5225=AXIS2_PLACEMENT_3D('',#6441,#6442,#6443);
#5226=CARTESIAN_POINT('',(-3.81,1.143,-1.1684));
#5227=VECTOR('',#6444,0.4572);
#5228=CARTESIAN_POINT('',(3.81,1.143,0.7112));
#5229=VECTOR('',#6445,0.2032);
#5230=CARTESIAN_POINT('',(4.3307,1.143,-1.1684));
#5231=VECTOR('',#6446,0.2032);
#5232=CARTESIAN_POINT('',(2.8575,1.143,-1.1684));
#5233=VECTOR('',#6447,0.2032);
#5234=CARTESIAN_POINT('',(3.81,1.143,-1.1684));
#5235=VECTOR('',#6448,0.2032);
#5236=CARTESIAN_POINT('',(2.2225,1.143,-1.1684));
#5237=VECTOR('',#6449,0.2032);
#5238=CARTESIAN_POINT('',(1.7907,1.143,-1.1684));
#5239=VECTOR('',#6450,0.2032);
#5240=CARTESIAN_POINT('',(0.3175,1.143,-1.1684));
#5241=VECTOR('',#6451,0.2032);
#5242=CARTESIAN_POINT('',(1.27,1.143,-1.1684));
#5243=VECTOR('',#6452,0.2032);
#5244=CARTESIAN_POINT('',(-0.3175,1.143,-1.1684));
#5245=VECTOR('',#6453,0.2032);
#5246=CARTESIAN_POINT('',(-0.7493,1.143,-1.1684));
#5247=VECTOR('',#6454,0.2032);
#5248=CARTESIAN_POINT('',(-2.2225,1.143,-1.1684));
#5249=VECTOR('',#6455,0.2032);
#5250=CARTESIAN_POINT('',(-1.27,1.143,-1.1684));
#5251=VECTOR('',#6456,0.2032);
#5252=CARTESIAN_POINT('',(-2.8575,1.143,-1.1684));
#5253=VECTOR('',#6457,0.2032);
#5254=CARTESIAN_POINT('',(-3.2893,1.143,-1.1684));
#5255=VECTOR('',#6458,0.2032);
#5256=CARTESIAN_POINT('',(-4.7625,1.143,-1.1684));
#5257=VECTOR('',#6459,0.2032);
#5258=CARTESIAN_POINT('',(-3.81,1.143,-1.1684));
#5259=VECTOR('',#6460,0.2032);
#5260=CARTESIAN_POINT('',(1.27,1.143,0.7112));
#5261=VECTOR('',#6461,0.2032);
#5262=CARTESIAN_POINT('',(0.7493,1.143,0.484434670518104));
#5263=VECTOR('',#6462,0.2032);
#5264=CARTESIAN_POINT('',(-1.27,1.143,0.7112));
#5265=VECTOR('',#6463,0.2032);
#5266=CARTESIAN_POINT('',(-1.7907,1.143,0.484434670518104));
#5267=VECTOR('',#6464,0.2032);
#5268=CARTESIAN_POINT('',(-3.81,1.143,0.7112));
#5269=VECTOR('',#6465,0.2032);
#5270=CARTESIAN_POINT('',(-4.3307,1.143,0.484434670518104));
#5271=VECTOR('',#6466,0.2032);
#5272=CARTESIAN_POINT('',(-4.7625,-0.9398,-0.9144));
#5273=CARTESIAN_POINT('',(-4.7625,0.9398,-0.9144));
#5274=VECTOR('',#6467,1.8796);
#5275=CARTESIAN_POINT('',(-4.7625,-0.9398,-1.1684));
#5276=CARTESIAN_POINT('',(-4.7625,-0.9398,-1.1684));
#5277=VECTOR('',#6468,0.254);
#5278=CARTESIAN_POINT('',(-4.7625,-1.143,-1.1684));
#5279=CARTESIAN_POINT('',(-4.7625,-0.9398,-1.1684));
#5280=VECTOR('',#6469,0.2032);
#5281=CARTESIAN_POINT('',(-4.7625,-1.143,1.1684));
#5282=CARTESIAN_POINT('',(-4.7625,-1.143,-1.1684));
#5283=VECTOR('',#6470,2.3368);
#5284=CARTESIAN_POINT('',(-4.7625,-0.9398,1.1684));
#5285=CARTESIAN_POINT('',(-4.7625,-1.143,1.1684));
#5286=VECTOR('',#6471,0.2032);
#5287=CARTESIAN_POINT('',(-4.7625,-0.9398,0.9144));
#5288=CARTESIAN_POINT('',(-4.7625,-0.9398,0.9144));
#5289=VECTOR('',#6472,0.254);
#5290=CARTESIAN_POINT('',(-4.7625,0.9398,0.9144));
#5291=VECTOR('',#6473,1.8796);
#5292=CARTESIAN_POINT('',(-5.08,-0.9398,0.9144));
#5293=CARTESIAN_POINT('',(-5.08,-0.9398,0.9144));
#5294=VECTOR('',#6474,0.3175);
#5295=CARTESIAN_POINT('',(-5.08,0.9398,0.9144));
#5296=VECTOR('',#6475,1.8796);
#5297=CARTESIAN_POINT('',(-5.08,-0.9398,1.0033));
#5298=CARTESIAN_POINT('',(-5.08,-0.9398,1.0033));
#5299=VECTOR('',#6476,0.0889);
#5300=CARTESIAN_POINT('',(-5.08,0.9398,1.0033));
#5301=VECTOR('',#6477,1.8796);
#5302=CARTESIAN_POINT('',(-4.7625,-0.9398,1.2446));
#5303=CARTESIAN_POINT('',(-4.7625,-0.9398,1.2446));
#5304=VECTOR('',#6478,0.398788089089994);
#5305=CARTESIAN_POINT('',(-4.7625,0.9398,1.2446));
#5306=VECTOR('',#6479,1.8796);
#5307=CARTESIAN_POINT('',(4.7625,-0.9398,1.2446));
#5308=CARTESIAN_POINT('',(4.7625,0.9398,1.2446));
#5309=VECTOR('',#6480,1.8796);
#5310=CARTESIAN_POINT('',(2.794,-0.9398,1.2446));
#5311=CARTESIAN_POINT('',(2.794,-0.9398,1.2446));
#5312=VECTOR('',#6481,1.8796);
#5313=CARTESIAN_POINT('',(4.7625,-0.9398,1.2446));
#5314=VECTOR('',#6482,1.9685);
#5315=CARTESIAN_POINT('',(2.286,-0.9398,1.2446));
#5316=CARTESIAN_POINT('',(0.254,-0.9398,1.2446));
#5317=CARTESIAN_POINT('',(2.286,-0.9398,1.2446));
#5318=VECTOR('',#6483,2.032);
#5319=CARTESIAN_POINT('',(2.286,-0.9398,1.2446));
#5320=VECTOR('',#6484,1.8796);
#5321=CARTESIAN_POINT('',(0.254,-0.9398,1.2446));
#5322=VECTOR('',#6485,1.8796);
#5323=CARTESIAN_POINT('',(-0.254,-0.9398,1.2446));
#5324=CARTESIAN_POINT('',(-2.286,-0.9398,1.2446));
#5325=CARTESIAN_POINT('',(-0.254,-0.9398,1.2446));
#5326=VECTOR('',#6486,2.032);
#5327=CARTESIAN_POINT('',(-0.254,-0.9398,1.2446));
#5328=VECTOR('',#6487,1.8796);
#5329=CARTESIAN_POINT('',(-2.286,-0.9398,1.2446));
#5330=VECTOR('',#6488,1.8796);
#5331=CARTESIAN_POINT('',(-2.794,-0.9398,1.2446));
#5332=CARTESIAN_POINT('',(-2.794,-0.9398,1.2446));
#5333=VECTOR('',#6489,1.9685);
#5334=CARTESIAN_POINT('',(-2.794,-0.9398,1.2446));
#5335=VECTOR('',#6490,1.8796);
#5336=CARTESIAN_POINT('',(-5.08,-0.9398,-0.9144));
#5337=CARTESIAN_POINT('',(-4.7625,-0.9398,-0.9144));
#5338=VECTOR('',#6491,0.3175);
#5339=CARTESIAN_POINT('',(-5.08,-0.9398,-1.0033));
#5340=CARTESIAN_POINT('',(-5.08,-0.9398,-0.9144));
#5341=VECTOR('',#6492,0.0889);
#5342=CARTESIAN_POINT('',(-4.7625,-0.9398,-1.2446));
#5343=CARTESIAN_POINT('',(-5.08,-0.9398,-1.0033));
#5344=VECTOR('',#6493,0.398788089089994);
#5345=CARTESIAN_POINT('',(-2.794,-0.9398,-1.2446));
#5346=CARTESIAN_POINT('',(-2.794,-0.9398,-1.2446));
#5347=VECTOR('',#6494,1.9685);
#5348=CARTESIAN_POINT('',(-2.54,-0.9398,-0.9906));
#5349=CARTESIAN_POINT('',(-2.54,-0.9398,-0.9906));
#5350=VECTOR('',#6495,0.359210244842742);
#5351=CARTESIAN_POINT('',(-2.286,-0.9398,-1.2446));
#5352=CARTESIAN_POINT('',(-2.286,-0.9398,-1.2446));
#5353=VECTOR('',#6496,0.359210244842742);
#5354=CARTESIAN_POINT('',(-0.254,-0.9398,-1.2446));
#5355=CARTESIAN_POINT('',(-0.254,-0.9398,-1.2446));
#5356=VECTOR('',#6497,2.032);
#5357=CARTESIAN_POINT('',(0.0,-0.9398,-0.9906));
#5358=CARTESIAN_POINT('',(0.0,-0.9398,-0.9906));
#5359=VECTOR('',#6498,0.359210244842742);
#5360=CARTESIAN_POINT('',(0.254,-0.9398,-1.2446));
#5361=CARTESIAN_POINT('',(0.254,-0.9398,-1.2446));
#5362=VECTOR('',#6499,0.359210244842742);
#5363=CARTESIAN_POINT('',(2.286,-0.9398,-1.2446));
#5364=CARTESIAN_POINT('',(2.286,-0.9398,-1.2446));
#5365=VECTOR('',#6500,2.032);
#5366=CARTESIAN_POINT('',(2.54,-0.9398,-0.9906));
#5367=CARTESIAN_POINT('',(2.54,-0.9398,-0.9906));
#5368=VECTOR('',#6501,0.359210244842742);
#5369=CARTESIAN_POINT('',(2.794,-0.9398,-1.2446));
#5370=CARTESIAN_POINT('',(2.794,-0.9398,-1.2446));
#5371=VECTOR('',#6502,0.359210244842742);
#5372=CARTESIAN_POINT('',(4.7625,-0.9398,-1.2446));
#5373=CARTESIAN_POINT('',(4.7625,-0.9398,-1.2446));
#5374=VECTOR('',#6503,1.9685);
#5375=CARTESIAN_POINT('',(5.08,-0.9398,-1.0033));
#5376=CARTESIAN_POINT('',(4.7625,-0.9398,-1.2446));
#5377=VECTOR('',#6504,0.398788089089994);
#5378=CARTESIAN_POINT('',(5.08,-0.9398,-0.9144));
#5379=CARTESIAN_POINT('',(5.08,-0.9398,-1.0033));
#5380=VECTOR('',#6505,0.0889);
#5381=CARTESIAN_POINT('',(5.08,-0.9398,-0.9144));
#5382=VECTOR('',#6506,0.3175);
#5383=CARTESIAN_POINT('',(3.81,-0.9398,-1.1684));
#5384=CARTESIAN_POINT('',(4.7625,-0.9398,-1.1684));
#5385=VECTOR('',#6507,0.9525);
#5386=CARTESIAN_POINT('',(3.81,-0.9398,-0.7112));
#5387=CARTESIAN_POINT('',(3.81,-0.9398,-1.1684));
#5388=VECTOR('',#6508,0.4572);
#5389=CARTESIAN_POINT('',(4.3434,-0.9398,-0.47041458310723));
#5390=AXIS2_PLACEMENT_3D('',#6509,#6510,#6511);
#5391=CARTESIAN_POINT('',(4.3434,-0.9398,1.1684));
#5392=CARTESIAN_POINT('',(4.3434,-0.9398,-0.47041458310723));
#5393=VECTOR('',#6512,1.63881458310723);
#5394=CARTESIAN_POINT('',(4.7625,-0.9398,1.1684));
#5395=VECTOR('',#6513,0.4191);
#5396=CARTESIAN_POINT('',(5.08,-0.9398,0.9144));
#5397=CARTESIAN_POINT('',(4.7625,-0.9398,0.9144));
#5398=VECTOR('',#6514,0.3175);
#5399=CARTESIAN_POINT('',(5.08,-0.9398,1.0033));
#5400=CARTESIAN_POINT('',(5.08,-0.9398,0.9144));
#5401=VECTOR('',#6515,0.0889);
#5402=CARTESIAN_POINT('',(5.08,-0.9398,1.0033));
#5403=VECTOR('',#6516,0.398788089089994);
#5404=CARTESIAN_POINT('',(2.54,-0.9398,0.9906));
#5405=CARTESIAN_POINT('',(2.54,-0.9398,0.9906));
#5406=VECTOR('',#6517,0.359210244842742);
#5407=CARTESIAN_POINT('',(2.286,-0.9398,1.2446));
#5408=VECTOR('',#6518,0.359210244842742);
#5409=CARTESIAN_POINT('',(0.0,-0.9398,0.9906));
#5410=CARTESIAN_POINT('',(0.0,-0.9398,0.9906));
#5411=VECTOR('',#6519,0.359210244842742);
#5412=CARTESIAN_POINT('',(-0.254,-0.9398,1.2446));
#5413=VECTOR('',#6520,0.359210244842742);
#5414=CARTESIAN_POINT('',(-2.54,-0.9398,0.9906));
#5415=CARTESIAN_POINT('',(-2.54,-0.9398,0.9906));
#5416=VECTOR('',#6521,0.359210244842742);
#5417=CARTESIAN_POINT('',(-2.794,-0.9398,1.2446));
#5418=VECTOR('',#6522,0.359210244842742);
#5419=CARTESIAN_POINT('',(-3.81,-0.9398,1.1684));
#5420=CARTESIAN_POINT('',(-3.81,-0.9398,1.1684));
#5421=VECTOR('',#6523,0.9525);
#5422=CARTESIAN_POINT('',(-3.81,-0.9398,0.7112));
#5423=CARTESIAN_POINT('',(-3.81,-0.9398,1.1684));
#5424=VECTOR('',#6524,0.4572);
#5425=CARTESIAN_POINT('',(-4.3434,-0.9398,0.47041458310723));
#5426=AXIS2_PLACEMENT_3D('',#6525,#6526,#6527);
#5427=CARTESIAN_POINT('',(-4.3434,-0.9398,-1.1684));
#5428=CARTESIAN_POINT('',(-4.3434,-0.9398,0.47041458310723));
#5429=VECTOR('',#6528,1.63881458310723);
#5430=CARTESIAN_POINT('',(-4.3434,-0.9398,-1.1684));
#5431=VECTOR('',#6529,0.4191);
#5432=CARTESIAN_POINT('',(-0.3175,-0.9398,1.1684));
#5433=CARTESIAN_POINT('',(-0.3175,-0.9398,-1.1684));
#5434=CARTESIAN_POINT('',(-0.3175,-0.9398,1.1684));
#5435=VECTOR('',#6530,2.3368);
#5436=CARTESIAN_POINT('',(-1.27,-0.9398,-1.1684));
#5437=CARTESIAN_POINT('',(-0.3175,-0.9398,-1.1684));
#5438=VECTOR('',#6531,0.9525);
#5439=CARTESIAN_POINT('',(-1.27,-0.9398,-0.7112));
#5440=CARTESIAN_POINT('',(-1.27,-0.9398,-1.1684));
#5441=VECTOR('',#6532,0.4572);
#5442=CARTESIAN_POINT('',(-0.7366,-0.9398,-0.47041458310723));
#5443=AXIS2_PLACEMENT_3D('',#6533,#6534,#6535);
#5444=CARTESIAN_POINT('',(-0.7366,-0.9398,1.1684));
#5445=CARTESIAN_POINT('',(-0.7366,-0.9398,-0.47041458310723));
#5446=VECTOR('',#6536,1.63881458310723);
#5447=CARTESIAN_POINT('',(-0.3175,-0.9398,1.1684));
#5448=VECTOR('',#6537,0.4191);
#5449=CARTESIAN_POINT('',(2.2225,-0.9398,1.1684));
#5450=CARTESIAN_POINT('',(2.2225,-0.9398,-1.1684));
#5451=CARTESIAN_POINT('',(2.2225,-0.9398,1.1684));
#5452=VECTOR('',#6538,2.3368);
#5453=CARTESIAN_POINT('',(1.27,-0.9398,-1.1684));
#5454=CARTESIAN_POINT('',(2.2225,-0.9398,-1.1684));
#5455=VECTOR('',#6539,0.9525);
#5456=CARTESIAN_POINT('',(1.27,-0.9398,-0.7112));
#5457=CARTESIAN_POINT('',(1.27,-0.9398,-1.1684));
#5458=VECTOR('',#6540,0.4572);
#5459=CARTESIAN_POINT('',(1.8034,-0.9398,-0.47041458310723));
#5460=AXIS2_PLACEMENT_3D('',#6541,#6542,#6543);
#5461=CARTESIAN_POINT('',(1.8034,-0.9398,1.1684));
#5462=CARTESIAN_POINT('',(1.8034,-0.9398,-0.47041458310723));
#5463=VECTOR('',#6544,1.63881458310723);
#5464=CARTESIAN_POINT('',(2.2225,-0.9398,1.1684));
#5465=VECTOR('',#6545,0.4191);
#5466=CARTESIAN_POINT('',(2.8575,-0.9398,1.1684));
#5467=CARTESIAN_POINT('',(2.8575,-0.9398,-1.1684));
#5468=CARTESIAN_POINT('',(2.8575,-0.9398,1.1684));
#5469=VECTOR('',#6546,2.3368);
#5470=CARTESIAN_POINT('',(3.81,-0.9398,1.1684));
#5471=CARTESIAN_POINT('',(3.81,-0.9398,1.1684));
#5472=VECTOR('',#6547,0.9525);
#5473=CARTESIAN_POINT('',(3.81,-0.9398,0.7112));
#5474=CARTESIAN_POINT('',(3.81,-0.9398,1.1684));
#5475=VECTOR('',#6548,0.4572);
#5476=CARTESIAN_POINT('',(3.2766,-0.9398,0.47041458310723));
#5477=AXIS2_PLACEMENT_3D('',#6549,#6550,#6551);
#5478=CARTESIAN_POINT('',(3.2766,-0.9398,-1.1684));
#5479=CARTESIAN_POINT('',(3.2766,-0.9398,0.47041458310723));
#5480=VECTOR('',#6552,1.63881458310723);
#5481=CARTESIAN_POINT('',(3.2766,-0.9398,-1.1684));
#5482=VECTOR('',#6553,0.4191);
#5483=CARTESIAN_POINT('',(0.3175,-0.9398,1.1684));
#5484=CARTESIAN_POINT('',(0.3175,-0.9398,-1.1684));
#5485=CARTESIAN_POINT('',(0.3175,-0.9398,1.1684));
#5486=VECTOR('',#6554,2.3368);
#5487=CARTESIAN_POINT('',(1.27,-0.9398,1.1684));
#5488=CARTESIAN_POINT('',(1.27,-0.9398,1.1684));
#5489=VECTOR('',#6555,0.9525);
#5490=CARTESIAN_POINT('',(1.27,-0.9398,0.7112));
#5491=CARTESIAN_POINT('',(1.27,-0.9398,1.1684));
#5492=VECTOR('',#6556,0.4572);
#5493=CARTESIAN_POINT('',(0.7366,-0.9398,0.47041458310723));
#5494=AXIS2_PLACEMENT_3D('',#6557,#6558,#6559);
#5495=CARTESIAN_POINT('',(0.7366,-0.9398,-1.1684));
#5496=CARTESIAN_POINT('',(0.7366,-0.9398,0.47041458310723));
#5497=VECTOR('',#6560,1.63881458310723);
#5498=CARTESIAN_POINT('',(0.7366,-0.9398,-1.1684));
#5499=VECTOR('',#6561,0.4191);
#5500=CARTESIAN_POINT('',(-2.2225,-0.9398,1.1684));
#5501=CARTESIAN_POINT('',(-2.2225,-0.9398,-1.1684));
#5502=CARTESIAN_POINT('',(-2.2225,-0.9398,1.1684));
#5503=VECTOR('',#6562,2.3368);
#5504=CARTESIAN_POINT('',(-1.27,-0.9398,1.1684));
#5505=CARTESIAN_POINT('',(-1.27,-0.9398,1.1684));
#5506=VECTOR('',#6563,0.9525);
#5507=CARTESIAN_POINT('',(-1.27,-0.9398,0.7112));
#5508=CARTESIAN_POINT('',(-1.27,-0.9398,1.1684));
#5509=VECTOR('',#6564,0.4572);
#5510=CARTESIAN_POINT('',(-1.8034,-0.9398,0.47041458310723));
#5511=AXIS2_PLACEMENT_3D('',#6565,#6566,#6567);
#5512=CARTESIAN_POINT('',(-1.8034,-0.9398,-1.1684));
#5513=CARTESIAN_POINT('',(-1.8034,-0.9398,0.47041458310723));
#5514=VECTOR('',#6568,1.63881458310723);
#5515=CARTESIAN_POINT('',(-1.8034,-0.9398,-1.1684));
#5516=VECTOR('',#6569,0.4191);
#5517=CARTESIAN_POINT('',(-2.8575,-0.9398,1.1684));
#5518=CARTESIAN_POINT('',(-2.8575,-0.9398,-1.1684));
#5519=CARTESIAN_POINT('',(-2.8575,-0.9398,1.1684));
#5520=VECTOR('',#6570,2.3368);
#5521=CARTESIAN_POINT('',(-3.81,-0.9398,-1.1684));
#5522=CARTESIAN_POINT('',(-2.8575,-0.9398,-1.1684));
#5523=VECTOR('',#6571,0.9525);
#5524=CARTESIAN_POINT('',(-3.81,-0.9398,-0.7112));
#5525=CARTESIAN_POINT('',(-3.81,-0.9398,-1.1684));
#5526=VECTOR('',#6572,0.4572);
#5527=CARTESIAN_POINT('',(-3.2766,-0.9398,-0.47041458310723));
#5528=AXIS2_PLACEMENT_3D('',#6573,#6574,#6575);
#5529=CARTESIAN_POINT('',(-3.2766,-0.9398,1.1684));
#5530=CARTESIAN_POINT('',(-3.2766,-0.9398,-0.47041458310723));
#5531=VECTOR('',#6576,1.63881458310723);
#5532=CARTESIAN_POINT('',(-2.8575,-0.9398,1.1684));
#5533=VECTOR('',#6577,0.4191);
#5534=CARTESIAN_POINT('',(3.4798,-0.9398,0.3302));
#5535=CARTESIAN_POINT('',(4.1402,-0.9398,0.3302));
#5536=CARTESIAN_POINT('',(3.4798,-0.9398,0.3302));
#5537=VECTOR('',#6578,0.6604);
#5538=CARTESIAN_POINT('',(4.1402,-0.9398,-0.3302));
#5539=CARTESIAN_POINT('',(4.1402,-0.9398,0.3302));
#5540=VECTOR('',#6579,0.6604);
#5541=CARTESIAN_POINT('',(3.4798,-0.9398,-0.3302));
#5542=CARTESIAN_POINT('',(3.4798,-0.9398,-0.3302));
#5543=VECTOR('',#6580,0.6604);
#5544=CARTESIAN_POINT('',(3.4798,-0.9398,0.3302));
#5545=VECTOR('',#6581,0.6604);
#5546=CARTESIAN_POINT('',(0.9398,-0.9398,0.3302));
#5547=CARTESIAN_POINT('',(1.6002,-0.9398,0.3302));
#5548=CARTESIAN_POINT('',(0.9398,-0.9398,0.3302));
#5549=VECTOR('',#6582,0.6604);
#5550=CARTESIAN_POINT('',(1.6002,-0.9398,-0.3302));
#5551=CARTESIAN_POINT('',(1.6002,-0.9398,0.3302));
#5552=VECTOR('',#6583,0.6604);
#5553=CARTESIAN_POINT('',(0.9398,-0.9398,-0.3302));
#5554=CARTESIAN_POINT('',(0.9398,-0.9398,-0.3302));
#5555=VECTOR('',#6584,0.6604);
#5556=CARTESIAN_POINT('',(0.9398,-0.9398,0.3302));
#5557=VECTOR('',#6585,0.6604);
#5558=CARTESIAN_POINT('',(-1.6002,-0.9398,0.3302));
#5559=CARTESIAN_POINT('',(-0.9398,-0.9398,0.3302));
#5560=CARTESIAN_POINT('',(-1.6002,-0.9398,0.3302));
#5561=VECTOR('',#6586,0.6604);
#5562=CARTESIAN_POINT('',(-0.9398,-0.9398,-0.3302));
#5563=CARTESIAN_POINT('',(-0.9398,-0.9398,0.3302));
#5564=VECTOR('',#6587,0.6604);
#5565=CARTESIAN_POINT('',(-1.6002,-0.9398,-0.3302));
#5566=CARTESIAN_POINT('',(-1.6002,-0.9398,-0.3302));
#5567=VECTOR('',#6588,0.6604);
#5568=CARTESIAN_POINT('',(-1.6002,-0.9398,0.3302));
#5569=VECTOR('',#6589,0.6604);
#5570=CARTESIAN_POINT('',(-4.1402,-0.9398,0.3302));
#5571=CARTESIAN_POINT('',(-3.4798,-0.9398,0.3302));
#5572=CARTESIAN_POINT('',(-4.1402,-0.9398,0.3302));
#5573=VECTOR('',#6590,0.6604);
#5574=CARTESIAN_POINT('',(-3.4798,-0.9398,-0.3302));
#5575=CARTESIAN_POINT('',(-3.4798,-0.9398,0.3302));
#5576=VECTOR('',#6591,0.6604);
#5577=CARTESIAN_POINT('',(-4.1402,-0.9398,-0.3302));
#5578=CARTESIAN_POINT('',(-4.1402,-0.9398,-0.3302));
#5579=VECTOR('',#6592,0.6604);
#5580=CARTESIAN_POINT('',(-4.1402,-0.9398,0.3302));
#5581=VECTOR('',#6593,0.6604);
#5582=CARTESIAN_POINT('',(4.3434,-1.143,1.1684));
#5583=CARTESIAN_POINT('',(4.3434,-1.143,1.1684));
#5584=VECTOR('',#6594,0.2032);
#5585=CARTESIAN_POINT('',(4.7625,-1.143,1.1684));
#5586=VECTOR('',#6595,0.4191);
#5587=CARTESIAN_POINT('',(2.8575,-1.143,1.1684));
#5588=CARTESIAN_POINT('',(2.8575,-1.143,1.1684));
#5589=VECTOR('',#6596,0.2032);
#5590=CARTESIAN_POINT('',(3.81,-1.143,1.1684));
#5591=CARTESIAN_POINT('',(3.81,-1.143,1.1684));
#5592=VECTOR('',#6597,0.9525);
#5593=CARTESIAN_POINT('',(3.81,-1.143,1.1684));
#5594=VECTOR('',#6598,0.2032);
#5595=CARTESIAN_POINT('',(0.3175,-1.143,1.1684));
#5596=CARTESIAN_POINT('',(0.3175,-1.143,1.1684));
#5597=VECTOR('',#6599,0.2032);
#5598=CARTESIAN_POINT('',(1.27,-1.143,1.1684));
#5599=CARTESIAN_POINT('',(1.27,-1.143,1.1684));
#5600=VECTOR('',#6600,0.9525);
#5601=CARTESIAN_POINT('',(1.27,-1.143,1.1684));
#5602=VECTOR('',#6601,0.2032);
#5603=CARTESIAN_POINT('',(2.2225,-1.143,1.1684));
#5604=CARTESIAN_POINT('',(1.8034,-1.143,1.1684));
#5605=CARTESIAN_POINT('',(2.2225,-1.143,1.1684));
#5606=VECTOR('',#6602,0.4191);
#5607=CARTESIAN_POINT('',(2.2225,-1.143,1.1684));
#5608=VECTOR('',#6603,0.2032);
#5609=CARTESIAN_POINT('',(1.8034,-1.143,1.1684));
#5610=VECTOR('',#6604,0.2032);
#5611=CARTESIAN_POINT('',(-2.2225,-1.143,1.1684));
#5612=CARTESIAN_POINT('',(-2.2225,-1.143,1.1684));
#5613=VECTOR('',#6605,0.2032);
#5614=CARTESIAN_POINT('',(-1.27,-1.143,1.1684));
#5615=CARTESIAN_POINT('',(-1.27,-1.143,1.1684));
#5616=VECTOR('',#6606,0.9525);
#5617=CARTESIAN_POINT('',(-1.27,-1.143,1.1684));
#5618=VECTOR('',#6607,0.2032);
#5619=CARTESIAN_POINT('',(-0.3175,-1.143,1.1684));
#5620=CARTESIAN_POINT('',(-0.7366,-1.143,1.1684));
#5621=CARTESIAN_POINT('',(-0.3175,-1.143,1.1684));
#5622=VECTOR('',#6608,0.4191);
#5623=CARTESIAN_POINT('',(-0.3175,-1.143,1.1684));
#5624=VECTOR('',#6609,0.2032);
#5625=CARTESIAN_POINT('',(-0.7366,-1.143,1.1684));
#5626=VECTOR('',#6610,0.2032);
#5627=CARTESIAN_POINT('',(-3.81,-1.143,1.1684));
#5628=CARTESIAN_POINT('',(-3.81,-1.143,1.1684));
#5629=VECTOR('',#6611,0.9525);
#5630=CARTESIAN_POINT('',(-3.81,-1.143,1.1684));
#5631=VECTOR('',#6612,0.2032);
#5632=CARTESIAN_POINT('',(-2.8575,-1.143,1.1684));
#5633=CARTESIAN_POINT('',(-3.2766,-1.143,1.1684));
#5634=CARTESIAN_POINT('',(-2.8575,-1.143,1.1684));
#5635=VECTOR('',#6613,0.4191);
#5636=CARTESIAN_POINT('',(-2.8575,-1.143,1.1684));
#5637=VECTOR('',#6614,0.2032);
#5638=CARTESIAN_POINT('',(-3.2766,-1.143,1.1684));
#5639=VECTOR('',#6615,0.2032);
#5640=CARTESIAN_POINT('',(4.3434,-1.143,-0.47041458310723));
#5641=CARTESIAN_POINT('',(4.3434,-1.143,1.1684));
#5642=VECTOR('',#6616,1.63881458310723);
#5643=CARTESIAN_POINT('',(3.81,-1.143,-0.7112));
#5644=AXIS2_PLACEMENT_3D('',#6617,#6618,#6619);
#5645=CARTESIAN_POINT('',(3.81,-1.143,-1.1684));
#5646=CARTESIAN_POINT('',(3.81,-1.143,-1.1684));
#5647=VECTOR('',#6620,0.4572);
#5648=CARTESIAN_POINT('',(4.7625,-1.143,-1.1684));
#5649=VECTOR('',#6621,0.9525);
#5650=CARTESIAN_POINT('',(3.2766,-1.143,-1.1684));
#5651=CARTESIAN_POINT('',(3.2766,-1.143,0.47041458310723));
#5652=CARTESIAN_POINT('',(3.2766,-1.143,-1.1684));
#5653=VECTOR('',#6622,1.63881458310723);
#5654=CARTESIAN_POINT('',(3.81,-1.143,0.7112));
#5655=AXIS2_PLACEMENT_3D('',#6623,#6624,#6625);
#5656=CARTESIAN_POINT('',(3.81,-1.143,1.1684));
#5657=VECTOR('',#6626,0.4572);
#5658=CARTESIAN_POINT('',(2.8575,-1.143,-1.1684));
#5659=CARTESIAN_POINT('',(2.8575,-1.143,-1.1684));
#5660=VECTOR('',#6627,2.3368);
#5661=CARTESIAN_POINT('',(3.2766,-1.143,-1.1684));
#5662=VECTOR('',#6628,0.4191);
#5663=CARTESIAN_POINT('',(0.3175,-1.143,-1.1684));
#5664=CARTESIAN_POINT('',(0.3175,-1.143,-1.1684));
#5665=VECTOR('',#6629,2.3368);
#5666=CARTESIAN_POINT('',(0.7366,-1.143,-1.1684));
#5667=CARTESIAN_POINT('',(0.7366,-1.143,-1.1684));
#5668=VECTOR('',#6630,0.4191);
#5669=CARTESIAN_POINT('',(0.7366,-1.143,0.47041458310723));
#5670=CARTESIAN_POINT('',(0.7366,-1.143,-1.1684));
#5671=VECTOR('',#6631,1.63881458310723);
#5672=CARTESIAN_POINT('',(1.27,-1.143,0.7112));
#5673=AXIS2_PLACEMENT_3D('',#6632,#6633,#6634);
#5674=CARTESIAN_POINT('',(1.27,-1.143,1.1684));
#5675=VECTOR('',#6635,0.4572);
#5676=CARTESIAN_POINT('',(2.2225,-1.143,-1.1684));
#5677=CARTESIAN_POINT('',(1.27,-1.143,-1.1684));
#5678=CARTESIAN_POINT('',(2.2225,-1.143,-1.1684));
#5679=VECTOR('',#6636,0.9525);
#5680=CARTESIAN_POINT('',(2.2225,-1.143,-1.1684));
#5681=VECTOR('',#6637,2.3368);
#5682=CARTESIAN_POINT('',(1.8034,-1.143,-0.47041458310723));
#5683=CARTESIAN_POINT('',(1.8034,-1.143,1.1684));
#5684=VECTOR('',#6638,1.63881458310723);
#5685=CARTESIAN_POINT('',(1.27,-1.143,-0.7112));
#5686=AXIS2_PLACEMENT_3D('',#6639,#6640,#6641);
#5687=CARTESIAN_POINT('',(1.27,-1.143,-1.1684));
#5688=VECTOR('',#6642,0.4572);
#5689=CARTESIAN_POINT('',(-2.2225,-1.143,-1.1684));
#5690=CARTESIAN_POINT('',(-2.2225,-1.143,-1.1684));
#5691=VECTOR('',#6643,2.3368);
#5692=CARTESIAN_POINT('',(-1.8034,-1.143,-1.1684));
#5693=CARTESIAN_POINT('',(-1.8034,-1.143,-1.1684));
#5694=VECTOR('',#6644,0.4191);
#5695=CARTESIAN_POINT('',(-1.8034,-1.143,0.47041458310723));
#5696=CARTESIAN_POINT('',(-1.8034,-1.143,-1.1684));
#5697=VECTOR('',#6645,1.63881458310723);
#5698=CARTESIAN_POINT('',(-1.27,-1.143,0.7112));
#5699=AXIS2_PLACEMENT_3D('',#6646,#6647,#6648);
#5700=CARTESIAN_POINT('',(-1.27,-1.143,1.1684));
#5701=VECTOR('',#6649,0.4572);
#5702=CARTESIAN_POINT('',(-0.3175,-1.143,-1.1684));
#5703=CARTESIAN_POINT('',(-1.27,-1.143,-1.1684));
#5704=CARTESIAN_POINT('',(-0.3175,-1.143,-1.1684));
#5705=VECTOR('',#6650,0.9525);
#5706=CARTESIAN_POINT('',(-0.3175,-1.143,-1.1684));
#5707=VECTOR('',#6651,2.3368);
#5708=CARTESIAN_POINT('',(-0.7366,-1.143,-0.47041458310723));
#5709=CARTESIAN_POINT('',(-0.7366,-1.143,1.1684));
#5710=VECTOR('',#6652,1.63881458310723);
#5711=CARTESIAN_POINT('',(-1.27,-1.143,-0.7112));
#5712=AXIS2_PLACEMENT_3D('',#6653,#6654,#6655);
#5713=CARTESIAN_POINT('',(-1.27,-1.143,-1.1684));
#5714=VECTOR('',#6656,0.4572);
#5715=CARTESIAN_POINT('',(-4.3434,-1.143,-1.1684));
#5716=CARTESIAN_POINT('',(-4.3434,-1.143,-1.1684));
#5717=VECTOR('',#6657,0.4191);
#5718=CARTESIAN_POINT('',(-4.3434,-1.143,0.47041458310723));
#5719=CARTESIAN_POINT('',(-4.3434,-1.143,-1.1684));
#5720=VECTOR('',#6658,1.63881458310723);
#5721=CARTESIAN_POINT('',(-3.81,-1.143,0.7112));
#5722=AXIS2_PLACEMENT_3D('',#6659,#6660,#6661);
#5723=CARTESIAN_POINT('',(-3.81,-1.143,1.1684));
#5724=VECTOR('',#6662,0.4572);
#5725=CARTESIAN_POINT('',(-2.8575,-1.143,-1.1684));
#5726=CARTESIAN_POINT('',(-3.81,-1.143,-1.1684));
#5727=CARTESIAN_POINT('',(-2.8575,-1.143,-1.1684));
#5728=VECTOR('',#6663,0.9525);
#5729=CARTESIAN_POINT('',(-2.8575,-1.143,-1.1684));
#5730=VECTOR('',#6664,2.3368);
#5731=CARTESIAN_POINT('',(-3.2766,-1.143,-0.47041458310723));
#5732=CARTESIAN_POINT('',(-3.2766,-1.143,1.1684));
#5733=VECTOR('',#6665,1.63881458310723);
#5734=CARTESIAN_POINT('',(-3.81,-1.143,-0.7112));
#5735=AXIS2_PLACEMENT_3D('',#6666,#6667,#6668);
#5736=CARTESIAN_POINT('',(-3.81,-1.143,-1.1684));
#5737=VECTOR('',#6669,0.4572);
#5738=CARTESIAN_POINT('',(3.81,-0.9398,-1.1684));
#5739=VECTOR('',#6670,0.2032);
#5740=CARTESIAN_POINT('',(3.2766,-0.9398,-1.1684));
#5741=VECTOR('',#6671,0.2032);
#5742=CARTESIAN_POINT('',(2.8575,-0.9398,-1.1684));
#5743=VECTOR('',#6672,0.2032);
#5744=CARTESIAN_POINT('',(0.3175,-0.9398,-1.1684));
#5745=VECTOR('',#6673,0.2032);
#5746=CARTESIAN_POINT('',(0.7366,-0.9398,-1.1684));
#5747=VECTOR('',#6674,0.2032);
#5748=CARTESIAN_POINT('',(2.2225,-0.9398,-1.1684));
#5749=VECTOR('',#6675,0.2032);
#5750=CARTESIAN_POINT('',(1.27,-0.9398,-1.1684));
#5751=VECTOR('',#6676,0.2032);
#5752=CARTESIAN_POINT('',(-2.2225,-0.9398,-1.1684));
#5753=VECTOR('',#6677,0.2032);
#5754=CARTESIAN_POINT('',(-1.8034,-0.9398,-1.1684));
#5755=VECTOR('',#6678,0.2032);
#5756=CARTESIAN_POINT('',(-0.3175,-0.9398,-1.1684));
#5757=VECTOR('',#6679,0.2032);
#5758=CARTESIAN_POINT('',(-1.27,-0.9398,-1.1684));
#5759=VECTOR('',#6680,0.2032);
#5760=CARTESIAN_POINT('',(-4.3434,-0.9398,-1.1684));
#5761=VECTOR('',#6681,0.2032);
#5762=CARTESIAN_POINT('',(-2.8575,-0.9398,-1.1684));
#5763=VECTOR('',#6682,0.2032);
#5764=CARTESIAN_POINT('',(-3.81,-0.9398,-1.1684));
#5765=VECTOR('',#6683,0.2032);
#5766=CARTESIAN_POINT('',(3.81,-1.143,-0.7112));
#5767=VECTOR('',#6684,0.2032);
#5768=CARTESIAN_POINT('',(4.3434,-1.143,-0.47041458310723));
#5769=VECTOR('',#6685,0.2032);
#5770=CARTESIAN_POINT('',(3.2766,-1.143,0.47041458310723));
#5771=VECTOR('',#6686,0.2032);
#5772=CARTESIAN_POINT('',(3.81,-1.143,0.7112));
#5773=VECTOR('',#6687,0.2032);
#5774=CARTESIAN_POINT('',(0.7366,-1.143,0.47041458310723));
#5775=VECTOR('',#6688,0.2032);
#5776=CARTESIAN_POINT('',(1.27,-1.143,0.7112));
#5777=VECTOR('',#6689,0.2032);
#5778=CARTESIAN_POINT('',(1.27,-1.143,-0.7112));
#5779=VECTOR('',#6690,0.2032);
#5780=CARTESIAN_POINT('',(1.8034,-1.143,-0.47041458310723));
#5781=VECTOR('',#6691,0.2032);
#5782=CARTESIAN_POINT('',(-1.8034,-1.143,0.47041458310723));
#5783=VECTOR('',#6692,0.2032);
#5784=CARTESIAN_POINT('',(-1.27,-1.143,0.7112));
#5785=VECTOR('',#6693,0.2032);
#5786=CARTESIAN_POINT('',(-1.27,-1.143,-0.7112));
#5787=VECTOR('',#6694,0.2032);
#5788=CARTESIAN_POINT('',(-0.7366,-1.143,-0.47041458310723));
#5789=VECTOR('',#6695,0.2032);
#5790=CARTESIAN_POINT('',(-4.3434,-1.143,0.47041458310723));
#5791=VECTOR('',#6696,0.2032);
#5792=CARTESIAN_POINT('',(-3.81,-1.143,0.7112));
#5793=VECTOR('',#6697,0.2032);
#5794=CARTESIAN_POINT('',(-3.81,-1.143,-0.7112));
#5795=VECTOR('',#6698,0.2032);
#5796=CARTESIAN_POINT('',(-3.2766,-1.143,-0.47041458310723));
#5797=VECTOR('',#6699,0.2032);
#5798=CARTESIAN_POINT('',(-2.54,0.9398,0.9906));
#5799=VECTOR('',#6700,1.8796);
#5800=CARTESIAN_POINT('',(0.0,0.9398,0.9906));
#5801=VECTOR('',#6701,1.8796);
#5802=CARTESIAN_POINT('',(2.54,0.9398,0.9906));
#5803=VECTOR('',#6702,1.8796);
#5804=CARTESIAN_POINT('',(5.08,0.9398,1.0033));
#5805=VECTOR('',#6703,1.8796);
#5806=CARTESIAN_POINT('',(5.08,-0.5588,-0.9144));
#5807=CARTESIAN_POINT('',(5.08,-0.5588,-0.9144));
#5808=VECTOR('',#6704,0.381);
#5809=CARTESIAN_POINT('',(5.08,0.9398,-1.0033));
#5810=VECTOR('',#6705,1.8796);
#5811=CARTESIAN_POINT('',(5.08,0.5588,-0.9144));
#5812=CARTESIAN_POINT('',(5.08,0.9398,-0.9144));
#5813=VECTOR('',#6706,0.381);
#5814=CARTESIAN_POINT('',(5.08,0.5588,0.9144));
#5815=CARTESIAN_POINT('',(5.08,0.5588,-0.9144));
#5816=VECTOR('',#6707,1.8288);
#5817=CARTESIAN_POINT('',(5.08,0.9398,0.9144));
#5818=VECTOR('',#6708,0.381);
#5819=CARTESIAN_POINT('',(5.08,-0.5588,0.9144));
#5820=CARTESIAN_POINT('',(5.08,-0.5588,0.9144));
#5821=VECTOR('',#6709,0.381);
#5822=CARTESIAN_POINT('',(5.08,-0.5588,0.9144));
#5823=VECTOR('',#6710,1.8288);
#5824=CARTESIAN_POINT('',(4.7625,-0.9398,0.9144));
#5825=VECTOR('',#6711,0.495950854420158);
#5826=CARTESIAN_POINT('',(4.7625,-0.9398,-0.9144));
#5827=VECTOR('',#6712,0.495950854420158);
#5828=CARTESIAN_POINT('',(4.7625,0.9398,-0.9144));
#5829=VECTOR('',#6713,0.495950854420158);
#5830=CARTESIAN_POINT('',(4.7625,0.9398,0.9144));
#5831=VECTOR('',#6714,0.495950854420158);
#5832=CARTESIAN_POINT('',(4.7625,0.9398,-1.2446));
#5833=VECTOR('',#6715,1.8796);
#5834=CARTESIAN_POINT('',(2.794,0.9398,-1.2446));
#5835=VECTOR('',#6716,1.8796);
#5836=CARTESIAN_POINT('',(2.286,0.9398,-1.2446));
#5837=VECTOR('',#6717,1.8796);
#5838=CARTESIAN_POINT('',(0.254,0.9398,-1.2446));
#5839=VECTOR('',#6718,1.8796);
#5840=CARTESIAN_POINT('',(-4.7625,0.9398,-1.2446));
#5841=VECTOR('',#6719,1.8796);
#5842=CARTESIAN_POINT('',(-2.794,0.9398,-1.2446));
#5843=VECTOR('',#6720,1.8796);
#5844=CARTESIAN_POINT('',(-0.254,0.9398,-1.2446));
#5845=VECTOR('',#6721,1.8796);
#5846=CARTESIAN_POINT('',(-2.286,0.9398,-1.2446));
#5847=VECTOR('',#6722,1.8796);
#5848=CARTESIAN_POINT('',(2.54,0.9398,-0.9906));
#5849=VECTOR('',#6723,1.8796);
#5850=CARTESIAN_POINT('',(0.0,0.9398,-0.9906));
#5851=VECTOR('',#6724,1.8796);
#5852=CARTESIAN_POINT('',(-2.54,0.9398,-0.9906));
#5853=VECTOR('',#6725,1.8796);
#5854=CARTESIAN_POINT('',(-5.08,0.9398,-1.0033));
#5855=VECTOR('',#6726,1.8796);
#5856=CARTESIAN_POINT('',(-5.08,0.9398,-0.9144));
#5857=VECTOR('',#6727,1.8796);
#5858=CARTESIAN_POINT('',(3.4798,7.62,-0.3302));
#5859=CARTESIAN_POINT('',(3.4798,0.9398,-0.3302));
#5860=VECTOR('',#6728,6.6802);
#5861=CARTESIAN_POINT('',(3.4798,7.62,0.3302));
#5862=CARTESIAN_POINT('',(3.4798,7.62,0.3302));
#5863=VECTOR('',#6729,6.6802);
#5864=CARTESIAN_POINT('',(3.4798,7.62,0.3302));
#5865=VECTOR('',#6730,0.6604);
#5866=CARTESIAN_POINT('',(3.4798,-3.175,0.3302));
#5867=CARTESIAN_POINT('',(3.4798,-0.9398,0.3302));
#5868=VECTOR('',#6731,2.2352);
#5869=CARTESIAN_POINT('',(3.4798,-3.175,-0.3302));
#5870=CARTESIAN_POINT('',(3.4798,-3.175,-0.3302));
#5871=VECTOR('',#6732,2.2352);
#5872=CARTESIAN_POINT('',(3.4798,-3.175,-0.3302));
#5873=VECTOR('',#6733,0.6604);
#5874=CARTESIAN_POINT('',(3.6703,8.636,-0.1397));
#5875=CARTESIAN_POINT('',(3.4798,7.62,-0.3302));
#5876=VECTOR('',#6734,1.05111203018525);
#5877=CARTESIAN_POINT('',(3.6703,8.636,0.1397));
#5878=CARTESIAN_POINT('',(3.6703,8.636,0.1397));
#5879=VECTOR('',#6735,1.05111203018525);
#5880=CARTESIAN_POINT('',(3.6703,8.636,0.1397));
#5881=VECTOR('',#6736,0.2794);
#5882=CARTESIAN_POINT('',(3.9497,8.636,0.1397));
#5883=CARTESIAN_POINT('',(3.9497,8.636,0.1397));
#5884=VECTOR('',#6737,0.2794);
#5885=CARTESIAN_POINT('',(3.9497,8.636,-0.1397));
#5886=CARTESIAN_POINT('',(3.9497,8.636,-0.1397));
#5887=VECTOR('',#6738,0.2794);
#5888=CARTESIAN_POINT('',(3.9497,8.636,-0.1397));
#5889=VECTOR('',#6739,0.2794);
#5890=CARTESIAN_POINT('',(4.1402,7.62,-0.3302));
#5891=CARTESIAN_POINT('',(3.9497,8.636,-0.1397));
#5892=VECTOR('',#6740,1.05111203018525);
#5893=CARTESIAN_POINT('',(4.1402,7.62,-0.3302));
#5894=VECTOR('',#6741,0.6604);
#5895=CARTESIAN_POINT('',(4.1402,0.9398,-0.3302));
#5896=VECTOR('',#6742,6.6802);
#5897=CARTESIAN_POINT('',(4.1402,-3.175,-0.3302));
#5898=CARTESIAN_POINT('',(4.1402,-3.175,-0.3302));
#5899=VECTOR('',#6743,2.2352);
#5900=CARTESIAN_POINT('',(4.1402,-3.175,-0.3302));
#5901=VECTOR('',#6744,0.6604);
#5902=CARTESIAN_POINT('',(4.1402,7.62,0.3302));
#5903=CARTESIAN_POINT('',(4.1402,7.62,0.3302));
#5904=VECTOR('',#6745,6.6802);
#5905=CARTESIAN_POINT('',(4.1402,7.62,-0.3302));
#5906=VECTOR('',#6746,0.6604);
#5907=CARTESIAN_POINT('',(4.1402,-3.175,0.3302));
#5908=CARTESIAN_POINT('',(4.1402,-0.9398,0.3302));
#5909=VECTOR('',#6747,2.2352);
#5910=CARTESIAN_POINT('',(4.1402,-3.175,0.3302));
#5911=VECTOR('',#6748,0.6604);
#5912=CARTESIAN_POINT('',(4.1402,7.62,0.3302));
#5913=VECTOR('',#6749,1.05111203018525);
#5914=CARTESIAN_POINT('',(4.1402,7.62,0.3302));
#5915=VECTOR('',#6750,0.6604);
#5916=CARTESIAN_POINT('',(4.1402,-3.175,0.3302));
#5917=VECTOR('',#6751,0.6604);
#5918=CARTESIAN_POINT('',(3.6703,-4.191,0.1397));
#5919=CARTESIAN_POINT('',(3.6703,-4.191,0.1397));
#5920=VECTOR('',#6752,1.05111203018525);
#5921=CARTESIAN_POINT('',(3.9497,-4.191,0.1397));
#5922=CARTESIAN_POINT('',(3.9497,-4.191,0.1397));
#5923=VECTOR('',#6753,0.2794);
#5924=CARTESIAN_POINT('',(3.9497,-4.191,0.1397));
#5925=VECTOR('',#6754,1.05111203018525);
#5926=CARTESIAN_POINT('',(3.9497,-4.191,-0.1397));
#5927=CARTESIAN_POINT('',(3.9497,-4.191,-0.1397));
#5928=VECTOR('',#6755,1.05111203018525);
#5929=CARTESIAN_POINT('',(3.9497,-4.191,0.1397));
#5930=VECTOR('',#6756,0.2794);
#5931=CARTESIAN_POINT('',(3.6703,-4.191,-0.1397));
#5932=CARTESIAN_POINT('',(3.6703,-4.191,-0.1397));
#5933=VECTOR('',#6757,0.2794);
#5934=CARTESIAN_POINT('',(3.9497,-4.191,-0.1397));
#5935=VECTOR('',#6758,0.2794);
#5936=CARTESIAN_POINT('',(3.6703,-4.191,-0.1397));
#5937=VECTOR('',#6759,1.05111203018525);
#5938=CARTESIAN_POINT('',(0.9398,7.62,-0.3302));
#5939=CARTESIAN_POINT('',(0.9398,0.9398,-0.3302));
#5940=VECTOR('',#6760,6.6802);
#5941=CARTESIAN_POINT('',(0.9398,7.62,0.3302));
#5942=CARTESIAN_POINT('',(0.9398,7.62,0.3302));
#5943=VECTOR('',#6761,6.6802);
#5944=CARTESIAN_POINT('',(0.9398,7.62,0.3302));
#5945=VECTOR('',#6762,0.6604);
#5946=CARTESIAN_POINT('',(0.9398,-3.175,0.3302));
#5947=CARTESIAN_POINT('',(0.9398,-0.9398,0.3302));
#5948=VECTOR('',#6763,2.2352);
#5949=CARTESIAN_POINT('',(0.9398,-3.175,-0.3302));
#5950=CARTESIAN_POINT('',(0.9398,-3.175,-0.3302));
#5951=VECTOR('',#6764,2.2352);
#5952=CARTESIAN_POINT('',(0.9398,-3.175,-0.3302));
#5953=VECTOR('',#6765,0.6604);
#5954=CARTESIAN_POINT('',(1.1303,8.636,-0.1397));
#5955=CARTESIAN_POINT('',(0.9398,7.62,-0.3302));
#5956=VECTOR('',#6766,1.05111203018525);
#5957=CARTESIAN_POINT('',(1.1303,8.636,0.1397));
#5958=CARTESIAN_POINT('',(1.1303,8.636,0.1397));
#5959=VECTOR('',#6767,1.05111203018525);
#5960=CARTESIAN_POINT('',(1.1303,8.636,0.1397));
#5961=VECTOR('',#6768,0.2794);
#5962=CARTESIAN_POINT('',(1.4097,8.636,0.1397));
#5963=CARTESIAN_POINT('',(1.4097,8.636,0.1397));
#5964=VECTOR('',#6769,0.2794);
#5965=CARTESIAN_POINT('',(1.4097,8.636,-0.1397));
#5966=CARTESIAN_POINT('',(1.4097,8.636,-0.1397));
#5967=VECTOR('',#6770,0.2794);
#5968=CARTESIAN_POINT('',(1.4097,8.636,-0.1397));
#5969=VECTOR('',#6771,0.2794);
#5970=CARTESIAN_POINT('',(1.6002,7.62,-0.3302));
#5971=CARTESIAN_POINT('',(1.4097,8.636,-0.1397));
#5972=VECTOR('',#6772,1.05111203018525);
#5973=CARTESIAN_POINT('',(1.6002,7.62,-0.3302));
#5974=VECTOR('',#6773,0.6604);
#5975=CARTESIAN_POINT('',(1.6002,0.9398,-0.3302));
#5976=VECTOR('',#6774,6.6802);
#5977=CARTESIAN_POINT('',(1.6002,-3.175,-0.3302));
#5978=CARTESIAN_POINT('',(1.6002,-3.175,-0.3302));
#5979=VECTOR('',#6775,2.2352);
#5980=CARTESIAN_POINT('',(1.6002,-3.175,-0.3302));
#5981=VECTOR('',#6776,0.6604);
#5982=CARTESIAN_POINT('',(1.6002,7.62,0.3302));
#5983=CARTESIAN_POINT('',(1.6002,7.62,0.3302));
#5984=VECTOR('',#6777,6.6802);
#5985=CARTESIAN_POINT('',(1.6002,7.62,-0.3302));
#5986=VECTOR('',#6778,0.6604);
#5987=CARTESIAN_POINT('',(1.6002,-3.175,0.3302));
#5988=CARTESIAN_POINT('',(1.6002,-0.9398,0.3302));
#5989=VECTOR('',#6779,2.2352);
#5990=CARTESIAN_POINT('',(1.6002,-3.175,0.3302));
#5991=VECTOR('',#6780,0.6604);
#5992=CARTESIAN_POINT('',(1.6002,7.62,0.3302));
#5993=VECTOR('',#6781,1.05111203018525);
#5994=CARTESIAN_POINT('',(1.6002,7.62,0.3302));
#5995=VECTOR('',#6782,0.6604);
#5996=CARTESIAN_POINT('',(1.6002,-3.175,0.3302));
#5997=VECTOR('',#6783,0.6604);
#5998=CARTESIAN_POINT('',(1.1303,-4.191,0.1397));
#5999=CARTESIAN_POINT('',(1.1303,-4.191,0.1397));
#6000=VECTOR('',#6784,1.05111203018525);
#6001=CARTESIAN_POINT('',(1.4097,-4.191,0.1397));
#6002=CARTESIAN_POINT('',(1.4097,-4.191,0.1397));
#6003=VECTOR('',#6785,0.2794);
#6004=CARTESIAN_POINT('',(1.4097,-4.191,0.1397));
#6005=VECTOR('',#6786,1.05111203018525);
#6006=CARTESIAN_POINT('',(1.4097,-4.191,-0.1397));
#6007=CARTESIAN_POINT('',(1.6002,-3.175,-0.3302));
#6008=VECTOR('',#6787,1.05111203018525);
#6009=CARTESIAN_POINT('',(1.4097,-4.191,0.1397));
#6010=VECTOR('',#6788,0.2794);
#6011=CARTESIAN_POINT('',(1.1303,-4.191,-0.1397));
#6012=CARTESIAN_POINT('',(1.1303,-4.191,-0.1397));
#6013=VECTOR('',#6789,0.2794);
#6014=CARTESIAN_POINT('',(1.4097,-4.191,-0.1397));
#6015=VECTOR('',#6790,0.2794);
#6016=CARTESIAN_POINT('',(1.1303,-4.191,-0.1397));
#6017=VECTOR('',#6791,1.05111203018525);
#6018=CARTESIAN_POINT('',(-1.6002,7.62,-0.3302));
#6019=CARTESIAN_POINT('',(-1.6002,0.9398,-0.3302));
#6020=VECTOR('',#6792,6.6802);
#6021=CARTESIAN_POINT('',(-1.6002,7.62,0.3302));
#6022=CARTESIAN_POINT('',(-1.6002,7.62,0.3302));
#6023=VECTOR('',#6793,6.6802);
#6024=CARTESIAN_POINT('',(-1.6002,7.62,0.3302));
#6025=VECTOR('',#6794,0.6604);
#6026=CARTESIAN_POINT('',(-1.6002,-3.175,0.3302));
#6027=CARTESIAN_POINT('',(-1.6002,-0.9398,0.3302));
#6028=VECTOR('',#6795,2.2352);
#6029=CARTESIAN_POINT('',(-1.6002,-3.175,-0.3302));
#6030=CARTESIAN_POINT('',(-1.6002,-3.175,-0.3302));
#6031=VECTOR('',#6796,2.2352);
#6032=CARTESIAN_POINT('',(-1.6002,-3.175,-0.3302));
#6033=VECTOR('',#6797,0.6604);
#6034=CARTESIAN_POINT('',(-1.4097,8.636,-0.1397));
#6035=CARTESIAN_POINT('',(-1.6002,7.62,-0.3302));
#6036=VECTOR('',#6798,1.05111203018525);
#6037=CARTESIAN_POINT('',(-1.4097,8.636,0.1397));
#6038=CARTESIAN_POINT('',(-1.4097,8.636,0.1397));
#6039=VECTOR('',#6799,1.05111203018525);
#6040=CARTESIAN_POINT('',(-1.4097,8.636,0.1397));
#6041=VECTOR('',#6800,0.2794);
#6042=CARTESIAN_POINT('',(-1.1303,8.636,0.1397));
#6043=CARTESIAN_POINT('',(-1.1303,8.636,0.1397));
#6044=VECTOR('',#6801,0.2794);
#6045=CARTESIAN_POINT('',(-1.1303,8.636,-0.1397));
#6046=CARTESIAN_POINT('',(-1.1303,8.636,-0.1397));
#6047=VECTOR('',#6802,0.2794);
#6048=CARTESIAN_POINT('',(-1.1303,8.636,-0.1397));
#6049=VECTOR('',#6803,0.2794);
#6050=CARTESIAN_POINT('',(-0.9398,7.62,-0.3302));
#6051=CARTESIAN_POINT('',(-1.1303,8.636,-0.1397));
#6052=VECTOR('',#6804,1.05111203018525);
#6053=CARTESIAN_POINT('',(-0.9398,7.62,-0.3302));
#6054=VECTOR('',#6805,0.6604);
#6055=CARTESIAN_POINT('',(-0.9398,0.9398,-0.3302));
#6056=VECTOR('',#6806,6.6802);
#6057=CARTESIAN_POINT('',(-0.9398,-3.175,-0.3302));
#6058=CARTESIAN_POINT('',(-0.9398,-3.175,-0.3302));
#6059=VECTOR('',#6807,2.2352);
#6060=CARTESIAN_POINT('',(-0.9398,-3.175,-0.3302));
#6061=VECTOR('',#6808,0.6604);
#6062=CARTESIAN_POINT('',(-0.9398,7.62,0.3302));
#6063=CARTESIAN_POINT('',(-0.9398,7.62,0.3302));
#6064=VECTOR('',#6809,6.6802);
#6065=CARTESIAN_POINT('',(-0.9398,7.62,-0.3302));
#6066=VECTOR('',#6810,0.6604);
#6067=CARTESIAN_POINT('',(-0.9398,-3.175,0.3302));
#6068=CARTESIAN_POINT('',(-0.9398,-0.9398,0.3302));
#6069=VECTOR('',#6811,2.2352);
#6070=CARTESIAN_POINT('',(-0.9398,-3.175,0.3302));
#6071=VECTOR('',#6812,0.6604);
#6072=CARTESIAN_POINT('',(-0.9398,7.62,0.3302));
#6073=VECTOR('',#6813,1.05111203018525);
#6074=CARTESIAN_POINT('',(-0.9398,7.62,0.3302));
#6075=VECTOR('',#6814,0.6604);
#6076=CARTESIAN_POINT('',(-0.9398,-3.175,0.3302));
#6077=VECTOR('',#6815,0.6604);
#6078=CARTESIAN_POINT('',(-1.4097,-4.191,0.1397));
#6079=CARTESIAN_POINT('',(-1.4097,-4.191,0.1397));
#6080=VECTOR('',#6816,1.05111203018525);
#6081=CARTESIAN_POINT('',(-1.1303,-4.191,0.1397));
#6082=CARTESIAN_POINT('',(-1.1303,-4.191,0.1397));
#6083=VECTOR('',#6817,0.2794);
#6084=CARTESIAN_POINT('',(-1.1303,-4.191,0.1397));
#6085=VECTOR('',#6818,1.05111203018525);
#6086=CARTESIAN_POINT('',(-1.1303,-4.191,-0.1397));
#6087=CARTESIAN_POINT('',(-0.9398,-3.175,-0.3302));
#6088=VECTOR('',#6819,1.05111203018525);
#6089=CARTESIAN_POINT('',(-1.1303,-4.191,0.1397));
#6090=VECTOR('',#6820,0.2794);
#6091=CARTESIAN_POINT('',(-1.4097,-4.191,-0.1397));
#6092=CARTESIAN_POINT('',(-1.4097,-4.191,-0.1397));
#6093=VECTOR('',#6821,0.2794);
#6094=CARTESIAN_POINT('',(-1.1303,-4.191,-0.1397));
#6095=VECTOR('',#6822,0.2794);
#6096=CARTESIAN_POINT('',(-1.4097,-4.191,-0.1397));
#6097=VECTOR('',#6823,1.05111203018525);
#6098=CARTESIAN_POINT('',(-4.1402,7.62,-0.3302));
#6099=CARTESIAN_POINT('',(-4.1402,0.9398,-0.3302));
#6100=VECTOR('',#6824,6.6802);
#6101=CARTESIAN_POINT('',(-4.1402,7.62,0.3302));
#6102=CARTESIAN_POINT('',(-4.1402,7.62,0.3302));
#6103=VECTOR('',#6825,6.6802);
#6104=CARTESIAN_POINT('',(-4.1402,7.62,0.3302));
#6105=VECTOR('',#6826,0.6604);
#6106=CARTESIAN_POINT('',(-4.1402,-3.175,0.3302));
#6107=CARTESIAN_POINT('',(-4.1402,-0.9398,0.3302));
#6108=VECTOR('',#6827,2.2352);
#6109=CARTESIAN_POINT('',(-4.1402,-3.175,-0.3302));
#6110=CARTESIAN_POINT('',(-4.1402,-3.175,-0.3302));
#6111=VECTOR('',#6828,2.2352);
#6112=CARTESIAN_POINT('',(-4.1402,-3.175,-0.3302));
#6113=VECTOR('',#6829,0.6604);
#6114=CARTESIAN_POINT('',(-3.9497,8.636,-0.1397));
#6115=CARTESIAN_POINT('',(-4.1402,7.62,-0.3302));
#6116=VECTOR('',#6830,1.05111203018525);
#6117=CARTESIAN_POINT('',(-3.9497,8.636,0.1397));
#6118=CARTESIAN_POINT('',(-3.9497,8.636,0.1397));
#6119=VECTOR('',#6831,1.05111203018525);
#6120=CARTESIAN_POINT('',(-3.9497,8.636,0.1397));
#6121=VECTOR('',#6832,0.2794);
#6122=CARTESIAN_POINT('',(-3.6703,8.636,0.1397));
#6123=CARTESIAN_POINT('',(-3.6703,8.636,0.1397));
#6124=VECTOR('',#6833,0.2794);
#6125=CARTESIAN_POINT('',(-3.6703,8.636,-0.1397));
#6126=CARTESIAN_POINT('',(-3.6703,8.636,-0.1397));
#6127=VECTOR('',#6834,0.2794);
#6128=CARTESIAN_POINT('',(-3.6703,8.636,-0.1397));
#6129=VECTOR('',#6835,0.2794);
#6130=CARTESIAN_POINT('',(-3.4798,7.62,-0.3302));
#6131=CARTESIAN_POINT('',(-3.6703,8.636,-0.1397));
#6132=VECTOR('',#6836,1.05111203018525);
#6133=CARTESIAN_POINT('',(-3.4798,7.62,-0.3302));
#6134=VECTOR('',#6837,0.6604);
#6135=CARTESIAN_POINT('',(-3.4798,0.9398,-0.3302));
#6136=VECTOR('',#6838,6.6802);
#6137=CARTESIAN_POINT('',(-3.4798,-3.175,-0.3302));
#6138=CARTESIAN_POINT('',(-3.4798,-3.175,-0.3302));
#6139=VECTOR('',#6839,2.2352);
#6140=CARTESIAN_POINT('',(-3.4798,-3.175,-0.3302));
#6141=VECTOR('',#6840,0.6604);
#6142=CARTESIAN_POINT('',(-3.4798,7.62,0.3302));
#6143=CARTESIAN_POINT('',(-3.4798,7.62,0.3302));
#6144=VECTOR('',#6841,6.6802);
#6145=CARTESIAN_POINT('',(-3.4798,7.62,-0.3302));
#6146=VECTOR('',#6842,0.6604);
#6147=CARTESIAN_POINT('',(-3.4798,-3.175,0.3302));
#6148=CARTESIAN_POINT('',(-3.4798,-0.9398,0.3302));
#6149=VECTOR('',#6843,2.2352);
#6150=CARTESIAN_POINT('',(-3.4798,-3.175,0.3302));
#6151=VECTOR('',#6844,0.6604);
#6152=CARTESIAN_POINT('',(-3.4798,7.62,0.3302));
#6153=VECTOR('',#6845,1.05111203018525);
#6154=CARTESIAN_POINT('',(-3.4798,7.62,0.3302));
#6155=VECTOR('',#6846,0.6604);
#6156=CARTESIAN_POINT('',(-3.4798,-3.175,0.3302));
#6157=VECTOR('',#6847,0.6604);
#6158=CARTESIAN_POINT('',(-3.9497,-4.191,0.1397));
#6159=CARTESIAN_POINT('',(-3.9497,-4.191,0.1397));
#6160=VECTOR('',#6848,1.05111203018525);
#6161=CARTESIAN_POINT('',(-3.6703,-4.191,0.1397));
#6162=CARTESIAN_POINT('',(-3.6703,-4.191,0.1397));
#6163=VECTOR('',#6849,0.2794);
#6164=CARTESIAN_POINT('',(-3.6703,-4.191,0.1397));
#6165=VECTOR('',#6850,1.05111203018525);
#6166=CARTESIAN_POINT('',(-3.6703,-4.191,-0.1397));
#6167=CARTESIAN_POINT('',(-3.4798,-3.175,-0.3302));
#6168=VECTOR('',#6851,1.05111203018525);
#6169=CARTESIAN_POINT('',(-3.6703,-4.191,0.1397));
#6170=VECTOR('',#6852,0.2794);
#6171=CARTESIAN_POINT('',(-3.9497,-4.191,-0.1397));
#6172=CARTESIAN_POINT('',(-3.9497,-4.191,-0.1397));
#6173=VECTOR('',#6853,0.2794);
#6174=CARTESIAN_POINT('',(-3.6703,-4.191,-0.1397));
#6175=VECTOR('',#6854,0.2794);
#6176=CARTESIAN_POINT('',(-3.9497,-4.191,-0.1397));
#6177=VECTOR('',#6855,1.05111203018525);
#6178=DIRECTION('',(-0.0,1.0,0.0));
#6179=CARTESIAN_POINT('',(-3.81,0.9398,0.0));
#6180=DIRECTION('',(0.0,1.0,0.0));
#6181=DIRECTION('',(0.0,0.0,-1.0));
#6182=DIRECTION('',(0.0,-1.0,0.0));
#6183=CARTESIAN_POINT('',(-3.81,1.143,0.0));
#6184=DIRECTION('',(0.0,1.0,0.0));
#6185=DIRECTION('',(0.0,0.0,-1.0));
#6186=DIRECTION('',(-0.0,-1.0,0.0));
#6187=CARTESIAN_POINT('',(-3.81,1.143,0.0));
#6188=DIRECTION('',(0.0,1.0,0.0));
#6189=DIRECTION('',(0.0,0.0,1.0));
#6190=DIRECTION('',(0.0,-1.0,0.0));
#6191=CARTESIAN_POINT('',(-3.81,0.9398,0.0));
#6192=DIRECTION('',(0.0,1.0,0.0));
#6193=DIRECTION('',(0.0,0.0,1.0));
#6194=DIRECTION('',(-0.0,1.0,0.0));
#6195=CARTESIAN_POINT('',(-1.27,0.9398,0.0));
#6196=DIRECTION('',(0.0,1.0,0.0));
#6197=DIRECTION('',(0.0,0.0,-1.0));
#6198=DIRECTION('',(0.0,-1.0,0.0));
#6199=CARTESIAN_POINT('',(-1.27,1.143,0.0));
#6200=DIRECTION('',(0.0,1.0,0.0));
#6201=DIRECTION('',(0.0,0.0,-1.0));
#6202=DIRECTION('',(-0.0,-1.0,0.0));
#6203=CARTESIAN_POINT('',(-1.27,1.143,0.0));
#6204=DIRECTION('',(0.0,1.0,0.0));
#6205=DIRECTION('',(0.0,0.0,1.0));
#6206=DIRECTION('',(0.0,-1.0,0.0));
#6207=CARTESIAN_POINT('',(-1.27,0.9398,0.0));
#6208=DIRECTION('',(0.0,1.0,0.0));
#6209=DIRECTION('',(0.0,0.0,1.0));
#6210=DIRECTION('',(-0.0,1.0,0.0));
#6211=CARTESIAN_POINT('',(1.27,0.9398,0.0));
#6212=DIRECTION('',(0.0,1.0,0.0));
#6213=DIRECTION('',(0.0,0.0,-1.0));
#6214=DIRECTION('',(0.0,-1.0,0.0));
#6215=CARTESIAN_POINT('',(1.27,1.143,0.0));
#6216=DIRECTION('',(0.0,1.0,0.0));
#6217=DIRECTION('',(0.0,0.0,-1.0));
#6218=DIRECTION('',(-0.0,-1.0,0.0));
#6219=CARTESIAN_POINT('',(1.27,1.143,0.0));
#6220=DIRECTION('',(0.0,1.0,0.0));
#6221=DIRECTION('',(0.0,0.0,1.0));
#6222=DIRECTION('',(0.0,-1.0,0.0));
#6223=CARTESIAN_POINT('',(1.27,0.9398,0.0));
#6224=DIRECTION('',(0.0,1.0,0.0));
#6225=DIRECTION('',(0.0,0.0,1.0));
#6226=DIRECTION('',(-0.0,1.0,0.0));
#6227=CARTESIAN_POINT('',(3.81,0.9398,0.0));
#6228=DIRECTION('',(0.0,1.0,0.0));
#6229=DIRECTION('',(0.0,0.0,-1.0));
#6230=DIRECTION('',(0.0,-1.0,0.0));
#6231=CARTESIAN_POINT('',(3.81,1.143,0.0));
#6232=DIRECTION('',(0.0,1.0,0.0));
#6233=DIRECTION('',(0.0,0.0,-1.0));
#6234=DIRECTION('',(-0.0,-1.0,0.0));
#6235=CARTESIAN_POINT('',(3.81,1.143,0.0));
#6236=DIRECTION('',(0.0,1.0,0.0));
#6237=DIRECTION('',(0.0,0.0,1.0));
#6238=DIRECTION('',(0.0,-1.0,0.0));
#6239=CARTESIAN_POINT('',(3.81,0.9398,0.0));
#6240=DIRECTION('',(0.0,1.0,0.0));
#6241=DIRECTION('',(0.0,0.0,1.0));
#6242=DIRECTION('',(0.0,-1.0,0.0));
#6243=DIRECTION('',(0.0,0.0,-1.0));
#6244=DIRECTION('',(0.0,1.0,0.0));
#6245=DIRECTION('',(0.0,0.0,1.0));
#6246=DIRECTION('',(0.0,0.0,1.0));
#6247=DIRECTION('',(0.0,0.0,1.0));
#6248=DIRECTION('',(0.0,0.0,-1.0));
#6249=DIRECTION('',(0.0,0.0,1.0));
#6250=DIRECTION('',(0.0,1.0,0.0));
#6251=DIRECTION('',(0.0,0.0,1.0));
#6252=DIRECTION('',(0.0,-1.0,0.0));
#6253=DIRECTION('',(0.0,0.0,1.0));
#6254=DIRECTION('',(0.0,0.0,1.0));
#6255=DIRECTION('',(1.0,0.0,0.0));
#6256=DIRECTION('',(0.0,0.0,-1.0));
#6257=DIRECTION('',(-0.796162194123081,0.0,-0.605083267533586));
#6258=DIRECTION('',(-1.0,0.0,0.0));
#6259=DIRECTION('',(-0.707106781186547,0.0,0.707106781186547));
#6260=DIRECTION('',(-0.707106781186547,0.0,-0.707106781186547));
#6261=DIRECTION('',(-1.0,0.0,0.0));
#6262=DIRECTION('',(-0.707106781186547,0.0,0.707106781186547));
#6263=DIRECTION('',(-0.707106781186547,0.0,-0.707106781186547));
#6264=DIRECTION('',(-1.0,0.0,0.0));
#6265=DIRECTION('',(-0.707106781186547,0.0,0.707106781186547));
#6266=DIRECTION('',(-0.707106781186547,0.0,-0.707106781186547));
#6267=DIRECTION('',(-1.0,0.0,0.0));
#6268=DIRECTION('',(-0.796162194123081,0.0,0.605083267533586));
#6269=DIRECTION('',(0.0,0.0,1.0));
#6270=DIRECTION('',(1.0,0.0,0.0));
#6271=DIRECTION('',(-1.0,0.0,0.0));
#6272=DIRECTION('',(0.0,0.0,-1.0));
#6273=CARTESIAN_POINT('',(3.81,0.9398,0.0));
#6274=DIRECTION('',(0.0,1.0,0.0));
#6275=DIRECTION('',(0.0,0.0,1.0));
#6276=DIRECTION('',(0.0,0.0,-1.0));
#6277=DIRECTION('',(-1.0,0.0,0.0));
#6278=DIRECTION('',(-1.0,0.0,0.0));
#6279=DIRECTION('',(0.0,0.0,1.0));
#6280=DIRECTION('',(0.796162194123081,0.0,0.605083267533586));
#6281=DIRECTION('',(-1.0,0.0,0.0));
#6282=DIRECTION('',(0.707106781186547,0.0,-0.707106781186547));
#6283=DIRECTION('',(0.707106781186547,0.0,0.707106781186547));
#6284=DIRECTION('',(-1.0,0.0,0.0));
#6285=DIRECTION('',(0.707106781186547,0.0,-0.707106781186547));
#6286=DIRECTION('',(0.707106781186547,0.0,0.707106781186547));
#6287=DIRECTION('',(-1.0,0.0,0.0));
#6288=DIRECTION('',(0.707106781186547,0.0,-0.707106781186547));
#6289=DIRECTION('',(0.707106781186547,0.0,0.707106781186547));
#6290=DIRECTION('',(-1.0,0.0,0.0));
#6291=DIRECTION('',(0.796162194123081,0.0,-0.605083267533586));
#6292=DIRECTION('',(0.0,0.0,-1.0));
#6293=DIRECTION('',(-1.0,0.0,0.0));
#6294=DIRECTION('',(0.0,0.0,1.0));
#6295=DIRECTION('',(-1.0,0.0,0.0));
#6296=DIRECTION('',(0.0,0.0,1.0));
#6297=CARTESIAN_POINT('',(-3.81,0.9398,0.0));
#6298=DIRECTION('',(0.0,1.0,0.0));
#6299=DIRECTION('',(0.0,0.0,-1.0));
#6300=DIRECTION('',(0.0,0.0,1.0));
#6301=DIRECTION('',(-1.0,0.0,0.0));
#6302=DIRECTION('',(0.0,0.0,-1.0));
#6303=DIRECTION('',(-1.0,0.0,0.0));
#6304=DIRECTION('',(0.0,0.0,1.0));
#6305=CARTESIAN_POINT('',(-1.27,0.9398,0.0));
#6306=DIRECTION('',(0.0,1.0,0.0));
#6307=DIRECTION('',(0.0,0.0,-1.0));
#6308=DIRECTION('',(0.0,0.0,1.0));
#6309=DIRECTION('',(-1.0,0.0,0.0));
#6310=DIRECTION('',(0.0,0.0,-1.0));
#6311=DIRECTION('',(-1.0,0.0,0.0));
#6312=DIRECTION('',(0.0,0.0,1.0));
#6313=CARTESIAN_POINT('',(1.27,0.9398,0.0));
#6314=DIRECTION('',(0.0,1.0,0.0));
#6315=DIRECTION('',(0.0,0.0,-1.0));
#6316=DIRECTION('',(0.0,0.0,1.0));
#6317=DIRECTION('',(-1.0,0.0,0.0));
#6318=DIRECTION('',(0.0,0.0,-1.0));
#6319=DIRECTION('',(-1.0,0.0,0.0));
#6320=DIRECTION('',(0.0,0.0,1.0));
#6321=CARTESIAN_POINT('',(3.81,0.9398,0.0));
#6322=DIRECTION('',(0.0,1.0,0.0));
#6323=DIRECTION('',(0.0,0.0,-1.0));
#6324=DIRECTION('',(0.0,0.0,1.0));
#6325=DIRECTION('',(-1.0,0.0,0.0));
#6326=DIRECTION('',(0.0,0.0,-1.0));
#6327=DIRECTION('',(-1.0,0.0,0.0));
#6328=DIRECTION('',(0.0,0.0,-1.0));
#6329=CARTESIAN_POINT('',(1.27,0.9398,0.0));
#6330=DIRECTION('',(0.0,1.0,0.0));
#6331=DIRECTION('',(0.0,0.0,1.0));
#6332=DIRECTION('',(0.0,0.0,-1.0));
#6333=DIRECTION('',(-1.0,0.0,0.0));
#6334=DIRECTION('',(0.0,0.0,-1.0));
#6335=DIRECTION('',(-1.0,0.0,0.0));
#6336=DIRECTION('',(0.0,0.0,-1.0));
#6337=CARTESIAN_POINT('',(-1.27,0.9398,0.0));
#6338=DIRECTION('',(0.0,1.0,0.0));
#6339=DIRECTION('',(0.0,0.0,1.0));
#6340=DIRECTION('',(0.0,0.0,-1.0));
#6341=DIRECTION('',(-1.0,0.0,0.0));
#6342=DIRECTION('',(0.0,0.0,-1.0));
#6343=DIRECTION('',(-1.0,0.0,0.0));
#6344=DIRECTION('',(0.0,0.0,-1.0));
#6345=CARTESIAN_POINT('',(-3.81,0.9398,0.0));
#6346=DIRECTION('',(0.0,1.0,0.0));
#6347=DIRECTION('',(0.0,0.0,1.0));
#6348=DIRECTION('',(0.0,0.0,-1.0));
#6349=DIRECTION('',(-1.0,0.0,0.0));
#6350=DIRECTION('',(1.0,0.0,0.0));
#6351=DIRECTION('',(0.0,0.0,-1.0));
#6352=DIRECTION('',(1.0,0.0,0.0));
#6353=DIRECTION('',(0.0,0.0,-1.0));
#6354=DIRECTION('',(1.0,0.0,0.0));
#6355=DIRECTION('',(0.0,0.0,-1.0));
#6356=DIRECTION('',(1.0,0.0,0.0));
#6357=DIRECTION('',(0.0,0.0,-1.0));
#6358=DIRECTION('',(1.0,0.0,0.0));
#6359=DIRECTION('',(0.0,0.0,-1.0));
#6360=DIRECTION('',(1.0,0.0,0.0));
#6361=DIRECTION('',(0.0,0.0,-1.0));
#6362=DIRECTION('',(1.0,0.0,0.0));
#6363=DIRECTION('',(0.0,0.0,-1.0));
#6364=DIRECTION('',(1.0,0.0,0.0));
#6365=DIRECTION('',(0.0,0.0,-1.0));
#6366=DIRECTION('',(-1.0,0.0,0.0));
#6367=DIRECTION('',(0.0,1.0,0.0));
#6368=DIRECTION('',(0.0,1.0,0.0));
#6369=DIRECTION('',(-1.0,0.0,0.0));
#6370=DIRECTION('',(0.0,1.0,0.0));
#6371=DIRECTION('',(-1.0,0.0,0.0));
#6372=DIRECTION('',(0.0,1.0,0.0));
#6373=DIRECTION('',(0.0,1.0,0.0));
#6374=DIRECTION('',(0.0,1.0,0.0));
#6375=DIRECTION('',(-1.0,0.0,0.0));
#6376=DIRECTION('',(0.0,1.0,0.0));
#6377=DIRECTION('',(-1.0,0.0,0.0));
#6378=DIRECTION('',(0.0,1.0,0.0));
#6379=DIRECTION('',(0.0,1.0,0.0));
#6380=DIRECTION('',(0.0,1.0,0.0));
#6381=DIRECTION('',(-1.0,0.0,0.0));
#6382=DIRECTION('',(0.0,1.0,0.0));
#6383=DIRECTION('',(-1.0,0.0,0.0));
#6384=DIRECTION('',(0.0,1.0,0.0));
#6385=DIRECTION('',(0.0,1.0,0.0));
#6386=DIRECTION('',(0.0,1.0,0.0));
#6387=DIRECTION('',(-1.0,0.0,0.0));
#6388=DIRECTION('',(0.0,1.0,0.0));
#6389=DIRECTION('',(0.0,-1.0,0.0));
#6390=DIRECTION('',(0.0,0.0,-1.0));
#6391=DIRECTION('',(0.0,0.0,-1.0));
#6392=DIRECTION('',(-1.0,0.0,0.0));
#6393=DIRECTION('',(0.0,0.0,1.0));
#6394=CARTESIAN_POINT('',(3.81,1.143,0.0));
#6395=DIRECTION('',(0.0,1.0,0.0));
#6396=DIRECTION('',(0.0,0.0,1.0));
#6397=DIRECTION('',(-1.0,0.0,0.0));
#6398=DIRECTION('',(0.0,0.0,-1.0));
#6399=CARTESIAN_POINT('',(3.81,1.143,0.0));
#6400=DIRECTION('',(0.0,1.0,0.0));
#6401=DIRECTION('',(0.0,0.0,-1.0));
#6402=DIRECTION('',(0.0,0.0,1.0));
#6403=DIRECTION('',(0.0,0.0,-1.0));
#6404=DIRECTION('',(0.0,0.0,-1.0));
#6405=DIRECTION('',(-1.0,0.0,0.0));
#6406=DIRECTION('',(0.0,0.0,1.0));
#6407=CARTESIAN_POINT('',(1.27,1.143,0.0));
#6408=DIRECTION('',(0.0,1.0,0.0));
#6409=DIRECTION('',(0.0,0.0,1.0));
#6410=DIRECTION('',(-1.0,0.0,0.0));
#6411=DIRECTION('',(0.0,0.0,-1.0));
#6412=DIRECTION('',(0.0,0.0,-1.0));
#6413=CARTESIAN_POINT('',(1.27,1.143,0.0));
#6414=DIRECTION('',(0.0,1.0,0.0));
#6415=DIRECTION('',(0.0,0.0,-1.0));
#6416=DIRECTION('',(0.0,0.0,1.0));
#6417=DIRECTION('',(0.0,0.0,-1.0));
#6418=DIRECTION('',(0.0,0.0,-1.0));
#6419=DIRECTION('',(-1.0,0.0,0.0));
#6420=DIRECTION('',(0.0,0.0,1.0));
#6421=CARTESIAN_POINT('',(-1.27,1.143,0.0));
#6422=DIRECTION('',(0.0,1.0,0.0));
#6423=DIRECTION('',(0.0,0.0,1.0));
#6424=DIRECTION('',(-1.0,0.0,0.0));
#6425=DIRECTION('',(0.0,0.0,-1.0));
#6426=DIRECTION('',(0.0,0.0,-1.0));
#6427=CARTESIAN_POINT('',(-1.27,1.143,0.0));
#6428=DIRECTION('',(0.0,1.0,0.0));
#6429=DIRECTION('',(0.0,0.0,-1.0));
#6430=DIRECTION('',(0.0,0.0,1.0));
#6431=DIRECTION('',(0.0,0.0,-1.0));
#6432=DIRECTION('',(0.0,0.0,-1.0));
#6433=DIRECTION('',(-1.0,0.0,0.0));
#6434=DIRECTION('',(0.0,0.0,1.0));
#6435=CARTESIAN_POINT('',(-3.81,1.143,0.0));
#6436=DIRECTION('',(0.0,1.0,0.0));
#6437=DIRECTION('',(0.0,0.0,1.0));
#6438=DIRECTION('',(-1.0,0.0,0.0));
#6439=DIRECTION('',(0.0,0.0,-1.0));
#6440=DIRECTION('',(0.0,0.0,-1.0));
#6441=CARTESIAN_POINT('',(-3.81,1.143,0.0));
#6442=DIRECTION('',(0.0,1.0,0.0));
#6443=DIRECTION('',(0.0,0.0,-1.0));
#6444=DIRECTION('',(0.0,0.0,1.0));
#6445=DIRECTION('',(0.0,-1.0,0.0));
#6446=DIRECTION('',(0.0,-1.0,0.0));
#6447=DIRECTION('',(0.0,-1.0,0.0));
#6448=DIRECTION('',(0.0,-1.0,0.0));
#6449=DIRECTION('',(0.0,-1.0,0.0));
#6450=DIRECTION('',(0.0,-1.0,0.0));
#6451=DIRECTION('',(0.0,-1.0,0.0));
#6452=DIRECTION('',(0.0,-1.0,0.0));
#6453=DIRECTION('',(0.0,-1.0,0.0));
#6454=DIRECTION('',(0.0,-1.0,0.0));
#6455=DIRECTION('',(0.0,-1.0,0.0));
#6456=DIRECTION('',(0.0,-1.0,0.0));
#6457=DIRECTION('',(0.0,-1.0,0.0));
#6458=DIRECTION('',(0.0,-1.0,0.0));
#6459=DIRECTION('',(0.0,-1.0,0.0));
#6460=DIRECTION('',(0.0,-1.0,0.0));
#6461=DIRECTION('',(0.0,-1.0,0.0));
#6462=DIRECTION('',(0.0,-1.0,0.0));
#6463=DIRECTION('',(0.0,-1.0,0.0));
#6464=DIRECTION('',(0.0,-1.0,0.0));
#6465=DIRECTION('',(0.0,-1.0,0.0));
#6466=DIRECTION('',(0.0,-1.0,0.0));
#6467=DIRECTION('',(0.0,-1.0,0.0));
#6468=DIRECTION('',(0.0,0.0,1.0));
#6469=DIRECTION('',(0.0,-1.0,0.0));
#6470=DIRECTION('',(0.0,0.0,1.0));
#6471=DIRECTION('',(0.0,1.0,0.0));
#6472=DIRECTION('',(0.0,0.0,1.0));
#6473=DIRECTION('',(0.0,-1.0,0.0));
#6474=DIRECTION('',(1.0,0.0,0.0));
#6475=DIRECTION('',(0.0,-1.0,0.0));
#6476=DIRECTION('',(0.0,0.0,-1.0));
#6477=DIRECTION('',(0.0,-1.0,0.0));
#6478=DIRECTION('',(-0.796162194123081,0.0,-0.605083267533586));
#6479=DIRECTION('',(0.0,-1.0,0.0));
#6480=DIRECTION('',(0.0,-1.0,0.0));
#6481=DIRECTION('',(0.0,1.0,0.0));
#6482=DIRECTION('',(-1.0,0.0,0.0));
#6483=DIRECTION('',(-1.0,0.0,0.0));
#6484=DIRECTION('',(0.0,1.0,0.0));
#6485=DIRECTION('',(0.0,1.0,0.0));
#6486=DIRECTION('',(-1.0,0.0,0.0));
#6487=DIRECTION('',(0.0,1.0,0.0));
#6488=DIRECTION('',(0.0,1.0,0.0));
#6489=DIRECTION('',(-1.0,0.0,0.0));
#6490=DIRECTION('',(0.0,1.0,0.0));
#6491=DIRECTION('',(-1.0,0.0,0.0));
#6492=DIRECTION('',(0.0,0.0,-1.0));
#6493=DIRECTION('',(0.796162194123081,0.0,-0.605083267533586));
#6494=DIRECTION('',(-1.0,0.0,0.0));
#6495=DIRECTION('',(-0.707106781186547,0.0,-0.707106781186547));
#6496=DIRECTION('',(-0.707106781186547,0.0,0.707106781186547));
#6497=DIRECTION('',(-1.0,0.0,0.0));
#6498=DIRECTION('',(-0.707106781186547,0.0,-0.707106781186547));
#6499=DIRECTION('',(-0.707106781186547,0.0,0.707106781186547));
#6500=DIRECTION('',(-1.0,0.0,0.0));
#6501=DIRECTION('',(-0.707106781186547,0.0,-0.707106781186547));
#6502=DIRECTION('',(-0.707106781186547,0.0,0.707106781186547));
#6503=DIRECTION('',(-1.0,0.0,0.0));
#6504=DIRECTION('',(0.796162194123081,0.0,0.605083267533586));
#6505=DIRECTION('',(0.0,0.0,1.0));
#6506=DIRECTION('',(-1.0,0.0,0.0));
#6507=DIRECTION('',(-1.0,0.0,0.0));
#6508=DIRECTION('',(0.0,0.0,1.0));
#6509=CARTESIAN_POINT('',(3.81,-0.9398,0.0));
#6510=DIRECTION('',(0.0,-1.0,0.0));
#6511=DIRECTION('',(0.0,0.0,-1.0));
#6512=DIRECTION('',(0.0,0.0,1.0));
#6513=DIRECTION('',(-1.0,0.0,0.0));
#6514=DIRECTION('',(1.0,0.0,0.0));
#6515=DIRECTION('',(0.0,0.0,1.0));
#6516=DIRECTION('',(-0.796162194123081,0.0,0.605083267533586));
#6517=DIRECTION('',(0.707106781186547,0.0,0.707106781186547));
#6518=DIRECTION('',(0.707106781186547,0.0,-0.707106781186547));
#6519=DIRECTION('',(0.707106781186547,0.0,0.707106781186547));
#6520=DIRECTION('',(0.707106781186547,0.0,-0.707106781186547));
#6521=DIRECTION('',(0.707106781186547,0.0,0.707106781186547));
#6522=DIRECTION('',(0.707106781186547,0.0,-0.707106781186547));
#6523=DIRECTION('',(-1.0,0.0,0.0));
#6524=DIRECTION('',(0.0,0.0,-1.0));
#6525=CARTESIAN_POINT('',(-3.81,-0.9398,0.0));
#6526=DIRECTION('',(0.0,-1.0,0.0));
#6527=DIRECTION('',(0.0,0.0,1.0));
#6528=DIRECTION('',(0.0,0.0,-1.0));
#6529=DIRECTION('',(-1.0,0.0,0.0));
#6530=DIRECTION('',(0.0,0.0,-1.0));
#6531=DIRECTION('',(-1.0,0.0,0.0));
#6532=DIRECTION('',(0.0,0.0,1.0));
#6533=CARTESIAN_POINT('',(-1.27,-0.9398,0.0));
#6534=DIRECTION('',(0.0,-1.0,0.0));
#6535=DIRECTION('',(0.0,0.0,-1.0));
#6536=DIRECTION('',(0.0,0.0,1.0));
#6537=DIRECTION('',(-1.0,0.0,0.0));
#6538=DIRECTION('',(0.0,0.0,-1.0));
#6539=DIRECTION('',(-1.0,0.0,0.0));
#6540=DIRECTION('',(0.0,0.0,1.0));
#6541=CARTESIAN_POINT('',(1.27,-0.9398,0.0));
#6542=DIRECTION('',(0.0,-1.0,0.0));
#6543=DIRECTION('',(0.0,0.0,-1.0));
#6544=DIRECTION('',(0.0,0.0,1.0));
#6545=DIRECTION('',(-1.0,0.0,0.0));
#6546=DIRECTION('',(0.0,0.0,-1.0));
#6547=DIRECTION('',(-1.0,0.0,0.0));
#6548=DIRECTION('',(0.0,0.0,-1.0));
#6549=CARTESIAN_POINT('',(3.81,-0.9398,0.0));
#6550=DIRECTION('',(0.0,-1.0,0.0));
#6551=DIRECTION('',(0.0,0.0,1.0));
#6552=DIRECTION('',(0.0,0.0,-1.0));
#6553=DIRECTION('',(-1.0,0.0,0.0));
#6554=DIRECTION('',(0.0,0.0,-1.0));
#6555=DIRECTION('',(-1.0,0.0,0.0));
#6556=DIRECTION('',(0.0,0.0,-1.0));
#6557=CARTESIAN_POINT('',(1.27,-0.9398,0.0));
#6558=DIRECTION('',(0.0,-1.0,0.0));
#6559=DIRECTION('',(0.0,0.0,1.0));
#6560=DIRECTION('',(0.0,0.0,-1.0));
#6561=DIRECTION('',(-1.0,0.0,0.0));
#6562=DIRECTION('',(0.0,0.0,-1.0));
#6563=DIRECTION('',(-1.0,0.0,0.0));
#6564=DIRECTION('',(0.0,0.0,-1.0));
#6565=CARTESIAN_POINT('',(-1.27,-0.9398,0.0));
#6566=DIRECTION('',(0.0,-1.0,0.0));
#6567=DIRECTION('',(0.0,0.0,1.0));
#6568=DIRECTION('',(0.0,0.0,-1.0));
#6569=DIRECTION('',(-1.0,0.0,0.0));
#6570=DIRECTION('',(0.0,0.0,-1.0));
#6571=DIRECTION('',(-1.0,0.0,0.0));
#6572=DIRECTION('',(0.0,0.0,1.0));
#6573=CARTESIAN_POINT('',(-3.81,-0.9398,0.0));
#6574=DIRECTION('',(0.0,-1.0,0.0));
#6575=DIRECTION('',(0.0,0.0,-1.0));
#6576=DIRECTION('',(0.0,0.0,1.0));
#6577=DIRECTION('',(-1.0,0.0,0.0));
#6578=DIRECTION('',(1.0,0.0,0.0));
#6579=DIRECTION('',(0.0,0.0,-1.0));
#6580=DIRECTION('',(1.0,0.0,0.0));
#6581=DIRECTION('',(0.0,0.0,-1.0));
#6582=DIRECTION('',(1.0,0.0,0.0));
#6583=DIRECTION('',(0.0,0.0,-1.0));
#6584=DIRECTION('',(1.0,0.0,0.0));
#6585=DIRECTION('',(0.0,0.0,-1.0));
#6586=DIRECTION('',(1.0,0.0,0.0));
#6587=DIRECTION('',(0.0,0.0,-1.0));
#6588=DIRECTION('',(1.0,0.0,0.0));
#6589=DIRECTION('',(0.0,0.0,-1.0));
#6590=DIRECTION('',(1.0,0.0,0.0));
#6591=DIRECTION('',(0.0,0.0,-1.0));
#6592=DIRECTION('',(1.0,0.0,0.0));
#6593=DIRECTION('',(0.0,0.0,-1.0));
#6594=DIRECTION('',(0.0,1.0,0.0));
#6595=DIRECTION('',(-1.0,0.0,0.0));
#6596=DIRECTION('',(0.0,1.0,0.0));
#6597=DIRECTION('',(-1.0,0.0,0.0));
#6598=DIRECTION('',(0.0,1.0,0.0));
#6599=DIRECTION('',(0.0,1.0,0.0));
#6600=DIRECTION('',(-1.0,0.0,0.0));
#6601=DIRECTION('',(0.0,1.0,0.0));
#6602=DIRECTION('',(-1.0,0.0,0.0));
#6603=DIRECTION('',(0.0,1.0,0.0));
#6604=DIRECTION('',(0.0,1.0,0.0));
#6605=DIRECTION('',(0.0,1.0,0.0));
#6606=DIRECTION('',(-1.0,0.0,0.0));
#6607=DIRECTION('',(0.0,1.0,0.0));
#6608=DIRECTION('',(-1.0,0.0,0.0));
#6609=DIRECTION('',(0.0,1.0,0.0));
#6610=DIRECTION('',(0.0,1.0,0.0));
#6611=DIRECTION('',(-1.0,0.0,0.0));
#6612=DIRECTION('',(0.0,1.0,0.0));
#6613=DIRECTION('',(-1.0,0.0,0.0));
#6614=DIRECTION('',(0.0,1.0,0.0));
#6615=DIRECTION('',(0.0,1.0,0.0));
#6616=DIRECTION('',(0.0,0.0,-1.0));
#6617=CARTESIAN_POINT('',(3.81,-1.143,0.0));
#6618=DIRECTION('',(0.0,-1.0,0.0));
#6619=DIRECTION('',(0.0,0.0,-1.0));
#6620=DIRECTION('',(0.0,0.0,1.0));
#6621=DIRECTION('',(-1.0,0.0,0.0));
#6622=DIRECTION('',(0.0,0.0,1.0));
#6623=CARTESIAN_POINT('',(3.81,-1.143,0.0));
#6624=DIRECTION('',(0.0,-1.0,0.0));
#6625=DIRECTION('',(0.0,0.0,1.0));
#6626=DIRECTION('',(0.0,0.0,-1.0));
#6627=DIRECTION('',(0.0,0.0,1.0));
#6628=DIRECTION('',(-1.0,0.0,0.0));
#6629=DIRECTION('',(0.0,0.0,1.0));
#6630=DIRECTION('',(-1.0,0.0,0.0));
#6631=DIRECTION('',(0.0,0.0,1.0));
#6632=CARTESIAN_POINT('',(1.27,-1.143,0.0));
#6633=DIRECTION('',(0.0,-1.0,0.0));
#6634=DIRECTION('',(0.0,0.0,1.0));
#6635=DIRECTION('',(0.0,0.0,-1.0));
#6636=DIRECTION('',(-1.0,0.0,0.0));
#6637=DIRECTION('',(0.0,0.0,1.0));
#6638=DIRECTION('',(0.0,0.0,-1.0));
#6639=CARTESIAN_POINT('',(1.27,-1.143,0.0));
#6640=DIRECTION('',(0.0,-1.0,0.0));
#6641=DIRECTION('',(0.0,0.0,-1.0));
#6642=DIRECTION('',(0.0,0.0,1.0));
#6643=DIRECTION('',(0.0,0.0,1.0));
#6644=DIRECTION('',(-1.0,0.0,0.0));
#6645=DIRECTION('',(0.0,0.0,1.0));
#6646=CARTESIAN_POINT('',(-1.27,-1.143,0.0));
#6647=DIRECTION('',(0.0,-1.0,0.0));
#6648=DIRECTION('',(0.0,0.0,1.0));
#6649=DIRECTION('',(0.0,0.0,-1.0));
#6650=DIRECTION('',(-1.0,0.0,0.0));
#6651=DIRECTION('',(0.0,0.0,1.0));
#6652=DIRECTION('',(0.0,0.0,-1.0));
#6653=CARTESIAN_POINT('',(-1.27,-1.143,0.0));
#6654=DIRECTION('',(0.0,-1.0,0.0));
#6655=DIRECTION('',(0.0,0.0,-1.0));
#6656=DIRECTION('',(0.0,0.0,1.0));
#6657=DIRECTION('',(-1.0,0.0,0.0));
#6658=DIRECTION('',(0.0,0.0,1.0));
#6659=CARTESIAN_POINT('',(-3.81,-1.143,0.0));
#6660=DIRECTION('',(0.0,-1.0,0.0));
#6661=DIRECTION('',(0.0,0.0,1.0));
#6662=DIRECTION('',(0.0,0.0,-1.0));
#6663=DIRECTION('',(-1.0,0.0,0.0));
#6664=DIRECTION('',(0.0,0.0,1.0));
#6665=DIRECTION('',(0.0,0.0,-1.0));
#6666=CARTESIAN_POINT('',(-3.81,-1.143,0.0));
#6667=DIRECTION('',(0.0,-1.0,0.0));
#6668=DIRECTION('',(0.0,0.0,-1.0));
#6669=DIRECTION('',(0.0,0.0,1.0));
#6670=DIRECTION('',(0.0,-1.0,0.0));
#6671=DIRECTION('',(0.0,-1.0,0.0));
#6672=DIRECTION('',(0.0,-1.0,0.0));
#6673=DIRECTION('',(0.0,-1.0,0.0));
#6674=DIRECTION('',(0.0,-1.0,0.0));
#6675=DIRECTION('',(0.0,-1.0,0.0));
#6676=DIRECTION('',(0.0,-1.0,0.0));
#6677=DIRECTION('',(0.0,-1.0,0.0));
#6678=DIRECTION('',(0.0,-1.0,0.0));
#6679=DIRECTION('',(0.0,-1.0,0.0));
#6680=DIRECTION('',(0.0,-1.0,0.0));
#6681=DIRECTION('',(0.0,-1.0,0.0));
#6682=DIRECTION('',(0.0,-1.0,0.0));
#6683=DIRECTION('',(0.0,-1.0,0.0));
#6684=DIRECTION('',(0.0,1.0,0.0));
#6685=DIRECTION('',(0.0,1.0,0.0));
#6686=DIRECTION('',(0.0,1.0,0.0));
#6687=DIRECTION('',(0.0,1.0,0.0));
#6688=DIRECTION('',(0.0,1.0,0.0));
#6689=DIRECTION('',(0.0,1.0,0.0));
#6690=DIRECTION('',(0.0,1.0,0.0));
#6691=DIRECTION('',(0.0,1.0,0.0));
#6692=DIRECTION('',(0.0,1.0,0.0));
#6693=DIRECTION('',(0.0,1.0,0.0));
#6694=DIRECTION('',(0.0,1.0,0.0));
#6695=DIRECTION('',(0.0,1.0,0.0));
#6696=DIRECTION('',(0.0,1.0,0.0));
#6697=DIRECTION('',(0.0,1.0,0.0));
#6698=DIRECTION('',(0.0,1.0,0.0));
#6699=DIRECTION('',(0.0,1.0,0.0));
#6700=DIRECTION('',(0.0,-1.0,0.0));
#6701=DIRECTION('',(0.0,-1.0,0.0));
#6702=DIRECTION('',(0.0,-1.0,0.0));
#6703=DIRECTION('',(0.0,-1.0,0.0));
#6704=DIRECTION('',(0.0,-1.0,0.0));
#6705=DIRECTION('',(0.0,-1.0,0.0));
#6706=DIRECTION('',(0.0,-1.0,0.0));
#6707=DIRECTION('',(0.0,0.0,1.0));
#6708=DIRECTION('',(0.0,-1.0,0.0));
#6709=DIRECTION('',(0.0,-1.0,0.0));
#6710=DIRECTION('',(0.0,0.0,-1.0));
#6711=DIRECTION('',(0.64018439966448,0.768221279597376,0.0));
#6712=DIRECTION('',(0.64018439966448,0.768221279597376,0.0));
#6713=DIRECTION('',(0.64018439966448,-0.768221279597376,0.0));
#6714=DIRECTION('',(0.64018439966448,-0.768221279597376,0.0));
#6715=DIRECTION('',(0.0,-1.0,0.0));
#6716=DIRECTION('',(0.0,-1.0,0.0));
#6717=DIRECTION('',(0.0,-1.0,0.0));
#6718=DIRECTION('',(0.0,-1.0,0.0));
#6719=DIRECTION('',(0.0,-1.0,0.0));
#6720=DIRECTION('',(0.0,-1.0,0.0));
#6721=DIRECTION('',(0.0,-1.0,0.0));
#6722=DIRECTION('',(0.0,-1.0,0.0));
#6723=DIRECTION('',(0.0,-1.0,0.0));
#6724=DIRECTION('',(0.0,-1.0,0.0));
#6725=DIRECTION('',(0.0,-1.0,0.0));
#6726=DIRECTION('',(0.0,-1.0,0.0));
#6727=DIRECTION('',(0.0,-1.0,0.0));
#6728=DIRECTION('',(0.0,1.0,0.0));
#6729=DIRECTION('',(0.0,-1.0,0.0));
#6730=DIRECTION('',(0.0,0.0,-1.0));
#6731=DIRECTION('',(0.0,-1.0,0.0));
#6732=DIRECTION('',(0.0,1.0,0.0));
#6733=DIRECTION('',(0.0,0.0,1.0));
#6734=DIRECTION('',(0.181236627999094,0.966595349328268,0.181236627999094));
#6735=DIRECTION('',(-0.181236627999094,-0.966595349328268,0.181236627999094));
#6736=DIRECTION('',(0.0,0.0,-1.0));
#6737=DIRECTION('',(-1.0,0.0,0.0));
#6738=DIRECTION('',(0.0,0.0,1.0));
#6739=DIRECTION('',(-1.0,0.0,0.0));
#6740=DIRECTION('',(0.181236627999094,-0.966595349328268,-0.181236627999094));
#6741=DIRECTION('',(-1.0,0.0,0.0));
#6742=DIRECTION('',(0.0,1.0,0.0));
#6743=DIRECTION('',(0.0,1.0,0.0));
#6744=DIRECTION('',(-1.0,0.0,0.0));
#6745=DIRECTION('',(0.0,-1.0,0.0));
#6746=DIRECTION('',(0.0,0.0,1.0));
#6747=DIRECTION('',(0.0,-1.0,0.0));
#6748=DIRECTION('',(0.0,0.0,-1.0));
#6749=DIRECTION('',(-0.181236627999094,0.966595349328268,-0.181236627999094));
#6750=DIRECTION('',(-1.0,0.0,0.0));
#6751=DIRECTION('',(-1.0,0.0,0.0));
#6752=DIRECTION('',(-0.181236627999094,0.966595349328268,0.181236627999094));
#6753=DIRECTION('',(-1.0,0.0,0.0));
#6754=DIRECTION('',(0.181236627999094,0.966595349328268,0.181236627999094));
#6755=DIRECTION('',(0.181236627999094,0.966595349328268,-0.181236627999094));
#6756=DIRECTION('',(0.0,0.0,-1.0));
#6757=DIRECTION('',(0.0,0.0,1.0));
#6758=DIRECTION('',(-1.0,0.0,0.0));
#6759=DIRECTION('',(-0.181236627999094,0.966595349328268,-0.181236627999094));
#6760=DIRECTION('',(0.0,1.0,0.0));
#6761=DIRECTION('',(0.0,-1.0,0.0));
#6762=DIRECTION('',(0.0,0.0,-1.0));
#6763=DIRECTION('',(0.0,-1.0,0.0));
#6764=DIRECTION('',(0.0,1.0,0.0));
#6765=DIRECTION('',(0.0,0.0,1.0));
#6766=DIRECTION('',(0.181236627999094,0.966595349328268,0.181236627999094));
#6767=DIRECTION('',(-0.181236627999094,-0.966595349328268,0.181236627999094));
#6768=DIRECTION('',(0.0,0.0,-1.0));
#6769=DIRECTION('',(-1.0,0.0,0.0));
#6770=DIRECTION('',(0.0,0.0,1.0));
#6771=DIRECTION('',(-1.0,0.0,0.0));
#6772=DIRECTION('',(0.181236627999094,-0.966595349328268,-0.181236627999094));
#6773=DIRECTION('',(-1.0,0.0,0.0));
#6774=DIRECTION('',(0.0,1.0,0.0));
#6775=DIRECTION('',(0.0,1.0,0.0));
#6776=DIRECTION('',(-1.0,0.0,0.0));
#6777=DIRECTION('',(0.0,-1.0,0.0));
#6778=DIRECTION('',(0.0,0.0,1.0));
#6779=DIRECTION('',(0.0,-1.0,0.0));
#6780=DIRECTION('',(0.0,0.0,-1.0));
#6781=DIRECTION('',(-0.181236627999094,0.966595349328268,-0.181236627999094));
#6782=DIRECTION('',(-1.0,0.0,0.0));
#6783=DIRECTION('',(-1.0,0.0,0.0));
#6784=DIRECTION('',(-0.181236627999094,0.966595349328268,0.181236627999094));
#6785=DIRECTION('',(-1.0,0.0,0.0));
#6786=DIRECTION('',(0.181236627999094,0.966595349328268,0.181236627999094));
#6787=DIRECTION('',(-0.181236627999094,-0.966595349328268,0.181236627999094));
#6788=DIRECTION('',(0.0,0.0,-1.0));
#6789=DIRECTION('',(0.0,0.0,1.0));
#6790=DIRECTION('',(-1.0,0.0,0.0));
#6791=DIRECTION('',(-0.181236627999094,0.966595349328268,-0.181236627999094));
#6792=DIRECTION('',(0.0,1.0,0.0));
#6793=DIRECTION('',(0.0,-1.0,0.0));
#6794=DIRECTION('',(0.0,0.0,-1.0));
#6795=DIRECTION('',(0.0,-1.0,0.0));
#6796=DIRECTION('',(0.0,1.0,0.0));
#6797=DIRECTION('',(0.0,0.0,1.0));
#6798=DIRECTION('',(0.181236627999094,0.966595349328268,0.181236627999094));
#6799=DIRECTION('',(-0.181236627999094,-0.966595349328268,0.181236627999094));
#6800=DIRECTION('',(0.0,0.0,-1.0));
#6801=DIRECTION('',(-1.0,0.0,0.0));
#6802=DIRECTION('',(0.0,0.0,1.0));
#6803=DIRECTION('',(-1.0,0.0,0.0));
#6804=DIRECTION('',(0.181236627999094,-0.966595349328268,-0.181236627999094));
#6805=DIRECTION('',(-1.0,0.0,0.0));
#6806=DIRECTION('',(0.0,1.0,0.0));
#6807=DIRECTION('',(0.0,1.0,0.0));
#6808=DIRECTION('',(-1.0,0.0,0.0));
#6809=DIRECTION('',(0.0,-1.0,0.0));
#6810=DIRECTION('',(0.0,0.0,1.0));
#6811=DIRECTION('',(0.0,-1.0,0.0));
#6812=DIRECTION('',(0.0,0.0,-1.0));
#6813=DIRECTION('',(-0.181236627999094,0.966595349328268,-0.181236627999094));
#6814=DIRECTION('',(-1.0,0.0,0.0));
#6815=DIRECTION('',(-1.0,0.0,0.0));
#6816=DIRECTION('',(-0.181236627999094,0.966595349328268,0.181236627999094));
#6817=DIRECTION('',(-1.0,0.0,0.0));
#6818=DIRECTION('',(0.181236627999094,0.966595349328268,0.181236627999094));
#6819=DIRECTION('',(-0.181236627999094,-0.966595349328268,0.181236627999094));
#6820=DIRECTION('',(0.0,0.0,-1.0));
#6821=DIRECTION('',(0.0,0.0,1.0));
#6822=DIRECTION('',(-1.0,0.0,0.0));
#6823=DIRECTION('',(-0.181236627999094,0.966595349328268,-0.181236627999094));
#6824=DIRECTION('',(0.0,1.0,0.0));
#6825=DIRECTION('',(0.0,-1.0,0.0));
#6826=DIRECTION('',(0.0,0.0,-1.0));
#6827=DIRECTION('',(0.0,-1.0,0.0));
#6828=DIRECTION('',(0.0,1.0,0.0));
#6829=DIRECTION('',(0.0,0.0,1.0));
#6830=DIRECTION('',(0.181236627999094,0.966595349328268,0.181236627999094));
#6831=DIRECTION('',(-0.181236627999094,-0.966595349328268,0.181236627999094));
#6832=DIRECTION('',(0.0,0.0,-1.0));
#6833=DIRECTION('',(-1.0,0.0,0.0));
#6834=DIRECTION('',(0.0,0.0,1.0));
#6835=DIRECTION('',(-1.0,0.0,0.0));
#6836=DIRECTION('',(0.181236627999094,-0.966595349328268,-0.181236627999094));
#6837=DIRECTION('',(-1.0,0.0,0.0));
#6838=DIRECTION('',(0.0,1.0,0.0));
#6839=DIRECTION('',(0.0,1.0,0.0));
#6840=DIRECTION('',(-1.0,0.0,0.0));
#6841=DIRECTION('',(0.0,-1.0,0.0));
#6842=DIRECTION('',(0.0,0.0,1.0));
#6843=DIRECTION('',(0.0,-1.0,0.0));
#6844=DIRECTION('',(0.0,0.0,-1.0));
#6845=DIRECTION('',(-0.181236627999094,0.966595349328268,-0.181236627999094));
#6846=DIRECTION('',(-1.0,0.0,0.0));
#6847=DIRECTION('',(-1.0,0.0,0.0));
#6848=DIRECTION('',(-0.181236627999094,0.966595349328268,0.181236627999094));
#6849=DIRECTION('',(-1.0,0.0,0.0));
#6850=DIRECTION('',(0.181236627999094,0.966595349328268,0.181236627999094));
#6851=DIRECTION('',(-0.181236627999094,-0.966595349328268,0.181236627999094));
#6852=DIRECTION('',(0.0,0.0,-1.0));
#6853=DIRECTION('',(0.0,0.0,1.0));
#6854=DIRECTION('',(-1.0,0.0,0.0));
#6855=DIRECTION('',(-0.181236627999094,0.966595349328268,-0.181236627999094));
ENDSEC;
END-ISO-10303-21;
