ISO-10303-21;
HEADER;
FILE_DESCRIPTION (( 'STEP AP214' ),
    '1' );
FILE_NAME ('G6A_274P_ST_US.step',
    '2017-09-08T04:47:48',
    ( 'OSMC1.0    ' ),
    ( ' ' ),
    'SwSTEP 2.0',
    'SolidWorks 2002025',
    '' );
FILE_SCHEMA (( 'AUTOMOTIVE_DESIGN' ));
ENDSEC;

DATA;
#1 = EDGE_CURVE ( 'NONE', #2650, #65, #221, .T. ) ;
#2 = EDGE_LOOP ( 'NONE', ( #2649, #77, #114, #784 ) ) ;
#3 = EDGE_CURVE ( 'NONE', #2712, #9, #268, .T. ) ;
#4 = VERTEX_POINT ( 'NONE', #281 ) ;
#5 = EDGE_CURVE ( 'NONE', #2625, #1474, #282, .T. ) ;
#6 = ORIENTED_EDGE ( 'NONE', *, *, #2540, .T. ) ;
#7 = ORIENTED_EDGE ( 'NONE', *, *, #2905, .F. ) ;
#8 = EDGE_CURVE ( 'NONE', #506, #2781, #310, .T. ) ;
#9 = VERTEX_POINT ( 'NONE', #323 ) ;
#10 = EDGE_CURVE ( 'NONE', #22, #2698, #324, .T. ) ;
#11 = ORIENTED_EDGE ( 'NONE', *, *, #10, .T. ) ;
#12 = ORIENTED_EDGE ( 'NONE', *, *, #2585, .T. ) ;
#13 = VERTEX_POINT ( 'NONE', #354 ) ;
#14 = ORIENTED_EDGE ( 'NONE', *, *, #2635, .T. ) ;
#15 = ADVANCED_FACE ( 'NONE', ( #367 ), #368, .F. ) ;
#16 = ORIENTED_EDGE ( 'NONE', *, *, #2674, .F. ) ;
#17 = ORIENTED_EDGE ( 'NONE', *, *, #2033, .T. ) ;
#18 = ORIENTED_EDGE ( 'NONE', *, *, #2531, .F. ) ;
#19 = ORIENTED_EDGE ( 'NONE', *, *, #2800, .F. ) ;
#20 = ORIENTED_EDGE ( 'NONE', *, *, #487, .T. ) ;
#21 = EDGE_CURVE ( 'NONE', #1854, #506, #383, .T. ) ;
#22 = VERTEX_POINT ( 'NONE', #387 ) ;
#23 = ORIENTED_EDGE ( 'NONE', *, *, #2577, .T. ) ;
#24 = ORIENTED_EDGE ( 'NONE', *, *, #46, .F. ) ;
#25 = ORIENTED_EDGE ( 'NONE', *, *, #1202, .T. ) ;
#26 = EDGE_CURVE ( 'NONE', #2871, #41, #395, .T. ) ;
#27 = EDGE_CURVE ( 'NONE', #22, #38, #400, .T. ) ;
#28 = ADVANCED_FACE ( 'NONE', ( #408 ), #409, .F. ) ;
#29 = ORIENTED_EDGE ( 'NONE', *, *, #8, .T. ) ;
#30 = ADVANCED_FACE ( 'NONE', ( #421 ), #440, .T. ) ;
#31 = ORIENTED_EDGE ( 'NONE', *, *, #2230, .T. ) ;
#32 = ORIENTED_EDGE ( 'NONE', *, *, #2829, .T. ) ;
#33 = ADVANCED_FACE ( 'NONE', ( #450 ), #468, .F. ) ;
#34 = ORIENTED_EDGE ( 'NONE', *, *, #185, .T. ) ;
#35 = ORIENTED_EDGE ( 'NONE', *, *, #2801, .T. ) ;
#36 = EDGE_CURVE ( 'NONE', #2779, #2533, #497, .T. ) ;
#37 = EDGE_CURVE ( 'NONE', #2819, #47, #503, .T. ) ;
#38 = VERTEX_POINT ( 'NONE', #509 ) ;
#39 = EDGE_CURVE ( 'NONE', #2699, #82, #510, .T. ) ;
#40 = VERTEX_POINT ( 'NONE', #514 ) ;
#41 = VERTEX_POINT ( 'NONE', #528 ) ;
#42 = ORIENTED_EDGE ( 'NONE', *, *, #66, .F. ) ;
#43 = EDGE_CURVE ( 'NONE', #2846, #2587, #566, .T. ) ;
#44 = ORIENTED_EDGE ( 'NONE', *, *, #2958, .F. ) ;
#45 = EDGE_CURVE ( 'NONE', #58, #2482, #571, .T. ) ;
#46 = EDGE_CURVE ( 'NONE', #107, #2620, #577, .T. ) ;
#47 = VERTEX_POINT ( 'NONE', #581 ) ;
#48 = ORIENTED_EDGE ( 'NONE', *, *, #859, .T. ) ;
#49 = EDGE_CURVE ( 'NONE', #2600, #2566, #582, .T. ) ;
#50 = ORIENTED_EDGE ( 'NONE', *, *, #143, .F. ) ;
#51 = ORIENTED_EDGE ( 'NONE', *, *, #2503, .F. ) ;
#52 = ORIENTED_EDGE ( 'NONE', *, *, #2929, .T. ) ;
#53 = EDGE_CURVE ( 'NONE', #2825, #67, #648, .T. ) ;
#54 = ORIENTED_EDGE ( 'NONE', *, *, #78, .T. ) ;
#55 = ORIENTED_EDGE ( 'NONE', *, *, #2964, .F. ) ;
#56 = EDGE_LOOP ( 'NONE', ( #18, #48, #2628, #19 ) ) ;
#57 = ORIENTED_EDGE ( 'NONE', *, *, #326, .F. ) ;
#58 = VERTEX_POINT ( 'NONE', #706 ) ;
#59 = ORIENTED_EDGE ( 'NONE', *, *, #86, .F. ) ;
#60 = ORIENTED_EDGE ( 'NONE', *, *, #2891, .F. ) ;
#61 = ORIENTED_EDGE ( 'NONE', *, *, #21, .F. ) ;
#62 = ADVANCED_FACE ( 'NONE', ( #762 ), #780, .T. ) ;
#63 = ORIENTED_EDGE ( 'NONE', *, *, #76, .F. ) ;
#64 = ORIENTED_EDGE ( 'NONE', *, *, #2754, .F. ) ;
#65 = VERTEX_POINT ( 'NONE', #824 ) ;
#66 = EDGE_CURVE ( 'NONE', #2177, #2796, #827, .T. ) ;
#67 = VERTEX_POINT ( 'NONE', #837 ) ;
#68 = ORIENTED_EDGE ( 'NONE', *, *, #89, .T. ) ;
#69 = ORIENTED_EDGE ( 'NONE', *, *, #45, .F. ) ;
#70 = ORIENTED_EDGE ( 'NONE', *, *, #2772, .T. ) ;
#71 = ORIENTED_EDGE ( 'NONE', *, *, #2639, .F. ) ;
#72 = ORIENTED_EDGE ( 'NONE', *, *, #1762, .T. ) ;
#73 = ORIENTED_EDGE ( 'NONE', *, *, #143, .T. ) ;
#74 = ORIENTED_EDGE ( 'NONE', *, *, #2279, .F. ) ;
#75 = ORIENTED_EDGE ( 'NONE', *, *, #101, .T. ) ;
#76 = EDGE_CURVE ( 'NONE', #1854, #2871, #919, .T. ) ;
#77 = ORIENTED_EDGE ( 'NONE', *, *, #2848, .F. ) ;
#78 = EDGE_CURVE ( 'NONE', #2680, #2560, #966, .T. ) ;
#79 = ORIENTED_EDGE ( 'NONE', *, *, #84, .T. ) ;
#80 = EDGE_LOOP ( 'NONE', ( #2584, #2917 ) ) ;
#81 = ADVANCED_FACE ( 'NONE', ( #1052 ), #1053, .T. ) ;
#82 = VERTEX_POINT ( 'NONE', #1064 ) ;
#83 = ORIENTED_EDGE ( 'NONE', *, *, #2674, .T. ) ;
#84 = EDGE_CURVE ( 'NONE', #2011, #2644, #1071, .T. ) ;
#85 = ORIENTED_EDGE ( 'NONE', *, *, #2823, .F. ) ;
#86 = EDGE_CURVE ( 'NONE', #65, #2928, #1101, .T. ) ;
#87 = ORIENTED_EDGE ( 'NONE', *, *, #2735, .T. ) ;
#88 = VERTEX_POINT ( 'NONE', #1147 ) ;
#89 = EDGE_CURVE ( 'NONE', #2659, #2050, #1148, .T. ) ;
#90 = ORIENTED_EDGE ( 'NONE', *, *, #140, .T. ) ;
#91 = ORIENTED_EDGE ( 'NONE', *, *, #43, .T. ) ;
#92 = VERTEX_POINT ( 'NONE', #1159 ) ;
#93 = ORIENTED_EDGE ( 'NONE', *, *, #2756, .F. ) ;
#94 = ORIENTED_EDGE ( 'NONE', *, *, #2629, .F. ) ;
#95 = ORIENTED_EDGE ( 'NONE', *, *, #1818, .F. ) ;
#96 = EDGE_CURVE ( 'NONE', #2493, #120, #1216, .T. ) ;
#97 = ADVANCED_FACE ( 'NONE', ( #1222 ), #1223, .F. ) ;
#98 = ORIENTED_EDGE ( 'NONE', *, *, #2663, .F. ) ;
#99 = EDGE_LOOP ( 'NONE', ( #2352, #2144, #2833, #2885 ) ) ;
#100 = EDGE_CURVE ( 'NONE', #2716, #1067, #1247, .T. ) ;
#101 = EDGE_CURVE ( 'NONE', #2177, #133, #1257, .T. ) ;
#102 = EDGE_CURVE ( 'NONE', #1067, #82, #1270, .T. ) ;
#103 = VERTEX_POINT ( 'NONE', #1277 ) ;
#104 = ORIENTED_EDGE ( 'NONE', *, *, #138, .T. ) ;
#105 = ORIENTED_EDGE ( 'NONE', *, *, #89, .F. ) ;
#106 = ORIENTED_EDGE ( 'NONE', *, *, #2565, .T. ) ;
#107 = VERTEX_POINT ( 'NONE', #1287 ) ;
#108 = ADVANCED_FACE ( 'NONE', ( #1301 ), #1302, .F. ) ;
#109 = VERTEX_POINT ( 'NONE', #1314 ) ;
#110 = VERTEX_POINT ( 'NONE', #1326 ) ;
#111 = EDGE_LOOP ( 'NONE', ( #130, #2775, #2949, #2920 ) ) ;
#112 = ORIENTED_EDGE ( 'NONE', *, *, #2516, .T. ) ;
#113 = ORIENTED_EDGE ( 'NONE', *, *, #2599, .F. ) ;
#114 = ORIENTED_EDGE ( 'NONE', *, *, #1674, .F. ) ;
#115 = ORIENTED_EDGE ( 'NONE', *, *, #2894, .F. ) ;
#116 = VERTEX_POINT ( 'NONE', #1338 ) ;
#117 = ORIENTED_EDGE ( 'NONE', *, *, #241, .T. ) ;
#118 = ORIENTED_EDGE ( 'NONE', *, *, #2655, .F. ) ;
#119 = ORIENTED_EDGE ( 'NONE', *, *, #1, .T. ) ;
#120 = VERTEX_POINT ( 'NONE', #1349 ) ;
#121 = VERTEX_POINT ( 'NONE', #1350 ) ;
#122 = EDGE_LOOP ( 'NONE', ( #2755, #112 ) ) ;
#123 = ORIENTED_EDGE ( 'NONE', *, *, #141, .F. ) ;
#124 = ORIENTED_EDGE ( 'NONE', *, *, #139, .T. ) ;
#125 = ORIENTED_EDGE ( 'NONE', *, *, #2911, .F. ) ;
#126 = ORIENTED_EDGE ( 'NONE', *, *, #2872, .F. ) ;
#127 = EDGE_CURVE ( 'NONE', #2846, #110, #1378, .T. ) ;
#128 = ORIENTED_EDGE ( 'NONE', *, *, #1259, .T. ) ;
#129 = EDGE_LOOP ( 'NONE', ( #840, #2973, #2499, #574 ) ) ;
#130 = ORIENTED_EDGE ( 'NONE', *, *, #2550, .F. ) ;
#131 = ORIENTED_EDGE ( 'NONE', *, *, #137, .T. ) ;
#132 = ORIENTED_EDGE ( 'NONE', *, *, #150, .T. ) ;
#133 = VERTEX_POINT ( 'NONE', #1390 ) ;
#134 = ORIENTED_EDGE ( 'NONE', *, *, #145, .T. ) ;
#135 = ORIENTED_EDGE ( 'NONE', *, *, #150, .F. ) ;
#136 = EDGE_LOOP ( 'NONE', ( #2734, #2761, #2751, #1134 ) ) ;
#137 = EDGE_CURVE ( 'NONE', #2939, #2741, #1396, .T. ) ;
#138 = EDGE_CURVE ( 'NONE', #2930, #258, #1427, .T. ) ;
#139 = EDGE_CURVE ( 'NONE', #2719, #2699, #1432, .T. ) ;
#140 = EDGE_CURVE ( 'NONE', #645, #92, #1441, .T. ) ;
#141 = EDGE_CURVE ( 'NONE', #1474, #2976, #1449, .T. ) ;
#142 = ORIENTED_EDGE ( 'NONE', *, *, #1836, .F. ) ;
#143 = EDGE_CURVE ( 'NONE', #2212, #645, #1458, .T. ) ;
#144 = ORIENTED_EDGE ( 'NONE', *, *, #326, .T. ) ;
#145 = EDGE_CURVE ( 'NONE', #2832, #2600, #1462, .T. ) ;
#146 = ADVANCED_FACE ( 'NONE', ( #1466 ), #1483, .F. ) ;
#147 = ADVANCED_FACE ( 'NONE', ( #1488 ), #1506, .T. ) ;
#148 = ADVANCED_FACE ( 'NONE', ( #1513 ), #1532, .F. ) ;
#149 = EDGE_LOOP ( 'NONE', ( #1168, #1546, #2896, #2640 ) ) ;
#150 = EDGE_CURVE ( 'NONE', #2815, #121, #1556, .T. ) ;
#151 = EDGE_CURVE ( 'NONE', #2620, #2560, #1642, .T. ) ;
#152 = ORIENTED_EDGE ( 'NONE', *, *, #2793, .F. ) ;
#153 = FACE_OUTER_BOUND ( 'NONE', #1744, .T. ) ;
#154 = COLOUR_RGB ( '',0.8549019607843136900, 0.8313725490196077800, 0.6980392156862744700 ) ;
#155 = FILL_AREA_STYLE_COLOUR ( '', #154 ) ;
#156 = FILL_AREA_STYLE ('',( #155 ) ) ;
#157 = SURFACE_STYLE_FILL_AREA ( #156 ) ;
#158 = SURFACE_SIDE_STYLE ('',( #157 ) ) ;
#159 = SURFACE_STYLE_USAGE ( .BOTH. , #158 ) ;
#160 = PRESENTATION_STYLE_ASSIGNMENT (( #159 ) ) ;
#161 = STYLED_ITEM ( 'NONE', ( #160 ), #2898 ) ;
#162 = PRESENTATION_LAYER_ASSIGNMENT (  '', '', ( #161 ) ) ;
#163 = MECHANICAL_DESIGN_GEOMETRIC_PRESENTATION_REPRESENTATION (  '', ( #161 ), #169 ) ;
#164 =( LENGTH_UNIT ( ) NAMED_UNIT ( * ) SI_UNIT ( .MILLI., .METRE. ) );
#165 =( NAMED_UNIT ( * ) PLANE_ANGLE_UNIT ( ) SI_UNIT ( $, .RADIAN. ) );
#166 =( NAMED_UNIT ( * ) SI_UNIT ( $, .STERADIAN. ) SOLID_ANGLE_UNIT ( ) );
#167 = UNCERTAINTY_MEASURE_WITH_UNIT (LENGTH_MEASURE( 1.000000000000000100E-005 ), #164, 'distance_accuracy_value', 'NONE');
#168 = ADVANCED_FACE ( 'NONE', ( #1656 ), #1677, .F. ) ;
#169 =( GEOMETRIC_REPRESENTATION_CONTEXT ( 3 ) GLOBAL_UNCERTAINTY_ASSIGNED_CONTEXT ( ( #167 ) ) GLOBAL_UNIT_ASSIGNED_CONTEXT ( ( #164, #165, #166 ) ) REPRESENTATION_CONTEXT ( 'NONE', 'WORKASPACE' ) );
#170 = PLANE ( 'NONE',  #171 ) ;
#171 = AXIS2_PLACEMENT_3D ( 'NONE', #172, #173, #174 ) ;
#172 = CARTESIAN_POINT ( 'NONE',  ( -0.5000000000000000000, 8.099999999999999600, -2.810000000000000100 ) ) ;
#173 = DIRECTION ( 'NONE',  ( 0.0000000000000000000, 0.0000000000000000000, 1.000000000000000000 ) ) ;
#174 = DIRECTION ( 'NONE',  ( 1.000000000000000000, 0.0000000000000000000, 0.0000000000000000000 ) ) ;
#175 = FACE_OUTER_BOUND ( 'NONE', #56, .T. ) ;
#176 = PLANE ( 'NONE',  #177 ) ;
#177 = AXIS2_PLACEMENT_3D ( 'NONE', #178, #179, #180 ) ;
#178 = CARTESIAN_POINT ( 'NONE',  ( -0.2999999999999999900, 1.310820393249936000, -7.769999999999999600 ) ) ;
#179 = DIRECTION ( 'NONE',  ( 0.0000000000000000000, 0.0000000000000000000, 1.000000000000000000 ) ) ;
#180 = DIRECTION ( 'NONE',  ( 1.000000000000000000, 0.0000000000000000000, 0.0000000000000000000 ) ) ;
#181 = FACE_OUTER_BOUND ( 'NONE', #111, .T. ) ;
#182 = PLANE ( 'NONE',  #183 ) ;
#183 = AXIS2_PLACEMENT_3D ( 'NONE', #184, #186, #187 ) ;
#184 = CARTESIAN_POINT ( 'NONE',  ( -0.2999999999999999900, 1.310820393249936000, -7.469999999999999800 ) ) ;
#185 = EDGE_CURVE ( 'NONE', #802, #359, #1692, .T. ) ;
#186 = DIRECTION ( 'NONE',  ( 1.000000000000000000, 0.0000000000000000000, 0.0000000000000000000 ) ) ;
#187 = DIRECTION ( 'NONE',  ( 0.0000000000000000000, 0.0000000000000000000, -1.000000000000000000 ) ) ;
#188 = LINE ( 'NONE', #189, #190 ) ;
#189 = CARTESIAN_POINT ( 'NONE',  ( 18.07999999999999800, 1.310820393249938000, -7.769999999999999600 ) ) ;
#190 = VECTOR ( 'NONE', #191, 1000.000000000000000 ) ;
#191 = DIRECTION ( 'NONE',  ( 0.0000000000000000000, -1.000000000000000000, 0.0000000000000000000 ) ) ;
#192 = FACE_OUTER_BOUND ( 'NONE', #2575, .T. ) ;
#193 = COLOUR_RGB ( '',0.8549019607843136900, 0.8313725490196077800, 0.6980392156862744700 ) ;
#194 = FILL_AREA_STYLE_COLOUR ( '', #193 ) ;
#195 = FILL_AREA_STYLE ('',( #194 ) ) ;
#196 = SURFACE_STYLE_FILL_AREA ( #195 ) ;
#197 = SURFACE_SIDE_STYLE ('',( #196 ) ) ;
#198 = SURFACE_STYLE_USAGE ( .BOTH. , #197 ) ;
#199 = PRESENTATION_STYLE_ASSIGNMENT (( #198 ) ) ;
#200 = STYLED_ITEM ( 'NONE', ( #199 ), #2901 ) ;
#201 = PRESENTATION_LAYER_ASSIGNMENT (  '', '', ( #200 ) ) ;
#202 = ORIENTED_EDGE ( 'NONE', *, *, #2642, .F. ) ;
#203 = ORIENTED_EDGE ( 'NONE', *, *, #309, .T. ) ;
#204 = ORIENTED_EDGE ( 'NONE', *, *, #2125, .F. ) ;
#205 = ORIENTED_EDGE ( 'NONE', *, *, #2518, .T. ) ;
#206 = MECHANICAL_DESIGN_GEOMETRIC_PRESENTATION_REPRESENTATION (  '', ( #200 ), #211 ) ;
#207 =( LENGTH_UNIT ( ) NAMED_UNIT ( * ) SI_UNIT ( .MILLI., .METRE. ) );
#208 =( NAMED_UNIT ( * ) PLANE_ANGLE_UNIT ( ) SI_UNIT ( $, .RADIAN. ) );
#209 =( NAMED_UNIT ( * ) SI_UNIT ( $, .STERADIAN. ) SOLID_ANGLE_UNIT ( ) );
#210 = UNCERTAINTY_MEASURE_WITH_UNIT (LENGTH_MEASURE( 1.000000000000000100E-005 ), #207, 'distance_accuracy_value', 'NONE');
#211 =( GEOMETRIC_REPRESENTATION_CONTEXT ( 3 ) GLOBAL_UNCERTAINTY_ASSIGNED_CONTEXT ( ( #210 ) ) GLOBAL_UNIT_ASSIGNED_CONTEXT ( ( #207, #208, #209 ) ) REPRESENTATION_CONTEXT ( 'NONE', 'WORKASPACE' ) );
#212 = PLANE ( 'NONE',  #213 ) ;
#213 = AXIS2_PLACEMENT_3D ( 'NONE', #214, #215, #216 ) ;
#214 = CARTESIAN_POINT ( 'NONE',  ( 14.74000000000000000, 0.3400000000000000200, -2.010000000000000200 ) ) ;
#215 = DIRECTION ( 'NONE',  ( 0.0000000000000000000, -1.000000000000000000, 0.0000000000000000000 ) ) ;
#216 = DIRECTION ( 'NONE',  ( 0.0000000000000000000, 0.0000000000000000000, -1.000000000000000000 ) ) ;
#217 = LINE ( 'NONE', #218, #219 ) ;
#218 = CARTESIAN_POINT ( 'NONE',  ( -0.5000000000000000000, 8.400000000000000400, -4.809999999999999600 ) ) ;
#219 = VECTOR ( 'NONE', #220, 1000.000000000000000 ) ;
#220 = DIRECTION ( 'NONE',  ( -1.084202172485503800E-016, 0.0000000000000000000, 1.000000000000000000 ) ) ;
#221 = LINE ( 'NONE', #225, #226 ) ;
#222 = EDGE_LOOP ( 'NONE', ( #2927, #2952, #113, #1238 ) ) ;
#223 = ADVANCED_FACE ( 'NONE', ( #1740 ), #1741, .F. ) ;
#224 = EDGE_CURVE ( 'NONE', #1547, #2576, #1752, .T. ) ;
#225 = CARTESIAN_POINT ( 'NONE',  ( 3.040000000000000000, 0.3400000000000000200, -5.210000000000000000 ) ) ;
#226 = VECTOR ( 'NONE', #227, 1000.000000000000000 ) ;
#227 = DIRECTION ( 'NONE',  ( 0.0000000000000000000, 1.000000000000000000, 0.0000000000000000000 ) ) ;
#228 = CARTESIAN_POINT ( 'NONE',  ( 18.07999999999999800, -3.160000000000000100, -7.469999999999999800 ) ) ;
#229 = CARTESIAN_POINT ( 'NONE',  ( 3.040000000000000000, 0.3400000000000000200, -1.610000000000000100 ) ) ;
#230 = CIRCLE ( 'NONE', #231, 0.4000000000000001900 ) ;
#231 = AXIS2_PLACEMENT_3D ( 'NONE', #232, #233, #234 ) ;
#232 = CARTESIAN_POINT ( 'NONE',  ( 14.74000000000000000, 0.3400000000000000200, -5.610000000000000300 ) ) ;
#233 = DIRECTION ( 'NONE',  ( 0.0000000000000000000, -1.000000000000000000, 0.0000000000000000000 ) ) ;
#234 = DIRECTION ( 'NONE',  ( 0.0000000000000000000, 0.0000000000000000000, 1.000000000000000000 ) ) ;
#235 = LINE ( 'NONE', #236, #237 ) ;
#236 = CARTESIAN_POINT ( 'NONE',  ( 15.99000001075520300, 0.5400000000000000400, -4.309999999999999600 ) ) ;
#237 = VECTOR ( 'NONE', #238, 1000.000000000000000 ) ;
#238 = DIRECTION ( 'NONE',  ( 0.0000000000000000000, 1.000000000000000000, 0.0000000000000000000 ) ) ;
#239 = LINE ( 'NONE', #240, #242 ) ;
#240 = CARTESIAN_POINT ( 'NONE',  ( 18.07999999999999800, 1.310820393249938000, -0.1500000000000044900 ) ) ;
#241 = EDGE_CURVE ( 'NONE', #133, #397, #1774, .T. ) ;
#242 = VECTOR ( 'NONE', #243, 1000.000000000000000 ) ;
#243 = DIRECTION ( 'NONE',  ( 0.0000000000000000000, -1.000000000000000000, 0.0000000000000000000 ) ) ;
#244 = FACE_OUTER_BOUND ( 'NONE', #2773, .T. ) ;
#245 = COLOUR_RGB ( '',0.8549019607843136900, 0.8313725490196077800, 0.6980392156862744700 ) ;
#246 = FILL_AREA_STYLE_COLOUR ( '', #245 ) ;
#247 = FILL_AREA_STYLE ('',( #246 ) ) ;
#248 = SURFACE_STYLE_FILL_AREA ( #247 ) ;
#249 = SURFACE_SIDE_STYLE ('',( #248 ) ) ;
#250 = SURFACE_STYLE_USAGE ( .BOTH. , #249 ) ;
#251 = PRESENTATION_STYLE_ASSIGNMENT (( #250 ) ) ;
#252 = STYLED_ITEM ( 'NONE', ( #251 ), #2903 ) ;
#253 = PRESENTATION_LAYER_ASSIGNMENT (  '', '', ( #252 ) ) ;
#254 = MECHANICAL_DESIGN_GEOMETRIC_PRESENTATION_REPRESENTATION (  '', ( #252 ), #262 ) ;
#255 =( LENGTH_UNIT ( ) NAMED_UNIT ( * ) SI_UNIT ( .MILLI., .METRE. ) );
#256 =( NAMED_UNIT ( * ) PLANE_ANGLE_UNIT ( ) SI_UNIT ( $, .RADIAN. ) );
#257 =( NAMED_UNIT ( * ) SI_UNIT ( $, .STERADIAN. ) SOLID_ANGLE_UNIT ( ) );
#258 = VERTEX_POINT ( 'NONE', #1789 ) ;
#259 = EDGE_LOOP ( 'NONE', ( #94, #2651, #2858, #2541 ) ) ;
#260 = ADVANCED_FACE ( 'NONE', ( #1821 ), #1822, .F. ) ;
#261 = UNCERTAINTY_MEASURE_WITH_UNIT (LENGTH_MEASURE( 1.000000000000000100E-005 ), #255, 'distance_accuracy_value', 'NONE');
#262 =( GEOMETRIC_REPRESENTATION_CONTEXT ( 3 ) GLOBAL_UNCERTAINTY_ASSIGNED_CONTEXT ( ( #261 ) ) GLOBAL_UNIT_ASSIGNED_CONTEXT ( ( #255, #256, #257 ) ) REPRESENTATION_CONTEXT ( 'NONE', 'WORKASPACE' ) );
#263 = CYLINDRICAL_SURFACE ( 'NONE', #264, 0.3999999999999999700 ) ;
#264 = AXIS2_PLACEMENT_3D ( 'NONE', #265, #266, #267 ) ;
#265 = CARTESIAN_POINT ( 'NONE',  ( 14.74000000000000000, 0.3400000000000000200, -2.010000000000000200 ) ) ;
#266 = DIRECTION ( 'NONE',  ( 0.0000000000000000000, 1.000000000000000000, 0.0000000000000000000 ) ) ;
#267 = DIRECTION ( 'NONE',  ( 0.0000000000000000000, 0.0000000000000000000, 1.000000000000000000 ) ) ;
#268 = LINE ( 'NONE', #269, #270 ) ;
#269 = CARTESIAN_POINT ( 'NONE',  ( 7.320000000000000300, 0.6400000000000000100, -7.769999999999999600 ) ) ;
#270 = VECTOR ( 'NONE', #271, 1000.000000000000000 ) ;
#271 = DIRECTION ( 'NONE',  ( -1.000000000000000000, 0.0000000000000000000, 0.0000000000000000000 ) ) ;
#272 = LINE ( 'NONE', #273, #274 ) ;
#273 = CARTESIAN_POINT ( 'NONE',  ( 7.320000000000000300, 0.6400000000000000100, -0.1500000000000024900 ) ) ;
#274 = VECTOR ( 'NONE', #275, 1000.000000000000000 ) ;
#275 = DIRECTION ( 'NONE',  ( -1.000000000000000000, 0.0000000000000000000, 0.0000000000000000000 ) ) ;
#276 = LINE ( 'NONE', #277, #278 ) ;
#277 = CARTESIAN_POINT ( 'NONE',  ( -1.210000000000000000, 0.6400000000000000100, 1.240000000000000000 ) ) ;
#278 = VECTOR ( 'NONE', #279, 1000.000000000000000 ) ;
#279 = DIRECTION ( 'NONE',  ( 1.000000000000000000, 0.0000000000000000000, 0.0000000000000000000 ) ) ;
#280 = CARTESIAN_POINT ( 'NONE',  ( 1.073575777614129900, 0.6400000000000000100, -8.859999999999999400 ) ) ;
#281 = CARTESIAN_POINT ( 'NONE',  ( 13.77357577761413900, 0.6400000000000000100, -8.859999999999999400 ) ) ;
#282 = LINE ( 'NONE', #283, #284 ) ;
#283 = CARTESIAN_POINT ( 'NONE',  ( 7.320000000000000300, 0.6400000000000000100, -7.469999999999999800 ) ) ;
#284 = VECTOR ( 'NONE', #285, 1000.000000000000000 ) ;
#285 = DIRECTION ( 'NONE',  ( 1.000000000000000000, 0.0000000000000000000, 0.0000000000000000000 ) ) ;
#286 = LINE ( 'NONE', #287, #288 ) ;
#287 = CARTESIAN_POINT ( 'NONE',  ( 7.320000000000000300, -3.160000000000000100, -7.769999999999999600 ) ) ;
#288 = VECTOR ( 'NONE', #289, 1000.000000000000000 ) ;
#289 = DIRECTION ( 'NONE',  ( -1.000000000000000000, 0.0000000000000000000, 0.0000000000000000000 ) ) ;
#290 = LINE ( 'NONE', #291, #292 ) ;
#291 = CARTESIAN_POINT ( 'NONE',  ( 18.98999999999999800, 8.400000000000000400, 1.240000000000000000 ) ) ;
#292 = VECTOR ( 'NONE', #293, 1000.000000000000000 ) ;
#293 = DIRECTION ( 'NONE',  ( 0.0000000000000000000, -1.000000000000000000, 0.0000000000000000000 ) ) ;
#294 = CARTESIAN_POINT ( 'NONE',  ( -1.210000000000000000, 8.400000000000000400, 1.240000000000000000 ) ) ;
#295 = LINE ( 'NONE', #296, #297 ) ;
#296 = CARTESIAN_POINT ( 'NONE',  ( -0.2999999999999999900, 0.6400000000000000100, -7.769999999999999600 ) ) ;
#297 = VECTOR ( 'NONE', #298, 1000.000000000000000 ) ;
#298 = DIRECTION ( 'NONE',  ( -1.000000000000000000, 0.0000000000000000000, 0.0000000000000000000 ) ) ;
#299 = LINE ( 'NONE', #300, #301 ) ;
#300 = CARTESIAN_POINT ( 'NONE',  ( 13.00000000000000000, 0.6400000000000000100, 0.1499999999999999900 ) ) ;
#301 = VECTOR ( 'NONE', #302, 1000.000000000000000 ) ;
#302 = DIRECTION ( 'NONE',  ( 0.0000000000000000000, 0.0000000000000000000, -1.000000000000000000 ) ) ;
#303 = CARTESIAN_POINT ( 'NONE',  ( 14.74000000000000000, 0.3400000000000000200, -6.010000000000000700 ) ) ;
#304 = CARTESIAN_POINT ( 'NONE',  ( 4.006424222385869700, 0.6400000000000000100, 1.240000000000000000 ) ) ;
#305 = LINE ( 'NONE', #306, #307 ) ;
#306 = CARTESIAN_POINT ( 'NONE',  ( -0.5000000000000000000, 8.099999999999999600, -4.809999999999999600 ) ) ;
#307 = VECTOR ( 'NONE', #308, 1000.000000000000000 ) ;
#308 = DIRECTION ( 'NONE',  ( -1.000000000000000000, 0.0000000000000000000, 0.0000000000000000000 ) ) ;
#309 = EDGE_CURVE ( 'NONE', #433, #379, #1884, .T. ) ;
#310 = LINE ( 'NONE', #311, #312 ) ;
#311 = CARTESIAN_POINT ( 'NONE',  ( -0.2999999999999999900, 0.6400000000000000100, -0.1499999999999999900 ) ) ;
#312 = VECTOR ( 'NONE', #313, 1000.000000000000000 ) ;
#313 = DIRECTION ( 'NONE',  ( -1.000000000000000000, 0.0000000000000000000, 0.0000000000000000000 ) ) ;
#314 = LINE ( 'NONE', #315, #316 ) ;
#315 = CARTESIAN_POINT ( 'NONE',  ( 17.48000000000000000, 0.6400000000000000100, -0.1500000000000044900 ) ) ;
#316 = VECTOR ( 'NONE', #317, 1000.000000000000000 ) ;
#317 = DIRECTION ( 'NONE',  ( -1.000000000000000000, 0.0000000000000000000, 0.0000000000000000000 ) ) ;
#318 = CIRCLE ( 'NONE', #319, 1.999999999999998200 ) ;
#319 = AXIS2_PLACEMENT_3D ( 'NONE', #320, #321, #322 ) ;
#320 = CARTESIAN_POINT ( 'NONE',  ( 15.24000000000000000, 2.000000000000000000, 0.9399999999999999500 ) ) ;
#321 = DIRECTION ( 'NONE',  ( 0.0000000000000000000, 0.0000000000000000000, 1.000000000000000000 ) ) ;
#322 = DIRECTION ( 'NONE',  ( 1.000000000000000000, 0.0000000000000000000, 0.0000000000000000000 ) ) ;
#323 = CARTESIAN_POINT ( 'NONE',  ( 7.320000000000000300, 0.6400000000000000100, -7.769999999999999600 ) ) ;
#324 = LINE ( 'NONE', #325, #327 ) ;
#325 = CARTESIAN_POINT ( 'NONE',  ( -1.210000000000000000, 0.6400000000000000100, 0.9399999999999999500 ) ) ;
#326 = EDGE_CURVE ( 'NONE', #2980, #2406, #1935, .T. ) ;
#327 = VECTOR ( 'NONE', #328, 1000.000000000000000 ) ;
#328 = DIRECTION ( 'NONE',  ( 1.000000000000000000, 0.0000000000000000000, 0.0000000000000000000 ) ) ;
#329 = FACE_OUTER_BOUND ( 'NONE', #2562, .T. ) ;
#330 = COLOUR_RGB ( '',0.8549019607843136900, 0.8313725490196077800, 0.6980392156862744700 ) ;
#331 = FILL_AREA_STYLE_COLOUR ( '', #330 ) ;
#332 = FILL_AREA_STYLE ('',( #331 ) ) ;
#333 = SURFACE_STYLE_FILL_AREA ( #332 ) ;
#334 = SURFACE_SIDE_STYLE ('',( #333 ) ) ;
#335 = SURFACE_STYLE_USAGE ( .BOTH. , #334 ) ;
#336 = PRESENTATION_STYLE_ASSIGNMENT (( #335 ) ) ;
#337 = STYLED_ITEM ( 'NONE', ( #336 ), #2538 ) ;
#338 = PRESENTATION_LAYER_ASSIGNMENT (  '', '', ( #337 ) ) ;
#339 = MECHANICAL_DESIGN_GEOMETRIC_PRESENTATION_REPRESENTATION (  '', ( #337 ), #344 ) ;
#340 =( LENGTH_UNIT ( ) NAMED_UNIT ( * ) SI_UNIT ( .MILLI., .METRE. ) );
#341 =( NAMED_UNIT ( * ) PLANE_ANGLE_UNIT ( ) SI_UNIT ( $, .RADIAN. ) );
#342 =( NAMED_UNIT ( * ) SI_UNIT ( $, .STERADIAN. ) SOLID_ANGLE_UNIT ( ) );
#343 = UNCERTAINTY_MEASURE_WITH_UNIT (LENGTH_MEASURE( 1.000000000000000100E-005 ), #340, 'distance_accuracy_value', 'NONE');
#344 =( GEOMETRIC_REPRESENTATION_CONTEXT ( 3 ) GLOBAL_UNCERTAINTY_ASSIGNED_CONTEXT ( ( #343 ) ) GLOBAL_UNIT_ASSIGNED_CONTEXT ( ( #340, #341, #342 ) ) REPRESENTATION_CONTEXT ( 'NONE', 'WORKASPACE' ) );
#345 = CYLINDRICAL_SURFACE ( 'NONE', #346, 0.3999999999999999700 ) ;
#346 = AXIS2_PLACEMENT_3D ( 'NONE', #347, #348, #349 ) ;
#347 = CARTESIAN_POINT ( 'NONE',  ( 14.74000000000000000, 0.3400000000000000200, -2.010000000000000200 ) ) ;
#348 = DIRECTION ( 'NONE',  ( 0.0000000000000000000, 1.000000000000000000, 0.0000000000000000000 ) ) ;
#349 = DIRECTION ( 'NONE',  ( 0.0000000000000000000, 0.0000000000000000000, 1.000000000000000000 ) ) ;
#350 = LINE ( 'NONE', #351, #352 ) ;
#351 = CARTESIAN_POINT ( 'NONE',  ( -1.210000000000000000, 8.400000000000000400, 1.240000000000000000 ) ) ;
#352 = VECTOR ( 'NONE', #353, 1000.000000000000000 ) ;
#353 = DIRECTION ( 'NONE',  ( 0.0000000000000000000, -1.000000000000000000, 0.0000000000000000000 ) ) ;
#354 = CARTESIAN_POINT ( 'NONE',  ( 0.2999999999999999900, 0.6400000000000000100, -7.469999999999999800 ) ) ;
#355 = LINE ( 'NONE', #356, #357 ) ;
#356 = CARTESIAN_POINT ( 'NONE',  ( 12.40000000000000000, 0.6400000000000000100, 0.1499999999999999900 ) ) ;
#357 = VECTOR ( 'NONE', #358, 1000.000000000000000 ) ;
#358 = DIRECTION ( 'NONE',  ( 0.0000000000000000000, 0.0000000000000000000, 1.000000000000000000 ) ) ;
#359 = VERTEX_POINT ( 'NONE', #1945 ) ;
#360 = ORIENTED_EDGE ( 'NONE', *, *, #2925, .F. ) ;
#361 = FACE_OUTER_BOUND ( 'NONE', #2675, .T. ) ;
#362 = PLANE ( 'NONE',  #363 ) ;
#363 = AXIS2_PLACEMENT_3D ( 'NONE', #364, #365, #366 ) ;
#364 = CARTESIAN_POINT ( 'NONE',  ( 17.48000000000000000, 1.310820393249938000, -0.1500000000000044900 ) ) ;
#365 = DIRECTION ( 'NONE',  ( 0.0000000000000000000, 0.0000000000000000000, 1.000000000000000000 ) ) ;
#366 = DIRECTION ( 'NONE',  ( 1.000000000000000000, 0.0000000000000000000, 0.0000000000000000000 ) ) ;
#367 = FACE_OUTER_BOUND ( 'NONE', #2740, .T. ) ;
#368 = PLANE ( 'NONE',  #369 ) ;
#369 = AXIS2_PLACEMENT_3D ( 'NONE', #370, #371, #372 ) ;
#370 = CARTESIAN_POINT ( 'NONE',  ( 17.48000000000000000, 1.310820393249938000, 0.1499999999999999900 ) ) ;
#371 = DIRECTION ( 'NONE',  ( 0.0000000000000000000, 0.0000000000000000000, -1.000000000000000000 ) ) ;
#372 = DIRECTION ( 'NONE',  ( -1.000000000000000000, 0.0000000000000000000, 0.0000000000000000000 ) ) ;
#373 = CARTESIAN_POINT ( 'NONE',  ( -0.2999999999999999900, 0.6400000000000000100, -7.769999999999999600 ) ) ;
#374 = CARTESIAN_POINT ( 'NONE',  ( 3.040000000000000000, 0.6400000000000000100, -2.410000000000000100 ) ) ;
#375 = LINE ( 'NONE', #376, #381 ) ;
#376 = CARTESIAN_POINT ( 'NONE',  ( 12.40000000000000000, -3.160000000000000100, -7.769999999999999600 ) ) ;
#377 = EDGE_LOOP ( 'NONE', ( #2879, #2442, #2921, #2545 ) ) ;
#378 = ORIENTED_EDGE ( 'NONE', *, *, #96, .F. ) ;
#379 = VERTEX_POINT ( 'NONE', #1954 ) ;
#380 = ORIENTED_EDGE ( 'NONE', *, *, #663, .T. ) ;
#381 = VECTOR ( 'NONE', #382, 1000.000000000000000 ) ;
#382 = DIRECTION ( 'NONE',  ( -1.000000000000000000, 0.0000000000000000000, 0.0000000000000000000 ) ) ;
#383 = LINE ( 'NONE', #384, #385 ) ;
#384 = CARTESIAN_POINT ( 'NONE',  ( 0.2999999999999999900, 0.6400000000000000100, 0.1499999999999999900 ) ) ;
#385 = VECTOR ( 'NONE', #386, 1000.000000000000000 ) ;
#386 = DIRECTION ( 'NONE',  ( 0.0000000000000000000, 0.0000000000000000000, -1.000000000000000000 ) ) ;
#387 = CARTESIAN_POINT ( 'NONE',  ( 13.77357577761413900, 0.6400000000000000100, 0.9399999999999999500 ) ) ;
#388 = CARTESIAN_POINT ( 'NONE',  ( 0.5000000000000000000, 8.099999999999999600, -4.809999999999999600 ) ) ;
#389 = LINE ( 'NONE', #390, #391 ) ;
#390 = CARTESIAN_POINT ( 'NONE',  ( -0.2999999999999999900, 0.6400000000000000100, -7.469999999999999800 ) ) ;
#391 = VECTOR ( 'NONE', #392, 1000.000000000000000 ) ;
#392 = DIRECTION ( 'NONE',  ( 0.0000000000000000000, 0.0000000000000000000, 1.000000000000000000 ) ) ;
#393 = CARTESIAN_POINT ( 'NONE',  ( 3.040000000000000000, 0.6400000000000000100, -1.610000000000000100 ) ) ;
#394 = CARTESIAN_POINT ( 'NONE',  ( 12.40000000000000000, 0.6400000000000000100, -0.1500000000000034900 ) ) ;
#395 = LINE ( 'NONE', #396, #398 ) ;
#396 = CARTESIAN_POINT ( 'NONE',  ( 0.2999999999999999900, -3.160000000000000100, 0.1499999999999999900 ) ) ;
#397 = VERTEX_POINT ( 'NONE', #1992 ) ;
#398 = VECTOR ( 'NONE', #399, 1000.000000000000000 ) ;
#399 = DIRECTION ( 'NONE',  ( 0.0000000000000000000, 0.0000000000000000000, -1.000000000000000000 ) ) ;
#400 = LINE ( 'NONE', #401, #402 ) ;
#401 = CARTESIAN_POINT ( 'NONE',  ( 13.77357577761413900, 0.6400000000000000100, 0.9399999999999999500 ) ) ;
#402 = VECTOR ( 'NONE', #403, 1000.000000000000000 ) ;
#403 = DIRECTION ( 'NONE',  ( 0.0000000000000000000, 0.0000000000000000000, 1.000000000000000000 ) ) ;
#404 = LINE ( 'NONE', #405, #406 ) ;
#405 = CARTESIAN_POINT ( 'NONE',  ( 3.040000000000000000, 0.3400000000000000200, -6.010000000000000700 ) ) ;
#406 = VECTOR ( 'NONE', #407, 1000.000000000000000 ) ;
#407 = DIRECTION ( 'NONE',  ( 0.0000000000000000000, 1.000000000000000000, 0.0000000000000000000 ) ) ;
#408 = FACE_OUTER_BOUND ( 'NONE', #2556, .T. ) ;
#409 = PLANE ( 'NONE',  #410 ) ;
#410 = AXIS2_PLACEMENT_3D ( 'NONE', #411, #412, #413 ) ;
#411 = CARTESIAN_POINT ( 'NONE',  ( 7.320000000000000300, 1.310820393249938000, -0.1500000000000024900 ) ) ;
#412 = DIRECTION ( 'NONE',  ( 0.0000000000000000000, 0.0000000000000000000, 1.000000000000000000 ) ) ;
#413 = DIRECTION ( 'NONE',  ( 1.000000000000000000, 0.0000000000000000000, 0.0000000000000000000 ) ) ;
#414 = ORIENTED_EDGE ( 'NONE', *, *, #2837, .F. ) ;
#415 = ORIENTED_EDGE ( 'NONE', *, *, #100, .T. ) ;
#416 = EDGE_LOOP ( 'NONE', ( #2706, #2723, #2668, #415 ) ) ;
#417 = LINE ( 'NONE', #418, #419 ) ;
#418 = CARTESIAN_POINT ( 'NONE',  ( 3.040000000000000000, 0.3400000000000000200, -1.610000000000000100 ) ) ;
#419 = VECTOR ( 'NONE', #420, 1000.000000000000000 ) ;
#420 = DIRECTION ( 'NONE',  ( 0.0000000000000000000, 1.000000000000000000, 0.0000000000000000000 ) ) ;
#421 = FACE_OUTER_BOUND ( 'NONE', #1855, .T. ) ;
#422 = COLOUR_RGB ( '',0.8549019607843136900, 0.8313725490196077800, 0.6980392156862744700 ) ;
#423 = FILL_AREA_STYLE_COLOUR ( '', #422 ) ;
#424 = FILL_AREA_STYLE ('',( #423 ) ) ;
#425 = SURFACE_STYLE_FILL_AREA ( #424 ) ;
#426 = SURFACE_SIDE_STYLE ('',( #425 ) ) ;
#427 = SURFACE_STYLE_USAGE ( .BOTH. , #426 ) ;
#428 = PRESENTATION_STYLE_ASSIGNMENT (( #427 ) ) ;
#429 = STYLED_ITEM ( 'NONE', ( #428 ), #30 ) ;
#430 = PRESENTATION_LAYER_ASSIGNMENT (  '', '', ( #429 ) ) ;
#431 = MECHANICAL_DESIGN_GEOMETRIC_PRESENTATION_REPRESENTATION (  '', ( #429 ), #439 ) ;
#432 =( LENGTH_UNIT ( ) NAMED_UNIT ( * ) SI_UNIT ( .MILLI., .METRE. ) );
#433 = VERTEX_POINT ( 'NONE', #2038 ) ;
#434 = EDGE_CURVE ( 'NONE', #2664, #2783, #2043, .T. ) ;
#435 = ORIENTED_EDGE ( 'NONE', *, *, #1798, .F. ) ;
#436 =( NAMED_UNIT ( * ) PLANE_ANGLE_UNIT ( ) SI_UNIT ( $, .RADIAN. ) );
#437 =( NAMED_UNIT ( * ) SI_UNIT ( $, .STERADIAN. ) SOLID_ANGLE_UNIT ( ) );
#438 = UNCERTAINTY_MEASURE_WITH_UNIT (LENGTH_MEASURE( 1.000000000000000100E-005 ), #432, 'distance_accuracy_value', 'NONE');
#439 =( GEOMETRIC_REPRESENTATION_CONTEXT ( 3 ) GLOBAL_UNCERTAINTY_ASSIGNED_CONTEXT ( ( #438 ) ) GLOBAL_UNIT_ASSIGNED_CONTEXT ( ( #432, #436, #437 ) ) REPRESENTATION_CONTEXT ( 'NONE', 'WORKASPACE' ) );
#440 = CYLINDRICAL_SURFACE ( 'NONE', #441, 0.3999999999999999700 ) ;
#441 = AXIS2_PLACEMENT_3D ( 'NONE', #442, #443, #444 ) ;
#442 = CARTESIAN_POINT ( 'NONE',  ( 3.040000000000000000, 0.3400000000000000200, -2.010000000000000200 ) ) ;
#443 = DIRECTION ( 'NONE',  ( 0.0000000000000000000, 1.000000000000000000, 0.0000000000000000000 ) ) ;
#444 = DIRECTION ( 'NONE',  ( 0.0000000000000000000, 0.0000000000000000000, 1.000000000000000000 ) ) ;
#445 = CARTESIAN_POINT ( 'NONE',  ( 13.00000000000000000, -3.160000000000000100, -7.769999999999999600 ) ) ;
#446 = LINE ( 'NONE', #447, #448 ) ;
#447 = CARTESIAN_POINT ( 'NONE',  ( -0.2999999999999999900, 0.6400000000000000100, 0.1499999999999999900 ) ) ;
#448 = VECTOR ( 'NONE', #449, 1000.000000000000000 ) ;
#449 = DIRECTION ( 'NONE',  ( 1.000000000000000000, 0.0000000000000000000, 0.0000000000000000000 ) ) ;
#450 = FACE_OUTER_BOUND ( 'NONE', #2966, .T. ) ;
#451 = COLOUR_RGB ( '',0.8549019607843136900, 0.8313725490196077800, 0.6980392156862744700 ) ;
#452 = ORIENTED_EDGE ( 'NONE', *, *, #2484, .T. ) ;
#453 = ADVANCED_FACE ( 'NONE', ( #2048 ), #2049, .F. ) ;
#454 = FILL_AREA_STYLE_COLOUR ( '', #451 ) ;
#455 = FILL_AREA_STYLE ('',( #454 ) ) ;
#456 = SURFACE_STYLE_FILL_AREA ( #455 ) ;
#457 = SURFACE_SIDE_STYLE ('',( #456 ) ) ;
#458 = SURFACE_STYLE_USAGE ( .BOTH. , #457 ) ;
#459 = PRESENTATION_STYLE_ASSIGNMENT (( #458 ) ) ;
#460 = STYLED_ITEM ( 'NONE', ( #459 ), #33 ) ;
#461 = PRESENTATION_LAYER_ASSIGNMENT (  '', '', ( #460 ) ) ;
#462 = MECHANICAL_DESIGN_GEOMETRIC_PRESENTATION_REPRESENTATION (  '', ( #460 ), #467 ) ;
#463 =( LENGTH_UNIT ( ) NAMED_UNIT ( * ) SI_UNIT ( .MILLI., .METRE. ) );
#464 =( NAMED_UNIT ( * ) PLANE_ANGLE_UNIT ( ) SI_UNIT ( $, .RADIAN. ) );
#465 =( NAMED_UNIT ( * ) SI_UNIT ( $, .STERADIAN. ) SOLID_ANGLE_UNIT ( ) );
#466 = UNCERTAINTY_MEASURE_WITH_UNIT (LENGTH_MEASURE( 1.000000000000000100E-005 ), #463, 'distance_accuracy_value', 'NONE');
#467 =( GEOMETRIC_REPRESENTATION_CONTEXT ( 3 ) GLOBAL_UNCERTAINTY_ASSIGNED_CONTEXT ( ( #466 ) ) GLOBAL_UNIT_ASSIGNED_CONTEXT ( ( #463, #464, #465 ) ) REPRESENTATION_CONTEXT ( 'NONE', 'WORKASPACE' ) );
#468 = PLANE ( 'NONE',  #469 ) ;
#469 = AXIS2_PLACEMENT_3D ( 'NONE', #471, #472, #473 ) ;
#470 = ORIENTED_EDGE ( 'NONE', *, *, #2807, .T. ) ;
#471 = CARTESIAN_POINT ( 'NONE',  ( 18.98999999999999800, 8.400000000000000400, -8.859999999999999400 ) ) ;
#472 = DIRECTION ( 'NONE',  ( -1.000000000000000000, 0.0000000000000000000, 0.0000000000000000000 ) ) ;
#473 = DIRECTION ( 'NONE',  ( 0.0000000000000000000, 0.0000000000000000000, 1.000000000000000000 ) ) ;
#474 = LINE ( 'NONE', #475, #476 ) ;
#475 = CARTESIAN_POINT ( 'NONE',  ( 12.40000000000000000, 0.6400000000000000100, -0.1500000000000034900 ) ) ;
#476 = VECTOR ( 'NONE', #477, 1000.000000000000000 ) ;
#477 = DIRECTION ( 'NONE',  ( -1.000000000000000000, 0.0000000000000000000, 0.0000000000000000000 ) ) ;
#478 = CARTESIAN_POINT ( 'NONE',  ( 3.040000000000000000, 0.6400000000000000100, -6.010000000000000700 ) ) ;
#479 = LINE ( 'NONE', #480, #481 ) ;
#480 = CARTESIAN_POINT ( 'NONE',  ( 1.789999989244825100, 0.6400000000000000100, -4.309999999999999600 ) ) ;
#481 = VECTOR ( 'NONE', #482, 1000.000000000000000 ) ;
#482 = DIRECTION ( 'NONE',  ( -1.000000000000000000, 0.0000000000000000000, 0.0000000000000000000 ) ) ;
#483 = CARTESIAN_POINT ( 'NONE',  ( -1.210000000000000000, 8.400000000000000400, -8.859999999999999400 ) ) ;
#484 = FACE_OUTER_BOUND ( 'NONE', #2476, .T. ) ;
#485 = PLANE ( 'NONE',  #486 ) ;
#486 = AXIS2_PLACEMENT_3D ( 'NONE', #489, #490, #491 ) ;
#487 = EDGE_CURVE ( 'NONE', #1474, #2712, #2064, .T. ) ;
#488 = ORIENTED_EDGE ( 'NONE', *, *, #2894, .T. ) ;
#489 = CARTESIAN_POINT ( 'NONE',  ( 12.40000000000000000, 1.310820393249938000, 0.1499999999999999900 ) ) ;
#490 = DIRECTION ( 'NONE',  ( 1.000000000000000000, 0.0000000000000000000, 0.0000000000000000000 ) ) ;
#491 = DIRECTION ( 'NONE',  ( 0.0000000000000000000, 0.0000000000000000000, -1.000000000000000000 ) ) ;
#492 = LINE ( 'NONE', #493, #494 ) ;
#493 = CARTESIAN_POINT ( 'NONE',  ( 18.98999999999999800, 0.6400000000000000100, -8.859999999999999400 ) ) ;
#494 = VECTOR ( 'NONE', #495, 1000.000000000000000 ) ;
#495 = DIRECTION ( 'NONE',  ( 0.0000000000000000000, 0.0000000000000000000, -1.000000000000000000 ) ) ;
#496 = CARTESIAN_POINT ( 'NONE',  ( 12.40000000000000000, -3.160000000000000100, -7.769999999999999600 ) ) ;
#497 = CIRCLE ( 'NONE', #498, 0.4000000000000001900 ) ;
#498 = AXIS2_PLACEMENT_3D ( 'NONE', #499, #500, #501 ) ;
#499 = CARTESIAN_POINT ( 'NONE',  ( 14.74000000000000000, 0.3400000000000000200, -5.610000000000000300 ) ) ;
#500 = DIRECTION ( 'NONE',  ( 0.0000000000000000000, -1.000000000000000000, 0.0000000000000000000 ) ) ;
#501 = DIRECTION ( 'NONE',  ( 0.0000000000000000000, 0.0000000000000000000, 1.000000000000000000 ) ) ;
#502 = CARTESIAN_POINT ( 'NONE',  ( 7.854384241139600300, 0.6400000000000000100, -4.309999999999999600 ) ) ;
#503 = LINE ( 'NONE', #504, #507 ) ;
#504 = CARTESIAN_POINT ( 'NONE',  ( 13.00000000000000000, -3.160000000000000100, 0.1499999999999999900 ) ) ;
#505 = ORIENTED_EDGE ( 'NONE', *, *, #102, .F. ) ;
#506 = VERTEX_POINT ( 'NONE', #2068 ) ;
#507 = VECTOR ( 'NONE', #508, 1000.000000000000000 ) ;
#508 = DIRECTION ( 'NONE',  ( 0.0000000000000000000, 0.0000000000000000000, -1.000000000000000000 ) ) ;
#509 = CARTESIAN_POINT ( 'NONE',  ( 13.77357577761413900, 0.6400000000000000100, 1.240000000000000000 ) ) ;
#510 = LINE ( 'NONE', #511, #512 ) ;
#511 = CARTESIAN_POINT ( 'NONE',  ( 8.890000000000000600, 0.5400000000000000400, -2.660000000000000100 ) ) ;
#512 = VECTOR ( 'NONE', #513, 1000.000000000000000 ) ;
#513 = DIRECTION ( 'NONE',  ( 0.0000000000000000000, 1.000000000000000000, 0.0000000000000000000 ) ) ;
#514 = CARTESIAN_POINT ( 'NONE',  ( 13.77357577761413900, 0.6400000000000000100, -8.560000000000000500 ) ) ;
#515 = LINE ( 'NONE', #516, #517 ) ;
#516 = CARTESIAN_POINT ( 'NONE',  ( -0.2999999999999999900, 1.310820393249936000, -7.469999999999999800 ) ) ;
#517 = VECTOR ( 'NONE', #518, 1000.000000000000000 ) ;
#518 = DIRECTION ( 'NONE',  ( 0.0000000000000000000, -1.000000000000000000, 0.0000000000000000000 ) ) ;
#519 = CIRCLE ( 'NONE', #520, 0.3999999999999999700 ) ;
#520 = AXIS2_PLACEMENT_3D ( 'NONE', #521, #522, #523 ) ;
#521 = CARTESIAN_POINT ( 'NONE',  ( 3.040000000000000000, 0.6400000000000000100, -2.010000000000000200 ) ) ;
#522 = DIRECTION ( 'NONE',  ( 0.0000000000000000000, 1.000000000000000000, 0.0000000000000000000 ) ) ;
#523 = DIRECTION ( 'NONE',  ( 0.0000000000000000000, 0.0000000000000000000, 1.000000000000000000 ) ) ;
#524 = LINE ( 'NONE', #525, #526 ) ;
#525 = CARTESIAN_POINT ( 'NONE',  ( 1.789999989244825100, 0.5400000000000000400, -3.310000000000000100 ) ) ;
#526 = VECTOR ( 'NONE', #527, 1000.000000000000000 ) ;
#527 = DIRECTION ( 'NONE',  ( 0.0000000000000000000, 1.000000000000000000, 0.0000000000000000000 ) ) ;
#528 = CARTESIAN_POINT ( 'NONE',  ( 0.2999999999999999900, -3.160000000000000100, -0.1499999999999999900 ) ) ;
#529 = LINE ( 'NONE', #530, #531 ) ;
#530 = CARTESIAN_POINT ( 'NONE',  ( 12.40000000000000000, 0.6400000000000000100, -7.769999999999999600 ) ) ;
#531 = VECTOR ( 'NONE', #532, 1000.000000000000000 ) ;
#532 = DIRECTION ( 'NONE',  ( -1.000000000000000000, 0.0000000000000000000, 0.0000000000000000000 ) ) ;
#533 = CARTESIAN_POINT ( 'NONE',  ( 4.006424222385869700, 0.6400000000000000100, -8.859999999999999400 ) ) ;
#534 = CARTESIAN_POINT ( 'NONE',  ( -0.5000000000000000000, 8.400000000000000400, -4.809999999999999600 ) ) ;
#535 = LINE ( 'NONE', #536, #537 ) ;
#536 = CARTESIAN_POINT ( 'NONE',  ( -0.5000000000000000000, 8.099999999999999600, -2.810000000000000100 ) ) ;
#537 = VECTOR ( 'NONE', #538, 1000.000000000000000 ) ;
#538 = DIRECTION ( 'NONE',  ( 0.0000000000000000000, 1.000000000000000000, 0.0000000000000000000 ) ) ;
#539 = FACE_OUTER_BOUND ( 'NONE', #2969, .T. ) ;
#540 = COLOUR_RGB ( '',0.8549019607843136900, 0.8313725490196077800, 0.6980392156862744700 ) ;
#541 = FILL_AREA_STYLE_COLOUR ( '', #540 ) ;
#542 = FILL_AREA_STYLE ('',( #541 ) ) ;
#543 = SURFACE_STYLE_FILL_AREA ( #542 ) ;
#544 = SURFACE_SIDE_STYLE ('',( #543 ) ) ;
#545 = SURFACE_STYLE_USAGE ( .BOTH. , #544 ) ;
#546 = PRESENTATION_STYLE_ASSIGNMENT (( #545 ) ) ;
#547 = STYLED_ITEM ( 'NONE', ( #546 ), #2582 ) ;
#548 = PRESENTATION_LAYER_ASSIGNMENT (  '', '', ( #547 ) ) ;
#549 = MECHANICAL_DESIGN_GEOMETRIC_PRESENTATION_REPRESENTATION (  '', ( #547 ), #554 ) ;
#550 =( LENGTH_UNIT ( ) NAMED_UNIT ( * ) SI_UNIT ( .MILLI., .METRE. ) );
#551 =( NAMED_UNIT ( * ) PLANE_ANGLE_UNIT ( ) SI_UNIT ( $, .RADIAN. ) );
#552 =( NAMED_UNIT ( * ) SI_UNIT ( $, .STERADIAN. ) SOLID_ANGLE_UNIT ( ) );
#553 = UNCERTAINTY_MEASURE_WITH_UNIT (LENGTH_MEASURE( 1.000000000000000100E-005 ), #550, 'distance_accuracy_value', 'NONE');
#554 =( GEOMETRIC_REPRESENTATION_CONTEXT ( 3 ) GLOBAL_UNCERTAINTY_ASSIGNED_CONTEXT ( ( #553 ) ) GLOBAL_UNIT_ASSIGNED_CONTEXT ( ( #550, #551, #552 ) ) REPRESENTATION_CONTEXT ( 'NONE', 'WORKASPACE' ) );
#555 = ORIENTED_EDGE ( 'NONE', *, *, #859, .F. ) ;
#556 = ADVANCED_FACE ( 'NONE', ( #2073 ), #2090, .F. ) ;
#557 = PLANE ( 'NONE',  #558 ) ;
#558 = AXIS2_PLACEMENT_3D ( 'NONE', #559, #560, #561 ) ;
#559 = CARTESIAN_POINT ( 'NONE',  ( 15.99000001075520300, 0.5400000000000000400, -3.310000000000000100 ) ) ;
#560 = DIRECTION ( 'NONE',  ( -1.000000000000000000, 0.0000000000000000000, 0.0000000000000000000 ) ) ;
#561 = DIRECTION ( 'NONE',  ( 0.0000000000000000000, 0.0000000000000000000, 1.000000000000000000 ) ) ;
#562 = LINE ( 'NONE', #563, #564 ) ;
#563 = CARTESIAN_POINT ( 'NONE',  ( 14.74000000000000000, 0.3400000000000000200, -2.410000000000000100 ) ) ;
#564 = VECTOR ( 'NONE', #565, 1000.000000000000000 ) ;
#565 = DIRECTION ( 'NONE',  ( 0.0000000000000000000, 1.000000000000000000, 0.0000000000000000000 ) ) ;
#566 = LINE ( 'NONE', #567, #568 ) ;
#567 = CARTESIAN_POINT ( 'NONE',  ( 1.073575777614129900, 0.6400000000000000100, 0.9399999999999999500 ) ) ;
#568 = VECTOR ( 'NONE', #569, 1000.000000000000000 ) ;
#569 = DIRECTION ( 'NONE',  ( 0.0000000000000000000, 0.0000000000000000000, 1.000000000000000000 ) ) ;
#570 = CARTESIAN_POINT ( 'NONE',  ( 1.073575777614129900, 0.6400000000000000100, 1.240000000000000000 ) ) ;
#571 = LINE ( 'NONE', #572, #575 ) ;
#572 = CARTESIAN_POINT ( 'NONE',  ( -0.5000000000000000000, 8.400000000000000400, -2.810000000000000100 ) ) ;
#573 = ADVANCED_FACE ( 'NONE', ( #2095 ), #2112, .T. ) ;
#574 = ORIENTED_EDGE ( 'NONE', *, *, #896, .T. ) ;
#575 = VECTOR ( 'NONE', #576, 1000.000000000000000 ) ;
#576 = DIRECTION ( 'NONE',  ( 1.000000000000000000, 0.0000000000000000000, 0.0000000000000000000 ) ) ;
#577 = LINE ( 'NONE', #578, #579 ) ;
#578 = CARTESIAN_POINT ( 'NONE',  ( 13.00000000000000000, 1.310820393249938000, -7.469999999999999800 ) ) ;
#579 = VECTOR ( 'NONE', #580, 1000.000000000000000 ) ;
#580 = DIRECTION ( 'NONE',  ( 0.0000000000000000000, -1.000000000000000000, 0.0000000000000000000 ) ) ;
#581 = CARTESIAN_POINT ( 'NONE',  ( 13.00000000000000000, -3.160000000000000100, -0.1500000000000034900 ) ) ;
#582 = CIRCLE ( 'NONE', #583, 1.149999999999999900 ) ;
#583 = AXIS2_PLACEMENT_3D ( 'NONE', #584, #585, #586 ) ;
#584 = CARTESIAN_POINT ( 'NONE',  ( 8.890000000000000600, 0.6400000000000000100, -3.810000000000000100 ) ) ;
#585 = DIRECTION ( 'NONE',  ( 0.0000000000000000000, 1.000000000000000000, 0.0000000000000000000 ) ) ;
#586 = DIRECTION ( 'NONE',  ( 0.0000000000000000000, 0.0000000000000000000, 1.000000000000000000 ) ) ;
#587 = LINE ( 'NONE', #588, #589 ) ;
#588 = CARTESIAN_POINT ( 'NONE',  ( 9.925615758860400800, 0.5400000000000000400, -4.309999999999999600 ) ) ;
#589 = VECTOR ( 'NONE', #590, 1000.000000000000000 ) ;
#590 = DIRECTION ( 'NONE',  ( 1.000000000000000000, 0.0000000000000000000, 0.0000000000000000000 ) ) ;
#591 = EDGE_CURVE ( 'NONE', #2533, #2797, #2119, .T. ) ;
#592 = ADVANCED_FACE ( 'NONE', ( #2127 ), #2128, .F. ) ;
#593 = LINE ( 'NONE', #594, #595 ) ;
#594 = CARTESIAN_POINT ( 'NONE',  ( 13.00000000000000000, 0.6400000000000000100, -7.769999999999999600 ) ) ;
#595 = VECTOR ( 'NONE', #596, 1000.000000000000000 ) ;
#596 = DIRECTION ( 'NONE',  ( 0.0000000000000000000, 0.0000000000000000000, -1.000000000000000000 ) ) ;
#597 = LINE ( 'NONE', #598, #599 ) ;
#598 = CARTESIAN_POINT ( 'NONE',  ( 7.919999999999999900, 1.310820393249938000, 0.1499999999999999900 ) ) ;
#599 = VECTOR ( 'NONE', #600, 1000.000000000000000 ) ;
#600 = DIRECTION ( 'NONE',  ( 0.0000000000000000000, -1.000000000000000000, 0.0000000000000000000 ) ) ;
#601 = CIRCLE ( 'NONE', #602, 0.3999999999999999700 ) ;
#602 = AXIS2_PLACEMENT_3D ( 'NONE', #603, #604, #605 ) ;
#603 = CARTESIAN_POINT ( 'NONE',  ( 3.040000000000000000, 0.3400000000000000200, -2.010000000000000200 ) ) ;
#604 = DIRECTION ( 'NONE',  ( 0.0000000000000000000, -1.000000000000000000, 0.0000000000000000000 ) ) ;
#605 = DIRECTION ( 'NONE',  ( 0.0000000000000000000, 0.0000000000000000000, 1.000000000000000000 ) ) ;
#606 = FACE_OUTER_BOUND ( 'NONE', #2728, .T. ) ;
#607 = COLOUR_RGB ( '',0.8549019607843136900, 0.8313725490196077800, 0.6980392156862744700 ) ;
#608 = FILL_AREA_STYLE_COLOUR ( '', #607 ) ;
#609 = EDGE_LOOP ( 'NONE', ( #2317, #2505, #2845, #2569 ) ) ;
#610 = FILL_AREA_STYLE ('',( #608 ) ) ;
#611 = SURFACE_STYLE_FILL_AREA ( #610 ) ;
#612 = SURFACE_SIDE_STYLE ('',( #611 ) ) ;
#613 = SURFACE_STYLE_USAGE ( .BOTH. , #612 ) ;
#614 = PRESENTATION_STYLE_ASSIGNMENT (( #613 ) ) ;
#615 = STYLED_ITEM ( 'NONE', ( #614 ), #2596 ) ;
#616 = PRESENTATION_LAYER_ASSIGNMENT (  '', '', ( #615 ) ) ;
#617 = MECHANICAL_DESIGN_GEOMETRIC_PRESENTATION_REPRESENTATION (  '', ( #615 ), #622 ) ;
#618 =( LENGTH_UNIT ( ) NAMED_UNIT ( * ) SI_UNIT ( .MILLI., .METRE. ) );
#619 =( NAMED_UNIT ( * ) PLANE_ANGLE_UNIT ( ) SI_UNIT ( $, .RADIAN. ) );
#620 =( NAMED_UNIT ( * ) SI_UNIT ( $, .STERADIAN. ) SOLID_ANGLE_UNIT ( ) );
#621 = UNCERTAINTY_MEASURE_WITH_UNIT (LENGTH_MEASURE( 1.000000000000000100E-005 ), #618, 'distance_accuracy_value', 'NONE');
#622 =( GEOMETRIC_REPRESENTATION_CONTEXT ( 3 ) GLOBAL_UNCERTAINTY_ASSIGNED_CONTEXT ( ( #621 ) ) GLOBAL_UNIT_ASSIGNED_CONTEXT ( ( #618, #619, #620 ) ) REPRESENTATION_CONTEXT ( 'NONE', 'WORKASPACE' ) );
#623 = CYLINDRICAL_SURFACE ( 'NONE', #624, 0.3999999999999999700 ) ;
#624 = AXIS2_PLACEMENT_3D ( 'NONE', #625, #628, #629 ) ;
#625 = CARTESIAN_POINT ( 'NONE',  ( 3.040000000000000000, 0.3400000000000000200, -2.010000000000000200 ) ) ;
#626 = ORIENTED_EDGE ( 'NONE', *, *, #2711, .T. ) ;
#627 = ORIENTED_EDGE ( 'NONE', *, *, #801, .F. ) ;
#628 = DIRECTION ( 'NONE',  ( 0.0000000000000000000, 1.000000000000000000, 0.0000000000000000000 ) ) ;
#629 = DIRECTION ( 'NONE',  ( 0.0000000000000000000, 0.0000000000000000000, 1.000000000000000000 ) ) ;
#630 = CARTESIAN_POINT ( 'NONE',  ( 14.74000000000000000, 0.6400000000000000100, -5.210000000000000000 ) ) ;
#631 = CIRCLE ( 'NONE', #632, 1.149999999999999900 ) ;
#632 = AXIS2_PLACEMENT_3D ( 'NONE', #633, #634, #635 ) ;
#633 = CARTESIAN_POINT ( 'NONE',  ( 8.890000000000000600, 0.5400000000000000400, -3.810000000000000100 ) ) ;
#634 = DIRECTION ( 'NONE',  ( 0.0000000000000000000, -1.000000000000000000, 0.0000000000000000000 ) ) ;
#635 = DIRECTION ( 'NONE',  ( 0.0000000000000000000, 0.0000000000000000000, -1.000000000000000000 ) ) ;
#636 = CARTESIAN_POINT ( 'NONE',  ( 7.919999999999999900, 0.6400000000000000100, -0.1500000000000024900 ) ) ;
#637 = LINE ( 'NONE', #638, #639 ) ;
#638 = CARTESIAN_POINT ( 'NONE',  ( 12.40000000000000000, -3.160000000000000100, -7.469999999999999800 ) ) ;
#639 = VECTOR ( 'NONE', #640, 1000.000000000000000 ) ;
#640 = DIRECTION ( 'NONE',  ( 1.000000000000000000, 0.0000000000000000000, 0.0000000000000000000 ) ) ;
#641 = CIRCLE ( 'NONE', #642, 0.4000000000000001900 ) ;
#642 = AXIS2_PLACEMENT_3D ( 'NONE', #643, #646, #647 ) ;
#643 = CARTESIAN_POINT ( 'NONE',  ( 3.040000000000000000, 0.3400000000000000200, -5.610000000000000300 ) ) ;
#644 = ORIENTED_EDGE ( 'NONE', *, *, #731, .F. ) ;
#645 = VERTEX_POINT ( 'NONE', #2169 ) ;
#646 = DIRECTION ( 'NONE',  ( 0.0000000000000000000, -1.000000000000000000, 0.0000000000000000000 ) ) ;
#647 = DIRECTION ( 'NONE',  ( 0.0000000000000000000, 0.0000000000000000000, -1.000000000000000000 ) ) ;
#648 = LINE ( 'NONE', #649, #650 ) ;
#649 = CARTESIAN_POINT ( 'NONE',  ( 17.48000000000000000, -3.160000000000000100, -7.769999999999999600 ) ) ;
#650 = VECTOR ( 'NONE', #651, 1000.000000000000000 ) ;
#651 = DIRECTION ( 'NONE',  ( 0.0000000000000000000, 0.0000000000000000000, 1.000000000000000000 ) ) ;
#652 = LINE ( 'NONE', #653, #654 ) ;
#653 = CARTESIAN_POINT ( 'NONE',  ( 12.40000000000000000, 0.6400000000000000100, -7.469999999999999800 ) ) ;
#654 = VECTOR ( 'NONE', #655, 1000.000000000000000 ) ;
#655 = DIRECTION ( 'NONE',  ( 1.000000000000000000, 0.0000000000000000000, 0.0000000000000000000 ) ) ;
#656 = CARTESIAN_POINT ( 'NONE',  ( 9.925615758860400800, 0.6400000000000000100, -4.309999999999999600 ) ) ;
#657 = LINE ( 'NONE', #658, #659 ) ;
#658 = CARTESIAN_POINT ( 'NONE',  ( 12.40000000000000000, -3.160000000000000100, -0.1500000000000034900 ) ) ;
#659 = VECTOR ( 'NONE', #660, 1000.000000000000000 ) ;
#660 = DIRECTION ( 'NONE',  ( -1.000000000000000000, 0.0000000000000000000, 0.0000000000000000000 ) ) ;
#661 = LINE ( 'NONE', #664, #665 ) ;
#662 = ORIENTED_EDGE ( 'NONE', *, *, #3, .F. ) ;
#663 = EDGE_CURVE ( 'NONE', #2551, #2688, #2176, .T. ) ;
#664 = CARTESIAN_POINT ( 'NONE',  ( 17.48000000000000000, 0.6400000000000000100, 0.1499999999999999900 ) ) ;
#665 = VECTOR ( 'NONE', #666, 1000.000000000000000 ) ;
#666 = DIRECTION ( 'NONE',  ( 1.000000000000000000, 0.0000000000000000000, 0.0000000000000000000 ) ) ;
#667 = LINE ( 'NONE', #668, #669 ) ;
#668 = CARTESIAN_POINT ( 'NONE',  ( 17.48000000000000000, 0.6400000000000000100, -7.769999999999999600 ) ) ;
#669 = VECTOR ( 'NONE', #670, 1000.000000000000000 ) ;
#670 = DIRECTION ( 'NONE',  ( 0.0000000000000000000, 0.0000000000000000000, 1.000000000000000000 ) ) ;
#671 = LINE ( 'NONE', #672, #673 ) ;
#672 = CARTESIAN_POINT ( 'NONE',  ( 18.07999999999999800, 1.310820393249938000, -7.469999999999999800 ) ) ;
#673 = VECTOR ( 'NONE', #674, 1000.000000000000000 ) ;
#674 = DIRECTION ( 'NONE',  ( 0.0000000000000000000, -1.000000000000000000, 0.0000000000000000000 ) ) ;
#675 = LINE ( 'NONE', #676, #677 ) ;
#676 = CARTESIAN_POINT ( 'NONE',  ( 12.40000000000000000, 0.6400000000000000100, -7.769999999999999600 ) ) ;
#677 = VECTOR ( 'NONE', #678, 1000.000000000000000 ) ;
#678 = DIRECTION ( 'NONE',  ( 0.0000000000000000000, 0.0000000000000000000, 1.000000000000000000 ) ) ;
#679 = CARTESIAN_POINT ( 'NONE',  ( 18.07999999999999800, 0.6400000000000000100, -7.469999999999999800 ) ) ;
#680 = ADVANCED_FACE ( 'NONE', ( #2183 ), #2184, .F. ) ;
#681 = LINE ( 'NONE', #682, #683 ) ;
#682 = CARTESIAN_POINT ( 'NONE',  ( 0.5000000000000000000, 8.099999999999999600, -2.810000000000000100 ) ) ;
#683 = VECTOR ( 'NONE', #684, 1000.000000000000000 ) ;
#684 = DIRECTION ( 'NONE',  ( 0.0000000000000000000, 1.000000000000000000, 0.0000000000000000000 ) ) ;
#685 = CARTESIAN_POINT ( 'NONE',  ( 18.07999999999999800, 0.6400000000000000100, 0.1499999999999999900 ) ) ;
#686 = CARTESIAN_POINT ( 'NONE',  ( 7.320000000000000300, -3.160000000000000100, -7.469999999999999800 ) ) ;
#687 = CARTESIAN_POINT ( 'NONE',  ( -0.2999999999999999900, -3.160000000000000100, -0.1499999999999999900 ) ) ;
#688 = CIRCLE ( 'NONE', #689, 0.4000000000000001900 ) ;
#689 = AXIS2_PLACEMENT_3D ( 'NONE', #690, #691, #692 ) ;
#690 = CARTESIAN_POINT ( 'NONE',  ( 14.74000000000000000, 0.3400000000000000200, -2.010000000000000200 ) ) ;
#691 = DIRECTION ( 'NONE',  ( 0.0000000000000000000, -1.000000000000000000, 0.0000000000000000000 ) ) ;
#692 = DIRECTION ( 'NONE',  ( 0.0000000000000000000, 0.0000000000000000000, -1.000000000000000000 ) ) ;
#693 = CARTESIAN_POINT ( 'NONE',  ( -0.5000000000000000000, 8.099999999999999600, -2.810000000000000100 ) ) ;
#694 = FACE_OUTER_BOUND ( 'NONE', #2069, .T. ) ;
#695 = PLANE ( 'NONE',  #696 ) ;
#696 = AXIS2_PLACEMENT_3D ( 'NONE', #697, #698, #699 ) ;
#697 = CARTESIAN_POINT ( 'NONE',  ( 12.40000000000000000, 1.310820393249938000, -7.769999999999999600 ) ) ;
#698 = DIRECTION ( 'NONE',  ( 1.000000000000000000, 0.0000000000000000000, 0.0000000000000000000 ) ) ;
#699 = DIRECTION ( 'NONE',  ( 0.0000000000000000000, 0.0000000000000000000, -1.000000000000000000 ) ) ;
#700 = CARTESIAN_POINT ( 'NONE',  ( 3.040000000000000000, 0.3400000000000000200, -6.010000000000000700 ) ) ;
#701 = LINE ( 'NONE', #702, #703 ) ;
#702 = CARTESIAN_POINT ( 'NONE',  ( 17.48000000000000000, 0.6400000000000000100, 0.1499999999999999900 ) ) ;
#703 = VECTOR ( 'NONE', #704, 1000.000000000000000 ) ;
#704 = DIRECTION ( 'NONE',  ( 0.0000000000000000000, 0.0000000000000000000, 1.000000000000000000 ) ) ;
#705 = CARTESIAN_POINT ( 'NONE',  ( 14.74000000000000000, 0.3400000000000000200, -5.210000000000000000 ) ) ;
#706 = CARTESIAN_POINT ( 'NONE',  ( -0.5000000000000000000, 8.400000000000000400, -2.810000000000000100 ) ) ;
#707 = CARTESIAN_POINT ( 'NONE',  ( 14.74000000000000000, 0.3400000000000000200, -2.410000000000000100 ) ) ;
#708 = CARTESIAN_POINT ( 'NONE',  ( 7.919999999999999900, 0.6400000000000000100, -7.469999999999999800 ) ) ;
#709 = CARTESIAN_POINT ( 'NONE',  ( -0.2999999999999999900, 0.6400000000000000100, -0.1499999999999999900 ) ) ;
#710 = FACE_OUTER_BOUND ( 'NONE', #2956, .T. ) ;
#711 = COLOUR_RGB ( '',0.8549019607843136900, 0.8313725490196077800, 0.6980392156862744700 ) ;
#712 = FILL_AREA_STYLE_COLOUR ( '', #711 ) ;
#713 = ORIENTED_EDGE ( 'NONE', *, *, #2754, .T. ) ;
#714 = ADVANCED_FACE ( 'NONE', ( #2193 ), #2194, .F. ) ;
#715 = FILL_AREA_STYLE ('',( #712 ) ) ;
#716 = SURFACE_STYLE_FILL_AREA ( #715 ) ;
#717 = SURFACE_SIDE_STYLE ('',( #716 ) ) ;
#718 = SURFACE_STYLE_USAGE ( .BOTH. , #717 ) ;
#719 = PRESENTATION_STYLE_ASSIGNMENT (( #718 ) ) ;
#720 = STYLED_ITEM ( 'NONE', ( #719 ), #2782 ) ;
#721 = PRESENTATION_LAYER_ASSIGNMENT (  '', '', ( #720 ) ) ;
#722 = MECHANICAL_DESIGN_GEOMETRIC_PRESENTATION_REPRESENTATION (  '', ( #720 ), #727 ) ;
#723 =( LENGTH_UNIT ( ) NAMED_UNIT ( * ) SI_UNIT ( .MILLI., .METRE. ) );
#724 =( NAMED_UNIT ( * ) PLANE_ANGLE_UNIT ( ) SI_UNIT ( $, .RADIAN. ) );
#725 =( NAMED_UNIT ( * ) SI_UNIT ( $, .STERADIAN. ) SOLID_ANGLE_UNIT ( ) );
#726 = UNCERTAINTY_MEASURE_WITH_UNIT (LENGTH_MEASURE( 1.000000000000000100E-005 ), #723, 'distance_accuracy_value', 'NONE');
#727 =( GEOMETRIC_REPRESENTATION_CONTEXT ( 3 ) GLOBAL_UNCERTAINTY_ASSIGNED_CONTEXT ( ( #726 ) ) GLOBAL_UNIT_ASSIGNED_CONTEXT ( ( #723, #724, #725 ) ) REPRESENTATION_CONTEXT ( 'NONE', 'WORKASPACE' ) );
#728 = PLANE ( 'NONE',  #729 ) ;
#729 = AXIS2_PLACEMENT_3D ( 'NONE', #730, #732, #733 ) ;
#730 = CARTESIAN_POINT ( 'NONE',  ( -1.210000000000000000, 8.400000000000000400, -8.859999999999999400 ) ) ;
#731 = EDGE_CURVE ( 'NONE', #506, #41, #2199, .T. ) ;
#732 = DIRECTION ( 'NONE',  ( 0.0000000000000000000, 0.0000000000000000000, 1.000000000000000000 ) ) ;
#733 = DIRECTION ( 'NONE',  ( 1.000000000000000000, 0.0000000000000000000, 0.0000000000000000000 ) ) ;
#734 = FACE_OUTER_BOUND ( 'NONE', #136, .T. ) ;
#735 = COLOUR_RGB ( '',0.8549019607843136900, 0.8313725490196077800, 0.6980392156862744700 ) ;
#736 = FILL_AREA_STYLE_COLOUR ( '', #735 ) ;
#737 = FILL_AREA_STYLE ('',( #736 ) ) ;
#738 = SURFACE_STYLE_FILL_AREA ( #737 ) ;
#739 = SURFACE_SIDE_STYLE ('',( #738 ) ) ;
#740 = SURFACE_STYLE_USAGE ( .BOTH. , #739 ) ;
#741 = PRESENTATION_STYLE_ASSIGNMENT (( #740 ) ) ;
#742 = STYLED_ITEM ( 'NONE', ( #741 ), #2957 ) ;
#743 = PRESENTATION_LAYER_ASSIGNMENT (  '', '', ( #742 ) ) ;
#744 = MECHANICAL_DESIGN_GEOMETRIC_PRESENTATION_REPRESENTATION (  '', ( #742 ), #750 ) ;
#745 =( LENGTH_UNIT ( ) NAMED_UNIT ( * ) SI_UNIT ( .MILLI., .METRE. ) );
#746 =( NAMED_UNIT ( * ) PLANE_ANGLE_UNIT ( ) SI_UNIT ( $, .RADIAN. ) );
#747 =( NAMED_UNIT ( * ) SI_UNIT ( $, .STERADIAN. ) SOLID_ANGLE_UNIT ( ) );
#748 = ADVANCED_FACE ( 'NONE', ( #2203 ), #2204, .T. ) ;
#749 = UNCERTAINTY_MEASURE_WITH_UNIT (LENGTH_MEASURE( 1.000000000000000100E-005 ), #745, 'distance_accuracy_value', 'NONE');
#750 =( GEOMETRIC_REPRESENTATION_CONTEXT ( 3 ) GLOBAL_UNCERTAINTY_ASSIGNED_CONTEXT ( ( #749 ) ) GLOBAL_UNIT_ASSIGNED_CONTEXT ( ( #745, #746, #747 ) ) REPRESENTATION_CONTEXT ( 'NONE', 'WORKASPACE' ) );
#751 = PLANE ( 'NONE',  #752 ) ;
#752 = AXIS2_PLACEMENT_3D ( 'NONE', #753, #754, #755 ) ;
#753 = CARTESIAN_POINT ( 'NONE',  ( 0.5000000000000000000, 8.099999999999999600, -4.809999999999999600 ) ) ;
#754 = DIRECTION ( 'NONE',  ( 1.000000000000000000, 0.0000000000000000000, 0.0000000000000000000 ) ) ;
#755 = DIRECTION ( 'NONE',  ( 0.0000000000000000000, 0.0000000000000000000, -1.000000000000000000 ) ) ;
#756 = CARTESIAN_POINT ( 'NONE',  ( -0.2999999999999999900, -3.160000000000000100, 0.1499999999999999900 ) ) ;
#757 = CARTESIAN_POINT ( 'NONE',  ( 1.073575777614129900, 0.6400000000000000100, -8.560000000000000500 ) ) ;
#758 = LINE ( 'NONE', #759, #760 ) ;
#759 = CARTESIAN_POINT ( 'NONE',  ( 15.99000001075520300, 0.6400000000000000100, -3.310000000000000100 ) ) ;
#760 = VECTOR ( 'NONE', #761, 1000.000000000000000 ) ;
#761 = DIRECTION ( 'NONE',  ( 0.0000000000000000000, 0.0000000000000000000, -1.000000000000000000 ) ) ;
#762 = FACE_OUTER_BOUND ( 'NONE', #2280, .T. ) ;
#763 = COLOUR_RGB ( '',0.8549019607843136900, 0.8313725490196077800, 0.6980392156862744700 ) ;
#764 = FILL_AREA_STYLE_COLOUR ( '', #763 ) ;
#765 = EDGE_LOOP ( 'NONE', ( #2747, #2774, #1618, #1639 ) ) ;
#766 = ORIENTED_EDGE ( 'NONE', *, *, #1399, .F. ) ;
#767 = FILL_AREA_STYLE ('',( #764 ) ) ;
#768 = SURFACE_STYLE_FILL_AREA ( #767 ) ;
#769 = SURFACE_SIDE_STYLE ('',( #768 ) ) ;
#770 = SURFACE_STYLE_USAGE ( .BOTH. , #769 ) ;
#771 = PRESENTATION_STYLE_ASSIGNMENT (( #770 ) ) ;
#772 = STYLED_ITEM ( 'NONE', ( #771 ), #62 ) ;
#773 = PRESENTATION_LAYER_ASSIGNMENT (  '', '', ( #772 ) ) ;
#774 = MECHANICAL_DESIGN_GEOMETRIC_PRESENTATION_REPRESENTATION (  '', ( #772 ), #779 ) ;
#775 =( LENGTH_UNIT ( ) NAMED_UNIT ( * ) SI_UNIT ( .MILLI., .METRE. ) );
#776 =( NAMED_UNIT ( * ) PLANE_ANGLE_UNIT ( ) SI_UNIT ( $, .RADIAN. ) );
#777 =( NAMED_UNIT ( * ) SI_UNIT ( $, .STERADIAN. ) SOLID_ANGLE_UNIT ( ) );
#778 = UNCERTAINTY_MEASURE_WITH_UNIT (LENGTH_MEASURE( 1.000000000000000100E-005 ), #775, 'distance_accuracy_value', 'NONE');
#779 =( GEOMETRIC_REPRESENTATION_CONTEXT ( 3 ) GLOBAL_UNCERTAINTY_ASSIGNED_CONTEXT ( ( #778 ) ) GLOBAL_UNIT_ASSIGNED_CONTEXT ( ( #775, #776, #777 ) ) REPRESENTATION_CONTEXT ( 'NONE', 'WORKASPACE' ) );
#780 = CYLINDRICAL_SURFACE ( 'NONE', #781, 0.4000000000000001900 ) ;
#781 = AXIS2_PLACEMENT_3D ( 'NONE', #782, #785, #786 ) ;
#782 = CARTESIAN_POINT ( 'NONE',  ( 3.040000000000000000, 0.3400000000000000200, -5.610000000000000300 ) ) ;
#783 = ADVANCED_FACE ( 'NONE', ( #2218 ), #2236, .F. ) ;
#784 = ORIENTED_EDGE ( 'NONE', *, *, #2764, .F. ) ;
#785 = DIRECTION ( 'NONE',  ( 0.0000000000000000000, 1.000000000000000000, 0.0000000000000000000 ) ) ;
#786 = DIRECTION ( 'NONE',  ( 0.0000000000000000000, 0.0000000000000000000, 1.000000000000000000 ) ) ;
#787 = FACE_OUTER_BOUND ( 'NONE', #259, .T. ) ;
#788 = PLANE ( 'NONE',  #789 ) ;
#789 = AXIS2_PLACEMENT_3D ( 'NONE', #790, #791, #792 ) ;
#790 = CARTESIAN_POINT ( 'NONE',  ( 7.320000000000000300, 1.310820393249938000, 0.1499999999999999900 ) ) ;
#791 = DIRECTION ( 'NONE',  ( 1.000000000000000000, 0.0000000000000000000, 2.891205793294655400E-015 ) ) ;
#792 = DIRECTION ( 'NONE',  ( 2.891205793294655400E-015, 0.0000000000000000000, -1.000000000000000000 ) ) ;
#793 = FACE_OUTER_BOUND ( 'NONE', #416, .T. ) ;
#794 = COLOUR_RGB ( '',0.8549019607843136900, 0.8313725490196077800, 0.6980392156862744700 ) ;
#795 = FILL_AREA_STYLE_COLOUR ( '', #794 ) ;
#796 = FILL_AREA_STYLE ('',( #795 ) ) ;
#797 = SURFACE_STYLE_FILL_AREA ( #796 ) ;
#798 = SURFACE_SIDE_STYLE ('',( #797 ) ) ;
#799 = SURFACE_STYLE_USAGE ( .BOTH. , #798 ) ;
#800 = PRESENTATION_STYLE_ASSIGNMENT (( #799 ) ) ;
#801 = EDGE_CURVE ( 'NONE', #109, #2745, #2241, .T. ) ;
#802 = VERTEX_POINT ( 'NONE', #2245 ) ;
#803 = ORIENTED_EDGE ( 'NONE', *, *, #1084, .T. ) ;
#804 = STYLED_ITEM ( 'NONE', ( #800 ), #2784 ) ;
#805 = PRESENTATION_LAYER_ASSIGNMENT (  '', '', ( #804 ) ) ;
#806 = MECHANICAL_DESIGN_GEOMETRIC_PRESENTATION_REPRESENTATION (  '', ( #804 ), #811 ) ;
#807 =( LENGTH_UNIT ( ) NAMED_UNIT ( * ) SI_UNIT ( .MILLI., .METRE. ) );
#808 =( NAMED_UNIT ( * ) PLANE_ANGLE_UNIT ( ) SI_UNIT ( $, .RADIAN. ) );
#809 =( NAMED_UNIT ( * ) SI_UNIT ( $, .STERADIAN. ) SOLID_ANGLE_UNIT ( ) );
#810 = UNCERTAINTY_MEASURE_WITH_UNIT (LENGTH_MEASURE( 1.000000000000000100E-005 ), #807, 'distance_accuracy_value', 'NONE');
#811 =( GEOMETRIC_REPRESENTATION_CONTEXT ( 3 ) GLOBAL_UNCERTAINTY_ASSIGNED_CONTEXT ( ( #810 ) ) GLOBAL_UNIT_ASSIGNED_CONTEXT ( ( #807, #808, #809 ) ) REPRESENTATION_CONTEXT ( 'NONE', 'WORKASPACE' ) );
#812 = PLANE ( 'NONE',  #813 ) ;
#813 = AXIS2_PLACEMENT_3D ( 'NONE', #814, #815, #816 ) ;
#814 = CARTESIAN_POINT ( 'NONE',  ( 1.789999989244825100, 0.5400000000000000400, -3.310000000000000100 ) ) ;
#815 = DIRECTION ( 'NONE',  ( 0.0000000000000000000, 0.0000000000000000000, -1.000000000000000000 ) ) ;
#816 = DIRECTION ( 'NONE',  ( -1.000000000000000000, 0.0000000000000000000, 0.0000000000000000000 ) ) ;
#817 = CARTESIAN_POINT ( 'NONE',  ( -1.210000000000000000, 0.6400000000000000100, 1.240000000000000000 ) ) ;
#818 = CARTESIAN_POINT ( 'NONE',  ( 1.789999989244825100, 0.6400000000000000100, -3.310000000000000100 ) ) ;
#819 = CARTESIAN_POINT ( 'NONE',  ( 13.00000000000000000, -3.160000000000000100, -7.469999999999999800 ) ) ;
#820 = EDGE_LOOP ( 'NONE', ( #1763, #2570 ) ) ;
#821 = ADVANCED_FACE ( 'NONE', ( #2246 ), #2247, .T. ) ;
#822 = CARTESIAN_POINT ( 'NONE',  ( -0.5000000000000000000, 8.099999999999999600, -4.809999999999999600 ) ) ;
#823 = CARTESIAN_POINT ( 'NONE',  ( 0.5000000000000000000, 8.099999999999999600, -2.810000000000000100 ) ) ;
#824 = CARTESIAN_POINT ( 'NONE',  ( 3.040000000000000000, 0.6400000000000000100, -5.210000000000000000 ) ) ;
#825 = CARTESIAN_POINT ( 'NONE',  ( 17.48000000000000000, 0.6400000000000000100, -7.469999999999999800 ) ) ;
#826 = CARTESIAN_POINT ( 'NONE',  ( 18.98999999999999800, 0.6400000000000000100, 1.240000000000000000 ) ) ;
#827 = LINE ( 'NONE', #828, #829 ) ;
#828 = CARTESIAN_POINT ( 'NONE',  ( 7.320000000000000300, 0.6400000000000000100, 0.1499999999999999900 ) ) ;
#829 = VECTOR ( 'NONE', #830, 1000.000000000000000 ) ;
#830 = DIRECTION ( 'NONE',  ( 1.000000000000000000, 0.0000000000000000000, 0.0000000000000000000 ) ) ;
#831 = FACE_OUTER_BOUND ( 'NONE', #2527, .T. ) ;
#832 = PLANE ( 'NONE',  #833 ) ;
#833 = AXIS2_PLACEMENT_3D ( 'NONE', #834, #835, #836 ) ;
#834 = CARTESIAN_POINT ( 'NONE',  ( -0.2999999999999999900, 1.310820393249936000, 0.1499999999999999900 ) ) ;
#835 = DIRECTION ( 'NONE',  ( 0.0000000000000000000, 0.0000000000000000000, -1.000000000000000000 ) ) ;
#836 = DIRECTION ( 'NONE',  ( -1.000000000000000000, 0.0000000000000000000, 0.0000000000000000000 ) ) ;
#837 = CARTESIAN_POINT ( 'NONE',  ( 17.48000000000000000, -3.160000000000000100, -7.469999999999999800 ) ) ;
#838 = EDGE_CURVE ( 'NONE', #2910, #110, #2252, .T. ) ;
#839 = ORIENTED_EDGE ( 'NONE', *, *, #2926, .T. ) ;
#840 = ORIENTED_EDGE ( 'NONE', *, *, #2985, .T. ) ;
#841 = FACE_OUTER_BOUND ( 'NONE', #2709, .T. ) ;
#842 = COLOUR_RGB ( '',0.8549019607843136900, 0.8313725490196077800, 0.6980392156862744700 ) ;
#843 = FILL_AREA_STYLE_COLOUR ( '', #842 ) ;
#844 = FILL_AREA_STYLE ('',( #843 ) ) ;
#845 = SURFACE_STYLE_FILL_AREA ( #844 ) ;
#846 = SURFACE_SIDE_STYLE ('',( #845 ) ) ;
#847 = SURFACE_STYLE_USAGE ( .BOTH. , #846 ) ;
#848 = PRESENTATION_STYLE_ASSIGNMENT (( #847 ) ) ;
#849 = STYLED_ITEM ( 'NONE', ( #848 ), #2792 ) ;
#850 = PRESENTATION_LAYER_ASSIGNMENT (  '', '', ( #849 ) ) ;
#851 = MECHANICAL_DESIGN_GEOMETRIC_PRESENTATION_REPRESENTATION (  '', ( #849 ), #856 ) ;
#852 =( LENGTH_UNIT ( ) NAMED_UNIT ( * ) SI_UNIT ( .MILLI., .METRE. ) );
#853 =( NAMED_UNIT ( * ) PLANE_ANGLE_UNIT ( ) SI_UNIT ( $, .RADIAN. ) );
#854 =( NAMED_UNIT ( * ) SI_UNIT ( $, .STERADIAN. ) SOLID_ANGLE_UNIT ( ) );
#855 = UNCERTAINTY_MEASURE_WITH_UNIT (LENGTH_MEASURE( 1.000000000000000100E-005 ), #852, 'distance_accuracy_value', 'NONE');
#856 =( GEOMETRIC_REPRESENTATION_CONTEXT ( 3 ) GLOBAL_UNCERTAINTY_ASSIGNED_CONTEXT ( ( #855 ) ) GLOBAL_UNIT_ASSIGNED_CONTEXT ( ( #852, #853, #854 ) ) REPRESENTATION_CONTEXT ( 'NONE', 'WORKASPACE' ) );
#857 = ORIENTED_EDGE ( 'NONE', *, *, #2767, .T. ) ;
#858 = ADVANCED_FACE ( 'NONE', ( #2257 ), #2273, .F. ) ;
#859 = EDGE_CURVE ( 'NONE', #2814, #1331, #2278, .T. ) ;
#860 = PLANE ( 'NONE',  #861 ) ;
#861 = AXIS2_PLACEMENT_3D ( 'NONE', #862, #863, #864 ) ;
#862 = CARTESIAN_POINT ( 'NONE',  ( 2.540000000000000000, 2.000000000000000000, -8.560000000000000500 ) ) ;
#863 = DIRECTION ( 'NONE',  ( 0.0000000000000000000, 0.0000000000000000000, -1.000000000000000000 ) ) ;
#864 = DIRECTION ( 'NONE',  ( 1.000000000000000000, 0.0000000000000000000, 0.0000000000000000000 ) ) ;
#865 = LINE ( 'NONE', #866, #867 ) ;
#866 = CARTESIAN_POINT ( 'NONE',  ( 18.07999999999999800, 1.310820393249938000, 0.1499999999999999900 ) ) ;
#867 = VECTOR ( 'NONE', #868, 1000.000000000000000 ) ;
#868 = DIRECTION ( 'NONE',  ( 0.0000000000000000000, -1.000000000000000000, 0.0000000000000000000 ) ) ;
#869 = LINE ( 'NONE', #870, #871 ) ;
#870 = CARTESIAN_POINT ( 'NONE',  ( 9.925615758860400800, 0.5400000000000000400, -3.310000000000000100 ) ) ;
#871 = VECTOR ( 'NONE', #872, 1000.000000000000000 ) ;
#872 = DIRECTION ( 'NONE',  ( 0.0000000000000000000, 1.000000000000000000, 0.0000000000000000000 ) ) ;
#873 = LINE ( 'NONE', #874, #875 ) ;
#874 = CARTESIAN_POINT ( 'NONE',  ( -1.210000000000000000, 0.6400000000000000100, 1.240000000000000000 ) ) ;
#875 = VECTOR ( 'NONE', #879, 1000.000000000000000 ) ;
#876 = ORIENTED_EDGE ( 'NONE', *, *, #2707, .T. ) ;
#877 = ORIENTED_EDGE ( 'NONE', *, *, #2803, .F. ) ;
#878 = ORIENTED_EDGE ( 'NONE', *, *, #2868, .T. ) ;
#879 = DIRECTION ( 'NONE',  ( 1.000000000000000000, 0.0000000000000000000, 0.0000000000000000000 ) ) ;
#880 = CARTESIAN_POINT ( 'NONE',  ( 7.320000000000000300, -3.160000000000000100, -0.1500000000000024900 ) ) ;
#881 = LINE ( 'NONE', #882, #883 ) ;
#882 = CARTESIAN_POINT ( 'NONE',  ( 12.40000000000000000, 1.310820393249938000, -7.769999999999999600 ) ) ;
#883 = VECTOR ( 'NONE', #884, 1000.000000000000000 ) ;
#884 = DIRECTION ( 'NONE',  ( 0.0000000000000000000, -1.000000000000000000, 0.0000000000000000000 ) ) ;
#885 = CARTESIAN_POINT ( 'NONE',  ( 7.320000000000000300, 0.6400000000000000100, -7.469999999999999800 ) ) ;
#886 = FACE_OUTER_BOUND ( 'NONE', #2492, .T. ) ;
#887 = COLOUR_RGB ( '',0.8549019607843136900, 0.8313725490196077800, 0.6980392156862744700 ) ;
#888 = FILL_AREA_STYLE_COLOUR ( '', #887 ) ;
#889 = FILL_AREA_STYLE ('',( #888 ) ) ;
#890 = SURFACE_STYLE_FILL_AREA ( #889 ) ;
#891 = SURFACE_SIDE_STYLE ('',( #890 ) ) ;
#892 = SURFACE_STYLE_USAGE ( .BOTH. , #891 ) ;
#893 = PRESENTATION_STYLE_ASSIGNMENT (( #892 ) ) ;
#894 = STYLED_ITEM ( 'NONE', ( #893 ), #2626 ) ;
#895 = ORIENTED_EDGE ( 'NONE', *, *, #1637, .F. ) ;
#896 = EDGE_CURVE ( 'NONE', #2549, #116, #2286, .T. ) ;
#897 = PRESENTATION_LAYER_ASSIGNMENT (  '', '', ( #894 ) ) ;
#898 = MECHANICAL_DESIGN_GEOMETRIC_PRESENTATION_REPRESENTATION (  '', ( #894 ), #903 ) ;
#899 =( LENGTH_UNIT ( ) NAMED_UNIT ( * ) SI_UNIT ( .MILLI., .METRE. ) );
#900 =( NAMED_UNIT ( * ) PLANE_ANGLE_UNIT ( ) SI_UNIT ( $, .RADIAN. ) );
#901 =( NAMED_UNIT ( * ) SI_UNIT ( $, .STERADIAN. ) SOLID_ANGLE_UNIT ( ) );
#902 = UNCERTAINTY_MEASURE_WITH_UNIT (LENGTH_MEASURE( 1.000000000000000100E-005 ), #899, 'distance_accuracy_value', 'NONE');
#903 =( GEOMETRIC_REPRESENTATION_CONTEXT ( 3 ) GLOBAL_UNCERTAINTY_ASSIGNED_CONTEXT ( ( #902 ) ) GLOBAL_UNIT_ASSIGNED_CONTEXT ( ( #899, #900, #901 ) ) REPRESENTATION_CONTEXT ( 'NONE', 'WORKASPACE' ) );
#904 = CYLINDRICAL_SURFACE ( 'NONE', #905, 2.000000000000000000 ) ;
#905 = AXIS2_PLACEMENT_3D ( 'NONE', #906, #907, #908 ) ;
#906 = CARTESIAN_POINT ( 'NONE',  ( 15.24000000000000000, 2.000000000000000000, -8.560000000000000500 ) ) ;
#907 = DIRECTION ( 'NONE',  ( 0.0000000000000000000, 0.0000000000000000000, -1.000000000000000000 ) ) ;
#908 = DIRECTION ( 'NONE',  ( -1.000000000000000000, 0.0000000000000000000, 0.0000000000000000000 ) ) ;
#909 = FACE_OUTER_BOUND ( 'NONE', #2597, .T. ) ;
#910 = PLANE ( 'NONE',  #911 ) ;
#911 = AXIS2_PLACEMENT_3D ( 'NONE', #912, #913, #914 ) ;
#912 = CARTESIAN_POINT ( 'NONE',  ( -0.2999999999999999900, 1.310820393249936000, -0.1499999999999999900 ) ) ;
#913 = DIRECTION ( 'NONE',  ( 0.0000000000000000000, 0.0000000000000000000, 1.000000000000000000 ) ) ;
#914 = DIRECTION ( 'NONE',  ( 1.000000000000000000, 0.0000000000000000000, 0.0000000000000000000 ) ) ;
#915 = LINE ( 'NONE', #916, #917 ) ;
#916 = CARTESIAN_POINT ( 'NONE',  ( 15.99000001075520300, 0.5400000000000000400, -3.310000000000000100 ) ) ;
#917 = VECTOR ( 'NONE', #918, 1000.000000000000000 ) ;
#918 = DIRECTION ( 'NONE',  ( 0.0000000000000000000, 0.0000000000000000000, 1.000000000000000000 ) ) ;
#919 = LINE ( 'NONE', #920, #921 ) ;
#920 = CARTESIAN_POINT ( 'NONE',  ( 0.2999999999999999900, 1.310820393249936000, 0.1499999999999999900 ) ) ;
#921 = VECTOR ( 'NONE', #922, 1000.000000000000000 ) ;
#922 = DIRECTION ( 'NONE',  ( 0.0000000000000000000, -1.000000000000000000, 0.0000000000000000000 ) ) ;
#923 = LINE ( 'NONE', #924, #925 ) ;
#924 = CARTESIAN_POINT ( 'NONE',  ( 7.320000000000000300, -3.160000000000000100, -7.469999999999999800 ) ) ;
#925 = VECTOR ( 'NONE', #926, 1000.000000000000000 ) ;
#926 = DIRECTION ( 'NONE',  ( 1.000000000000000000, 0.0000000000000000000, 0.0000000000000000000 ) ) ;
#927 = LINE ( 'NONE', #928, #932 ) ;
#928 = CARTESIAN_POINT ( 'NONE',  ( 18.98999999999999800, 8.400000000000000400, -8.859999999999999400 ) ) ;
#929 = EDGE_LOOP ( 'NONE', ( #42, #75, #117, #2579 ) ) ;
#930 = ADVANCED_FACE ( 'NONE', ( #2290 ), #2308, .T. ) ;
#931 = ORIENTED_EDGE ( 'NONE', *, *, #1169, .T. ) ;
#932 = VECTOR ( 'NONE', #933, 1000.000000000000000 ) ;
#933 = DIRECTION ( 'NONE',  ( 0.0000000000000000000, 0.0000000000000000000, -1.000000000000000000 ) ) ;
#934 = CARTESIAN_POINT ( 'NONE',  ( 7.919999999999999900, 0.6400000000000000100, 0.1499999999999999900 ) ) ;
#935 = CARTESIAN_POINT ( 'NONE',  ( 14.74000000000000000, 0.6400000000000000100, -6.010000000000000700 ) ) ;
#936 = LINE ( 'NONE', #937, #938 ) ;
#937 = CARTESIAN_POINT ( 'NONE',  ( 1.789999989244825100, 0.6400000000000000100, -3.310000000000000100 ) ) ;
#938 = VECTOR ( 'NONE', #939, 1000.000000000000000 ) ;
#939 = DIRECTION ( 'NONE',  ( 0.0000000000000000000, 0.0000000000000000000, 1.000000000000000000 ) ) ;
#940 = FACE_OUTER_BOUND ( 'NONE', #2646, .T. ) ;
#941 = COLOUR_RGB ( '',0.8549019607843136900, 0.8313725490196077800, 0.6980392156862744700 ) ;
#942 = FILL_AREA_STYLE_COLOUR ( '', #941 ) ;
#943 = FILL_AREA_STYLE ('',( #942 ) ) ;
#944 = SURFACE_STYLE_FILL_AREA ( #943 ) ;
#945 = SURFACE_SIDE_STYLE ('',( #944 ) ) ;
#946 = SURFACE_STYLE_USAGE ( .BOTH. , #945 ) ;
#947 = PRESENTATION_STYLE_ASSIGNMENT (( #946 ) ) ;
#948 = ORIENTED_EDGE ( 'NONE', *, *, #309, .F. ) ;
#949 = STYLED_ITEM ( 'NONE', ( #947 ), #2968 ) ;
#950 = PRESENTATION_LAYER_ASSIGNMENT (  '', '', ( #949 ) ) ;
#951 = MECHANICAL_DESIGN_GEOMETRIC_PRESENTATION_REPRESENTATION (  '', ( #949 ), #956 ) ;
#952 =( LENGTH_UNIT ( ) NAMED_UNIT ( * ) SI_UNIT ( .MILLI., .METRE. ) );
#953 =( NAMED_UNIT ( * ) PLANE_ANGLE_UNIT ( ) SI_UNIT ( $, .RADIAN. ) );
#954 =( NAMED_UNIT ( * ) SI_UNIT ( $, .STERADIAN. ) SOLID_ANGLE_UNIT ( ) );
#955 = UNCERTAINTY_MEASURE_WITH_UNIT (LENGTH_MEASURE( 1.000000000000000100E-005 ), #952, 'distance_accuracy_value', 'NONE');
#956 =( GEOMETRIC_REPRESENTATION_CONTEXT ( 3 ) GLOBAL_UNCERTAINTY_ASSIGNED_CONTEXT ( ( #955 ) ) GLOBAL_UNIT_ASSIGNED_CONTEXT ( ( #952, #953, #954 ) ) REPRESENTATION_CONTEXT ( 'NONE', 'WORKASPACE' ) );
#957 = CYLINDRICAL_SURFACE ( 'NONE', #958, 0.4000000000000001900 ) ;
#958 = AXIS2_PLACEMENT_3D ( 'NONE', #959, #960, #961 ) ;
#959 = CARTESIAN_POINT ( 'NONE',  ( 14.74000000000000000, 0.3400000000000000200, -5.610000000000000300 ) ) ;
#960 = DIRECTION ( 'NONE',  ( 0.0000000000000000000, 1.000000000000000000, 0.0000000000000000000 ) ) ;
#961 = DIRECTION ( 'NONE',  ( 0.0000000000000000000, 0.0000000000000000000, 1.000000000000000000 ) ) ;
#962 = LINE ( 'NONE', #963, #964 ) ;
#963 = CARTESIAN_POINT ( 'NONE',  ( 7.320000000000000300, 0.6400000000000000100, 0.1499999999999999900 ) ) ;
#964 = VECTOR ( 'NONE', #965, 1000.000000000000000 ) ;
#965 = DIRECTION ( 'NONE',  ( -2.891205793294655400E-015, 0.0000000000000000000, 1.000000000000000000 ) ) ;
#966 = LINE ( 'NONE', #967, #968 ) ;
#967 = CARTESIAN_POINT ( 'NONE',  ( 13.00000000000000000, 1.310820393249938000, -7.769999999999999600 ) ) ;
#968 = VECTOR ( 'NONE', #969, 1000.000000000000000 ) ;
#969 = DIRECTION ( 'NONE',  ( 0.0000000000000000000, -1.000000000000000000, 0.0000000000000000000 ) ) ;
#970 = LINE ( 'NONE', #971, #972 ) ;
#971 = CARTESIAN_POINT ( 'NONE',  ( 17.48000000000000000, -3.160000000000000100, 0.1499999999999999900 ) ) ;
#972 = VECTOR ( 'NONE', #973, 1000.000000000000000 ) ;
#973 = DIRECTION ( 'NONE',  ( 0.0000000000000000000, 0.0000000000000000000, 1.000000000000000000 ) ) ;
#974 = LINE ( 'NONE', #975, #976 ) ;
#975 = CARTESIAN_POINT ( 'NONE',  ( 1.789999989244825100, 0.5400000000000000400, -3.310000000000000100 ) ) ;
#976 = VECTOR ( 'NONE', #977, 1000.000000000000000 ) ;
#977 = DIRECTION ( 'NONE',  ( -1.000000000000000000, 0.0000000000000000000, 0.0000000000000000000 ) ) ;
#978 = CARTESIAN_POINT ( 'NONE',  ( 16.70642422238584900, 0.6400000000000000100, -8.560000000000000500 ) ) ;
#979 = FACE_OUTER_BOUND ( 'NONE', #2750, .T. ) ;
#980 = COLOUR_RGB ( '',0.8549019607843136900, 0.8313725490196077800, 0.6980392156862744700 ) ;
#981 = ORIENTED_EDGE ( 'NONE', *, *, #76, .T. ) ;
#982 = VERTEX_POINT ( 'NONE', #2314 ) ;
#983 = EDGE_CURVE ( 'NONE', #2406, #1331, #2315, .T. ) ;
#984 = FILL_AREA_STYLE_COLOUR ( '', #980 ) ;
#985 = FILL_AREA_STYLE ('',( #984 ) ) ;
#986 = SURFACE_STYLE_FILL_AREA ( #985 ) ;
#987 = SURFACE_SIDE_STYLE ('',( #986 ) ) ;
#988 = SURFACE_STYLE_USAGE ( .BOTH. , #987 ) ;
#989 = PRESENTATION_STYLE_ASSIGNMENT (( #988 ) ) ;
#990 = STYLED_ITEM ( 'NONE', ( #989 ), #2799 ) ;
#991 = PRESENTATION_LAYER_ASSIGNMENT (  '', '', ( #990 ) ) ;
#992 = MECHANICAL_DESIGN_GEOMETRIC_PRESENTATION_REPRESENTATION (  '', ( #990 ), #997 ) ;
#993 =( LENGTH_UNIT ( ) NAMED_UNIT ( * ) SI_UNIT ( .MILLI., .METRE. ) );
#994 =( NAMED_UNIT ( * ) PLANE_ANGLE_UNIT ( ) SI_UNIT ( $, .RADIAN. ) );
#995 =( NAMED_UNIT ( * ) SI_UNIT ( $, .STERADIAN. ) SOLID_ANGLE_UNIT ( ) );
#996 = UNCERTAINTY_MEASURE_WITH_UNIT (LENGTH_MEASURE( 1.000000000000000100E-005 ), #993, 'distance_accuracy_value', 'NONE');
#997 =( GEOMETRIC_REPRESENTATION_CONTEXT ( 3 ) GLOBAL_UNCERTAINTY_ASSIGNED_CONTEXT ( ( #996 ) ) GLOBAL_UNIT_ASSIGNED_CONTEXT ( ( #993, #994, #995 ) ) REPRESENTATION_CONTEXT ( 'NONE', 'WORKASPACE' ) );
#998 = PLANE ( 'NONE',  #999 ) ;
#999 = AXIS2_PLACEMENT_3D ( 'NONE', #1000, #1001, #1002 ) ;
#1000 = CARTESIAN_POINT ( 'NONE',  ( 9.925615758860400800, 0.5400000000000000400, -3.310000000000000100 ) ) ;
#1001 = DIRECTION ( 'NONE',  ( 0.0000000000000000000, 0.0000000000000000000, -1.000000000000000000 ) ) ;
#1002 = DIRECTION ( 'NONE',  ( -1.000000000000000000, 0.0000000000000000000, 0.0000000000000000000 ) ) ;
#1003 = LINE ( 'NONE', #1004, #1005 ) ;
#1004 = CARTESIAN_POINT ( 'NONE',  ( -0.2999999999999999900, -3.160000000000000100, -7.469999999999999800 ) ) ;
#1005 = VECTOR ( 'NONE', #1006, 1000.000000000000000 ) ;
#1006 = DIRECTION ( 'NONE',  ( 0.0000000000000000000, 0.0000000000000000000, 1.000000000000000000 ) ) ;
#1007 = LINE ( 'NONE', #1008, #1009 ) ;
#1008 = CARTESIAN_POINT ( 'NONE',  ( -0.2999999999999999900, 1.310820393249936000, -7.769999999999999600 ) ) ;
#1009 = VECTOR ( 'NONE', #1010, 1000.000000000000000 ) ;
#1010 = DIRECTION ( 'NONE',  ( 0.0000000000000000000, -1.000000000000000000, 0.0000000000000000000 ) ) ;
#1011 = LINE ( 'NONE', #1012, #1013 ) ;
#1012 = CARTESIAN_POINT ( 'NONE',  ( 12.40000000000000000, -3.160000000000000100, 0.1499999999999999900 ) ) ;
#1013 = VECTOR ( 'NONE', #1014, 1000.000000000000000 ) ;
#1014 = DIRECTION ( 'NONE',  ( 1.000000000000000000, 0.0000000000000000000, 0.0000000000000000000 ) ) ;
#1015 = LINE ( 'NONE', #1016, #1017 ) ;
#1016 = CARTESIAN_POINT ( 'NONE',  ( 17.48000000000000000, 1.310820393249938000, 0.1499999999999999900 ) ) ;
#1017 = VECTOR ( 'NONE', #1018, 1000.000000000000000 ) ;
#1018 = DIRECTION ( 'NONE',  ( 0.0000000000000000000, -1.000000000000000000, 0.0000000000000000000 ) ) ;
#1019 = LINE ( 'NONE', #1020, #1021 ) ;
#1020 = CARTESIAN_POINT ( 'NONE',  ( 17.48000000000000000, -3.160000000000000100, -7.769999999999999600 ) ) ;
#1021 = VECTOR ( 'NONE', #1022, 1000.000000000000000 ) ;
#1022 = DIRECTION ( 'NONE',  ( -1.000000000000000000, 0.0000000000000000000, 0.0000000000000000000 ) ) ;
#1023 = LINE ( 'NONE', #1024, #1025 ) ;
#1024 = CARTESIAN_POINT ( 'NONE',  ( 7.919999999999999900, 0.6400000000000000100, 0.1499999999999999900 ) ) ;
#1025 = VECTOR ( 'NONE', #1026, 1000.000000000000000 ) ;
#1026 = DIRECTION ( 'NONE',  ( 0.0000000000000000000, 0.0000000000000000000, -1.000000000000000000 ) ) ;
#1027 = FACE_OUTER_BOUND ( 'NONE', #820, .T. ) ;
#1028 = COLOUR_RGB ( '',0.8549019607843136900, 0.8313725490196077800, 0.6980392156862744700 ) ;
#1029 = FILL_AREA_STYLE_COLOUR ( '', #1028 ) ;
#1030 = FILL_AREA_STYLE ('',( #1029 ) ) ;
#1031 = SURFACE_STYLE_FILL_AREA ( #1030 ) ;
#1032 = EDGE_LOOP ( 'NONE', ( #203, #2318, #2656, #2940, #1583, #876, #124, #2652, #2672 ) ) ;
#1033 = SURFACE_SIDE_STYLE ('',( #1031 ) ) ;
#1034 = SURFACE_STYLE_USAGE ( .BOTH. , #1033 ) ;
#1035 = PRESENTATION_STYLE_ASSIGNMENT (( #1034 ) ) ;
#1036 = STYLED_ITEM ( 'NONE', ( #1035 ), #2634 ) ;
#1037 = PRESENTATION_LAYER_ASSIGNMENT (  '', '', ( #1036 ) ) ;
#1038 = MECHANICAL_DESIGN_GEOMETRIC_PRESENTATION_REPRESENTATION (  '', ( #1036 ), #1043 ) ;
#1039 =( LENGTH_UNIT ( ) NAMED_UNIT ( * ) SI_UNIT ( .MILLI., .METRE. ) );
#1040 =( NAMED_UNIT ( * ) PLANE_ANGLE_UNIT ( ) SI_UNIT ( $, .RADIAN. ) );
#1041 =( NAMED_UNIT ( * ) SI_UNIT ( $, .STERADIAN. ) SOLID_ANGLE_UNIT ( ) );
#1042 = UNCERTAINTY_MEASURE_WITH_UNIT (LENGTH_MEASURE( 1.000000000000000100E-005 ), #1039, 'distance_accuracy_value', 'NONE');
#1043 =( GEOMETRIC_REPRESENTATION_CONTEXT ( 3 ) GLOBAL_UNCERTAINTY_ASSIGNED_CONTEXT ( ( #1042 ) ) GLOBAL_UNIT_ASSIGNED_CONTEXT ( ( #1039, #1040, #1041 ) ) REPRESENTATION_CONTEXT ( 'NONE', 'WORKASPACE' ) );
#1044 = PLANE ( 'NONE',  #1045 ) ;
#1045 = AXIS2_PLACEMENT_3D ( 'NONE', #1046, #1047, #1048 ) ;
#1046 = CARTESIAN_POINT ( 'NONE',  ( 2.540000000000000000, 2.000000000000000000, 0.9399999999999999500 ) ) ;
#1047 = DIRECTION ( 'NONE',  ( 0.0000000000000000000, 0.0000000000000000000, 1.000000000000000000 ) ) ;
#1048 = DIRECTION ( 'NONE',  ( 1.000000000000000000, 0.0000000000000000000, 0.0000000000000000000 ) ) ;
#1049 = EDGE_LOOP ( 'NONE', ( #2481, #70, #128, #878 ) ) ;
#1050 = ORIENTED_EDGE ( 'NONE', *, *, #1, .F. ) ;
#1051 = CARTESIAN_POINT ( 'NONE',  ( 7.919999999999999900, -3.160000000000000100, -7.469999999999999800 ) ) ;
#1052 = FACE_OUTER_BOUND ( 'NONE', #2547, .T. ) ;
#1053 = PLANE ( 'NONE',  #1054 ) ;
#1054 = AXIS2_PLACEMENT_3D ( 'NONE', #1055, #1056, #1057 ) ;
#1055 = CARTESIAN_POINT ( 'NONE',  ( -0.2999999999999999900, -3.160000000000000100, -0.1499999999999999900 ) ) ;
#1056 = DIRECTION ( 'NONE',  ( 0.0000000000000000000, -1.000000000000000000, 0.0000000000000000000 ) ) ;
#1057 = DIRECTION ( 'NONE',  ( 0.0000000000000000000, 0.0000000000000000000, -1.000000000000000000 ) ) ;
#1058 = FACE_OUTER_BOUND ( 'NONE', #1240, .T. ) ;
#1059 = PLANE ( 'NONE',  #1060 ) ;
#1060 = AXIS2_PLACEMENT_3D ( 'NONE', #1061, #1062, #1063 ) ;
#1061 = CARTESIAN_POINT ( 'NONE',  ( -0.2999999999999999900, 1.310820393249936000, 0.1499999999999999900 ) ) ;
#1062 = DIRECTION ( 'NONE',  ( 1.000000000000000000, 0.0000000000000000000, 0.0000000000000000000 ) ) ;
#1063 = DIRECTION ( 'NONE',  ( 0.0000000000000000000, 0.0000000000000000000, -1.000000000000000000 ) ) ;
#1064 = CARTESIAN_POINT ( 'NONE',  ( 8.890000000000000600, 0.6400000000000000100, -2.660000000000000100 ) ) ;
#1065 = CIRCLE ( 'NONE', #1066, 0.3999999999999999700 ) ;
#1066 = AXIS2_PLACEMENT_3D ( 'NONE', #1068, #1069, #1070 ) ;
#1067 = VERTEX_POINT ( 'NONE', #2344 ) ;
#1068 = CARTESIAN_POINT ( 'NONE',  ( 14.74000000000000000, 0.6400000000000000100, -2.010000000000000200 ) ) ;
#1069 = DIRECTION ( 'NONE',  ( 0.0000000000000000000, 1.000000000000000000, 0.0000000000000000000 ) ) ;
#1070 = DIRECTION ( 'NONE',  ( 0.0000000000000000000, 0.0000000000000000000, 1.000000000000000000 ) ) ;
#1071 = CIRCLE ( 'NONE', #1072, 0.3999999999999999700 ) ;
#1072 = AXIS2_PLACEMENT_3D ( 'NONE', #1073, #1074, #1075 ) ;
#1073 = CARTESIAN_POINT ( 'NONE',  ( 14.74000000000000000, 0.6400000000000000100, -2.010000000000000200 ) ) ;
#1074 = DIRECTION ( 'NONE',  ( 0.0000000000000000000, 1.000000000000000000, 0.0000000000000000000 ) ) ;
#1075 = DIRECTION ( 'NONE',  ( 0.0000000000000000000, 0.0000000000000000000, 1.000000000000000000 ) ) ;
#1076 = FACE_OUTER_BOUND ( 'NONE', #2299, .T. ) ;
#1077 = PLANE ( 'NONE',  #1078 ) ;
#1078 = AXIS2_PLACEMENT_3D ( 'NONE', #1079, #1080, #1081 ) ;
#1079 = CARTESIAN_POINT ( 'NONE',  ( 7.919999999999999900, 1.310820393249938000, 0.1499999999999999900 ) ) ;
#1080 = DIRECTION ( 'NONE',  ( -1.000000000000000000, 0.0000000000000000000, 0.0000000000000000000 ) ) ;
#1081 = DIRECTION ( 'NONE',  ( 0.0000000000000000000, 0.0000000000000000000, 1.000000000000000000 ) ) ;
#1082 = LINE ( 'NONE', #1083, #1085 ) ;
#1083 = CARTESIAN_POINT ( 'NONE',  ( 12.40000000000000000, 1.310820393249938000, 0.1499999999999999900 ) ) ;
#1084 = EDGE_CURVE ( 'NONE', #9, #2686, #2368, .T. ) ;
#1085 = VECTOR ( 'NONE', #1086, 1000.000000000000000 ) ;
#1086 = DIRECTION ( 'NONE',  ( 0.0000000000000000000, -1.000000000000000000, 0.0000000000000000000 ) ) ;
#1087 = LINE ( 'NONE', #1088, #1089 ) ;
#1088 = CARTESIAN_POINT ( 'NONE',  ( -1.210000000000000000, 0.6400000000000000100, -8.859999999999999400 ) ) ;
#1089 = VECTOR ( 'NONE', #1090, 1000.000000000000000 ) ;
#1090 = DIRECTION ( 'NONE',  ( -1.000000000000000000, 0.0000000000000000000, 0.0000000000000000000 ) ) ;
#1091 = LINE ( 'NONE', #1092, #1093 ) ;
#1092 = CARTESIAN_POINT ( 'NONE',  ( 12.40000000000000000, 1.310820393249938000, -7.469999999999999800 ) ) ;
#1093 = VECTOR ( 'NONE', #1094, 1000.000000000000000 ) ;
#1094 = DIRECTION ( 'NONE',  ( 0.0000000000000000000, -1.000000000000000000, 0.0000000000000000000 ) ) ;
#1095 = FACE_OUTER_BOUND ( 'NONE', #765, .T. ) ;
#1096 = PLANE ( 'NONE',  #1097 ) ;
#1097 = AXIS2_PLACEMENT_3D ( 'NONE', #1098, #1099, #1100 ) ;
#1098 = CARTESIAN_POINT ( 'NONE',  ( 13.00000000000000000, 1.310820393249938000, -7.769999999999999600 ) ) ;
#1099 = DIRECTION ( 'NONE',  ( -1.000000000000000000, 0.0000000000000000000, 0.0000000000000000000 ) ) ;
#1100 = DIRECTION ( 'NONE',  ( 0.0000000000000000000, 0.0000000000000000000, 1.000000000000000000 ) ) ;
#1101 = CIRCLE ( 'NONE', #1102, 0.4000000000000001900 ) ;
#1102 = AXIS2_PLACEMENT_3D ( 'NONE', #1103, #1104, #1105 ) ;
#1103 = CARTESIAN_POINT ( 'NONE',  ( 3.040000000000000000, 0.6400000000000000100, -5.610000000000000300 ) ) ;
#1104 = DIRECTION ( 'NONE',  ( 0.0000000000000000000, 1.000000000000000000, 0.0000000000000000000 ) ) ;
#1105 = DIRECTION ( 'NONE',  ( 0.0000000000000000000, 0.0000000000000000000, 1.000000000000000000 ) ) ;
#1106 = FACE_OUTER_BOUND ( 'NONE', #1219, .T. ) ;
#1107 = PLANE ( 'NONE',  #1108 ) ;
#1108 = AXIS2_PLACEMENT_3D ( 'NONE', #1109, #1110, #1111 ) ;
#1109 = CARTESIAN_POINT ( 'NONE',  ( -0.2999999999999999900, -3.160000000000000100, -0.1499999999999999900 ) ) ;
#1110 = DIRECTION ( 'NONE',  ( 0.0000000000000000000, -1.000000000000000000, 0.0000000000000000000 ) ) ;
#1111 = DIRECTION ( 'NONE',  ( 0.0000000000000000000, 0.0000000000000000000, -1.000000000000000000 ) ) ;
#1112 = LINE ( 'NONE', #1113, #1114 ) ;
#1113 = CARTESIAN_POINT ( 'NONE',  ( 7.320000000000000300, -3.160000000000000100, -0.1500000000000024900 ) ) ;
#1114 = VECTOR ( 'NONE', #1115, 1000.000000000000000 ) ;
#1115 = DIRECTION ( 'NONE',  ( -1.000000000000000000, 0.0000000000000000000, 0.0000000000000000000 ) ) ;
#1116 = LINE ( 'NONE', #1118, #1119 ) ;
#1117 = VERTEX_POINT ( 'NONE', #2377 ) ;
#1118 = CARTESIAN_POINT ( 'NONE',  ( 7.919999999999999900, -3.160000000000000100, 0.1499999999999999900 ) ) ;
#1119 = VECTOR ( 'NONE', #1120, 1000.000000000000000 ) ;
#1120 = DIRECTION ( 'NONE',  ( 0.0000000000000000000, 0.0000000000000000000, -1.000000000000000000 ) ) ;
#1121 = CIRCLE ( 'NONE', #1122, 1.999999999999998200 ) ;
#1122 = AXIS2_PLACEMENT_3D ( 'NONE', #1123, #1124, #1125 ) ;
#1123 = CARTESIAN_POINT ( 'NONE',  ( 15.24000000000000000, 2.000000000000000000, -8.859999999999999400 ) ) ;
#1124 = DIRECTION ( 'NONE',  ( 0.0000000000000000000, 0.0000000000000000000, 1.000000000000000000 ) ) ;
#1125 = DIRECTION ( 'NONE',  ( 1.000000000000000000, 0.0000000000000000000, 0.0000000000000000000 ) ) ;
#1126 = CARTESIAN_POINT ( 'NONE',  ( 18.07999999999999800, 0.6400000000000000100, -0.1500000000000044900 ) ) ;
#1127 = LINE ( 'NONE', #1128, #1129 ) ;
#1128 = CARTESIAN_POINT ( 'NONE',  ( 18.07999999999999800, -3.160000000000000100, 0.1499999999999999900 ) ) ;
#1129 = VECTOR ( 'NONE', #1130, 1000.000000000000000 ) ;
#1130 = DIRECTION ( 'NONE',  ( 0.0000000000000000000, 0.0000000000000000000, -1.000000000000000000 ) ) ;
#1131 = LINE ( 'NONE', #1132, #1133 ) ;
#1132 = CARTESIAN_POINT ( 'NONE',  ( 17.48000000000000000, 1.310820393249938000, -0.1500000000000044900 ) ) ;
#1133 = VECTOR ( 'NONE', #1135, 1000.000000000000000 ) ;
#1134 = ORIENTED_EDGE ( 'NONE', *, *, #1418, .T. ) ;
#1135 = DIRECTION ( 'NONE',  ( 0.0000000000000000000, -1.000000000000000000, 0.0000000000000000000 ) ) ;
#1136 = CARTESIAN_POINT ( 'NONE',  ( 17.48000000000000000, 0.6400000000000000100, 0.1499999999999999900 ) ) ;
#1137 = FACE_OUTER_BOUND ( 'NONE', #1693, .T. ) ;
#1138 = PLANE ( 'NONE',  #1139 ) ;
#1139 = AXIS2_PLACEMENT_3D ( 'NONE', #1140, #1141, #1142 ) ;
#1140 = CARTESIAN_POINT ( 'NONE',  ( 17.48000000000000000, 1.310820393249938000, -7.769999999999999600 ) ) ;
#1141 = DIRECTION ( 'NONE',  ( 0.0000000000000000000, 0.0000000000000000000, 1.000000000000000000 ) ) ;
#1142 = DIRECTION ( 'NONE',  ( 1.000000000000000000, 0.0000000000000000000, 0.0000000000000000000 ) ) ;
#1143 = CARTESIAN_POINT ( 'NONE',  ( 14.74000000000000000, 0.6400000000000000100, -1.610000000000000100 ) ) ;
#1144 = CARTESIAN_POINT ( 'NONE',  ( 0.2999999999999999900, 0.6400000000000000100, 0.1499999999999999900 ) ) ;
#1145 = CARTESIAN_POINT ( 'NONE',  ( -0.2999999999999999900, -3.160000000000000100, -7.469999999999999800 ) ) ;
#1146 = CARTESIAN_POINT ( 'NONE',  ( -0.2999999999999999900, -3.160000000000000100, -7.769999999999999600 ) ) ;
#1147 = CARTESIAN_POINT ( 'NONE',  ( 12.40000000000000000, 0.6400000000000000100, -7.469999999999999800 ) ) ;
#1148 = LINE ( 'NONE', #1149, #1150 ) ;
#1149 = CARTESIAN_POINT ( 'NONE',  ( 17.48000000000000000, -3.160000000000000100, -0.1500000000000044900 ) ) ;
#1150 = VECTOR ( 'NONE', #1152, 1000.000000000000000 ) ;
#1151 = ORIENTED_EDGE ( 'NONE', *, *, #1673, .F. ) ;
#1152 = DIRECTION ( 'NONE',  ( -1.000000000000000000, 0.0000000000000000000, 0.0000000000000000000 ) ) ;
#1153 = FACE_OUTER_BOUND ( 'NONE', #2178, .T. ) ;
#1154 = PLANE ( 'NONE',  #1155 ) ;
#1155 = AXIS2_PLACEMENT_3D ( 'NONE', #1156, #1157, #1158 ) ;
#1156 = CARTESIAN_POINT ( 'NONE',  ( -0.2999999999999999900, -3.160000000000000100, -0.1499999999999999900 ) ) ;
#1157 = DIRECTION ( 'NONE',  ( 0.0000000000000000000, -1.000000000000000000, 0.0000000000000000000 ) ) ;
#1158 = DIRECTION ( 'NONE',  ( 0.0000000000000000000, 0.0000000000000000000, -1.000000000000000000 ) ) ;
#1159 = CARTESIAN_POINT ( 'NONE',  ( 16.70642422238584900, 0.6400000000000000100, -8.859999999999999400 ) ) ;
#1160 = CARTESIAN_POINT ( 'NONE',  ( 0.2999999999999999900, 0.6400000000000000100, -7.769999999999999600 ) ) ;
#1161 = CARTESIAN_POINT ( 'NONE',  ( 3.040000000000000000, 0.3400000000000000200, -5.210000000000000000 ) ) ;
#1162 = CARTESIAN_POINT ( 'NONE',  ( 17.48000000000000000, -3.160000000000000100, 0.1499999999999999900 ) ) ;
#1163 = LINE ( 'NONE', #1164, #1165 ) ;
#1164 = CARTESIAN_POINT ( 'NONE',  ( 0.5000000000000000000, 8.400000000000000400, -4.809999999999999600 ) ) ;
#1165 = VECTOR ( 'NONE', #1166, 1000.000000000000000 ) ;
#1166 = DIRECTION ( 'NONE',  ( 0.0000000000000000000, 0.0000000000000000000, -1.000000000000000000 ) ) ;
#1167 = CARTESIAN_POINT ( 'NONE',  ( 15.99000001075520300, 0.6400000000000000100, -3.310000000000000100 ) ) ;
#1168 = ORIENTED_EDGE ( 'NONE', *, *, #2496, .T. ) ;
#1169 = EDGE_CURVE ( 'NONE', #2688, #2012, #2382, .T. ) ;
#1170 = CARTESIAN_POINT ( 'NONE',  ( 13.00000000000000000, -3.160000000000000100, 0.1499999999999999900 ) ) ;
#1171 = LINE ( 'NONE', #1172, #1173 ) ;
#1172 = CARTESIAN_POINT ( 'NONE',  ( 7.320000000000000300, 0.6400000000000000100, -7.769999999999999600 ) ) ;
#1173 = VECTOR ( 'NONE', #1174, 1000.000000000000000 ) ;
#1174 = DIRECTION ( 'NONE',  ( 0.0000000000000000000, 0.0000000000000000000, 1.000000000000000000 ) ) ;
#1175 = LINE ( 'NONE', #1176, #1177 ) ;
#1176 = CARTESIAN_POINT ( 'NONE',  ( 16.70642422238584900, 0.6400000000000000100, -8.560000000000000500 ) ) ;
#1177 = VECTOR ( 'NONE', #1178, 1000.000000000000000 ) ;
#1178 = DIRECTION ( 'NONE',  ( 0.0000000000000000000, 0.0000000000000000000, 1.000000000000000000 ) ) ;
#1179 = LINE ( 'NONE', #1180, #1181 ) ;
#1180 = CARTESIAN_POINT ( 'NONE',  ( -0.2999999999999999900, -3.160000000000000100, -0.1499999999999999900 ) ) ;
#1181 = VECTOR ( 'NONE', #1182, 1000.000000000000000 ) ;
#1182 = DIRECTION ( 'NONE',  ( -1.000000000000000000, 0.0000000000000000000, 0.0000000000000000000 ) ) ;
#1183 = CARTESIAN_POINT ( 'NONE',  ( 16.70642422238584900, 0.6400000000000000100, 1.240000000000000000 ) ) ;
#1184 = LINE ( 'NONE', #1185, #1186 ) ;
#1185 = CARTESIAN_POINT ( 'NONE',  ( 7.854384241139600300, 0.5400000000000000400, -4.309999999999999600 ) ) ;
#1186 = VECTOR ( 'NONE', #1187, 1000.000000000000000 ) ;
#1187 = DIRECTION ( 'NONE',  ( 0.0000000000000000000, 1.000000000000000000, 0.0000000000000000000 ) ) ;
#1188 = CARTESIAN_POINT ( 'NONE',  ( 17.48000000000000000, -3.160000000000000100, -7.769999999999999600 ) ) ;
#1189 = CARTESIAN_POINT ( 'NONE',  ( 12.40000000000000000, 0.6400000000000000100, -7.769999999999999600 ) ) ;
#1190 = FACE_OUTER_BOUND ( 'NONE', #2542, .T. ) ;
#1191 = COLOUR_RGB ( '',0.8549019607843136900, 0.8313725490196077800, 0.6980392156862744700 ) ;
#1192 = FILL_AREA_STYLE_COLOUR ( '', #1191 ) ;
#1193 = FILL_AREA_STYLE ('',( #1192 ) ) ;
#1194 = SURFACE_STYLE_FILL_AREA ( #1193 ) ;
#1195 = SURFACE_SIDE_STYLE ('',( #1194 ) ) ;
#1196 = SURFACE_STYLE_USAGE ( .BOTH. , #1195 ) ;
#1197 = PRESENTATION_STYLE_ASSIGNMENT (( #1196 ) ) ;
#1198 = STYLED_ITEM ( 'NONE', ( #1197 ), #1960 ) ;
#1199 = PRESENTATION_LAYER_ASSIGNMENT (  '', '', ( #1198 ) ) ;
#1200 = MECHANICAL_DESIGN_GEOMETRIC_PRESENTATION_REPRESENTATION (  '', ( #1198 ), #1206 ) ;
#1201 =( LENGTH_UNIT ( ) NAMED_UNIT ( * ) SI_UNIT ( .MILLI., .METRE. ) );
#1202 = EDGE_CURVE ( 'NONE', #2781, #1440, #2390, .T. ) ;
#1203 =( NAMED_UNIT ( * ) PLANE_ANGLE_UNIT ( ) SI_UNIT ( $, .RADIAN. ) );
#1204 =( NAMED_UNIT ( * ) SI_UNIT ( $, .STERADIAN. ) SOLID_ANGLE_UNIT ( ) );
#1205 = UNCERTAINTY_MEASURE_WITH_UNIT (LENGTH_MEASURE( 1.000000000000000100E-005 ), #1201, 'distance_accuracy_value', 'NONE');
#1206 =( GEOMETRIC_REPRESENTATION_CONTEXT ( 3 ) GLOBAL_UNCERTAINTY_ASSIGNED_CONTEXT ( ( #1205 ) ) GLOBAL_UNIT_ASSIGNED_CONTEXT ( ( #1201, #1203, #1204 ) ) REPRESENTATION_CONTEXT ( 'NONE', 'WORKASPACE' ) );
#1207 = PLANE ( 'NONE',  #1208 ) ;
#1208 = AXIS2_PLACEMENT_3D ( 'NONE', #1209, #1210, #1211 ) ;
#1209 = CARTESIAN_POINT ( 'NONE',  ( 3.040000000000000000, 0.3400000000000000200, -5.610000000000000300 ) ) ;
#1210 = DIRECTION ( 'NONE',  ( 0.0000000000000000000, -1.000000000000000000, 0.0000000000000000000 ) ) ;
#1211 = DIRECTION ( 'NONE',  ( 0.0000000000000000000, 0.0000000000000000000, -1.000000000000000000 ) ) ;
#1212 = LINE ( 'NONE', #1213, #1214 ) ;
#1213 = CARTESIAN_POINT ( 'NONE',  ( -0.2999999999999999900, -3.160000000000000100, -7.769999999999999600 ) ) ;
#1214 = VECTOR ( 'NONE', #1215, 1000.000000000000000 ) ;
#1215 = DIRECTION ( 'NONE',  ( -1.000000000000000000, 0.0000000000000000000, 0.0000000000000000000 ) ) ;
#1216 = CIRCLE ( 'NONE', #1217, 1.149999999999999900 ) ;
#1217 = AXIS2_PLACEMENT_3D ( 'NONE', #1218, #1220, #1221 ) ;
#1218 = CARTESIAN_POINT ( 'NONE',  ( 8.890000000000000600, 0.5400000000000000400, -3.810000000000000100 ) ) ;
#1219 = EDGE_LOOP ( 'NONE', ( #2509, #105, #202, #135 ) ) ;
#1220 = DIRECTION ( 'NONE',  ( 0.0000000000000000000, -1.000000000000000000, 0.0000000000000000000 ) ) ;
#1221 = DIRECTION ( 'NONE',  ( 0.0000000000000000000, 0.0000000000000000000, -1.000000000000000000 ) ) ;
#1222 = FACE_OUTER_BOUND ( 'NONE', #99, .T. ) ;
#1223 = PLANE ( 'NONE',  #1224 ) ;
#1224 = AXIS2_PLACEMENT_3D ( 'NONE', #1225, #1226, #1227 ) ;
#1225 = CARTESIAN_POINT ( 'NONE',  ( 7.919999999999999900, 1.310820393249938000, -7.769999999999999600 ) ) ;
#1226 = DIRECTION ( 'NONE',  ( -1.000000000000000000, 0.0000000000000000000, 0.0000000000000000000 ) ) ;
#1227 = DIRECTION ( 'NONE',  ( 0.0000000000000000000, 0.0000000000000000000, 1.000000000000000000 ) ) ;
#1228 = LINE ( 'NONE', #1229, #1230 ) ;
#1229 = CARTESIAN_POINT ( 'NONE',  ( -0.5000000000000000000, 8.400000000000000400, -4.809999999999999600 ) ) ;
#1230 = VECTOR ( 'NONE', #1231, 1000.000000000000000 ) ;
#1231 = DIRECTION ( 'NONE',  ( -1.000000000000000000, 0.0000000000000000000, 0.0000000000000000000 ) ) ;
#1232 = FACE_OUTER_BOUND ( 'NONE', #1528, .T. ) ;
#1233 = PLANE ( 'NONE',  #1234 ) ;
#1234 = AXIS2_PLACEMENT_3D ( 'NONE', #1235, #1243, #1244 ) ;
#1235 = CARTESIAN_POINT ( 'NONE',  ( -0.2999999999999999900, -3.160000000000000100, -0.1499999999999999900 ) ) ;
#1236 = ORIENTED_EDGE ( 'NONE', *, *, #2943, .F. ) ;
#1237 = ADVANCED_FACE ( 'NONE', ( #2398 ), #2416, .F. ) ;
#1238 = ORIENTED_EDGE ( 'NONE', *, *, #138, .F. ) ;
#1239 = ORIENTED_EDGE ( 'NONE', *, *, #2878, .F. ) ;
#1240 = EDGE_LOOP ( 'NONE', ( #1239, #25, #2480, #2804 ) ) ;
#1241 = EDGE_CURVE ( 'NONE', #103, #2618, #2421, .T. ) ;
#1242 = ADVANCED_FACE ( 'NONE', ( #2426 ), #2427, .F. ) ;
#1243 = DIRECTION ( 'NONE',  ( 0.0000000000000000000, -1.000000000000000000, 0.0000000000000000000 ) ) ;
#1244 = DIRECTION ( 'NONE',  ( 0.0000000000000000000, 0.0000000000000000000, -1.000000000000000000 ) ) ;
#1245 = CARTESIAN_POINT ( 'NONE',  ( 14.74000000000000000, 0.6400000000000000100, -2.410000000000000100 ) ) ;
#1246 = CARTESIAN_POINT ( 'NONE',  ( 12.40000000000000000, -3.160000000000000100, 0.1499999999999999900 ) ) ;
#1247 = LINE ( 'NONE', #1248, #1249 ) ;
#1248 = CARTESIAN_POINT ( 'NONE',  ( 7.854384241139600300, 0.5400000000000000400, -3.310000000000000100 ) ) ;
#1249 = VECTOR ( 'NONE', #1250, 1000.000000000000000 ) ;
#1250 = DIRECTION ( 'NONE',  ( 0.0000000000000000000, 1.000000000000000000, 0.0000000000000000000 ) ) ;
#1251 = CARTESIAN_POINT ( 'NONE',  ( 18.07999999999999800, -3.160000000000000100, -0.1500000000000044900 ) ) ;
#1252 = LINE ( 'NONE', #1253, #1254 ) ;
#1253 = CARTESIAN_POINT ( 'NONE',  ( -1.210000000000000000, 0.6400000000000000100, 1.240000000000000000 ) ) ;
#1254 = VECTOR ( 'NONE', #1255, 1000.000000000000000 ) ;
#1255 = DIRECTION ( 'NONE',  ( 1.000000000000000000, 0.0000000000000000000, 0.0000000000000000000 ) ) ;
#1256 = CARTESIAN_POINT ( 'NONE',  ( 15.99000001075520300, 0.6400000000000000100, -4.309999999999999600 ) ) ;
#1257 = LINE ( 'NONE', #1258, #1260 ) ;
#1258 = CARTESIAN_POINT ( 'NONE',  ( 7.320000000000000300, 1.310820393249938000, 0.1499999999999999900 ) ) ;
#1259 = EDGE_CURVE ( 'NONE', #2787, #1416, #2432, .T. ) ;
#1260 = VECTOR ( 'NONE', #1261, 1000.000000000000000 ) ;
#1261 = DIRECTION ( 'NONE',  ( 0.0000000000000000000, -1.000000000000000000, 0.0000000000000000000 ) ) ;
#1262 = LINE ( 'NONE', #1263, #1264 ) ;
#1263 = CARTESIAN_POINT ( 'NONE',  ( 7.320000000000000300, 1.310820393249938000, -0.1500000000000024900 ) ) ;
#1264 = VECTOR ( 'NONE', #1265, 1000.000000000000000 ) ;
#1265 = DIRECTION ( 'NONE',  ( 0.0000000000000000000, -1.000000000000000000, 0.0000000000000000000 ) ) ;
#1266 = LINE ( 'NONE', #1267, #1268 ) ;
#1267 = CARTESIAN_POINT ( 'NONE',  ( 3.040000000000000000, 0.3400000000000000200, -2.410000000000000100 ) ) ;
#1268 = VECTOR ( 'NONE', #1269, 1000.000000000000000 ) ;
#1269 = DIRECTION ( 'NONE',  ( 0.0000000000000000000, 1.000000000000000000, 0.0000000000000000000 ) ) ;
#1270 = CIRCLE ( 'NONE', #1271, 1.149999999999999900 ) ;
#1271 = AXIS2_PLACEMENT_3D ( 'NONE', #1272, #1273, #1274 ) ;
#1272 = CARTESIAN_POINT ( 'NONE',  ( 8.890000000000000600, 0.6400000000000000100, -3.810000000000000100 ) ) ;
#1273 = DIRECTION ( 'NONE',  ( 0.0000000000000000000, 1.000000000000000000, 0.0000000000000000000 ) ) ;
#1274 = DIRECTION ( 'NONE',  ( 0.0000000000000000000, 0.0000000000000000000, 1.000000000000000000 ) ) ;
#1275 = CARTESIAN_POINT ( 'NONE',  ( 1.789999989244825100, 0.6400000000000000100, -4.309999999999999600 ) ) ;
#1276 = CARTESIAN_POINT ( 'NONE',  ( 7.919999999999999900, -3.160000000000000100, -0.1500000000000024900 ) ) ;
#1277 = CARTESIAN_POINT ( 'NONE',  ( -1.210000000000000000, 0.6400000000000000100, -8.859999999999999400 ) ) ;
#1278 = LINE ( 'NONE', #1279, #1280 ) ;
#1279 = CARTESIAN_POINT ( 'NONE',  ( 9.925615758860400800, 0.5400000000000000400, -4.309999999999999600 ) ) ;
#1280 = VECTOR ( 'NONE', #1281, 1000.000000000000000 ) ;
#1281 = DIRECTION ( 'NONE',  ( 0.0000000000000000000, 1.000000000000000000, 0.0000000000000000000 ) ) ;
#1282 = CARTESIAN_POINT ( 'NONE',  ( 17.48000000000000000, -3.160000000000000100, -0.1500000000000044900 ) ) ;
#1283 = LINE ( 'NONE', #1284, #1285 ) ;
#1284 = CARTESIAN_POINT ( 'NONE',  ( -1.210000000000000000, 0.6400000000000000100, -8.859999999999999400 ) ) ;
#1285 = VECTOR ( 'NONE', #1286, 1000.000000000000000 ) ;
#1286 = DIRECTION ( 'NONE',  ( -1.000000000000000000, 0.0000000000000000000, 0.0000000000000000000 ) ) ;
#1287 = CARTESIAN_POINT ( 'NONE',  ( 13.00000000000000000, 0.6400000000000000100, -7.469999999999999800 ) ) ;
#1288 = LINE ( 'NONE', #1289, #1290 ) ;
#1289 = CARTESIAN_POINT ( 'NONE',  ( 9.925615758860400800, 0.6400000000000000100, -3.310000000000000100 ) ) ;
#1290 = VECTOR ( 'NONE', #1291, 1000.000000000000000 ) ;
#1291 = DIRECTION ( 'NONE',  ( 1.000000000000000000, 0.0000000000000000000, 0.0000000000000000000 ) ) ;
#1292 = ORIENTED_EDGE ( 'NONE', *, *, #2535, .T. ) ;
#1293 = ORIENTED_EDGE ( 'NONE', *, *, #185, .F. ) ;
#1294 = ORIENTED_EDGE ( 'NONE', *, *, #2540, .F. ) ;
#1295 = CIRCLE ( 'NONE', #1296, 2.000000000000000400 ) ;
#1296 = AXIS2_PLACEMENT_3D ( 'NONE', #1297, #1298, #1299 ) ;
#1297 = CARTESIAN_POINT ( 'NONE',  ( 2.540000000000000000, 2.000000000000000000, 0.9399999999999999500 ) ) ;
#1298 = DIRECTION ( 'NONE',  ( 0.0000000000000000000, 0.0000000000000000000, 1.000000000000000000 ) ) ;
#1299 = DIRECTION ( 'NONE',  ( 1.000000000000000000, 0.0000000000000000000, 0.0000000000000000000 ) ) ;
#1300 = CARTESIAN_POINT ( 'NONE',  ( 15.99000001075520300, 0.5400000000000000400, -4.309999999999999600 ) ) ;
#1301 = FACE_OUTER_BOUND ( 'NONE', #2123, .T. ) ;
#1302 = PLANE ( 'NONE',  #1303 ) ;
#1303 = AXIS2_PLACEMENT_3D ( 'NONE', #1304, #1305, #1306 ) ;
#1304 = CARTESIAN_POINT ( 'NONE',  ( 12.40000000000000000, 1.310820393249938000, -0.1500000000000034900 ) ) ;
#1305 = DIRECTION ( 'NONE',  ( 0.0000000000000000000, 0.0000000000000000000, 1.000000000000000000 ) ) ;
#1306 = DIRECTION ( 'NONE',  ( 1.000000000000000000, 0.0000000000000000000, 0.0000000000000000000 ) ) ;
#1307 = CIRCLE ( 'NONE', #1308, 0.4000000000000001900 ) ;
#1308 = AXIS2_PLACEMENT_3D ( 'NONE', #1309, #1310, #1313 ) ;
#1309 = CARTESIAN_POINT ( 'NONE',  ( 3.040000000000000000, 0.3400000000000000200, -5.610000000000000300 ) ) ;
#1310 = DIRECTION ( 'NONE',  ( 0.0000000000000000000, -1.000000000000000000, 0.0000000000000000000 ) ) ;
#1311 = EDGE_CURVE ( 'NONE', #1547, #2611, #2436, .T. ) ;
#1312 = VERTEX_POINT ( 'NONE', #2444 ) ;
#1313 = DIRECTION ( 'NONE',  ( 0.0000000000000000000, 0.0000000000000000000, -1.000000000000000000 ) ) ;
#1314 = CARTESIAN_POINT ( 'NONE',  ( 18.07999999999999800, 0.6400000000000000100, -7.769999999999999600 ) ) ;
#1315 = CARTESIAN_POINT ( 'NONE',  ( -0.2999999999999999900, 0.6400000000000000100, 0.1499999999999999900 ) ) ;
#1316 = LINE ( 'NONE', #1317, #1318 ) ;
#1317 = CARTESIAN_POINT ( 'NONE',  ( -1.210000000000000000, 8.400000000000000400, -8.859999999999999400 ) ) ;
#1318 = VECTOR ( 'NONE', #1319, 1000.000000000000000 ) ;
#1319 = DIRECTION ( 'NONE',  ( -1.000000000000000000, 0.0000000000000000000, 0.0000000000000000000 ) ) ;
#1320 = FACE_OUTER_BOUND ( 'NONE', #2762, .T. ) ;
#1321 = PLANE ( 'NONE',  #1322 ) ;
#1322 = AXIS2_PLACEMENT_3D ( 'NONE', #1323, #1324, #1325 ) ;
#1323 = CARTESIAN_POINT ( 'NONE',  ( 17.48000000000000000, 1.310820393249938000, 0.1499999999999999900 ) ) ;
#1324 = DIRECTION ( 'NONE',  ( 1.000000000000000000, 0.0000000000000000000, 0.0000000000000000000 ) ) ;
#1325 = DIRECTION ( 'NONE',  ( 0.0000000000000000000, 0.0000000000000000000, -1.000000000000000000 ) ) ;
#1326 = CARTESIAN_POINT ( 'NONE',  ( 4.006424222385869700, 0.6400000000000000100, 0.9399999999999999500 ) ) ;
#1327 = LINE ( 'NONE', #1328, #1332 ) ;
#1328 = CARTESIAN_POINT ( 'NONE',  ( 13.77357577761413900, 0.6400000000000000100, -8.560000000000000500 ) ) ;
#1329 = ORIENTED_EDGE ( 'NONE', *, *, #2883, .F. ) ;
#1330 = ORIENTED_EDGE ( 'NONE', *, *, #2737, .F. ) ;
#1331 = VERTEX_POINT ( 'NONE', #2449 ) ;
#1332 = VECTOR ( 'NONE', #1333, 1000.000000000000000 ) ;
#1333 = DIRECTION ( 'NONE',  ( 0.0000000000000000000, 0.0000000000000000000, -1.000000000000000000 ) ) ;
#1334 = LINE ( 'NONE', #1335, #1336 ) ;
#1335 = CARTESIAN_POINT ( 'NONE',  ( 13.00000000000000000, 1.310820393249938000, 0.1499999999999999900 ) ) ;
#1336 = VECTOR ( 'NONE', #1337, 1000.000000000000000 ) ;
#1337 = DIRECTION ( 'NONE',  ( 0.0000000000000000000, -1.000000000000000000, 0.0000000000000000000 ) ) ;
#1338 = CARTESIAN_POINT ( 'NONE',  ( 0.5000000000000000000, 8.400000000000000400, -4.809999999999999600 ) ) ;
#1339 = LINE ( 'NONE', #1340, #1341 ) ;
#1340 = CARTESIAN_POINT ( 'NONE',  ( 7.919999999999999900, 1.310820393249938000, -0.1500000000000024900 ) ) ;
#1341 = VECTOR ( 'NONE', #1342, 1000.000000000000000 ) ;
#1342 = DIRECTION ( 'NONE',  ( 0.0000000000000000000, -1.000000000000000000, 0.0000000000000000000 ) ) ;
#1343 = CIRCLE ( 'NONE', #1344, 2.000000000000000400 ) ;
#1344 = AXIS2_PLACEMENT_3D ( 'NONE', #1345, #1346, #1347 ) ;
#1345 = CARTESIAN_POINT ( 'NONE',  ( 2.540000000000000000, 2.000000000000000000, -8.560000000000000500 ) ) ;
#1346 = DIRECTION ( 'NONE',  ( 0.0000000000000000000, 0.0000000000000000000, 1.000000000000000000 ) ) ;
#1347 = DIRECTION ( 'NONE',  ( 1.000000000000000000, 0.0000000000000000000, 0.0000000000000000000 ) ) ;
#1348 = CARTESIAN_POINT ( 'NONE',  ( 18.07999999999999800, -3.160000000000000100, -7.769999999999999600 ) ) ;
#1349 = CARTESIAN_POINT ( 'NONE',  ( 9.925615758860400800, 0.5400000000000000400, -4.309999999999999600 ) ) ;
#1350 = CARTESIAN_POINT ( 'NONE',  ( 18.07999999999999800, -3.160000000000000100, 0.1499999999999999900 ) ) ;
#1351 = CARTESIAN_POINT ( 'NONE',  ( 7.320000000000000300, 0.6400000000000000100, 0.1499999999999999900 ) ) ;
#1352 = CIRCLE ( 'NONE', #1353, 1.999999999999998200 ) ;
#1353 = AXIS2_PLACEMENT_3D ( 'NONE', #1354, #1355, #1356 ) ;
#1354 = CARTESIAN_POINT ( 'NONE',  ( 15.24000000000000000, 2.000000000000000000, -8.560000000000000500 ) ) ;
#1355 = DIRECTION ( 'NONE',  ( 0.0000000000000000000, 0.0000000000000000000, 1.000000000000000000 ) ) ;
#1356 = DIRECTION ( 'NONE',  ( 1.000000000000000000, 0.0000000000000000000, 0.0000000000000000000 ) ) ;
#1357 = COLOUR_RGB ( '',0.7490196078431372600, 0.7490196078431372600, 0.7490196078431372600 ) ;
#1358 = FILL_AREA_STYLE_COLOUR ( '', #1357 ) ;
#1359 = FILL_AREA_STYLE ('',( #1358 ) ) ;
#1360 = SURFACE_STYLE_FILL_AREA ( #1359 ) ;
#1361 = SURFACE_SIDE_STYLE ('',( #1360 ) ) ;
#1362 = SURFACE_STYLE_USAGE ( .BOTH. , #1361 ) ;
#1363 = PRESENTATION_STYLE_ASSIGNMENT (( #1362 ) ) ;
#1364 = STYLED_ITEM ( 'NONE', ( #1363 ), #2179 ) ;
#1365 = PRESENTATION_LAYER_ASSIGNMENT (  '', '', ( #1364 ) ) ;
#1366 = MECHANICAL_DESIGN_GEOMETRIC_PRESENTATION_REPRESENTATION (  '', ( #1364 ), #1371 ) ;
#1367 =( LENGTH_UNIT ( ) NAMED_UNIT ( * ) SI_UNIT ( .MILLI., .METRE. ) );
#1368 =( NAMED_UNIT ( * ) PLANE_ANGLE_UNIT ( ) SI_UNIT ( $, .RADIAN. ) );
#1369 =( NAMED_UNIT ( * ) SI_UNIT ( $, .STERADIAN. ) SOLID_ANGLE_UNIT ( ) );
#1370 = UNCERTAINTY_MEASURE_WITH_UNIT (LENGTH_MEASURE( 1.000000000000000100E-005 ), #1367, 'distance_accuracy_value', 'NONE');
#1371 =( GEOMETRIC_REPRESENTATION_CONTEXT ( 3 ) GLOBAL_UNCERTAINTY_ASSIGNED_CONTEXT ( ( #1370 ) ) GLOBAL_UNIT_ASSIGNED_CONTEXT ( ( #1367, #1368, #1369 ) ) REPRESENTATION_CONTEXT ( 'NONE', 'WORKASPACE' ) );
#1372 = CARTESIAN_POINT ( 'NONE',  ( 18.98999999999999800, 8.400000000000000400, -8.859999999999999400 ) ) ;
#1373 = CIRCLE ( 'NONE', #1374, 0.4000000000000001900 ) ;
#1374 = AXIS2_PLACEMENT_3D ( 'NONE', #1375, #1376, #1377 ) ;
#1375 = CARTESIAN_POINT ( 'NONE',  ( 14.74000000000000000, 0.3400000000000000200, -2.010000000000000200 ) ) ;
#1376 = DIRECTION ( 'NONE',  ( 0.0000000000000000000, -1.000000000000000000, 0.0000000000000000000 ) ) ;
#1377 = DIRECTION ( 'NONE',  ( 0.0000000000000000000, 0.0000000000000000000, -1.000000000000000000 ) ) ;
#1378 = LINE ( 'NONE', #1379, #1383 ) ;
#1379 = CARTESIAN_POINT ( 'NONE',  ( -1.210000000000000000, 0.6400000000000000100, 0.9399999999999999500 ) ) ;
#1380 = ORIENTED_EDGE ( 'NONE', *, *, #26, .T. ) ;
#1381 = ORIENTED_EDGE ( 'NONE', *, *, #1674, .T. ) ;
#1382 = ORIENTED_EDGE ( 'NONE', *, *, #2911, .T. ) ;
#1383 = VECTOR ( 'NONE', #1384, 1000.000000000000000 ) ;
#1384 = DIRECTION ( 'NONE',  ( 1.000000000000000000, 0.0000000000000000000, 0.0000000000000000000 ) ) ;
#1385 = CARTESIAN_POINT ( 'NONE',  ( 15.99000001075520300, 0.5400000000000000400, -3.310000000000000100 ) ) ;
#1386 = LINE ( 'NONE', #1387, #1388 ) ;
#1387 = CARTESIAN_POINT ( 'NONE',  ( 0.2999999999999999900, 1.310820393249936000, -7.469999999999999800 ) ) ;
#1388 = VECTOR ( 'NONE', #1389, 1000.000000000000000 ) ;
#1389 = DIRECTION ( 'NONE',  ( 0.0000000000000000000, -1.000000000000000000, 0.0000000000000000000 ) ) ;
#1390 = CARTESIAN_POINT ( 'NONE',  ( 7.320000000000000300, -3.160000000000000100, 0.1499999999999999900 ) ) ;
#1391 = CARTESIAN_POINT ( 'NONE',  ( 1.073575777614129900, 0.6400000000000000100, 0.9399999999999999500 ) ) ;
#1392 = LINE ( 'NONE', #1393, #1394 ) ;
#1393 = CARTESIAN_POINT ( 'NONE',  ( 13.00000000000000000, 1.310820393249938000, -0.1500000000000034900 ) ) ;
#1394 = VECTOR ( 'NONE', #1395, 1000.000000000000000 ) ;
#1395 = DIRECTION ( 'NONE',  ( 0.0000000000000000000, -1.000000000000000000, 0.0000000000000000000 ) ) ;
#1396 = LINE ( 'NONE', #1397, #1398 ) ;
#1397 = CARTESIAN_POINT ( 'NONE',  ( 4.006424222385869700, 0.6400000000000000100, -8.560000000000000500 ) ) ;
#1398 = VECTOR ( 'NONE', #1400, 1000.000000000000000 ) ;
#1399 = EDGE_CURVE ( 'NONE', #1958, #88, #675, .T. ) ;
#1400 = DIRECTION ( 'NONE',  ( 0.0000000000000000000, 0.0000000000000000000, 1.000000000000000000 ) ) ;
#1401 = FACE_OUTER_BOUND ( 'NONE', #2978, .T. ) ;
#1402 = COLOUR_RGB ( '',0.8549019607843136900, 0.8313725490196077800, 0.6980392156862744700 ) ;
#1403 = FILL_AREA_STYLE_COLOUR ( '', #1402 ) ;
#1404 = FILL_AREA_STYLE ('',( #1403 ) ) ;
#1405 = SURFACE_STYLE_FILL_AREA ( #1404 ) ;
#1406 = SURFACE_SIDE_STYLE ('',( #1405 ) ) ;
#1407 = SURFACE_STYLE_USAGE ( .BOTH. , #1406 ) ;
#1408 = PRESENTATION_STYLE_ASSIGNMENT (( #1407 ) ) ;
#1409 = STYLED_ITEM ( 'NONE', ( #1408 ), #2281 ) ;
#1410 = PRESENTATION_LAYER_ASSIGNMENT (  '', '', ( #1409 ) ) ;
#1411 = MECHANICAL_DESIGN_GEOMETRIC_PRESENTATION_REPRESENTATION (  '', ( #1409 ), #1421 ) ;
#1412 =( LENGTH_UNIT ( ) NAMED_UNIT ( * ) SI_UNIT ( .MILLI., .METRE. ) );
#1413 =( NAMED_UNIT ( * ) PLANE_ANGLE_UNIT ( ) SI_UNIT ( $, .RADIAN. ) );
#1414 =( NAMED_UNIT ( * ) SI_UNIT ( $, .STERADIAN. ) SOLID_ANGLE_UNIT ( ) );
#1415 = UNCERTAINTY_MEASURE_WITH_UNIT (LENGTH_MEASURE( 1.000000000000000100E-005 ), #1412, 'distance_accuracy_value', 'NONE');
#1416 = VERTEX_POINT ( 'NONE', #679 ) ;
#1417 = ORIENTED_EDGE ( 'NONE', *, *, #2512, .F. ) ;
#1418 = EDGE_CURVE ( 'NONE', #2785, #2482, #681, .T. ) ;
#1419 = ORIENTED_EDGE ( 'NONE', *, *, #2806, .F. ) ;
#1420 = ORIENTED_EDGE ( 'NONE', *, *, #1694, .T. ) ;
#1421 =( GEOMETRIC_REPRESENTATION_CONTEXT ( 3 ) GLOBAL_UNCERTAINTY_ASSIGNED_CONTEXT ( ( #1415 ) ) GLOBAL_UNIT_ASSIGNED_CONTEXT ( ( #1412, #1413, #1414 ) ) REPRESENTATION_CONTEXT ( 'NONE', 'WORKASPACE' ) );
#1422 = PLANE ( 'NONE',  #1423 ) ;
#1423 = AXIS2_PLACEMENT_3D ( 'NONE', #1424, #1425, #1426 ) ;
#1424 = CARTESIAN_POINT ( 'NONE',  ( -0.5000000000000000000, 8.099999999999999600, -4.809999999999999600 ) ) ;
#1425 = DIRECTION ( 'NONE',  ( -1.000000000000000000, 0.0000000000000000000, -1.084202172485503800E-016 ) ) ;
#1426 = DIRECTION ( 'NONE',  ( -1.084202172485503800E-016, 0.0000000000000000000, 1.000000000000000000 ) ) ;
#1427 = LINE ( 'NONE', #1428, #1429 ) ;
#1428 = CARTESIAN_POINT ( 'NONE',  ( 12.40000000000000000, -3.160000000000000100, -7.769999999999999600 ) ) ;
#1429 = VECTOR ( 'NONE', #1430, 1000.000000000000000 ) ;
#1430 = DIRECTION ( 'NONE',  ( 0.0000000000000000000, 0.0000000000000000000, 1.000000000000000000 ) ) ;
#1431 = CARTESIAN_POINT ( 'NONE',  ( 13.00000000000000000, 0.6400000000000000100, -7.769999999999999600 ) ) ;
#1432 = CIRCLE ( 'NONE', #1433, 1.149999999999999900 ) ;
#1433 = AXIS2_PLACEMENT_3D ( 'NONE', #1434, #1435, #1436 ) ;
#1434 = CARTESIAN_POINT ( 'NONE',  ( 8.890000000000000600, 0.5400000000000000400, -3.810000000000000100 ) ) ;
#1435 = DIRECTION ( 'NONE',  ( 0.0000000000000000000, -1.000000000000000000, 0.0000000000000000000 ) ) ;
#1436 = DIRECTION ( 'NONE',  ( 0.0000000000000000000, 0.0000000000000000000, -1.000000000000000000 ) ) ;
#1437 = EDGE_LOOP ( 'NONE', ( #2679, #2757, #2778, #93 ) ) ;
#1438 = VERTEX_POINT ( 'NONE', #685 ) ;
#1439 = ORIENTED_EDGE ( 'NONE', *, *, #2573, .F. ) ;
#1440 = VERTEX_POINT ( 'NONE', #687 ) ;
#1441 = LINE ( 'NONE', #1442, #1443 ) ;
#1442 = CARTESIAN_POINT ( 'NONE',  ( -1.210000000000000000, 0.6400000000000000100, -8.859999999999999400 ) ) ;
#1443 = VECTOR ( 'NONE', #1444, 1000.000000000000000 ) ;
#1444 = DIRECTION ( 'NONE',  ( -1.000000000000000000, 0.0000000000000000000, 0.0000000000000000000 ) ) ;
#1445 = LINE ( 'NONE', #1446, #1447 ) ;
#1446 = CARTESIAN_POINT ( 'NONE',  ( 7.919999999999999900, -3.160000000000000100, -7.769999999999999600 ) ) ;
#1447 = VECTOR ( 'NONE', #1448, 1000.000000000000000 ) ;
#1448 = DIRECTION ( 'NONE',  ( 0.0000000000000000000, 0.0000000000000000000, -1.000000000000000000 ) ) ;
#1449 = LINE ( 'NONE', #1450, #1451 ) ;
#1450 = CARTESIAN_POINT ( 'NONE',  ( 7.919999999999999900, 1.310820393249938000, -7.469999999999999800 ) ) ;
#1451 = VECTOR ( 'NONE', #1452, 1000.000000000000000 ) ;
#1452 = DIRECTION ( 'NONE',  ( 0.0000000000000000000, -1.000000000000000000, 0.0000000000000000000 ) ) ;
#1453 = LINE ( 'NONE', #1454, #1455 ) ;
#1454 = CARTESIAN_POINT ( 'NONE',  ( 16.70642422238584900, 0.6400000000000000100, 0.9399999999999999500 ) ) ;
#1455 = VECTOR ( 'NONE', #1456, 1000.000000000000000 ) ;
#1456 = DIRECTION ( 'NONE',  ( 0.0000000000000000000, 0.0000000000000000000, -1.000000000000000000 ) ) ;
#1457 = EDGE_CURVE ( 'NONE', #2718, #2643, #701, .T. ) ;
#1458 = LINE ( 'NONE', #1459, #1460 ) ;
#1459 = CARTESIAN_POINT ( 'NONE',  ( 18.98999999999999800, 8.400000000000000400, -8.859999999999999400 ) ) ;
#1460 = VECTOR ( 'NONE', #1461, 1000.000000000000000 ) ;
#1461 = DIRECTION ( 'NONE',  ( 0.0000000000000000000, -1.000000000000000000, 0.0000000000000000000 ) ) ;
#1462 = LINE ( 'NONE', #1463, #1464 ) ;
#1463 = CARTESIAN_POINT ( 'NONE',  ( 9.925615758860400800, 0.6400000000000000100, -4.309999999999999600 ) ) ;
#1464 = VECTOR ( 'NONE', #1465, 1000.000000000000000 ) ;
#1465 = DIRECTION ( 'NONE',  ( -1.000000000000000000, 0.0000000000000000000, 0.0000000000000000000 ) ) ;
#1466 = FACE_OUTER_BOUND ( 'NONE', #80, .T. ) ;
#1467 = COLOUR_RGB ( '',0.8549019607843136900, 0.8313725490196077800, 0.6980392156862744700 ) ;
#1468 = FILL_AREA_STYLE_COLOUR ( '', #1467 ) ;
#1469 = FILL_AREA_STYLE ('',( #1468 ) ) ;
#1470 = SURFACE_STYLE_FILL_AREA ( #1469 ) ;
#1471 = SURFACE_SIDE_STYLE ('',( #1470 ) ) ;
#1472 = SURFACE_STYLE_USAGE ( .BOTH. , #1471 ) ;
#1473 = PRESENTATION_STYLE_ASSIGNMENT (( #1472 ) ) ;
#1474 = VERTEX_POINT ( 'NONE', #708 ) ;
#1475 = STYLED_ITEM ( 'NONE', ( #1473 ), #146 ) ;
#1476 = PRESENTATION_LAYER_ASSIGNMENT (  '', '', ( #1475 ) ) ;
#1477 = MECHANICAL_DESIGN_GEOMETRIC_PRESENTATION_REPRESENTATION (  '', ( #1475 ), #1482 ) ;
#1478 =( LENGTH_UNIT ( ) NAMED_UNIT ( * ) SI_UNIT ( .MILLI., .METRE. ) );
#1479 =( NAMED_UNIT ( * ) PLANE_ANGLE_UNIT ( ) SI_UNIT ( $, .RADIAN. ) );
#1480 =( NAMED_UNIT ( * ) SI_UNIT ( $, .STERADIAN. ) SOLID_ANGLE_UNIT ( ) );
#1481 = UNCERTAINTY_MEASURE_WITH_UNIT (LENGTH_MEASURE( 1.000000000000000100E-005 ), #1478, 'distance_accuracy_value', 'NONE');
#1482 =( GEOMETRIC_REPRESENTATION_CONTEXT ( 3 ) GLOBAL_UNCERTAINTY_ASSIGNED_CONTEXT ( ( #1481 ) ) GLOBAL_UNIT_ASSIGNED_CONTEXT ( ( #1478, #1479, #1480 ) ) REPRESENTATION_CONTEXT ( 'NONE', 'WORKASPACE' ) );
#1483 = PLANE ( 'NONE',  #1484 ) ;
#1484 = AXIS2_PLACEMENT_3D ( 'NONE', #1485, #1486, #1487 ) ;
#1485 = CARTESIAN_POINT ( 'NONE',  ( 3.040000000000000000, 0.3400000000000000200, -2.010000000000000200 ) ) ;
#1486 = DIRECTION ( 'NONE',  ( 0.0000000000000000000, 1.000000000000000000, 0.0000000000000000000 ) ) ;
#1487 = DIRECTION ( 'NONE',  ( 0.0000000000000000000, 0.0000000000000000000, 1.000000000000000000 ) ) ;
#1488 = FACE_OUTER_BOUND ( 'NONE', #2766, .T. ) ;
#1489 = COLOUR_RGB ( '',0.8549019607843136900, 0.8313725490196077800, 0.6980392156862744700 ) ;
#1490 = FILL_AREA_STYLE_COLOUR ( '', #1489 ) ;
#1491 = ORIENTED_EDGE ( 'NONE', *, *, #2571, .T. ) ;
#1492 = ORIENTED_EDGE ( 'NONE', *, *, #2946, .T. ) ;
#1493 = FILL_AREA_STYLE ('',( #1490 ) ) ;
#1494 = SURFACE_STYLE_FILL_AREA ( #1493 ) ;
#1495 = SURFACE_SIDE_STYLE ('',( #1494 ) ) ;
#1496 = SURFACE_STYLE_USAGE ( .BOTH. , #1495 ) ;
#1497 = PRESENTATION_STYLE_ASSIGNMENT (( #1496 ) ) ;
#1498 = STYLED_ITEM ( 'NONE', ( #1497 ), #147 ) ;
#1499 = PRESENTATION_LAYER_ASSIGNMENT (  '', '', ( #1498 ) ) ;
#1500 = MECHANICAL_DESIGN_GEOMETRIC_PRESENTATION_REPRESENTATION (  '', ( #1498 ), #1505 ) ;
#1501 =( LENGTH_UNIT ( ) NAMED_UNIT ( * ) SI_UNIT ( .MILLI., .METRE. ) );
#1502 =( NAMED_UNIT ( * ) PLANE_ANGLE_UNIT ( ) SI_UNIT ( $, .RADIAN. ) );
#1503 =( NAMED_UNIT ( * ) SI_UNIT ( $, .STERADIAN. ) SOLID_ANGLE_UNIT ( ) );
#1504 = UNCERTAINTY_MEASURE_WITH_UNIT (LENGTH_MEASURE( 1.000000000000000100E-005 ), #1501, 'distance_accuracy_value', 'NONE');
#1505 =( GEOMETRIC_REPRESENTATION_CONTEXT ( 3 ) GLOBAL_UNCERTAINTY_ASSIGNED_CONTEXT ( ( #1504 ) ) GLOBAL_UNIT_ASSIGNED_CONTEXT ( ( #1501, #1502, #1503 ) ) REPRESENTATION_CONTEXT ( 'NONE', 'WORKASPACE' ) );
#1506 = CYLINDRICAL_SURFACE ( 'NONE', #1507, 1.149999999999999900 ) ;
#1507 = AXIS2_PLACEMENT_3D ( 'NONE', #1508, #1511, #1512 ) ;
#1508 = CARTESIAN_POINT ( 'NONE',  ( 8.890000000000000600, 0.5400000000000000400, -3.810000000000000100 ) ) ;
#1509 = EDGE_LOOP ( 'NONE', ( #2798, #2831, #948, #1491 ) ) ;
#1510 = ORIENTED_EDGE ( 'NONE', *, *, #1798, .T. ) ;
#1511 = DIRECTION ( 'NONE',  ( 0.0000000000000000000, 1.000000000000000000, 0.0000000000000000000 ) ) ;
#1512 = DIRECTION ( 'NONE',  ( 0.0000000000000000000, 0.0000000000000000000, 1.000000000000000000 ) ) ;
#1513 = FACE_OUTER_BOUND ( 'NONE', #2715, .T. ) ;
#1514 = COLOUR_RGB ( '',0.8549019607843136900, 0.8313725490196077800, 0.6980392156862744700 ) ;
#1515 = FILL_AREA_STYLE_COLOUR ( '', #1514 ) ;
#1516 = FILL_AREA_STYLE ('',( #1515 ) ) ;
#1517 = SURFACE_STYLE_FILL_AREA ( #1516 ) ;
#1518 = SURFACE_SIDE_STYLE ('',( #1517 ) ) ;
#1519 = SURFACE_STYLE_USAGE ( .BOTH. , #1518 ) ;
#1520 = PRESENTATION_STYLE_ASSIGNMENT (( #1519 ) ) ;
#1521 = STYLED_ITEM ( 'NONE', ( #1520 ), #148 ) ;
#1522 = PRESENTATION_LAYER_ASSIGNMENT (  '', '', ( #1521 ) ) ;
#1523 = MECHANICAL_DESIGN_GEOMETRIC_PRESENTATION_REPRESENTATION (  '', ( #1521 ), #1531 ) ;
#1524 =( LENGTH_UNIT ( ) NAMED_UNIT ( * ) SI_UNIT ( .MILLI., .METRE. ) );
#1525 =( NAMED_UNIT ( * ) PLANE_ANGLE_UNIT ( ) SI_UNIT ( $, .RADIAN. ) );
#1526 =( NAMED_UNIT ( * ) SI_UNIT ( $, .STERADIAN. ) SOLID_ANGLE_UNIT ( ) );
#1527 = ORIENTED_EDGE ( 'NONE', *, *, #2895, .T. ) ;
#1528 = EDGE_LOOP ( 'NONE', ( #877, #1329, #2820, #2851 ) ) ;
#1529 = ADVANCED_FACE ( 'NONE', ( #787 ), #788, .F. ) ;
#1530 = UNCERTAINTY_MEASURE_WITH_UNIT (LENGTH_MEASURE( 1.000000000000000100E-005 ), #1524, 'distance_accuracy_value', 'NONE');
#1531 =( GEOMETRIC_REPRESENTATION_CONTEXT ( 3 ) GLOBAL_UNCERTAINTY_ASSIGNED_CONTEXT ( ( #1530 ) ) GLOBAL_UNIT_ASSIGNED_CONTEXT ( ( #1524, #1525, #1526 ) ) REPRESENTATION_CONTEXT ( 'NONE', 'WORKASPACE' ) );
#1532 = PLANE ( 'NONE',  #1533 ) ;
#1533 = AXIS2_PLACEMENT_3D ( 'NONE', #1534, #1535, #1536 ) ;
#1534 = CARTESIAN_POINT ( 'NONE',  ( 9.925615758860400800, 0.5400000000000000400, -4.309999999999999600 ) ) ;
#1535 = DIRECTION ( 'NONE',  ( 0.0000000000000000000, 0.0000000000000000000, 1.000000000000000000 ) ) ;
#1536 = DIRECTION ( 'NONE',  ( 1.000000000000000000, 0.0000000000000000000, 0.0000000000000000000 ) ) ;
#1537 = CARTESIAN_POINT ( 'NONE',  ( 7.320000000000000300, -3.160000000000000100, -7.769999999999999600 ) ) ;
#1538 = CARTESIAN_POINT ( 'NONE',  ( 12.40000000000000000, -3.160000000000000100, -0.1500000000000034900 ) ) ;
#1539 = LINE ( 'NONE', #1540, #1541 ) ;
#1540 = CARTESIAN_POINT ( 'NONE',  ( -0.2999999999999999900, -3.160000000000000100, 0.1499999999999999900 ) ) ;
#1541 = VECTOR ( 'NONE', #1542, 1000.000000000000000 ) ;
#1542 = DIRECTION ( 'NONE',  ( 1.000000000000000000, 0.0000000000000000000, 0.0000000000000000000 ) ) ;
#1543 = CIRCLE ( 'NONE', #1544, 1.999999999999998200 ) ;
#1544 = AXIS2_PLACEMENT_3D ( 'NONE', #1545, #1549, #1550 ) ;
#1545 = CARTESIAN_POINT ( 'NONE',  ( 15.24000000000000000, 2.000000000000000000, 1.240000000000000000 ) ) ;
#1546 = ORIENTED_EDGE ( 'NONE', *, *, #2502, .T. ) ;
#1547 = VERTEX_POINT ( 'NONE', #822 ) ;
#1548 = ORIENTED_EDGE ( 'NONE', *, *, #1818, .T. ) ;
#1549 = DIRECTION ( 'NONE',  ( 0.0000000000000000000, 0.0000000000000000000, 1.000000000000000000 ) ) ;
#1550 = DIRECTION ( 'NONE',  ( 1.000000000000000000, 0.0000000000000000000, 0.0000000000000000000 ) ) ;
#1551 = CIRCLE ( 'NONE', #1552, 2.000000000000000400 ) ;
#1552 = AXIS2_PLACEMENT_3D ( 'NONE', #1553, #1554, #1555 ) ;
#1553 = CARTESIAN_POINT ( 'NONE',  ( 2.540000000000000000, 2.000000000000000000, 1.240000000000000000 ) ) ;
#1554 = DIRECTION ( 'NONE',  ( 0.0000000000000000000, 0.0000000000000000000, 1.000000000000000000 ) ) ;
#1555 = DIRECTION ( 'NONE',  ( 1.000000000000000000, 0.0000000000000000000, 0.0000000000000000000 ) ) ;
#1556 = LINE ( 'NONE', #1557, #1558 ) ;
#1557 = CARTESIAN_POINT ( 'NONE',  ( 17.48000000000000000, -3.160000000000000100, 0.1499999999999999900 ) ) ;
#1558 = VECTOR ( 'NONE', #1559, 1000.000000000000000 ) ;
#1559 = DIRECTION ( 'NONE',  ( 1.000000000000000000, 0.0000000000000000000, 0.0000000000000000000 ) ) ;
#1560 = FACE_OUTER_BOUND ( 'NONE', #129, .T. ) ;
#1561 = COLOUR_RGB ( '',0.8549019607843136900, 0.8313725490196077800, 0.6980392156862744700 ) ;
#1562 = FILL_AREA_STYLE_COLOUR ( '', #1561 ) ;
#1563 = FILL_AREA_STYLE ('',( #1562 ) ) ;
#1564 = SURFACE_STYLE_FILL_AREA ( #1563 ) ;
#1565 = ORIENTED_EDGE ( 'NONE', *, *, #1675, .F. ) ;
#1566 = SURFACE_SIDE_STYLE ('',( #1564 ) ) ;
#1567 = SURFACE_STYLE_USAGE ( .BOTH. , #1566 ) ;
#1568 = PRESENTATION_STYLE_ASSIGNMENT (( #1567 ) ) ;
#1569 = STYLED_ITEM ( 'NONE', ( #1568 ), #2690 ) ;
#1570 = PRESENTATION_LAYER_ASSIGNMENT (  '', '', ( #1569 ) ) ;
#1571 = MECHANICAL_DESIGN_GEOMETRIC_PRESENTATION_REPRESENTATION (  '', ( #1569 ), #1576 ) ;
#1572 =( LENGTH_UNIT ( ) NAMED_UNIT ( * ) SI_UNIT ( .MILLI., .METRE. ) );
#1573 =( NAMED_UNIT ( * ) PLANE_ANGLE_UNIT ( ) SI_UNIT ( $, .RADIAN. ) );
#1574 =( NAMED_UNIT ( * ) SI_UNIT ( $, .STERADIAN. ) SOLID_ANGLE_UNIT ( ) );
#1575 = UNCERTAINTY_MEASURE_WITH_UNIT (LENGTH_MEASURE( 1.000000000000000100E-005 ), #1572, 'distance_accuracy_value', 'NONE');
#1576 =( GEOMETRIC_REPRESENTATION_CONTEXT ( 3 ) GLOBAL_UNCERTAINTY_ASSIGNED_CONTEXT ( ( #1575 ) ) GLOBAL_UNIT_ASSIGNED_CONTEXT ( ( #1572, #1573, #1574 ) ) REPRESENTATION_CONTEXT ( 'NONE', 'WORKASPACE' ) );
#1577 = PLANE ( 'NONE',  #1578 ) ;
#1578 = AXIS2_PLACEMENT_3D ( 'NONE', #1579, #1580, #1581 ) ;
#1579 = CARTESIAN_POINT ( 'NONE',  ( -0.5000000000000000000, 8.099999999999999600, -4.809999999999999600 ) ) ;
#1580 = DIRECTION ( 'NONE',  ( 0.0000000000000000000, 0.0000000000000000000, -1.000000000000000000 ) ) ;
#1581 = DIRECTION ( 'NONE',  ( -1.000000000000000000, 0.0000000000000000000, 0.0000000000000000000 ) ) ;
#1582 = ORIENTED_EDGE ( 'NONE', *, *, #2565, .F. ) ;
#1583 = ORIENTED_EDGE ( 'NONE', *, *, #1673, .T. ) ;
#1584 = ORIENTED_EDGE ( 'NONE', *, *, #2695, .F. ) ;
#1585 = CIRCLE ( 'NONE', #1586, 0.3999999999999999700 ) ;
#1586 = AXIS2_PLACEMENT_3D ( 'NONE', #1587, #1588, #1589 ) ;
#1587 = CARTESIAN_POINT ( 'NONE',  ( 3.040000000000000000, 0.6400000000000000100, -2.010000000000000200 ) ) ;
#1588 = DIRECTION ( 'NONE',  ( 0.0000000000000000000, 1.000000000000000000, 0.0000000000000000000 ) ) ;
#1589 = DIRECTION ( 'NONE',  ( 0.0000000000000000000, 0.0000000000000000000, 1.000000000000000000 ) ) ;
#1590 = FACE_BOUND ( 'NONE', #2789, .T. ) ;
#1591 = FACE_BOUND ( 'NONE', #2458, .T. ) ;
#1592 = FACE_BOUND ( 'NONE', #1635, .T. ) ;
#1593 = FACE_BOUND ( 'NONE', #2681, .T. ) ;
#1594 = FACE_BOUND ( 'NONE', #1956, .T. ) ;
#1595 = FACE_BOUND ( 'NONE', #2440, .T. ) ;
#1596 = FACE_BOUND ( 'NONE', #2615, .T. ) ;
#1597 = FACE_BOUND ( 'NONE', #2514, .T. ) ;
#1598 = FACE_BOUND ( 'NONE', #2617, .T. ) ;
#1599 = FACE_BOUND ( 'NONE', #377, .T. ) ;
#1600 = FACE_BOUND ( 'NONE', #2959, .T. ) ;
#1601 = FACE_BOUND ( 'NONE', #2519, .T. ) ;
#1602 = FACE_BOUND ( 'NONE', #1049, .T. ) ;
#1603 = FACE_OUTER_BOUND ( 'NONE', #2742, .T. ) ;
#1604 = COLOUR_RGB ( '',0.8549019607843136900, 0.8313725490196077800, 0.6980392156862744700 ) ;
#1605 = FILL_AREA_STYLE_COLOUR ( '', #1604 ) ;
#1606 = FILL_AREA_STYLE ('',( #1605 ) ) ;
#1607 = SURFACE_STYLE_FILL_AREA ( #1606 ) ;
#1608 = SURFACE_SIDE_STYLE ('',( #1607 ) ) ;
#1609 = SURFACE_STYLE_USAGE ( .BOTH. , #1608 ) ;
#1610 = PRESENTATION_STYLE_ASSIGNMENT (( #1609 ) ) ;
#1611 = STYLED_ITEM ( 'NONE', ( #1610 ), #2691 ) ;
#1612 = PRESENTATION_LAYER_ASSIGNMENT (  '', '', ( #1611 ) ) ;
#1613 = MECHANICAL_DESIGN_GEOMETRIC_PRESENTATION_REPRESENTATION (  '', ( #1611 ), #1620 ) ;
#1614 =( LENGTH_UNIT ( ) NAMED_UNIT ( * ) SI_UNIT ( .MILLI., .METRE. ) );
#1615 =( NAMED_UNIT ( * ) PLANE_ANGLE_UNIT ( ) SI_UNIT ( $, .RADIAN. ) );
#1616 =( NAMED_UNIT ( * ) SI_UNIT ( $, .STERADIAN. ) SOLID_ANGLE_UNIT ( ) );
#1617 = EDGE_LOOP ( 'NONE', ( #2637, #2563, #59, #1050 ) ) ;
#1618 = ORIENTED_EDGE ( 'NONE', *, *, #151, .T. ) ;
#1619 = UNCERTAINTY_MEASURE_WITH_UNIT (LENGTH_MEASURE( 1.000000000000000100E-005 ), #1614, 'distance_accuracy_value', 'NONE');
#1620 =( GEOMETRIC_REPRESENTATION_CONTEXT ( 3 ) GLOBAL_UNCERTAINTY_ASSIGNED_CONTEXT ( ( #1619 ) ) GLOBAL_UNIT_ASSIGNED_CONTEXT ( ( #1614, #1615, #1616 ) ) REPRESENTATION_CONTEXT ( 'NONE', 'WORKASPACE' ) );
#1621 = PLANE ( 'NONE',  #1622 ) ;
#1622 = AXIS2_PLACEMENT_3D ( 'NONE', #1623, #1624, #1625 ) ;
#1623 = CARTESIAN_POINT ( 'NONE',  ( -1.210000000000000000, 0.6400000000000000100, 1.240000000000000000 ) ) ;
#1624 = DIRECTION ( 'NONE',  ( 0.0000000000000000000, 1.000000000000000000, 0.0000000000000000000 ) ) ;
#1625 = DIRECTION ( 'NONE',  ( 0.0000000000000000000, 0.0000000000000000000, 1.000000000000000000 ) ) ;
#1626 = LINE ( 'NONE', #1627, #1628 ) ;
#1627 = CARTESIAN_POINT ( 'NONE',  ( 1.789999989244825100, 0.5400000000000000400, -4.309999999999999600 ) ) ;
#1628 = VECTOR ( 'NONE', #1629, 1000.000000000000000 ) ;
#1629 = DIRECTION ( 'NONE',  ( 0.0000000000000000000, 1.000000000000000000, 0.0000000000000000000 ) ) ;
#1630 = FACE_OUTER_BOUND ( 'NONE', #2534, .T. ) ;
#1631 = PLANE ( 'NONE',  #1632 ) ;
#1632 = AXIS2_PLACEMENT_3D ( 'NONE', #1633, #1634, #1640 ) ;
#1633 = CARTESIAN_POINT ( 'NONE',  ( 12.40000000000000000, 1.310820393249938000, 0.1499999999999999900 ) ) ;
#1634 = DIRECTION ( 'NONE',  ( 0.0000000000000000000, 0.0000000000000000000, -1.000000000000000000 ) ) ;
#1635 = EDGE_LOOP ( 'NONE', ( #2605, #2636, #72, #1835 ) ) ;
#1636 = EDGE_LOOP ( 'NONE', ( #2613, #31, #2501, #555 ) ) ;
#1637 = EDGE_CURVE ( 'NONE', #1958, #2930, #881, .T. ) ;
#1638 = ORIENTED_EDGE ( 'NONE', *, *, #2682, .T. ) ;
#1639 = ORIENTED_EDGE ( 'NONE', *, *, #78, .F. ) ;
#1640 = DIRECTION ( 'NONE',  ( -1.000000000000000000, 0.0000000000000000000, 0.0000000000000000000 ) ) ;
#1641 = CARTESIAN_POINT ( 'NONE',  ( 0.2999999999999999900, -3.160000000000000100, -7.469999999999999800 ) ) ;
#1642 = LINE ( 'NONE', #1643, #1644 ) ;
#1643 = CARTESIAN_POINT ( 'NONE',  ( 13.00000000000000000, -3.160000000000000100, -7.769999999999999600 ) ) ;
#1644 = VECTOR ( 'NONE', #1645, 1000.000000000000000 ) ;
#1645 = DIRECTION ( 'NONE',  ( 0.0000000000000000000, 0.0000000000000000000, -1.000000000000000000 ) ) ;
#1646 = CIRCLE ( 'NONE', #1647, 0.3999999999999999700 ) ;
#1647 = AXIS2_PLACEMENT_3D ( 'NONE', #1648, #1649, #1650 ) ;
#1648 = CARTESIAN_POINT ( 'NONE',  ( 3.040000000000000000, 0.3400000000000000200, -2.010000000000000200 ) ) ;
#1649 = DIRECTION ( 'NONE',  ( 0.0000000000000000000, -1.000000000000000000, 0.0000000000000000000 ) ) ;
#1650 = DIRECTION ( 'NONE',  ( 0.0000000000000000000, 0.0000000000000000000, 1.000000000000000000 ) ) ;
#1651 = CIRCLE ( 'NONE', #1652, 1.149999999999999900 ) ;
#1652 = AXIS2_PLACEMENT_3D ( 'NONE', #1653, #1654, #1655 ) ;
#1653 = CARTESIAN_POINT ( 'NONE',  ( 8.890000000000000600, 0.6400000000000000100, -3.810000000000000100 ) ) ;
#1654 = DIRECTION ( 'NONE',  ( 0.0000000000000000000, 1.000000000000000000, 0.0000000000000000000 ) ) ;
#1655 = DIRECTION ( 'NONE',  ( 0.0000000000000000000, 0.0000000000000000000, 1.000000000000000000 ) ) ;
#1656 = FACE_OUTER_BOUND ( 'NONE', #2982, .T. ) ;
#1657 = COLOUR_RGB ( '',0.8549019607843136900, 0.8313725490196077800, 0.6980392156862744700 ) ;
#1658 = FILL_AREA_STYLE_COLOUR ( '', #1657 ) ;
#1659 = FILL_AREA_STYLE ('',( #1658 ) ) ;
#1660 = SURFACE_STYLE_FILL_AREA ( #1659 ) ;
#1661 = SURFACE_SIDE_STYLE ('',( #1660 ) ) ;
#1662 = SURFACE_STYLE_USAGE ( .BOTH. , #1661 ) ;
#1663 = PRESENTATION_STYLE_ASSIGNMENT (( #1662 ) ) ;
#1664 = STYLED_ITEM ( 'NONE', ( #1663 ), #168 ) ;
#1665 = PRESENTATION_LAYER_ASSIGNMENT (  '', '', ( #1664 ) ) ;
#1666 = MECHANICAL_DESIGN_GEOMETRIC_PRESENTATION_REPRESENTATION (  '', ( #1664 ), #1671 ) ;
#1667 =( LENGTH_UNIT ( ) NAMED_UNIT ( * ) SI_UNIT ( .MILLI., .METRE. ) );
#1668 =( NAMED_UNIT ( * ) PLANE_ANGLE_UNIT ( ) SI_UNIT ( $, .RADIAN. ) );
#1669 =( NAMED_UNIT ( * ) SI_UNIT ( $, .STERADIAN. ) SOLID_ANGLE_UNIT ( ) );
#1670 = UNCERTAINTY_MEASURE_WITH_UNIT (LENGTH_MEASURE( 1.000000000000000100E-005 ), #1667, 'distance_accuracy_value', 'NONE');
#1671 =( GEOMETRIC_REPRESENTATION_CONTEXT ( 3 ) GLOBAL_UNCERTAINTY_ASSIGNED_CONTEXT ( ( #1670 ) ) GLOBAL_UNIT_ASSIGNED_CONTEXT ( ( #1667, #1668, #1669 ) ) REPRESENTATION_CONTEXT ( 'NONE', 'WORKASPACE' ) );
#1672 = ADVANCED_FACE ( 'NONE', ( #909 ), #910, .F. ) ;
#1673 = EDGE_CURVE ( 'NONE', #2071, #2841, #915, .T. ) ;
#1674 = EDGE_CURVE ( 'NONE', #2777, #2976, #923, .T. ) ;
#1675 = EDGE_CURVE ( 'NONE', #1117, #2212, #927, .T. ) ;
#1676 = ORIENTED_EDGE ( 'NONE', *, *, #2737, .T. ) ;
#1677 = PLANE ( 'NONE',  #1678 ) ;
#1678 = AXIS2_PLACEMENT_3D ( 'NONE', #1679, #1680, #1681 ) ;
#1679 = CARTESIAN_POINT ( 'NONE',  ( 15.24000000000000000, 2.000000000000000000, -8.560000000000000500 ) ) ;
#1680 = DIRECTION ( 'NONE',  ( 0.0000000000000000000, 0.0000000000000000000, -1.000000000000000000 ) ) ;
#1681 = DIRECTION ( 'NONE',  ( 1.000000000000000000, 0.0000000000000000000, 0.0000000000000000000 ) ) ;
#1682 = FACE_OUTER_BOUND ( 'NONE', #2670, .T. ) ;
#1683 = PLANE ( 'NONE',  #1684 ) ;
#1684 = AXIS2_PLACEMENT_3D ( 'NONE', #1685, #1686, #1687 ) ;
#1685 = CARTESIAN_POINT ( 'NONE',  ( 18.07999999999999800, 1.310820393249938000, 0.1499999999999999900 ) ) ;
#1686 = DIRECTION ( 'NONE',  ( -1.000000000000000000, 0.0000000000000000000, 0.0000000000000000000 ) ) ;
#1687 = DIRECTION ( 'NONE',  ( 0.0000000000000000000, 0.0000000000000000000, 1.000000000000000000 ) ) ;
#1688 = LINE ( 'NONE', #1689, #1690 ) ;
#1689 = CARTESIAN_POINT ( 'NONE',  ( 1.789999989244825100, 0.5400000000000000400, -4.309999999999999600 ) ) ;
#1690 = VECTOR ( 'NONE', #1691, 1000.000000000000000 ) ;
#1691 = DIRECTION ( 'NONE',  ( 1.000000000000000000, 0.0000000000000000000, 0.0000000000000000000 ) ) ;
#1692 = LINE ( 'NONE', #1695, #1696 ) ;
#1693 = EDGE_LOOP ( 'NONE', ( #627, #2479, #2700, #2852 ) ) ;
#1694 = EDGE_CURVE ( 'NONE', #2050, #2815, #970, .T. ) ;
#1695 = CARTESIAN_POINT ( 'NONE',  ( 12.40000000000000000, 0.6400000000000000100, 0.1499999999999999900 ) ) ;
#1696 = VECTOR ( 'NONE', #1697, 1000.000000000000000 ) ;
#1697 = DIRECTION ( 'NONE',  ( 1.000000000000000000, 0.0000000000000000000, 0.0000000000000000000 ) ) ;
#1698 = LINE ( 'NONE', #1699, #1700 ) ;
#1699 = CARTESIAN_POINT ( 'NONE',  ( 14.74000000000000000, 0.3400000000000000200, -5.210000000000000000 ) ) ;
#1700 = VECTOR ( 'NONE', #1701, 1000.000000000000000 ) ;
#1701 = DIRECTION ( 'NONE',  ( 0.0000000000000000000, 1.000000000000000000, 0.0000000000000000000 ) ) ;
#1702 = FACE_OUTER_BOUND ( 'NONE', #609, .T. ) ;
#1703 = PLANE ( 'NONE',  #1704 ) ;
#1704 = AXIS2_PLACEMENT_3D ( 'NONE', #1705, #1706, #1707 ) ;
#1705 = CARTESIAN_POINT ( 'NONE',  ( 17.48000000000000000, 1.310820393249938000, -7.469999999999999800 ) ) ;
#1706 = DIRECTION ( 'NONE',  ( 0.0000000000000000000, 0.0000000000000000000, -1.000000000000000000 ) ) ;
#1707 = DIRECTION ( 'NONE',  ( -1.000000000000000000, 0.0000000000000000000, 0.0000000000000000000 ) ) ;
#1708 = FACE_OUTER_BOUND ( 'NONE', #2692, .T. ) ;
#1709 = COLOUR_RGB ( '',0.8549019607843136900, 0.8313725490196077800, 0.6980392156862744700 ) ;
#1710 = FILL_AREA_STYLE_COLOUR ( '', #1709 ) ;
#1711 = FILL_AREA_STYLE ('',( #1710 ) ) ;
#1712 = SURFACE_STYLE_FILL_AREA ( #1711 ) ;
#1713 = SURFACE_SIDE_STYLE ('',( #1712 ) ) ;
#1714 = SURFACE_STYLE_USAGE ( .BOTH. , #1713 ) ;
#1715 = PRESENTATION_STYLE_ASSIGNMENT (( #1714 ) ) ;
#1716 = STYLED_ITEM ( 'NONE', ( #1715 ), #2865 ) ;
#1717 = PRESENTATION_LAYER_ASSIGNMENT (  '', '', ( #1716 ) ) ;
#1718 = MECHANICAL_DESIGN_GEOMETRIC_PRESENTATION_REPRESENTATION (  '', ( #1716 ), #1723 ) ;
#1719 =( LENGTH_UNIT ( ) NAMED_UNIT ( * ) SI_UNIT ( .MILLI., .METRE. ) );
#1720 =( NAMED_UNIT ( * ) PLANE_ANGLE_UNIT ( ) SI_UNIT ( $, .RADIAN. ) );
#1721 =( NAMED_UNIT ( * ) SI_UNIT ( $, .STERADIAN. ) SOLID_ANGLE_UNIT ( ) );
#1722 = UNCERTAINTY_MEASURE_WITH_UNIT (LENGTH_MEASURE( 1.000000000000000100E-005 ), #1719, 'distance_accuracy_value', 'NONE');
#1723 =( GEOMETRIC_REPRESENTATION_CONTEXT ( 3 ) GLOBAL_UNCERTAINTY_ASSIGNED_CONTEXT ( ( #1722 ) ) GLOBAL_UNIT_ASSIGNED_CONTEXT ( ( #1719, #1720, #1721 ) ) REPRESENTATION_CONTEXT ( 'NONE', 'WORKASPACE' ) );
#1724 = CYLINDRICAL_SURFACE ( 'NONE', #1725, 1.149999999999999900 ) ;
#1725 = AXIS2_PLACEMENT_3D ( 'NONE', #1726, #1728, #1729 ) ;
#1726 = CARTESIAN_POINT ( 'NONE',  ( 8.890000000000000600, 0.5400000000000000400, -3.810000000000000100 ) ) ;
#1727 = VERTEX_POINT ( 'NONE', #978 ) ;
#1728 = DIRECTION ( 'NONE',  ( 0.0000000000000000000, 1.000000000000000000, 0.0000000000000000000 ) ) ;
#1729 = DIRECTION ( 'NONE',  ( 0.0000000000000000000, 0.0000000000000000000, 1.000000000000000000 ) ) ;
#1730 = FACE_OUTER_BOUND ( 'NONE', #2559, .T. ) ;
#1731 = PLANE ( 'NONE',  #1732 ) ;
#1732 = AXIS2_PLACEMENT_3D ( 'NONE', #1733, #1734, #1735 ) ;
#1733 = CARTESIAN_POINT ( 'NONE',  ( 7.320000000000000300, 1.310820393249938000, -7.469999999999999800 ) ) ;
#1734 = DIRECTION ( 'NONE',  ( 0.0000000000000000000, 0.0000000000000000000, -1.000000000000000000 ) ) ;
#1735 = DIRECTION ( 'NONE',  ( -1.000000000000000000, 0.0000000000000000000, 0.0000000000000000000 ) ) ;
#1736 = LINE ( 'NONE', #1737, #1738 ) ;
#1737 = CARTESIAN_POINT ( 'NONE',  ( 1.073575777614129900, 0.6400000000000000100, -8.560000000000000500 ) ) ;
#1738 = VECTOR ( 'NONE', #1739, 1000.000000000000000 ) ;
#1739 = DIRECTION ( 'NONE',  ( 0.0000000000000000000, 0.0000000000000000000, -1.000000000000000000 ) ) ;
#1740 = FACE_OUTER_BOUND ( 'NONE', #2760, .T. ) ;
#1741 = PLANE ( 'NONE',  #1742 ) ;
#1742 = AXIS2_PLACEMENT_3D ( 'NONE', #1743, #1746, #1747 ) ;
#1743 = CARTESIAN_POINT ( 'NONE',  ( -0.2999999999999999900, 1.310820393249936000, -7.469999999999999800 ) ) ;
#1744 = EDGE_LOOP ( 'NONE', ( #2730, #2667, #2708, #23 ) ) ;
#1745 = ORIENTED_EDGE ( 'NONE', *, *, #2793, .T. ) ;
#1746 = DIRECTION ( 'NONE',  ( 0.0000000000000000000, 0.0000000000000000000, -1.000000000000000000 ) ) ;
#1747 = DIRECTION ( 'NONE',  ( -1.000000000000000000, 0.0000000000000000000, 0.0000000000000000000 ) ) ;
#1748 = LINE ( 'NONE', #1749, #1750 ) ;
#1749 = CARTESIAN_POINT ( 'NONE',  ( 17.48000000000000000, 1.310820393249938000, -7.769999999999999600 ) ) ;
#1750 = VECTOR ( 'NONE', #1751, 1000.000000000000000 ) ;
#1751 = DIRECTION ( 'NONE',  ( 0.0000000000000000000, -1.000000000000000000, 0.0000000000000000000 ) ) ;
#1752 = LINE ( 'NONE', #1753, #1754 ) ;
#1753 = CARTESIAN_POINT ( 'NONE',  ( -0.5000000000000000000, 8.099999999999999600, -4.809999999999999600 ) ) ;
#1754 = VECTOR ( 'NONE', #1755, 1000.000000000000000 ) ;
#1755 = DIRECTION ( 'NONE',  ( 0.0000000000000000000, 1.000000000000000000, 0.0000000000000000000 ) ) ;
#1756 = LINE ( 'NONE', #1757, #1758 ) ;
#1757 = CARTESIAN_POINT ( 'NONE',  ( 7.919999999999999900, 1.310820393249938000, -7.769999999999999600 ) ) ;
#1758 = VECTOR ( 'NONE', #1759, 1000.000000000000000 ) ;
#1759 = DIRECTION ( 'NONE',  ( 0.0000000000000000000, -1.000000000000000000, 0.0000000000000000000 ) ) ;
#1760 = LINE ( 'NONE', #1761, #1765 ) ;
#1761 = CARTESIAN_POINT ( 'NONE',  ( 18.07999999999999800, 0.6400000000000000100, -7.769999999999999600 ) ) ;
#1762 = EDGE_CURVE ( 'NONE', #2796, #2770, #1023, .T. ) ;
#1763 = ORIENTED_EDGE ( 'NONE', *, *, #2070, .F. ) ;
#1764 = ADVANCED_FACE ( 'NONE', ( #1058 ), #1059, .F. ) ;
#1765 = VECTOR ( 'NONE', #1766, 1000.000000000000000 ) ;
#1766 = DIRECTION ( 'NONE',  ( 0.0000000000000000000, 0.0000000000000000000, -1.000000000000000000 ) ) ;
#1767 = FACE_OUTER_BOUND ( 'NONE', #1437, .T. ) ;
#1768 = PLANE ( 'NONE',  #1769 ) ;
#1769 = AXIS2_PLACEMENT_3D ( 'NONE', #1770, #1771, #1772 ) ;
#1770 = CARTESIAN_POINT ( 'NONE',  ( 17.48000000000000000, 1.310820393249938000, -7.769999999999999600 ) ) ;
#1771 = DIRECTION ( 'NONE',  ( 1.000000000000000000, 0.0000000000000000000, 0.0000000000000000000 ) ) ;
#1772 = DIRECTION ( 'NONE',  ( 0.0000000000000000000, 0.0000000000000000000, -1.000000000000000000 ) ) ;
#1773 = CARTESIAN_POINT ( 'NONE',  ( 16.70642422238584900, 0.6400000000000000100, 0.9399999999999999500 ) ) ;
#1774 = LINE ( 'NONE', #1775, #1776 ) ;
#1775 = CARTESIAN_POINT ( 'NONE',  ( 7.320000000000000300, -3.160000000000000100, 0.1499999999999999900 ) ) ;
#1776 = VECTOR ( 'NONE', #1777, 1000.000000000000000 ) ;
#1777 = DIRECTION ( 'NONE',  ( 1.000000000000000000, 0.0000000000000000000, 0.0000000000000000000 ) ) ;
#1778 = CARTESIAN_POINT ( 'NONE',  ( 0.5000000000000000000, 8.400000000000000400, -2.810000000000000100 ) ) ;
#1779 = LINE ( 'NONE', #1780, #1781 ) ;
#1780 = CARTESIAN_POINT ( 'NONE',  ( 0.2999999999999999900, 0.6400000000000000100, -7.469999999999999800 ) ) ;
#1781 = VECTOR ( 'NONE', #1782, 1000.000000000000000 ) ;
#1782 = DIRECTION ( 'NONE',  ( 0.0000000000000000000, 0.0000000000000000000, -1.000000000000000000 ) ) ;
#1783 = CARTESIAN_POINT ( 'NONE',  ( 0.2999999999999999900, -3.160000000000000100, 0.1499999999999999900 ) ) ;
#1784 = CIRCLE ( 'NONE', #1785, 2.000000000000000400 ) ;
#1785 = AXIS2_PLACEMENT_3D ( 'NONE', #1786, #1787, #1788 ) ;
#1786 = CARTESIAN_POINT ( 'NONE',  ( 2.540000000000000000, 2.000000000000000000, -8.859999999999999400 ) ) ;
#1787 = DIRECTION ( 'NONE',  ( 0.0000000000000000000, 0.0000000000000000000, 1.000000000000000000 ) ) ;
#1788 = DIRECTION ( 'NONE',  ( 1.000000000000000000, 0.0000000000000000000, 0.0000000000000000000 ) ) ;
#1789 = CARTESIAN_POINT ( 'NONE',  ( 12.40000000000000000, -3.160000000000000100, -7.469999999999999800 ) ) ;
#1790 = LINE ( 'NONE', #1791, #1792 ) ;
#1791 = CARTESIAN_POINT ( 'NONE',  ( -1.210000000000000000, 8.400000000000000400, -8.859999999999999400 ) ) ;
#1792 = VECTOR ( 'NONE', #1793, 1000.000000000000000 ) ;
#1793 = DIRECTION ( 'NONE',  ( 0.0000000000000000000, -1.000000000000000000, 0.0000000000000000000 ) ) ;
#1794 = FACE_OUTER_BOUND ( 'NONE', #2727, .T. ) ;
#1795 = COLOUR_RGB ( '',0.8549019607843136900, 0.8313725490196077800, 0.6980392156862744700 ) ;
#1796 = FILL_AREA_STYLE_COLOUR ( '', #1795 ) ;
#1797 = ADVANCED_FACE ( 'NONE', ( #1076 ), #1077, .F. ) ;
#1798 = EDGE_CURVE ( 'NONE', #802, #2012, #1082, .T. ) ;
#1799 = EDGE_CURVE ( 'NONE', #88, #258, #1091, .T. ) ;
#1800 = ADVANCED_FACE ( 'NONE', ( #1095 ), #1096, .F. ) ;
#1801 = FILL_AREA_STYLE ('',( #1796 ) ) ;
#1802 = SURFACE_STYLE_FILL_AREA ( #1801 ) ;
#1803 = SURFACE_SIDE_STYLE ('',( #1802 ) ) ;
#1804 = SURFACE_STYLE_USAGE ( .BOTH. , #1803 ) ;
#1805 = PRESENTATION_STYLE_ASSIGNMENT (( #1804 ) ) ;
#1806 = STYLED_ITEM ( 'NONE', ( #1805 ), #2487 ) ;
#1807 = PRESENTATION_LAYER_ASSIGNMENT (  '', '', ( #1806 ) ) ;
#1808 = MECHANICAL_DESIGN_GEOMETRIC_PRESENTATION_REPRESENTATION (  '', ( #1806 ), #1813 ) ;
#1809 =( LENGTH_UNIT ( ) NAMED_UNIT ( * ) SI_UNIT ( .MILLI., .METRE. ) );
#1810 =( NAMED_UNIT ( * ) PLANE_ANGLE_UNIT ( ) SI_UNIT ( $, .RADIAN. ) );
#1811 =( NAMED_UNIT ( * ) SI_UNIT ( $, .STERADIAN. ) SOLID_ANGLE_UNIT ( ) );
#1812 = UNCERTAINTY_MEASURE_WITH_UNIT (LENGTH_MEASURE( 1.000000000000000100E-005 ), #1809, 'distance_accuracy_value', 'NONE');
#1813 =( GEOMETRIC_REPRESENTATION_CONTEXT ( 3 ) GLOBAL_UNCERTAINTY_ASSIGNED_CONTEXT ( ( #1812 ) ) GLOBAL_UNIT_ASSIGNED_CONTEXT ( ( #1809, #1810, #1811 ) ) REPRESENTATION_CONTEXT ( 'NONE', 'WORKASPACE' ) );
#1814 = CYLINDRICAL_SURFACE ( 'NONE', #1815, 2.000000000000000400 ) ;
#1815 = AXIS2_PLACEMENT_3D ( 'NONE', #1816, #1819, #1820 ) ;
#1816 = CARTESIAN_POINT ( 'NONE',  ( 2.540000000000000000, 2.000000000000000000, 0.9399999999999999500 ) ) ;
#1817 = ORIENTED_EDGE ( 'NONE', *, *, #100, .F. ) ;
#1818 = EDGE_CURVE ( 'NONE', #397, #2032, #1116, .T. ) ;
#1819 = DIRECTION ( 'NONE',  ( 0.0000000000000000000, 0.0000000000000000000, 1.000000000000000000 ) ) ;
#1820 = DIRECTION ( 'NONE',  ( 1.000000000000000000, 0.0000000000000000000, 0.0000000000000000000 ) ) ;
#1821 = FACE_OUTER_BOUND ( 'NONE', #2486, .T. ) ;
#1822 = PLANE ( 'NONE',  #1823 ) ;
#1823 = AXIS2_PLACEMENT_3D ( 'NONE', #1824, #1825, #1826 ) ;
#1824 = CARTESIAN_POINT ( 'NONE',  ( 13.00000000000000000, 1.310820393249938000, 0.1499999999999999900 ) ) ;
#1825 = DIRECTION ( 'NONE',  ( -1.000000000000000000, 0.0000000000000000000, 0.0000000000000000000 ) ) ;
#1826 = DIRECTION ( 'NONE',  ( 0.0000000000000000000, 0.0000000000000000000, 1.000000000000000000 ) ) ;
#1827 = CARTESIAN_POINT ( 'NONE',  ( 8.890000000000000600, 0.5400000000000000400, -2.660000000000000100 ) ) ;
#1828 = FACE_OUTER_BOUND ( 'NONE', #2974, .T. ) ;
#1829 = COLOUR_RGB ( '',0.8549019607843136900, 0.8313725490196077800, 0.6980392156862744700 ) ;
#1830 = FILL_AREA_STYLE_COLOUR ( '', #1829 ) ;
#1831 = FILL_AREA_STYLE ('',( #1830 ) ) ;
#1832 = SURFACE_STYLE_FILL_AREA ( #1831 ) ;
#1833 = SURFACE_SIDE_STYLE ('',( #1832 ) ) ;
#1834 = SURFACE_STYLE_USAGE ( .BOTH. , #1833 ) ;
#1835 = ORIENTED_EDGE ( 'NONE', *, *, #2904, .T. ) ;
#1836 = EDGE_CURVE ( 'NONE', #2718, #2050, #1131, .T. ) ;
#1837 = ADVANCED_FACE ( 'NONE', ( #1137 ), #1138, .F. ) ;
#1838 = PRESENTATION_STYLE_ASSIGNMENT (( #1834 ) ) ;
#1839 = STYLED_ITEM ( 'NONE', ( #1838 ), #2875 ) ;
#1840 = PRESENTATION_LAYER_ASSIGNMENT (  '', '', ( #1839 ) ) ;
#1841 = MECHANICAL_DESIGN_GEOMETRIC_PRESENTATION_REPRESENTATION (  '', ( #1839 ), #1846 ) ;
#1842 =( LENGTH_UNIT ( ) NAMED_UNIT ( * ) SI_UNIT ( .MILLI., .METRE. ) );
#1843 =( NAMED_UNIT ( * ) PLANE_ANGLE_UNIT ( ) SI_UNIT ( $, .RADIAN. ) );
#1844 =( NAMED_UNIT ( * ) SI_UNIT ( $, .STERADIAN. ) SOLID_ANGLE_UNIT ( ) );
#1845 = UNCERTAINTY_MEASURE_WITH_UNIT (LENGTH_MEASURE( 1.000000000000000100E-005 ), #1842, 'distance_accuracy_value', 'NONE');
#1846 =( GEOMETRIC_REPRESENTATION_CONTEXT ( 3 ) GLOBAL_UNCERTAINTY_ASSIGNED_CONTEXT ( ( #1845 ) ) GLOBAL_UNIT_ASSIGNED_CONTEXT ( ( #1842, #1843, #1844 ) ) REPRESENTATION_CONTEXT ( 'NONE', 'WORKASPACE' ) );
#1847 = PLANE ( 'NONE',  #1848 ) ;
#1848 = AXIS2_PLACEMENT_3D ( 'NONE', #1849, #1850, #1851 ) ;
#1849 = CARTESIAN_POINT ( 'NONE',  ( -0.5000000000000000000, 8.099999999999999600, -2.810000000000000100 ) ) ;
#1850 = DIRECTION ( 'NONE',  ( 0.0000000000000000000, 1.000000000000000000, 0.0000000000000000000 ) ) ;
#1851 = DIRECTION ( 'NONE',  ( 0.0000000000000000000, 0.0000000000000000000, 1.000000000000000000 ) ) ;
#1852 = LINE ( 'NONE', #1853, #1856 ) ;
#1853 = CARTESIAN_POINT ( 'NONE',  ( 1.789999989244825100, 0.6400000000000000100, -3.310000000000000100 ) ) ;
#1854 = VERTEX_POINT ( 'NONE', #1144 ) ;
#1855 = EDGE_LOOP ( 'NONE', ( #2826, #2830, #2574, #2612 ) ) ;
#1856 = VECTOR ( 'NONE', #1857, 1000.000000000000000 ) ;
#1857 = DIRECTION ( 'NONE',  ( 1.000000000000000000, 0.0000000000000000000, 0.0000000000000000000 ) ) ;
#1858 = LINE ( 'NONE', #1859, #1860 ) ;
#1859 = CARTESIAN_POINT ( 'NONE',  ( -0.2999999999999999900, -3.160000000000000100, 0.1499999999999999900 ) ) ;
#1860 = VECTOR ( 'NONE', #1861, 1000.000000000000000 ) ;
#1861 = DIRECTION ( 'NONE',  ( 0.0000000000000000000, 0.0000000000000000000, 1.000000000000000000 ) ) ;
#1862 = FACE_OUTER_BOUND ( 'NONE', #2738, .T. ) ;
#1863 = COLOUR_RGB ( '',0.8549019607843136900, 0.8313725490196077800, 0.6980392156862744700 ) ;
#1864 = FILL_AREA_STYLE_COLOUR ( '', #1863 ) ;
#1865 = FILL_AREA_STYLE ('',( #1864 ) ) ;
#1866 = SURFACE_STYLE_FILL_AREA ( #1865 ) ;
#1867 = SURFACE_SIDE_STYLE ('',( #1866 ) ) ;
#1868 = SURFACE_STYLE_USAGE ( .BOTH. , #1867 ) ;
#1869 = PRESENTATION_STYLE_ASSIGNMENT (( #1868 ) ) ;
#1870 = STYLED_ITEM ( 'NONE', ( #1869 ), #2490 ) ;
#1871 = PRESENTATION_LAYER_ASSIGNMENT (  '', '', ( #1870 ) ) ;
#1872 = ADVANCED_FACE ( 'NONE', ( #1153 ), #1154, .T. ) ;
#1873 = MECHANICAL_DESIGN_GEOMETRIC_PRESENTATION_REPRESENTATION (  '', ( #1870 ), #1878 ) ;
#1874 =( LENGTH_UNIT ( ) NAMED_UNIT ( * ) SI_UNIT ( .MILLI., .METRE. ) );
#1875 =( NAMED_UNIT ( * ) PLANE_ANGLE_UNIT ( ) SI_UNIT ( $, .RADIAN. ) );
#1876 =( NAMED_UNIT ( * ) SI_UNIT ( $, .STERADIAN. ) SOLID_ANGLE_UNIT ( ) );
#1877 = UNCERTAINTY_MEASURE_WITH_UNIT (LENGTH_MEASURE( 1.000000000000000100E-005 ), #1874, 'distance_accuracy_value', 'NONE');
#1878 =( GEOMETRIC_REPRESENTATION_CONTEXT ( 3 ) GLOBAL_UNCERTAINTY_ASSIGNED_CONTEXT ( ( #1877 ) ) GLOBAL_UNIT_ASSIGNED_CONTEXT ( ( #1874, #1875, #1876 ) ) REPRESENTATION_CONTEXT ( 'NONE', 'WORKASPACE' ) );
#1879 = CYLINDRICAL_SURFACE ( 'NONE', #1880, 1.149999999999999900 ) ;
#1880 = AXIS2_PLACEMENT_3D ( 'NONE', #1881, #1882, #1883 ) ;
#1881 = CARTESIAN_POINT ( 'NONE',  ( 8.890000000000000600, 0.5400000000000000400, -3.810000000000000100 ) ) ;
#1882 = DIRECTION ( 'NONE',  ( 0.0000000000000000000, 1.000000000000000000, 0.0000000000000000000 ) ) ;
#1883 = DIRECTION ( 'NONE',  ( 0.0000000000000000000, 0.0000000000000000000, 1.000000000000000000 ) ) ;
#1884 = LINE ( 'NONE', #1885, #1886 ) ;
#1885 = CARTESIAN_POINT ( 'NONE',  ( 1.789999989244825100, 0.5400000000000000400, -3.310000000000000100 ) ) ;
#1886 = VECTOR ( 'NONE', #1887, 1000.000000000000000 ) ;
#1887 = DIRECTION ( 'NONE',  ( 0.0000000000000000000, 0.0000000000000000000, -1.000000000000000000 ) ) ;
#1888 = CIRCLE ( 'NONE', #1889, 0.4000000000000001900 ) ;
#1889 = AXIS2_PLACEMENT_3D ( 'NONE', #1890, #1891, #1892 ) ;
#1890 = CARTESIAN_POINT ( 'NONE',  ( 3.040000000000000000, 0.6400000000000000100, -5.610000000000000300 ) ) ;
#1891 = DIRECTION ( 'NONE',  ( 0.0000000000000000000, 1.000000000000000000, 0.0000000000000000000 ) ) ;
#1892 = DIRECTION ( 'NONE',  ( 0.0000000000000000000, 0.0000000000000000000, 1.000000000000000000 ) ) ;
#1893 = LINE ( 'NONE', #1894, #1895 ) ;
#1894 = CARTESIAN_POINT ( 'NONE',  ( -0.2999999999999999900, 0.6400000000000000100, 0.1499999999999999900 ) ) ;
#1895 = VECTOR ( 'NONE', #1896, 1000.000000000000000 ) ;
#1896 = DIRECTION ( 'NONE',  ( 0.0000000000000000000, 0.0000000000000000000, 1.000000000000000000 ) ) ;
#1897 = FACE_OUTER_BOUND ( 'NONE', #222, .T. ) ;
#1898 = PLANE ( 'NONE',  #1899 ) ;
#1899 = AXIS2_PLACEMENT_3D ( 'NONE', #1900, #1901, #1902 ) ;
#1900 = CARTESIAN_POINT ( 'NONE',  ( -0.2999999999999999900, -3.160000000000000100, -0.1499999999999999900 ) ) ;
#1901 = DIRECTION ( 'NONE',  ( 0.0000000000000000000, -1.000000000000000000, 0.0000000000000000000 ) ) ;
#1902 = DIRECTION ( 'NONE',  ( 0.0000000000000000000, 0.0000000000000000000, -1.000000000000000000 ) ) ;
#1903 = CARTESIAN_POINT ( 'NONE',  ( 7.854384241139600300, 0.5400000000000000400, -4.309999999999999600 ) ) ;
#1904 = LINE ( 'NONE', #1905, #1906 ) ;
#1905 = CARTESIAN_POINT ( 'NONE',  ( 17.48000000000000000, -3.160000000000000100, -7.469999999999999800 ) ) ;
#1906 = VECTOR ( 'NONE', #1907, 1000.000000000000000 ) ;
#1907 = DIRECTION ( 'NONE',  ( 1.000000000000000000, 0.0000000000000000000, 0.0000000000000000000 ) ) ;
#1908 = FACE_BOUND ( 'NONE', #2874, .T. ) ;
#1909 = FACE_OUTER_BOUND ( 'NONE', #149, .T. ) ;
#1910 = COLOUR_RGB ( '',0.8549019607843136900, 0.8313725490196077800, 0.6980392156862744700 ) ;
#1911 = FILL_AREA_STYLE_COLOUR ( '', #1910 ) ;
#1912 = FILL_AREA_STYLE ('',( #1911 ) ) ;
#1913 = SURFACE_STYLE_FILL_AREA ( #1912 ) ;
#1914 = SURFACE_SIDE_STYLE ('',( #1913 ) ) ;
#1915 = SURFACE_STYLE_USAGE ( .BOTH. , #1914 ) ;
#1916 = PRESENTATION_STYLE_ASSIGNMENT (( #1915 ) ) ;
#1917 = STYLED_ITEM ( 'NONE', ( #1916 ), #2882 ) ;
#1918 = PRESENTATION_LAYER_ASSIGNMENT (  '', '', ( #1917 ) ) ;
#1919 = MECHANICAL_DESIGN_GEOMETRIC_PRESENTATION_REPRESENTATION (  '', ( #1917 ), #1925 ) ;
#1920 =( LENGTH_UNIT ( ) NAMED_UNIT ( * ) SI_UNIT ( .MILLI., .METRE. ) );
#1921 = VERTEX_POINT ( 'NONE', #1183 ) ;
#1922 =( NAMED_UNIT ( * ) PLANE_ANGLE_UNIT ( ) SI_UNIT ( $, .RADIAN. ) );
#1923 =( NAMED_UNIT ( * ) SI_UNIT ( $, .STERADIAN. ) SOLID_ANGLE_UNIT ( ) );
#1924 = UNCERTAINTY_MEASURE_WITH_UNIT (LENGTH_MEASURE( 1.000000000000000100E-005 ), #1920, 'distance_accuracy_value', 'NONE');
#1925 =( GEOMETRIC_REPRESENTATION_CONTEXT ( 3 ) GLOBAL_UNCERTAINTY_ASSIGNED_CONTEXT ( ( #1924 ) ) GLOBAL_UNIT_ASSIGNED_CONTEXT ( ( #1920, #1922, #1923 ) ) REPRESENTATION_CONTEXT ( 'NONE', 'WORKASPACE' ) );
#1926 = PLANE ( 'NONE',  #1927 ) ;
#1927 = AXIS2_PLACEMENT_3D ( 'NONE', #1928, #1929, #1930 ) ;
#1928 = CARTESIAN_POINT ( 'NONE',  ( -1.210000000000000000, 8.400000000000000400, 1.240000000000000000 ) ) ;
#1929 = DIRECTION ( 'NONE',  ( 0.0000000000000000000, 1.000000000000000000, 0.0000000000000000000 ) ) ;
#1930 = DIRECTION ( 'NONE',  ( 0.0000000000000000000, 0.0000000000000000000, 1.000000000000000000 ) ) ;
#1931 = LINE ( 'NONE', #1932, #1933 ) ;
#1932 = CARTESIAN_POINT ( 'NONE',  ( 18.07999999999999800, -3.160000000000000100, -7.769999999999999600 ) ) ;
#1933 = VECTOR ( 'NONE', #1934, 1000.000000000000000 ) ;
#1934 = DIRECTION ( 'NONE',  ( 0.0000000000000000000, 0.0000000000000000000, -1.000000000000000000 ) ) ;
#1935 = LINE ( 'NONE', #1936, #1937 ) ;
#1936 = CARTESIAN_POINT ( 'NONE',  ( -0.2999999999999999900, -3.160000000000000100, -7.469999999999999800 ) ) ;
#1937 = VECTOR ( 'NONE', #1940, 1000.000000000000000 ) ;
#1938 = ORIENTED_EDGE ( 'NONE', *, *, #2088, .T. ) ;
#1939 = ORIENTED_EDGE ( 'NONE', *, *, #2033, .F. ) ;
#1940 = DIRECTION ( 'NONE',  ( 1.000000000000000000, 0.0000000000000000000, 0.0000000000000000000 ) ) ;
#1941 = LINE ( 'NONE', #1942, #1943 ) ;
#1942 = CARTESIAN_POINT ( 'NONE',  ( 7.320000000000000300, -3.160000000000000100, 0.1499999999999999900 ) ) ;
#1943 = VECTOR ( 'NONE', #1944, 1000.000000000000000 ) ;
#1944 = DIRECTION ( 'NONE',  ( -2.891205793294655400E-015, 0.0000000000000000000, 1.000000000000000000 ) ) ;
#1945 = CARTESIAN_POINT ( 'NONE',  ( 13.00000000000000000, 0.6400000000000000100, 0.1499999999999999900 ) ) ;
#1946 = LINE ( 'NONE', #1947, #1948 ) ;
#1947 = CARTESIAN_POINT ( 'NONE',  ( 9.925615758860400800, 0.5400000000000000400, -3.310000000000000100 ) ) ;
#1948 = VECTOR ( 'NONE', #1949, 1000.000000000000000 ) ;
#1949 = DIRECTION ( 'NONE',  ( -1.000000000000000000, 0.0000000000000000000, 0.0000000000000000000 ) ) ;
#1950 = LINE ( 'NONE', #1951, #1952 ) ;
#1951 = CARTESIAN_POINT ( 'NONE',  ( -1.210000000000000000, 8.400000000000000400, -8.859999999999999400 ) ) ;
#1952 = VECTOR ( 'NONE', #1953, 1000.000000000000000 ) ;
#1953 = DIRECTION ( 'NONE',  ( 0.0000000000000000000, 0.0000000000000000000, 1.000000000000000000 ) ) ;
#1954 = CARTESIAN_POINT ( 'NONE',  ( 1.789999989244825100, 0.5400000000000000400, -4.309999999999999600 ) ) ;
#1955 = FACE_OUTER_BOUND ( 'NONE', #2746, .T. ) ;
#1956 = EDGE_LOOP ( 'NONE', ( #14, #79 ) ) ;
#1957 = ORIENTED_EDGE ( 'NONE', *, *, #224, .T. ) ;
#1958 = VERTEX_POINT ( 'NONE', #1189 ) ;
#1959 = ORIENTED_EDGE ( 'NONE', *, *, #1799, .T. ) ;
#1960 = ADVANCED_FACE ( 'NONE', ( #1190 ), #1207, .T. ) ;
#1961 = COLOUR_RGB ( '',0.8549019607843136900, 0.8313725490196077800, 0.6980392156862744700 ) ;
#1962 = FILL_AREA_STYLE_COLOUR ( '', #1961 ) ;
#1963 = FILL_AREA_STYLE ('',( #1962 ) ) ;
#1964 = SURFACE_STYLE_FILL_AREA ( #1963 ) ;
#1965 = SURFACE_SIDE_STYLE ('',( #1964 ) ) ;
#1966 = SURFACE_STYLE_USAGE ( .BOTH. , #1965 ) ;
#1967 = PRESENTATION_STYLE_ASSIGNMENT (( #1966 ) ) ;
#1968 = STYLED_ITEM ( 'NONE', ( #1967 ), #2498 ) ;
#1969 = PRESENTATION_LAYER_ASSIGNMENT (  '', '', ( #1968 ) ) ;
#1970 = MECHANICAL_DESIGN_GEOMETRIC_PRESENTATION_REPRESENTATION (  '', ( #1968 ), #1975 ) ;
#1971 =( LENGTH_UNIT ( ) NAMED_UNIT ( * ) SI_UNIT ( .MILLI., .METRE. ) );
#1972 =( NAMED_UNIT ( * ) PLANE_ANGLE_UNIT ( ) SI_UNIT ( $, .RADIAN. ) );
#1973 =( NAMED_UNIT ( * ) SI_UNIT ( $, .STERADIAN. ) SOLID_ANGLE_UNIT ( ) );
#1974 = UNCERTAINTY_MEASURE_WITH_UNIT (LENGTH_MEASURE( 1.000000000000000100E-005 ), #1971, 'distance_accuracy_value', 'NONE');
#1975 =( GEOMETRIC_REPRESENTATION_CONTEXT ( 3 ) GLOBAL_UNCERTAINTY_ASSIGNED_CONTEXT ( ( #1974 ) ) GLOBAL_UNIT_ASSIGNED_CONTEXT ( ( #1971, #1972, #1973 ) ) REPRESENTATION_CONTEXT ( 'NONE', 'WORKASPACE' ) );
#1976 = PLANE ( 'NONE',  #1978 ) ;
#1977 = ORIENTED_EDGE ( 'NONE', *, *, #145, .F. ) ;
#1978 = AXIS2_PLACEMENT_3D ( 'NONE', #1979, #1980, #1981 ) ;
#1979 = CARTESIAN_POINT ( 'NONE',  ( 15.24000000000000000, 2.000000000000000000, 0.9399999999999999500 ) ) ;
#1980 = DIRECTION ( 'NONE',  ( 0.0000000000000000000, 0.0000000000000000000, 1.000000000000000000 ) ) ;
#1981 = DIRECTION ( 'NONE',  ( 1.000000000000000000, 0.0000000000000000000, 0.0000000000000000000 ) ) ;
#1982 = FACE_OUTER_BOUND ( 'NONE', #2, .T. ) ;
#1983 = PLANE ( 'NONE',  #1984 ) ;
#1984 = AXIS2_PLACEMENT_3D ( 'NONE', #1985, #1986, #1987 ) ;
#1985 = CARTESIAN_POINT ( 'NONE',  ( -0.2999999999999999900, -3.160000000000000100, -0.1499999999999999900 ) ) ;
#1986 = DIRECTION ( 'NONE',  ( 0.0000000000000000000, -1.000000000000000000, 0.0000000000000000000 ) ) ;
#1987 = DIRECTION ( 'NONE',  ( 0.0000000000000000000, 0.0000000000000000000, -1.000000000000000000 ) ) ;
#1988 = LINE ( 'NONE', #1989, #1990 ) ;
#1989 = CARTESIAN_POINT ( 'NONE',  ( 15.99000001075520300, 0.5400000000000000400, -3.310000000000000100 ) ) ;
#1990 = VECTOR ( 'NONE', #1991, 1000.000000000000000 ) ;
#1991 = DIRECTION ( 'NONE',  ( 0.0000000000000000000, 1.000000000000000000, 0.0000000000000000000 ) ) ;
#1992 = CARTESIAN_POINT ( 'NONE',  ( 7.919999999999999900, -3.160000000000000100, 0.1499999999999999900 ) ) ;
#1993 = LINE ( 'NONE', #1995, #1996 ) ;
#1994 = ORIENTED_EDGE ( 'NONE', *, *, #2802, .F. ) ;
#1995 = CARTESIAN_POINT ( 'NONE',  ( -0.2999999999999999900, 0.6400000000000000100, -7.469999999999999800 ) ) ;
#1996 = VECTOR ( 'NONE', #1997, 1000.000000000000000 ) ;
#1997 = DIRECTION ( 'NONE',  ( 1.000000000000000000, 0.0000000000000000000, 0.0000000000000000000 ) ) ;
#1998 = LINE ( 'NONE', #1999, #2000 ) ;
#1999 = CARTESIAN_POINT ( 'NONE',  ( -1.210000000000000000, 8.400000000000000400, 1.240000000000000000 ) ) ;
#2000 = VECTOR ( 'NONE', #2001, 1000.000000000000000 ) ;
#2001 = DIRECTION ( 'NONE',  ( 1.000000000000000000, 0.0000000000000000000, 0.0000000000000000000 ) ) ;
#2002 = LINE ( 'NONE', #2003, #2004 ) ;
#2003 = CARTESIAN_POINT ( 'NONE',  ( -1.210000000000000000, 0.6400000000000000100, -8.560000000000000500 ) ) ;
#2004 = VECTOR ( 'NONE', #2005, 1000.000000000000000 ) ;
#2005 = DIRECTION ( 'NONE',  ( -1.000000000000000000, 0.0000000000000000000, 0.0000000000000000000 ) ) ;
#2006 = FACE_OUTER_BOUND ( 'NONE', #2732, .T. ) ;
#2007 = COLOUR_RGB ( '',0.8549019607843136900, 0.8313725490196077800, 0.6980392156862744700 ) ;
#2008 = FILL_AREA_STYLE_COLOUR ( '', #2007 ) ;
#2009 = FILL_AREA_STYLE ('',( #2008 ) ) ;
#2010 = SURFACE_STYLE_FILL_AREA ( #2009 ) ;
#2011 = VERTEX_POINT ( 'NONE', #1245 ) ;
#2012 = VERTEX_POINT ( 'NONE', #1246 ) ;
#2013 = ORIENTED_EDGE ( 'NONE', *, *, #2142, .F. ) ;
#2014 = EDGE_CURVE ( 'NONE', #2506, #2546, #1266, .T. ) ;
#2015 = SURFACE_SIDE_STYLE ('',( #2010 ) ) ;
#2016 = SURFACE_STYLE_USAGE ( .BOTH. , #2015 ) ;
#2017 = PRESENTATION_STYLE_ASSIGNMENT (( #2016 ) ) ;
#2018 = STYLED_ITEM ( 'NONE', ( #2017 ), #2504 ) ;
#2019 = PRESENTATION_LAYER_ASSIGNMENT (  '', '', ( #2018 ) ) ;
#2020 = MECHANICAL_DESIGN_GEOMETRIC_PRESENTATION_REPRESENTATION (  '', ( #2018 ), #2025 ) ;
#2021 =( LENGTH_UNIT ( ) NAMED_UNIT ( * ) SI_UNIT ( .MILLI., .METRE. ) );
#2022 =( NAMED_UNIT ( * ) PLANE_ANGLE_UNIT ( ) SI_UNIT ( $, .RADIAN. ) );
#2023 =( NAMED_UNIT ( * ) SI_UNIT ( $, .STERADIAN. ) SOLID_ANGLE_UNIT ( ) );
#2024 = UNCERTAINTY_MEASURE_WITH_UNIT (LENGTH_MEASURE( 1.000000000000000100E-005 ), #2021, 'distance_accuracy_value', 'NONE');
#2025 =( GEOMETRIC_REPRESENTATION_CONTEXT ( 3 ) GLOBAL_UNCERTAINTY_ASSIGNED_CONTEXT ( ( #2024 ) ) GLOBAL_UNIT_ASSIGNED_CONTEXT ( ( #2021, #2022, #2023 ) ) REPRESENTATION_CONTEXT ( 'NONE', 'WORKASPACE' ) );
#2026 = PLANE ( 'NONE',  #2027 ) ;
#2027 = AXIS2_PLACEMENT_3D ( 'NONE', #2028, #2029, #2030 ) ;
#2028 = CARTESIAN_POINT ( 'NONE',  ( -1.210000000000000000, 8.400000000000000400, 1.240000000000000000 ) ) ;
#2029 = DIRECTION ( 'NONE',  ( 0.0000000000000000000, 0.0000000000000000000, -1.000000000000000000 ) ) ;
#2030 = DIRECTION ( 'NONE',  ( -1.000000000000000000, 0.0000000000000000000, 0.0000000000000000000 ) ) ;
#2031 = ORIENTED_EDGE ( 'NONE', *, *, #2105, .F. ) ;
#2032 = VERTEX_POINT ( 'NONE', #1276 ) ;
#2033 = EDGE_CURVE ( 'NONE', #120, #2600, #1278, .T. ) ;
#2034 = LINE ( 'NONE', #2035, #2036 ) ;
#2035 = CARTESIAN_POINT ( 'NONE',  ( 14.74000000000000000, 0.3400000000000000200, -1.610000000000000100 ) ) ;
#2036 = VECTOR ( 'NONE', #2037, 1000.000000000000000 ) ;
#2037 = DIRECTION ( 'NONE',  ( 0.0000000000000000000, 1.000000000000000000, 0.0000000000000000000 ) ) ;
#2038 = CARTESIAN_POINT ( 'NONE',  ( 1.789999989244825100, 0.5400000000000000400, -3.310000000000000100 ) ) ;
#2039 = LINE ( 'NONE', #2040, #2041 ) ;
#2040 = CARTESIAN_POINT ( 'NONE',  ( 7.320000000000000300, 1.310820393249938000, -7.469999999999999800 ) ) ;
#2041 = VECTOR ( 'NONE', #2042, 1000.000000000000000 ) ;
#2042 = DIRECTION ( 'NONE',  ( 0.0000000000000000000, -1.000000000000000000, 0.0000000000000000000 ) ) ;
#2043 = LINE ( 'NONE', #2044, #2045 ) ;
#2044 = CARTESIAN_POINT ( 'NONE',  ( -0.2999999999999999900, 1.310820393249936000, 0.1499999999999999900 ) ) ;
#2045 = VECTOR ( 'NONE', #2046, 1000.000000000000000 ) ;
#2046 = DIRECTION ( 'NONE',  ( 0.0000000000000000000, -1.000000000000000000, 0.0000000000000000000 ) ) ;
#2047 = CARTESIAN_POINT ( 'NONE',  ( 3.040000000000000000, 0.3400000000000000200, -2.410000000000000100 ) ) ;
#2048 = FACE_OUTER_BOUND ( 'NONE', #1636, .T. ) ;
#2049 = PLANE ( 'NONE',  #2053 ) ;
#2050 = VERTEX_POINT ( 'NONE', #1282 ) ;
#2051 = ORIENTED_EDGE ( 'NONE', *, *, #983, .F. ) ;
#2052 = EDGE_CURVE ( 'NONE', #4, #2939, #1283, .T. ) ;
#2053 = AXIS2_PLACEMENT_3D ( 'NONE', #2054, #2055, #2056 ) ;
#2054 = CARTESIAN_POINT ( 'NONE',  ( 0.2999999999999999900, 1.310820393249936000, -7.469999999999999800 ) ) ;
#2055 = DIRECTION ( 'NONE',  ( -1.000000000000000000, 0.0000000000000000000, 0.0000000000000000000 ) ) ;
#2056 = DIRECTION ( 'NONE',  ( 0.0000000000000000000, 0.0000000000000000000, 1.000000000000000000 ) ) ;
#2057 = CARTESIAN_POINT ( 'NONE',  ( 7.919999999999999900, -3.160000000000000100, -7.769999999999999600 ) ) ;
#2058 = CIRCLE ( 'NONE', #2059, 0.4000000000000001900 ) ;
#2059 = AXIS2_PLACEMENT_3D ( 'NONE', #2060, #2061, #2062 ) ;
#2060 = CARTESIAN_POINT ( 'NONE',  ( 14.74000000000000000, 0.6400000000000000100, -5.610000000000000300 ) ) ;
#2061 = DIRECTION ( 'NONE',  ( 0.0000000000000000000, 1.000000000000000000, 0.0000000000000000000 ) ) ;
#2062 = DIRECTION ( 'NONE',  ( 0.0000000000000000000, 0.0000000000000000000, 1.000000000000000000 ) ) ;
#2063 = CARTESIAN_POINT ( 'NONE',  ( 7.919999999999999900, 0.6400000000000000100, -7.769999999999999600 ) ) ;
#2064 = LINE ( 'NONE', #2065, #2066 ) ;
#2065 = CARTESIAN_POINT ( 'NONE',  ( 7.919999999999999900, 0.6400000000000000100, -7.769999999999999600 ) ) ;
#2066 = VECTOR ( 'NONE', #2067, 1000.000000000000000 ) ;
#2067 = DIRECTION ( 'NONE',  ( 0.0000000000000000000, 0.0000000000000000000, -1.000000000000000000 ) ) ;
#2068 = CARTESIAN_POINT ( 'NONE',  ( 0.2999999999999999900, 0.6400000000000000100, -0.1499999999999999900 ) ) ;
#2069 = EDGE_LOOP ( 'NONE', ( #766, #2589, #104, #2744 ) ) ;
#2070 = EDGE_CURVE ( 'NONE', #2846, #110, #1295, .T. ) ;
#2071 = VERTEX_POINT ( 'NONE', #1300 ) ;
#2072 = CARTESIAN_POINT ( 'NONE',  ( 7.854384241139600300, 0.5400000000000000400, -3.310000000000000100 ) ) ;
#2073 = FACE_OUTER_BOUND ( 'NONE', #2553, .T. ) ;
#2074 = COLOUR_RGB ( '',0.8549019607843136900, 0.8313725490196077800, 0.6980392156862744700 ) ;
#2075 = FILL_AREA_STYLE_COLOUR ( '', #2074 ) ;
#2076 = FILL_AREA_STYLE ('',( #2075 ) ) ;
#2077 = SURFACE_STYLE_FILL_AREA ( #2076 ) ;
#2078 = SURFACE_SIDE_STYLE ('',( #2077 ) ) ;
#2079 = SURFACE_STYLE_USAGE ( .BOTH. , #2078 ) ;
#2080 = PRESENTATION_STYLE_ASSIGNMENT (( #2079 ) ) ;
#2081 = STYLED_ITEM ( 'NONE', ( #2080 ), #556 ) ;
#2082 = PRESENTATION_LAYER_ASSIGNMENT (  '', '', ( #2081 ) ) ;
#2083 = MECHANICAL_DESIGN_GEOMETRIC_PRESENTATION_REPRESENTATION (  '', ( #2081 ), #2089 ) ;
#2084 =( LENGTH_UNIT ( ) NAMED_UNIT ( * ) SI_UNIT ( .MILLI., .METRE. ) );
#2085 =( NAMED_UNIT ( * ) PLANE_ANGLE_UNIT ( ) SI_UNIT ( $, .RADIAN. ) );
#2086 =( NAMED_UNIT ( * ) SI_UNIT ( $, .STERADIAN. ) SOLID_ANGLE_UNIT ( ) );
#2087 = UNCERTAINTY_MEASURE_WITH_UNIT (LENGTH_MEASURE( 1.000000000000000100E-005 ), #2084, 'distance_accuracy_value', 'NONE');
#2088 = EDGE_CURVE ( 'NONE', #2650, #2955, #1307, .T. ) ;
#2089 =( GEOMETRIC_REPRESENTATION_CONTEXT ( 3 ) GLOBAL_UNCERTAINTY_ASSIGNED_CONTEXT ( ( #2087 ) ) GLOBAL_UNIT_ASSIGNED_CONTEXT ( ( #2084, #2085, #2086 ) ) REPRESENTATION_CONTEXT ( 'NONE', 'WORKASPACE' ) );
#2090 = PLANE ( 'NONE',  #2091 ) ;
#2091 = AXIS2_PLACEMENT_3D ( 'NONE', #2092, #2093, #2094 ) ;
#2092 = CARTESIAN_POINT ( 'NONE',  ( -1.210000000000000000, 8.400000000000000400, -8.859999999999999400 ) ) ;
#2093 = DIRECTION ( 'NONE',  ( 1.000000000000000000, 0.0000000000000000000, 0.0000000000000000000 ) ) ;
#2094 = DIRECTION ( 'NONE',  ( 0.0000000000000000000, 0.0000000000000000000, -1.000000000000000000 ) ) ;
#2095 = FACE_OUTER_BOUND ( 'NONE', #1032, .T. ) ;
#2096 = COLOUR_RGB ( '',0.8549019607843136900, 0.8313725490196077800, 0.6980392156862744700 ) ;
#2097 = FILL_AREA_STYLE_COLOUR ( '', #2096 ) ;
#2098 = FILL_AREA_STYLE ('',( #2097 ) ) ;
#2099 = SURFACE_STYLE_FILL_AREA ( #2098 ) ;
#2100 = SURFACE_SIDE_STYLE ('',( #2099 ) ) ;
#2101 = SURFACE_STYLE_USAGE ( .BOTH. , #2100 ) ;
#2102 = PRESENTATION_STYLE_ASSIGNMENT (( #2101 ) ) ;
#2103 = STYLED_ITEM ( 'NONE', ( #2102 ), #573 ) ;
#2104 = PRESENTATION_LAYER_ASSIGNMENT (  '', '', ( #2103 ) ) ;
#2105 = EDGE_CURVE ( 'NONE', #2212, #2561, #1316, .T. ) ;
#2106 = MECHANICAL_DESIGN_GEOMETRIC_PRESENTATION_REPRESENTATION (  '', ( #2103 ), #2111 ) ;
#2107 =( LENGTH_UNIT ( ) NAMED_UNIT ( * ) SI_UNIT ( .MILLI., .METRE. ) );
#2108 =( NAMED_UNIT ( * ) PLANE_ANGLE_UNIT ( ) SI_UNIT ( $, .RADIAN. ) );
#2109 =( NAMED_UNIT ( * ) SI_UNIT ( $, .STERADIAN. ) SOLID_ANGLE_UNIT ( ) );
#2110 = UNCERTAINTY_MEASURE_WITH_UNIT (LENGTH_MEASURE( 1.000000000000000100E-005 ), #2107, 'distance_accuracy_value', 'NONE');
#2111 =( GEOMETRIC_REPRESENTATION_CONTEXT ( 3 ) GLOBAL_UNCERTAINTY_ASSIGNED_CONTEXT ( ( #2110 ) ) GLOBAL_UNIT_ASSIGNED_CONTEXT ( ( #2107, #2108, #2109 ) ) REPRESENTATION_CONTEXT ( 'NONE', 'WORKASPACE' ) );
#2112 = PLANE ( 'NONE',  #2113 ) ;
#2113 = AXIS2_PLACEMENT_3D ( 'NONE', #2114, #2115, #2116 ) ;
#2114 = CARTESIAN_POINT ( 'NONE',  ( 8.890000000000000600, 0.5400000000000000400, -3.810000000000000100 ) ) ;
#2115 = DIRECTION ( 'NONE',  ( 0.0000000000000000000, -1.000000000000000000, 0.0000000000000000000 ) ) ;
#2116 = DIRECTION ( 'NONE',  ( 0.0000000000000000000, 0.0000000000000000000, -1.000000000000000000 ) ) ;
#2117 = CARTESIAN_POINT ( 'NONE',  ( 17.48000000000000000, 0.6400000000000000100, -0.1500000000000044900 ) ) ;
#2118 = CARTESIAN_POINT ( 'NONE',  ( 9.925615758860400800, 0.5400000000000000400, -3.310000000000000100 ) ) ;
#2119 = LINE ( 'NONE', #2120, #2121 ) ;
#2120 = CARTESIAN_POINT ( 'NONE',  ( 14.74000000000000000, 0.3400000000000000200, -6.010000000000000700 ) ) ;
#2121 = VECTOR ( 'NONE', #2126, 1000.000000000000000 ) ;
#2122 = ORIENTED_EDGE ( 'NONE', *, *, #2822, .T. ) ;
#2123 = EDGE_LOOP ( 'NONE', ( #2523, #2658, #2703, #2641 ) ) ;
#2124 = EDGE_CURVE ( 'NONE', #40, #4, #1327, .T. ) ;
#2125 = EDGE_CURVE ( 'NONE', #359, #2819, #1334, .T. ) ;
#2126 = DIRECTION ( 'NONE',  ( 0.0000000000000000000, 1.000000000000000000, 0.0000000000000000000 ) ) ;
#2127 = FACE_OUTER_BOUND ( 'NONE', #2594, .T. ) ;
#2128 = PLANE ( 'NONE',  #2129 ) ;
#2129 = AXIS2_PLACEMENT_3D ( 'NONE', #2130, #2131, #2132 ) ;
#2130 = CARTESIAN_POINT ( 'NONE',  ( 12.40000000000000000, 1.310820393249938000, -7.769999999999999600 ) ) ;
#2131 = DIRECTION ( 'NONE',  ( 0.0000000000000000000, 0.0000000000000000000, 1.000000000000000000 ) ) ;
#2132 = DIRECTION ( 'NONE',  ( 1.000000000000000000, 0.0000000000000000000, 0.0000000000000000000 ) ) ;
#2133 = FACE_OUTER_BOUND ( 'NONE', #2795, .T. ) ;
#2134 = COLOUR_RGB ( '',0.8549019607843136900, 0.8313725490196077800, 0.6980392156862744700 ) ;
#2135 = FILL_AREA_STYLE_COLOUR ( '', #2134 ) ;
#2136 = FILL_AREA_STYLE ('',( #2135 ) ) ;
#2137 = SURFACE_STYLE_FILL_AREA ( #2136 ) ;
#2138 = SURFACE_SIDE_STYLE ('',( #2137 ) ) ;
#2139 = SURFACE_STYLE_USAGE ( .BOTH. , #2138 ) ;
#2140 = PRESENTATION_STYLE_ASSIGNMENT (( #2139 ) ) ;
#2141 = STYLED_ITEM ( 'NONE', ( #2140 ), #2720 ) ;
#2142 = EDGE_CURVE ( 'NONE', #2770, #2032, #1339, .T. ) ;
#2143 = ORIENTED_EDGE ( 'NONE', *, *, #140, .F. ) ;
#2144 = ORIENTED_EDGE ( 'NONE', *, *, #141, .T. ) ;
#2145 = PRESENTATION_LAYER_ASSIGNMENT (  '', '', ( #2141 ) ) ;
#2146 = MECHANICAL_DESIGN_GEOMETRIC_PRESENTATION_REPRESENTATION (  '', ( #2141 ), #2151 ) ;
#2147 =( LENGTH_UNIT ( ) NAMED_UNIT ( * ) SI_UNIT ( .MILLI., .METRE. ) );
#2148 =( NAMED_UNIT ( * ) PLANE_ANGLE_UNIT ( ) SI_UNIT ( $, .RADIAN. ) );
#2149 =( NAMED_UNIT ( * ) SI_UNIT ( $, .STERADIAN. ) SOLID_ANGLE_UNIT ( ) );
#2150 = UNCERTAINTY_MEASURE_WITH_UNIT (LENGTH_MEASURE( 1.000000000000000100E-005 ), #2147, 'distance_accuracy_value', 'NONE');
#2151 =( GEOMETRIC_REPRESENTATION_CONTEXT ( 3 ) GLOBAL_UNCERTAINTY_ASSIGNED_CONTEXT ( ( #2150 ) ) GLOBAL_UNIT_ASSIGNED_CONTEXT ( ( #2147, #2148, #2149 ) ) REPRESENTATION_CONTEXT ( 'NONE', 'WORKASPACE' ) );
#2152 = CYLINDRICAL_SURFACE ( 'NONE', #2153, 1.999999999999998200 ) ;
#2153 = AXIS2_PLACEMENT_3D ( 'NONE', #2154, #2155, #2156 ) ;
#2154 = CARTESIAN_POINT ( 'NONE',  ( 15.24000000000000000, 2.000000000000000000, 0.9399999999999999500 ) ) ;
#2155 = DIRECTION ( 'NONE',  ( 0.0000000000000000000, 0.0000000000000000000, 1.000000000000000000 ) ) ;
#2156 = DIRECTION ( 'NONE',  ( 1.000000000000000000, 0.0000000000000000000, 0.0000000000000000000 ) ) ;
#2157 = FACE_OUTER_BOUND ( 'NONE', #929, .T. ) ;
#2158 = PLANE ( 'NONE',  #2159 ) ;
#2159 = AXIS2_PLACEMENT_3D ( 'NONE', #2160, #2161, #2162 ) ;
#2160 = CARTESIAN_POINT ( 'NONE',  ( 7.320000000000000300, 1.310820393249938000, 0.1499999999999999900 ) ) ;
#2161 = DIRECTION ( 'NONE',  ( 0.0000000000000000000, 0.0000000000000000000, -1.000000000000000000 ) ) ;
#2162 = DIRECTION ( 'NONE',  ( -1.000000000000000000, 0.0000000000000000000, 0.0000000000000000000 ) ) ;
#2163 = FACE_OUTER_BOUND ( 'NONE', #2513, .T. ) ;
#2164 = PLANE ( 'NONE',  #2165 ) ;
#2165 = AXIS2_PLACEMENT_3D ( 'NONE', #2166, #2167, #2168 ) ;
#2166 = CARTESIAN_POINT ( 'NONE',  ( 7.320000000000000300, 1.310820393249938000, -7.769999999999999600 ) ) ;
#2167 = DIRECTION ( 'NONE',  ( 1.000000000000000000, 0.0000000000000000000, 0.0000000000000000000 ) ) ;
#2168 = DIRECTION ( 'NONE',  ( 0.0000000000000000000, 0.0000000000000000000, -1.000000000000000000 ) ) ;
#2169 = CARTESIAN_POINT ( 'NONE',  ( 18.98999999999999800, 0.6400000000000000100, -8.859999999999999400 ) ) ;
#2170 = FACE_OUTER_BOUND ( 'NONE', #2983, .T. ) ;
#2171 = PLANE ( 'NONE',  #2172 ) ;
#2172 = AXIS2_PLACEMENT_3D ( 'NONE', #2173, #2174, #2175 ) ;
#2173 = CARTESIAN_POINT ( 'NONE',  ( 18.07999999999999800, 1.310820393249938000, -7.769999999999999600 ) ) ;
#2174 = DIRECTION ( 'NONE',  ( -1.000000000000000000, 0.0000000000000000000, 0.0000000000000000000 ) ) ;
#2175 = DIRECTION ( 'NONE',  ( 0.0000000000000000000, 0.0000000000000000000, 1.000000000000000000 ) ) ;
#2176 = LINE ( 'NONE', #2180, #2181 ) ;
#2177 = VERTEX_POINT ( 'NONE', #1351 ) ;
#2178 = EDGE_LOOP ( 'NONE', ( #2580, #2840, #2704, #2583 ) ) ;
#2179 = MANIFOLD_SOLID_BREP ( 'NONE', #2947 ) ;
#2180 = CARTESIAN_POINT ( 'NONE',  ( 12.40000000000000000, 1.310820393249938000, -0.1500000000000034900 ) ) ;
#2181 = VECTOR ( 'NONE', #2182, 1000.000000000000000 ) ;
#2182 = DIRECTION ( 'NONE',  ( 0.0000000000000000000, -1.000000000000000000, 0.0000000000000000000 ) ) ;
#2183 = FACE_OUTER_BOUND ( 'NONE', #2758, .T. ) ;
#2184 = PLANE ( 'NONE',  #2185 ) ;
#2185 = AXIS2_PLACEMENT_3D ( 'NONE', #2186, #2187, #2188 ) ;
#2186 = CARTESIAN_POINT ( 'NONE',  ( 7.320000000000000300, 1.310820393249938000, -7.769999999999999600 ) ) ;
#2187 = DIRECTION ( 'NONE',  ( 0.0000000000000000000, 0.0000000000000000000, 1.000000000000000000 ) ) ;
#2188 = DIRECTION ( 'NONE',  ( 1.000000000000000000, 0.0000000000000000000, 0.0000000000000000000 ) ) ;
#2189 = LINE ( 'NONE', #2190, #2191 ) ;
#2190 = CARTESIAN_POINT ( 'NONE',  ( -0.5000000000000000000, 8.099999999999999600, -2.810000000000000100 ) ) ;
#2191 = VECTOR ( 'NONE', #2192, 1000.000000000000000 ) ;
#2192 = DIRECTION ( 'NONE',  ( 1.000000000000000000, 0.0000000000000000000, 0.0000000000000000000 ) ) ;
#2193 = FACE_OUTER_BOUND ( 'NONE', #2731, .T. ) ;
#2194 = PLANE ( 'NONE',  #2195 ) ;
#2195 = AXIS2_PLACEMENT_3D ( 'NONE', #2196, #2197, #2198 ) ;
#2196 = CARTESIAN_POINT ( 'NONE',  ( 12.40000000000000000, 1.310820393249938000, -7.469999999999999800 ) ) ;
#2197 = DIRECTION ( 'NONE',  ( 0.0000000000000000000, 0.0000000000000000000, -1.000000000000000000 ) ) ;
#2198 = DIRECTION ( 'NONE',  ( -1.000000000000000000, 0.0000000000000000000, 0.0000000000000000000 ) ) ;
#2199 = LINE ( 'NONE', #2200, #2201 ) ;
#2200 = CARTESIAN_POINT ( 'NONE',  ( 0.2999999999999999900, 1.310820393249936000, -0.1499999999999999900 ) ) ;
#2201 = VECTOR ( 'NONE', #2202, 1000.000000000000000 ) ;
#2202 = DIRECTION ( 'NONE',  ( 0.0000000000000000000, -1.000000000000000000, 0.0000000000000000000 ) ) ;
#2203 = FACE_OUTER_BOUND ( 'NONE', #2567, .T. ) ;
#2204 = PLANE ( 'NONE',  #2205 ) ;
#2205 = AXIS2_PLACEMENT_3D ( 'NONE', #2206, #2207, #2208 ) ;
#2206 = CARTESIAN_POINT ( 'NONE',  ( -0.2999999999999999900, -3.160000000000000100, -0.1499999999999999900 ) ) ;
#2207 = DIRECTION ( 'NONE',  ( 0.0000000000000000000, -1.000000000000000000, 0.0000000000000000000 ) ) ;
#2208 = DIRECTION ( 'NONE',  ( 0.0000000000000000000, 0.0000000000000000000, -1.000000000000000000 ) ) ;
#2209 = LINE ( 'NONE', #2210, #2211 ) ;
#2210 = CARTESIAN_POINT ( 'NONE',  ( -1.210000000000000000, 0.6400000000000000100, -8.560000000000000500 ) ) ;
#2211 = VECTOR ( 'NONE', #2213, 1000.000000000000000 ) ;
#2212 = VERTEX_POINT ( 'NONE', #1372 ) ;
#2213 = DIRECTION ( 'NONE',  ( -1.000000000000000000, 0.0000000000000000000, 0.0000000000000000000 ) ) ;
#2214 = LINE ( 'NONE', #2215, #2216 ) ;
#2215 = CARTESIAN_POINT ( 'NONE',  ( 18.07999999999999800, 0.6400000000000000100, 0.1499999999999999900 ) ) ;
#2216 = VECTOR ( 'NONE', #2217, 1000.000000000000000 ) ;
#2217 = DIRECTION ( 'NONE',  ( 0.0000000000000000000, 0.0000000000000000000, -1.000000000000000000 ) ) ;
#2218 = FACE_OUTER_BOUND ( 'NONE', #122, .T. ) ;
#2219 = COLOUR_RGB ( '',0.8549019607843136900, 0.8313725490196077800, 0.6980392156862744700 ) ;
#2220 = FILL_AREA_STYLE_COLOUR ( '', #2219 ) ;
#2221 = FILL_AREA_STYLE ('',( #2220 ) ) ;
#2222 = SURFACE_STYLE_FILL_AREA ( #2221 ) ;
#2223 = SURFACE_SIDE_STYLE ('',( #2222 ) ) ;
#2224 = SURFACE_STYLE_USAGE ( .BOTH. , #2223 ) ;
#2225 = PRESENTATION_STYLE_ASSIGNMENT (( #2224 ) ) ;
#2226 = STYLED_ITEM ( 'NONE', ( #2225 ), #783 ) ;
#2227 = PRESENTATION_LAYER_ASSIGNMENT (  '', '', ( #2226 ) ) ;
#2228 = MECHANICAL_DESIGN_GEOMETRIC_PRESENTATION_REPRESENTATION (  '', ( #2226 ), #2235 ) ;
#2229 = ORIENTED_EDGE ( 'NONE', *, *, #2868, .F. ) ;
#2230 = EDGE_CURVE ( 'NONE', #13, #2406, #1386, .T. ) ;
#2231 =( LENGTH_UNIT ( ) NAMED_UNIT ( * ) SI_UNIT ( .MILLI., .METRE. ) );
#2232 =( NAMED_UNIT ( * ) PLANE_ANGLE_UNIT ( ) SI_UNIT ( $, .RADIAN. ) );
#2233 =( NAMED_UNIT ( * ) SI_UNIT ( $, .STERADIAN. ) SOLID_ANGLE_UNIT ( ) );
#2234 = UNCERTAINTY_MEASURE_WITH_UNIT (LENGTH_MEASURE( 1.000000000000000100E-005 ), #2231, 'distance_accuracy_value', 'NONE');
#2235 =( GEOMETRIC_REPRESENTATION_CONTEXT ( 3 ) GLOBAL_UNCERTAINTY_ASSIGNED_CONTEXT ( ( #2234 ) ) GLOBAL_UNIT_ASSIGNED_CONTEXT ( ( #2231, #2232, #2233 ) ) REPRESENTATION_CONTEXT ( 'NONE', 'WORKASPACE' ) );
#2236 = PLANE ( 'NONE',  #2237 ) ;
#2237 = AXIS2_PLACEMENT_3D ( 'NONE', #2238, #2239, #2240 ) ;
#2238 = CARTESIAN_POINT ( 'NONE',  ( 14.74000000000000000, 0.3400000000000000200, -5.610000000000000300 ) ) ;
#2239 = DIRECTION ( 'NONE',  ( 0.0000000000000000000, 1.000000000000000000, 0.0000000000000000000 ) ) ;
#2240 = DIRECTION ( 'NONE',  ( 0.0000000000000000000, 0.0000000000000000000, 1.000000000000000000 ) ) ;
#2241 = LINE ( 'NONE', #2242, #2243 ) ;
#2242 = CARTESIAN_POINT ( 'NONE',  ( 17.48000000000000000, 0.6400000000000000100, -7.769999999999999600 ) ) ;
#2243 = VECTOR ( 'NONE', #2244, 1000.000000000000000 ) ;
#2244 = DIRECTION ( 'NONE',  ( -1.000000000000000000, 0.0000000000000000000, 0.0000000000000000000 ) ) ;
#2245 = CARTESIAN_POINT ( 'NONE',  ( 12.40000000000000000, 0.6400000000000000100, 0.1499999999999999900 ) ) ;
#2246 = FACE_OUTER_BOUND ( 'NONE', #2578, .T. ) ;
#2247 = PLANE ( 'NONE',  #2248 ) ;
#2248 = AXIS2_PLACEMENT_3D ( 'NONE', #2249, #2250, #2251 ) ;
#2249 = CARTESIAN_POINT ( 'NONE',  ( -0.2999999999999999900, -3.160000000000000100, -7.769999999999999600 ) ) ;
#2250 = DIRECTION ( 'NONE',  ( 0.0000000000000000000, -1.000000000000000000, 0.0000000000000000000 ) ) ;
#2251 = DIRECTION ( 'NONE',  ( 0.0000000000000000000, 0.0000000000000000000, -1.000000000000000000 ) ) ;
#2252 = LINE ( 'NONE', #2253, #2254 ) ;
#2253 = CARTESIAN_POINT ( 'NONE',  ( 4.006424222385869700, 0.6400000000000000100, 0.9399999999999999500 ) ) ;
#2254 = VECTOR ( 'NONE', #2255, 1000.000000000000000 ) ;
#2255 = DIRECTION ( 'NONE',  ( 0.0000000000000000000, 0.0000000000000000000, -1.000000000000000000 ) ) ;
#2256 = CARTESIAN_POINT ( 'NONE',  ( 9.925615758860400800, 0.6400000000000000100, -3.310000000000000100 ) ) ;
#2257 = FACE_OUTER_BOUND ( 'NONE', #2724, .T. ) ;
#2258 = COLOUR_RGB ( '',0.8549019607843136900, 0.8313725490196077800, 0.6980392156862744700 ) ;
#2259 = FILL_AREA_STYLE_COLOUR ( '', #2258 ) ;
#2260 = FILL_AREA_STYLE ('',( #2259 ) ) ;
#2261 = SURFACE_STYLE_FILL_AREA ( #2260 ) ;
#2262 = SURFACE_SIDE_STYLE ('',( #2261 ) ) ;
#2263 = SURFACE_STYLE_USAGE ( .BOTH. , #2262 ) ;
#2264 = PRESENTATION_STYLE_ASSIGNMENT (( #2263 ) ) ;
#2265 = STYLED_ITEM ( 'NONE', ( #2264 ), #858 ) ;
#2266 = PRESENTATION_LAYER_ASSIGNMENT (  '', '', ( #2265 ) ) ;
#2267 = MECHANICAL_DESIGN_GEOMETRIC_PRESENTATION_REPRESENTATION (  '', ( #2265 ), #2272 ) ;
#2268 =( LENGTH_UNIT ( ) NAMED_UNIT ( * ) SI_UNIT ( .MILLI., .METRE. ) );
#2269 =( NAMED_UNIT ( * ) PLANE_ANGLE_UNIT ( ) SI_UNIT ( $, .RADIAN. ) );
#2270 =( NAMED_UNIT ( * ) SI_UNIT ( $, .STERADIAN. ) SOLID_ANGLE_UNIT ( ) );
#2271 = UNCERTAINTY_MEASURE_WITH_UNIT (LENGTH_MEASURE( 1.000000000000000100E-005 ), #2268, 'distance_accuracy_value', 'NONE');
#2272 =( GEOMETRIC_REPRESENTATION_CONTEXT ( 3 ) GLOBAL_UNCERTAINTY_ASSIGNED_CONTEXT ( ( #2271 ) ) GLOBAL_UNIT_ASSIGNED_CONTEXT ( ( #2268, #2269, #2270 ) ) REPRESENTATION_CONTEXT ( 'NONE', 'WORKASPACE' ) );
#2273 = PLANE ( 'NONE',  #2274 ) ;
#2274 = AXIS2_PLACEMENT_3D ( 'NONE', #2275, #2276, #2277 ) ;
#2275 = CARTESIAN_POINT ( 'NONE',  ( 1.789999989244825100, 0.5400000000000000400, -4.309999999999999600 ) ) ;
#2276 = DIRECTION ( 'NONE',  ( 0.0000000000000000000, 0.0000000000000000000, 1.000000000000000000 ) ) ;
#2277 = DIRECTION ( 'NONE',  ( 1.000000000000000000, 0.0000000000000000000, 0.0000000000000000000 ) ) ;
#2278 = LINE ( 'NONE', #2282, #2283 ) ;
#2279 = EDGE_CURVE ( 'NONE', #1312, #47, #1392, .T. ) ;
#2280 = EDGE_LOOP ( 'NONE', ( #2942, #2984, #119, #2701 ) ) ;
#2281 = ADVANCED_FACE ( 'NONE', ( #1401 ), #1422, .F. ) ;
#2282 = CARTESIAN_POINT ( 'NONE',  ( 0.2999999999999999900, 1.310820393249936000, -7.769999999999999600 ) ) ;
#2283 = VECTOR ( 'NONE', #2284, 1000.000000000000000 ) ;
#2284 = DIRECTION ( 'NONE',  ( 0.0000000000000000000, -1.000000000000000000, 0.0000000000000000000 ) ) ;
#2285 = CARTESIAN_POINT ( 'NONE',  ( 4.006424222385869700, 0.6400000000000000100, -8.560000000000000500 ) ) ;
#2286 = LINE ( 'NONE', #2287, #2288 ) ;
#2287 = CARTESIAN_POINT ( 'NONE',  ( 0.5000000000000000000, 8.099999999999999600, -4.809999999999999600 ) ) ;
#2288 = VECTOR ( 'NONE', #2289, 1000.000000000000000 ) ;
#2289 = DIRECTION ( 'NONE',  ( 0.0000000000000000000, 1.000000000000000000, 0.0000000000000000000 ) ) ;
#2290 = FACE_OUTER_BOUND ( 'NONE', #2524, .T. ) ;
#2291 = COLOUR_RGB ( '',0.8549019607843136900, 0.8313725490196077800, 0.6980392156862744700 ) ;
#2292 = FILL_AREA_STYLE_COLOUR ( '', #2291 ) ;
#2293 = FILL_AREA_STYLE ('',( #2292 ) ) ;
#2294 = SURFACE_STYLE_FILL_AREA ( #2293 ) ;
#2295 = SURFACE_SIDE_STYLE ('',( #2294 ) ) ;
#2296 = SURFACE_STYLE_USAGE ( .BOTH. , #2295 ) ;
#2297 = PRESENTATION_STYLE_ASSIGNMENT (( #2296 ) ) ;
#2298 = ORIENTED_EDGE ( 'NONE', *, *, #2385, .T. ) ;
#2299 = EDGE_LOOP ( 'NONE', ( #2863, #2897, #1548, #2013 ) ) ;
#2300 = STYLED_ITEM ( 'NONE', ( #2297 ), #930 ) ;
#2301 = PRESENTATION_LAYER_ASSIGNMENT (  '', '', ( #2300 ) ) ;
#2302 = MECHANICAL_DESIGN_GEOMETRIC_PRESENTATION_REPRESENTATION (  '', ( #2300 ), #2307 ) ;
#2303 =( LENGTH_UNIT ( ) NAMED_UNIT ( * ) SI_UNIT ( .MILLI., .METRE. ) );
#2304 =( NAMED_UNIT ( * ) PLANE_ANGLE_UNIT ( ) SI_UNIT ( $, .RADIAN. ) );
#2305 =( NAMED_UNIT ( * ) SI_UNIT ( $, .STERADIAN. ) SOLID_ANGLE_UNIT ( ) );
#2306 = UNCERTAINTY_MEASURE_WITH_UNIT (LENGTH_MEASURE( 1.000000000000000100E-005 ), #2303, 'distance_accuracy_value', 'NONE');
#2307 =( GEOMETRIC_REPRESENTATION_CONTEXT ( 3 ) GLOBAL_UNCERTAINTY_ASSIGNED_CONTEXT ( ( #2306 ) ) GLOBAL_UNIT_ASSIGNED_CONTEXT ( ( #2303, #2304, #2305 ) ) REPRESENTATION_CONTEXT ( 'NONE', 'WORKASPACE' ) );
#2308 = CYLINDRICAL_SURFACE ( 'NONE', #2309, 2.000000000000000000 ) ;
#2309 = AXIS2_PLACEMENT_3D ( 'NONE', #2310, #2311, #2312 ) ;
#2310 = CARTESIAN_POINT ( 'NONE',  ( 2.540000000000000000, 2.000000000000000000, -8.560000000000000500 ) ) ;
#2311 = DIRECTION ( 'NONE',  ( 0.0000000000000000000, 0.0000000000000000000, -1.000000000000000000 ) ) ;
#2312 = DIRECTION ( 'NONE',  ( -1.000000000000000000, 0.0000000000000000000, 0.0000000000000000000 ) ) ;
#2313 = CARTESIAN_POINT ( 'NONE',  ( 17.48000000000000000, 0.6400000000000000100, -7.769999999999999600 ) ) ;
#2314 = CARTESIAN_POINT ( 'NONE',  ( -0.2999999999999999900, 0.6400000000000000100, -7.469999999999999800 ) ) ;
#2315 = LINE ( 'NONE', #2319, #2320 ) ;
#2316 = ORIENTED_EDGE ( 'NONE', *, *, #731, .T. ) ;
#2317 = ORIENTED_EDGE ( 'NONE', *, *, #1259, .F. ) ;
#2318 = ORIENTED_EDGE ( 'NONE', *, *, #2443, .T. ) ;
#2319 = CARTESIAN_POINT ( 'NONE',  ( 0.2999999999999999900, -3.160000000000000100, -7.469999999999999800 ) ) ;
#2320 = VECTOR ( 'NONE', #2321, 1000.000000000000000 ) ;
#2321 = DIRECTION ( 'NONE',  ( 0.0000000000000000000, 0.0000000000000000000, -1.000000000000000000 ) ) ;
#2322 = FACE_OUTER_BOUND ( 'NONE', #2733, .T. ) ;
#2323 = COLOUR_RGB ( '',0.8549019607843136900, 0.8313725490196077800, 0.6980392156862744700 ) ;
#2324 = FILL_AREA_STYLE_COLOUR ( '', #2323 ) ;
#2325 = FILL_AREA_STYLE ('',( #2324 ) ) ;
#2326 = SURFACE_STYLE_FILL_AREA ( #2325 ) ;
#2327 = SURFACE_SIDE_STYLE ('',( #2326 ) ) ;
#2328 = SURFACE_STYLE_USAGE ( .BOTH. , #2327 ) ;
#2329 = PRESENTATION_STYLE_ASSIGNMENT (( #2328 ) ) ;
#2330 = STYLED_ITEM ( 'NONE', ( #2329 ), #2749 ) ;
#2331 = PRESENTATION_LAYER_ASSIGNMENT (  '', '', ( #2330 ) ) ;
#2332 = MECHANICAL_DESIGN_GEOMETRIC_PRESENTATION_REPRESENTATION (  '', ( #2330 ), #2337 ) ;
#2333 =( LENGTH_UNIT ( ) NAMED_UNIT ( * ) SI_UNIT ( .MILLI., .METRE. ) );
#2334 =( NAMED_UNIT ( * ) PLANE_ANGLE_UNIT ( ) SI_UNIT ( $, .RADIAN. ) );
#2335 =( NAMED_UNIT ( * ) SI_UNIT ( $, .STERADIAN. ) SOLID_ANGLE_UNIT ( ) );
#2336 = UNCERTAINTY_MEASURE_WITH_UNIT (LENGTH_MEASURE( 1.000000000000000100E-005 ), #2333, 'distance_accuracy_value', 'NONE');
#2337 =( GEOMETRIC_REPRESENTATION_CONTEXT ( 3 ) GLOBAL_UNCERTAINTY_ASSIGNED_CONTEXT ( ( #2336 ) ) GLOBAL_UNIT_ASSIGNED_CONTEXT ( ( #2333, #2334, #2335 ) ) REPRESENTATION_CONTEXT ( 'NONE', 'WORKASPACE' ) );
#2338 = CYLINDRICAL_SURFACE ( 'NONE', #2339, 0.4000000000000001900 ) ;
#2339 = AXIS2_PLACEMENT_3D ( 'NONE', #2340, #2341, #2342 ) ;
#2340 = CARTESIAN_POINT ( 'NONE',  ( 14.74000000000000000, 0.3400000000000000200, -5.610000000000000300 ) ) ;
#2341 = DIRECTION ( 'NONE',  ( 0.0000000000000000000, 1.000000000000000000, 0.0000000000000000000 ) ) ;
#2342 = DIRECTION ( 'NONE',  ( 0.0000000000000000000, 0.0000000000000000000, 1.000000000000000000 ) ) ;
#2343 = CARTESIAN_POINT ( 'NONE',  ( 7.320000000000000300, 0.6400000000000000100, -0.1500000000000024900 ) ) ;
#2344 = CARTESIAN_POINT ( 'NONE',  ( 7.854384241139600300, 0.6400000000000000100, -3.310000000000000100 ) ) ;
#2345 = FACE_OUTER_BOUND ( 'NONE', #1617, .T. ) ;
#2346 = COLOUR_RGB ( '',0.8549019607843136900, 0.8313725490196077800, 0.6980392156862744700 ) ;
#2347 = FILL_AREA_STYLE_COLOUR ( '', #2346 ) ;
#2348 = FILL_AREA_STYLE ('',( #2347 ) ) ;
#2349 = SURFACE_STYLE_FILL_AREA ( #2348 ) ;
#2350 = SURFACE_SIDE_STYLE ('',( #2349 ) ) ;
#2351 = EDGE_LOOP ( 'NONE', ( #61, #981, #1380, #644 ) ) ;
#2352 = ORIENTED_EDGE ( 'NONE', *, *, #487, .F. ) ;
#2353 = SURFACE_STYLE_USAGE ( .BOTH. , #2350 ) ;
#2354 = PRESENTATION_STYLE_ASSIGNMENT (( #2353 ) ) ;
#2355 = STYLED_ITEM ( 'NONE', ( #2354 ), #2753 ) ;
#2356 = PRESENTATION_LAYER_ASSIGNMENT (  '', '', ( #2355 ) ) ;
#2357 = MECHANICAL_DESIGN_GEOMETRIC_PRESENTATION_REPRESENTATION (  '', ( #2355 ), #2362 ) ;
#2358 =( LENGTH_UNIT ( ) NAMED_UNIT ( * ) SI_UNIT ( .MILLI., .METRE. ) );
#2359 =( NAMED_UNIT ( * ) PLANE_ANGLE_UNIT ( ) SI_UNIT ( $, .RADIAN. ) );
#2360 =( NAMED_UNIT ( * ) SI_UNIT ( $, .STERADIAN. ) SOLID_ANGLE_UNIT ( ) );
#2361 = UNCERTAINTY_MEASURE_WITH_UNIT (LENGTH_MEASURE( 1.000000000000000100E-005 ), #2358, 'distance_accuracy_value', 'NONE');
#2362 =( GEOMETRIC_REPRESENTATION_CONTEXT ( 3 ) GLOBAL_UNCERTAINTY_ASSIGNED_CONTEXT ( ( #2361 ) ) GLOBAL_UNIT_ASSIGNED_CONTEXT ( ( #2358, #2359, #2360 ) ) REPRESENTATION_CONTEXT ( 'NONE', 'WORKASPACE' ) );
#2363 = CYLINDRICAL_SURFACE ( 'NONE', #2364, 0.4000000000000001900 ) ;
#2364 = AXIS2_PLACEMENT_3D ( 'NONE', #2365, #2366, #2367 ) ;
#2365 = CARTESIAN_POINT ( 'NONE',  ( 3.040000000000000000, 0.3400000000000000200, -5.610000000000000300 ) ) ;
#2366 = DIRECTION ( 'NONE',  ( 0.0000000000000000000, 1.000000000000000000, 0.0000000000000000000 ) ) ;
#2367 = DIRECTION ( 'NONE',  ( 0.0000000000000000000, 0.0000000000000000000, 1.000000000000000000 ) ) ;
#2368 = LINE ( 'NONE', #2369, #2370 ) ;
#2369 = CARTESIAN_POINT ( 'NONE',  ( 7.320000000000000300, 1.310820393249938000, -7.769999999999999600 ) ) ;
#2370 = VECTOR ( 'NONE', #2371, 1000.000000000000000 ) ;
#2371 = DIRECTION ( 'NONE',  ( 0.0000000000000000000, -1.000000000000000000, 0.0000000000000000000 ) ) ;
#2372 = CIRCLE ( 'NONE', #2373, 0.4000000000000001900 ) ;
#2373 = AXIS2_PLACEMENT_3D ( 'NONE', #2374, #2375, #2376 ) ;
#2374 = CARTESIAN_POINT ( 'NONE',  ( 14.74000000000000000, 0.6400000000000000100, -5.610000000000000300 ) ) ;
#2375 = DIRECTION ( 'NONE',  ( 0.0000000000000000000, 1.000000000000000000, 0.0000000000000000000 ) ) ;
#2376 = DIRECTION ( 'NONE',  ( 0.0000000000000000000, 0.0000000000000000000, 1.000000000000000000 ) ) ;
#2377 = CARTESIAN_POINT ( 'NONE',  ( 18.98999999999999800, 8.400000000000000400, 1.240000000000000000 ) ) ;
#2378 = LINE ( 'NONE', #2379, #2380 ) ;
#2379 = CARTESIAN_POINT ( 'NONE',  ( 17.48000000000000000, 1.310820393249938000, -7.469999999999999800 ) ) ;
#2380 = VECTOR ( 'NONE', #2381, 1000.000000000000000 ) ;
#2381 = DIRECTION ( 'NONE',  ( 0.0000000000000000000, -1.000000000000000000, 0.0000000000000000000 ) ) ;
#2382 = LINE ( 'NONE', #2383, #2384 ) ;
#2383 = CARTESIAN_POINT ( 'NONE',  ( 12.40000000000000000, -3.160000000000000100, 0.1499999999999999900 ) ) ;
#2384 = VECTOR ( 'NONE', #2389, 1000.000000000000000 ) ;
#2385 = EDGE_CURVE ( 'NONE', #38, #1921, #1543, .T. ) ;
#2386 = ORIENTED_EDGE ( 'NONE', *, *, #2599, .T. ) ;
#2387 = ORIENTED_EDGE ( 'NONE', *, *, #2484, .F. ) ;
#2388 = EDGE_CURVE ( 'NONE', #2922, #2546, #1585, .T. ) ;
#2389 = DIRECTION ( 'NONE',  ( 0.0000000000000000000, 0.0000000000000000000, 1.000000000000000000 ) ) ;
#2390 = LINE ( 'NONE', #2391, #2392 ) ;
#2391 = CARTESIAN_POINT ( 'NONE',  ( -0.2999999999999999900, 1.310820393249936000, -0.1499999999999999900 ) ) ;
#2392 = VECTOR ( 'NONE', #2393, 1000.000000000000000 ) ;
#2393 = DIRECTION ( 'NONE',  ( 0.0000000000000000000, -1.000000000000000000, 0.0000000000000000000 ) ) ;
#2394 = LINE ( 'NONE', #2395, #2396 ) ;
#2395 = CARTESIAN_POINT ( 'NONE',  ( 7.320000000000000300, -3.160000000000000100, -7.769999999999999600 ) ) ;
#2396 = VECTOR ( 'NONE', #2397, 1000.000000000000000 ) ;
#2397 = DIRECTION ( 'NONE',  ( 0.0000000000000000000, 0.0000000000000000000, 1.000000000000000000 ) ) ;
#2398 = FACE_OUTER_BOUND ( 'NONE', #1509, .T. ) ;
#2399 = COLOUR_RGB ( '',0.8549019607843136900, 0.8313725490196077800, 0.6980392156862744700 ) ;
#2400 = FILL_AREA_STYLE_COLOUR ( '', #2399 ) ;
#2401 = FILL_AREA_STYLE ('',( #2400 ) ) ;
#2402 = SURFACE_STYLE_FILL_AREA ( #2401 ) ;
#2403 = SURFACE_SIDE_STYLE ('',( #2402 ) ) ;
#2404 = SURFACE_STYLE_USAGE ( .BOTH. , #2403 ) ;
#2405 = ADVANCED_FACE ( 'NONE', ( #1630 ), #1631, .F. ) ;
#2406 = VERTEX_POINT ( 'NONE', #1641 ) ;
#2407 = PRESENTATION_STYLE_ASSIGNMENT (( #2404 ) ) ;
#2408 = STYLED_ITEM ( 'NONE', ( #2407 ), #1237 ) ;
#2409 = PRESENTATION_LAYER_ASSIGNMENT (  '', '', ( #2408 ) ) ;
#2410 = MECHANICAL_DESIGN_GEOMETRIC_PRESENTATION_REPRESENTATION (  '', ( #2408 ), #2415 ) ;
#2411 =( LENGTH_UNIT ( ) NAMED_UNIT ( * ) SI_UNIT ( .MILLI., .METRE. ) );
#2412 =( NAMED_UNIT ( * ) PLANE_ANGLE_UNIT ( ) SI_UNIT ( $, .RADIAN. ) );
#2413 =( NAMED_UNIT ( * ) SI_UNIT ( $, .STERADIAN. ) SOLID_ANGLE_UNIT ( ) );
#2414 = UNCERTAINTY_MEASURE_WITH_UNIT (LENGTH_MEASURE( 1.000000000000000100E-005 ), #2411, 'distance_accuracy_value', 'NONE');
#2415 =( GEOMETRIC_REPRESENTATION_CONTEXT ( 3 ) GLOBAL_UNCERTAINTY_ASSIGNED_CONTEXT ( ( #2414 ) ) GLOBAL_UNIT_ASSIGNED_CONTEXT ( ( #2411, #2412, #2413 ) ) REPRESENTATION_CONTEXT ( 'NONE', 'WORKASPACE' ) );
#2416 = PLANE ( 'NONE',  #2417 ) ;
#2417 = AXIS2_PLACEMENT_3D ( 'NONE', #2418, #2419, #2420 ) ;
#2418 = CARTESIAN_POINT ( 'NONE',  ( 1.789999989244825100, 0.5400000000000000400, -3.310000000000000100 ) ) ;
#2419 = DIRECTION ( 'NONE',  ( 1.000000000000000000, 0.0000000000000000000, 0.0000000000000000000 ) ) ;
#2420 = DIRECTION ( 'NONE',  ( 0.0000000000000000000, 0.0000000000000000000, -1.000000000000000000 ) ) ;
#2421 = LINE ( 'NONE', #2422, #2424 ) ;
#2422 = CARTESIAN_POINT ( 'NONE',  ( -1.210000000000000000, 0.6400000000000000100, -8.859999999999999400 ) ) ;
#2423 = ORIENTED_EDGE ( 'NONE', *, *, #36, .F. ) ;
#2424 = VECTOR ( 'NONE', #2425, 1000.000000000000000 ) ;
#2425 = DIRECTION ( 'NONE',  ( 0.0000000000000000000, 0.0000000000000000000, 1.000000000000000000 ) ) ;
#2426 = FACE_OUTER_BOUND ( 'NONE', #2351, .T. ) ;
#2427 = PLANE ( 'NONE',  #2428 ) ;
#2428 = AXIS2_PLACEMENT_3D ( 'NONE', #2429, #2430, #2431 ) ;
#2429 = CARTESIAN_POINT ( 'NONE',  ( 0.2999999999999999900, 1.310820393249936000, 0.1499999999999999900 ) ) ;
#2430 = DIRECTION ( 'NONE',  ( -1.000000000000000000, 0.0000000000000000000, 0.0000000000000000000 ) ) ;
#2431 = DIRECTION ( 'NONE',  ( 0.0000000000000000000, 0.0000000000000000000, 1.000000000000000000 ) ) ;
#2432 = LINE ( 'NONE', #2433, #2434 ) ;
#2433 = CARTESIAN_POINT ( 'NONE',  ( 17.48000000000000000, 0.6400000000000000100, -7.469999999999999800 ) ) ;
#2434 = VECTOR ( 'NONE', #2435, 1000.000000000000000 ) ;
#2435 = DIRECTION ( 'NONE',  ( 1.000000000000000000, 0.0000000000000000000, 0.0000000000000000000 ) ) ;
#2436 = LINE ( 'NONE', #2437, #2438 ) ;
#2437 = CARTESIAN_POINT ( 'NONE',  ( -0.5000000000000000000, 8.099999999999999600, -4.809999999999999600 ) ) ;
#2438 = VECTOR ( 'NONE', #2439, 1000.000000000000000 ) ;
#2439 = DIRECTION ( 'NONE',  ( -1.084202172485503800E-016, 0.0000000000000000000, 1.000000000000000000 ) ) ;
#2440 = EDGE_LOOP ( 'NONE', ( #626, #713 ) ) ;
#2441 = ADVANCED_FACE ( 'NONE', ( #1682 ), #1683, .F. ) ;
#2442 = ORIENTED_EDGE ( 'NONE', *, *, #2483, .T. ) ;
#2443 = EDGE_CURVE ( 'NONE', #379, #2493, #1688, .T. ) ;
#2444 = CARTESIAN_POINT ( 'NONE',  ( 13.00000000000000000, 0.6400000000000000100, -0.1500000000000034900 ) ) ;
#2445 = LINE ( 'NONE', #2446, #2447 ) ;
#2446 = CARTESIAN_POINT ( 'NONE',  ( 0.5000000000000000000, 8.099999999999999600, -4.809999999999999600 ) ) ;
#2447 = VECTOR ( 'NONE', #2448, 1000.000000000000000 ) ;
#2448 = DIRECTION ( 'NONE',  ( 0.0000000000000000000, 0.0000000000000000000, -1.000000000000000000 ) ) ;
#2449 = CARTESIAN_POINT ( 'NONE',  ( 0.2999999999999999900, -3.160000000000000100, -7.769999999999999600 ) ) ;
#2450 = CARTESIAN_POINT ( 'NONE',  ( 14.74000000000000000, 0.3400000000000000200, -1.610000000000000100 ) ) ;
#2451 =( LENGTH_UNIT ( ) NAMED_UNIT ( * ) SI_UNIT ( .MILLI., .METRE. ) );
#2452 =( NAMED_UNIT ( * ) PLANE_ANGLE_UNIT ( ) SI_UNIT ( $, .RADIAN. ) );
#2453 =( NAMED_UNIT ( * ) SI_UNIT ( $, .STERADIAN. ) SOLID_ANGLE_UNIT ( ) );
#2454 = UNCERTAINTY_MEASURE_WITH_UNIT (LENGTH_MEASURE( 1.000000000000000100E-005 ), #2451, 'distance_accuracy_value', 'NONE');
#2455 =( GEOMETRIC_REPRESENTATION_CONTEXT ( 3 ) GLOBAL_UNCERTAINTY_ASSIGNED_CONTEXT ( ( #2454 ) ) GLOBAL_UNIT_ASSIGNED_CONTEXT ( ( #2451, #2452, #2453 ) ) REPRESENTATION_CONTEXT ( 'NONE', 'WORKASPACE' ) );
#2456 = ADVANCED_BREP_SHAPE_REPRESENTATION ( 'G6A_274P_ST_US', ( #2179, #2461 ), #2455 ) ;
#2457 = ORIENTED_EDGE ( 'NONE', *, *, #5, .F. ) ;
#2458 = EDGE_LOOP ( 'NONE', ( #2916, #2586, #1492, #2953 ) ) ;
#2459 = ORIENTED_EDGE ( 'NONE', *, *, #2905, .T. ) ;
#2460 = EDGE_CURVE ( 'NONE', #2779, #2769, #1698, .T. ) ;
#2461 = AXIS2_PLACEMENT_3D ( 'NONE', #2462, #2463, #2464 ) ;
#2462 = CARTESIAN_POINT ( 'NONE',  ( 0.0000000000000000000, 0.0000000000000000000, 0.0000000000000000000 ) ) ;
#2463 = DIRECTION ( 'NONE',  ( 0.0000000000000000000, 0.0000000000000000000, 1.000000000000000000 ) ) ;
#2464 = DIRECTION ( 'NONE',  ( 1.000000000000000000, 0.0000000000000000000, 0.0000000000000000000 ) ) ;
#2465 = APPLICATION_CONTEXT ( 'automotive_design' ) ;
#2466 = APPLICATION_PROTOCOL_DEFINITION ( 'draft international standard', 'automotive_design', 1998, #2465 ) ;
#2467 = PRODUCT_CONTEXT ( 'NONE', #2465, 'mechanical' ) ;
#2468 = PRODUCT ( 'G6A_274P_ST_US', 'G6A_274P_ST_US', '', ( #2467 ) ) ;
#2469 = APPLICATION_CONTEXT ( 'automotive_design' ) ;
#2470 = APPLICATION_PROTOCOL_DEFINITION ( 'draft international standard', 'automotive_design', 1998, #2469 ) ;
#2471 = PRODUCT_DEFINITION_CONTEXT ( 'detailed design', #2469, 'design' ) ;
#2472 = PRODUCT_DEFINITION ( 'UNKNOWN', '', #2473, #2471 ) ;
#2473 = PRODUCT_DEFINITION_FORMATION_WITH_SPECIFIED_SOURCE ( 'ANY', '', #2468, .NOT_KNOWN. ) ;
#2474 = PRODUCT_RELATED_PRODUCT_CATEGORY ( 'part', '', ( #2468 ) ) ;
#2475 = PRODUCT_DEFINITION_SHAPE ( 'NONE', 'NONE',  #2472 ) ;
#2476 = EDGE_LOOP ( 'NONE', ( #1294, #380, #931, #435 ) ) ;
#2477 = ORIENTED_EDGE ( 'NONE', *, *, #2142, .T. ) ;
#2478 = SHAPE_DEFINITION_REPRESENTATION ( #2475, #2456 ) ;
#2479 = ORIENTED_EDGE ( 'NONE', *, *, #2511, .T. ) ;
#2480 = ORIENTED_EDGE ( 'NONE', *, *, #2489, .T. ) ;
#2481 = ORIENTED_EDGE ( 'NONE', *, *, #801, .T. ) ;
#2482 = VERTEX_POINT ( 'NONE', #1778 ) ;
#2483 = EDGE_CURVE ( 'NONE', #13, #2814, #1779, .T. ) ;
#2484 = EDGE_CURVE ( 'NONE', #2521, #2939, #1784, .T. ) ;
#2485 = ORIENTED_EDGE ( 'NONE', *, *, #2230, .F. ) ;
#2486 = EDGE_LOOP ( 'NONE', ( #2624, #2743, #2763, #74 ) ) ;
#2487 = ADVANCED_FACE ( 'NONE', ( #1794 ), #1814, .T. ) ;
#2488 = EDGE_CURVE ( 'NONE', #2619, #1067, #1852, .T. ) ;
#2489 = EDGE_CURVE ( 'NONE', #1440, #2783, #1858, .T. ) ;
#2490 = ADVANCED_FACE ( 'NONE', ( #1862 ), #1879, .T. ) ;
#2491 = ORIENTED_EDGE ( 'NONE', *, *, #2839, .F. ) ;
#2492 = EDGE_LOOP ( 'NONE', ( #470, #2122, #2491, #2520 ) ) ;
#2493 = VERTEX_POINT ( 'NONE', #1903 ) ;
#2494 = ORIENTED_EDGE ( 'NONE', *, *, #102, .T. ) ;
#2495 = EDGE_CURVE ( 'NONE', #2965, #133, #1941, .T. ) ;
#2496 = EDGE_CURVE ( 'NONE', #2561, #2909, #1950, .T. ) ;
#2497 = ORIENTED_EDGE ( 'NONE', *, *, #2529, .T. ) ;
#2498 = ADVANCED_FACE ( 'NONE', ( #1955 ), #1976, .F. ) ;
#2499 = ORIENTED_EDGE ( 'NONE', *, *, #2535, .F. ) ;
#2500 = ORIENTED_EDGE ( 'NONE', *, *, #2603, .T. ) ;
#2501 = ORIENTED_EDGE ( 'NONE', *, *, #983, .T. ) ;
#2502 = EDGE_CURVE ( 'NONE', #2909, #1117, #1998, .T. ) ;
#2503 = EDGE_CURVE ( 'NONE', #1727, #40, #2002, .T. ) ;
#2504 = ADVANCED_FACE ( 'NONE', ( #2006 ), #2026, .F. ) ;
#2505 = ORIENTED_EDGE ( 'NONE', *, *, #2756, .T. ) ;
#2506 = VERTEX_POINT ( 'NONE', #2047 ) ;
#2507 = ORIENTED_EDGE ( 'NONE', *, *, #2537, .F. ) ;
#2508 = ORIENTED_EDGE ( 'NONE', *, *, #2806, .T. ) ;
#2509 = ORIENTED_EDGE ( 'NONE', *, *, #1694, .F. ) ;
#2510 = ADVANCED_FACE ( 'NONE', ( #181 ), #182, .F. ) ;
#2511 = EDGE_CURVE ( 'NONE', #109, #2669, #188, .T. ) ;
#2512 = EDGE_CURVE ( 'NONE', #2576, #58, #217, .T. ) ;
#2513 = EDGE_LOOP ( 'NONE', ( #2790, #803, #2713, #2855 ) ) ;
#2514 = EDGE_LOOP ( 'NONE', ( #2697, #2702 ) ) ;
#2515 = VERTEX_POINT ( 'NONE', #229 ) ;
#2516 = EDGE_CURVE ( 'NONE', #2533, #2779, #230, .T. ) ;
#2517 = EDGE_CURVE ( 'NONE', #2071, #2832, #235, .T. ) ;
#2518 = EDGE_CURVE ( 'NONE', #2979, #2659, #239, .T. ) ;
#2519 = EDGE_LOOP ( 'NONE', ( #2791, #2842, #2621, #20 ) ) ;
#2520 = ORIENTED_EDGE ( 'NONE', *, *, #2124, .T. ) ;
#2521 = VERTEX_POINT ( 'NONE', #280 ) ;
#2522 = ORIENTED_EDGE ( 'NONE', *, *, #2532, .T. ) ;
#2523 = ORIENTED_EDGE ( 'NONE', *, *, #2926, .F. ) ;
#2524 = EDGE_LOOP ( 'NONE', ( #452, #131, #414, #2836 ) ) ;
#2525 = ORIENTED_EDGE ( 'NONE', *, *, #127, .F. ) ;
#2526 = ORIENTED_EDGE ( 'NONE', *, *, #2516, .F. ) ;
#2527 = EDGE_LOOP ( 'NONE', ( #360, #2568, #2844, #63 ) ) ;
#2528 = ORIENTED_EDGE ( 'NONE', *, *, #2511, .F. ) ;
#2529 = EDGE_CURVE ( 'NONE', #2710, #2686, #286, .T. ) ;
#2530 = ORIENTED_EDGE ( 'NONE', *, *, #591, .T. ) ;
#2531 = EDGE_CURVE ( 'NONE', #2814, #2544, #295, .T. ) ;
#2532 = EDGE_CURVE ( 'NONE', #359, #1312, #299, .T. ) ;
#2533 = VERTEX_POINT ( 'NONE', #303 ) ;
#2534 = EDGE_LOOP ( 'NONE', ( #1293, #1510, #35, #204 ) ) ;
#2535 = EDGE_CURVE ( 'NONE', #2549, #1547, #305, .T. ) ;
#2536 = ORIENTED_EDGE ( 'NONE', *, *, #2124, .F. ) ;
#2537 = EDGE_CURVE ( 'NONE', #22, #2698, #318, .T. ) ;
#2538 = ADVANCED_FACE ( 'NONE', ( #329 ), #345, .T. ) ;
#2539 = ORIENTED_EDGE ( 'NONE', *, *, #2070, .T. ) ;
#2540 = EDGE_CURVE ( 'NONE', #2551, #802, #355, .T. ) ;
#2541 = ORIENTED_EDGE ( 'NONE', *, *, #101, .F. ) ;
#2542 = EDGE_LOOP ( 'NONE', ( #1938, #2572 ) ) ;
#2543 = ADVANCED_FACE ( 'NONE', ( #361 ), #362, .F. ) ;
#2544 = VERTEX_POINT ( 'NONE', #373 ) ;
#2545 = ORIENTED_EDGE ( 'NONE', *, *, #2550, .T. ) ;
#2546 = VERTEX_POINT ( 'NONE', #374 ) ;
#2547 = EDGE_LOOP ( 'NONE', ( #2941, #85, #2856, #2552 ) ) ;
#2548 = ORIENTED_EDGE ( 'NONE', *, *, #2854, .T. ) ;
#2549 = VERTEX_POINT ( 'NONE', #388 ) ;
#2550 = EDGE_CURVE ( 'NONE', #2544, #982, #389, .T. ) ;
#2551 = VERTEX_POINT ( 'NONE', #394 ) ;
#2552 = ORIENTED_EDGE ( 'NONE', *, *, #2853, .F. ) ;
#2553 = EDGE_LOOP ( 'NONE', ( #2666, #2662, #2614, #2862 ) ) ;
#2554 = ORIENTED_EDGE ( 'NONE', *, *, #2807, .F. ) ;
#2555 = ORIENTED_EDGE ( 'NONE', *, *, #2904, .F. ) ;
#2556 = EDGE_LOOP ( 'NONE', ( #2555, #2477, #2630, #2838 ) ) ;
#2557 = EDGE_CURVE ( 'NONE', #2515, #2922, #417, .T. ) ;
#2558 = ORIENTED_EDGE ( 'NONE', *, *, #139, .F. ) ;
#2559 = EDGE_LOOP ( 'NONE', ( #2457, #1527, #1381, #123 ) ) ;
#2560 = VERTEX_POINT ( 'NONE', #445 ) ;
#2561 = VERTEX_POINT ( 'NONE', #483 ) ;
#2562 = EDGE_LOOP ( 'NONE', ( #2960, #2893, #488, #2736 ) ) ;
#2563 = ORIENTED_EDGE ( 'NONE', *, *, #2924, .T. ) ;
#2564 = ADVANCED_FACE ( 'NONE', ( #484 ), #485, .F. ) ;
#2565 = EDGE_CURVE ( 'NONE', #2961, #645, #492, .T. ) ;
#2566 = VERTEX_POINT ( 'NONE', #502 ) ;
#2567 = EDGE_LOOP ( 'NONE', ( #71, #95, #2653, #2684 ) ) ;
#2568 = ORIENTED_EDGE ( 'NONE', *, *, #434, .T. ) ;
#2569 = ORIENTED_EDGE ( 'NONE', *, *, #2603, .F. ) ;
#2570 = ORIENTED_EDGE ( 'NONE', *, *, #127, .T. ) ;
#2571 = EDGE_CURVE ( 'NONE', #433, #2619, #524, .T. ) ;
#2572 = ORIENTED_EDGE ( 'NONE', *, *, #2945, .T. ) ;
#2573 = EDGE_CURVE ( 'NONE', #2680, #1958, #529, .T. ) ;
#2574 = ORIENTED_EDGE ( 'NONE', *, *, #2388, .F. ) ;
#2575 = EDGE_LOOP ( 'NONE', ( #2944, #83 ) ) ;
#2576 = VERTEX_POINT ( 'NONE', #534 ) ;
#2577 = EDGE_CURVE ( 'NONE', #2611, #58, #535, .T. ) ;
#2578 = EDGE_LOOP ( 'NONE', ( #2970, #118, #2051, #57 ) ) ;
#2579 = ORIENTED_EDGE ( 'NONE', *, *, #2593, .F. ) ;
#2580 = ORIENTED_EDGE ( 'NONE', *, *, #1169, .F. ) ;
#2581 = ORIENTED_EDGE ( 'NONE', *, *, #2861, .F. ) ;
#2582 = ADVANCED_FACE ( 'NONE', ( #539 ), #557, .F. ) ;
#2583 = ORIENTED_EDGE ( 'NONE', *, *, #2801, .F. ) ;
#2584 = ORIENTED_EDGE ( 'NONE', *, *, #2595, .T. ) ;
#2585 = EDGE_CURVE ( 'NONE', #2780, #2011, #562, .T. ) ;
#2586 = ORIENTED_EDGE ( 'NONE', *, *, #1399, .T. ) ;
#2587 = VERTEX_POINT ( 'NONE', #570 ) ;
#2588 = ORIENTED_EDGE ( 'NONE', *, *, #2502, .F. ) ;
#2589 = ORIENTED_EDGE ( 'NONE', *, *, #1637, .T. ) ;
#2590 = ORIENTED_EDGE ( 'NONE', *, *, #27, .F. ) ;
#2591 = EDGE_CURVE ( 'NONE', #107, #2680, #593, .T. ) ;
#2592 = ORIENTED_EDGE ( 'NONE', *, *, #39, .F. ) ;
#2593 = EDGE_CURVE ( 'NONE', #2796, #397, #597, .T. ) ;
#2594 = EDGE_LOOP ( 'NONE', ( #1439, #54, #2610, #895 ) ) ;
#2595 = EDGE_CURVE ( 'NONE', #2515, #2506, #601, .T. ) ;
#2596 = ADVANCED_FACE ( 'NONE', ( #606 ), #623, .T. ) ;
#2597 = EDGE_LOOP ( 'NONE', ( #2671, #2316, #2812, #2602 ) ) ;
#2598 = EDGE_CURVE ( 'NONE', #2699, #2716, #631, .T. ) ;
#2599 = EDGE_CURVE ( 'NONE', #258, #2620, #637, .T. ) ;
#2600 = VERTEX_POINT ( 'NONE', #656 ) ;
#2601 = EDGE_CURVE ( 'NONE', #47, #2688, #657, .T. ) ;
#2602 = ORIENTED_EDGE ( 'NONE', *, *, #1202, .F. ) ;
#2603 = EDGE_CURVE ( 'NONE', #1416, #2902, #671, .T. ) ;
#2604 = ORIENTED_EDGE ( 'NONE', *, *, #49, .F. ) ;
#2605 = ORIENTED_EDGE ( 'NONE', *, *, #2629, .T. ) ;
#2606 = ORIENTED_EDGE ( 'NONE', *, *, #1836, .T. ) ;
#2607 = ORIENTED_EDGE ( 'NONE', *, *, #838, .F. ) ;
#2608 = ORIENTED_EDGE ( 'NONE', *, *, #2946, .F. ) ;
#2609 = ORIENTED_EDGE ( 'NONE', *, *, #2517, .T. ) ;
#2610 = ORIENTED_EDGE ( 'NONE', *, *, #2919, .T. ) ;
#2611 = VERTEX_POINT ( 'NONE', #693 ) ;
#2612 = ORIENTED_EDGE ( 'NONE', *, *, #2557, .F. ) ;
#2613 = ORIENTED_EDGE ( 'NONE', *, *, #2483, .F. ) ;
#2614 = ORIENTED_EDGE ( 'NONE', *, *, #2496, .F. ) ;
#2615 = EDGE_LOOP ( 'NONE', ( #2759, #52, #2933, #2975, #2494, #2849, #2657, #2948, #134 ) ) ;
#2616 = VERTEX_POINT ( 'NONE', #757 ) ;
#2617 = EDGE_LOOP ( 'NONE', ( #2678, #2683 ) ) ;
#2618 = VERTEX_POINT ( 'NONE', #817 ) ;
#2619 = VERTEX_POINT ( 'NONE', #818 ) ;
#2620 = VERTEX_POINT ( 'NONE', #819 ) ;
#2621 = ORIENTED_EDGE ( 'NONE', *, *, #5, .T. ) ;
#2622 = ORIENTED_EDGE ( 'NONE', *, *, #1457, .F. ) ;
#2623 = ADVANCED_FACE ( 'NONE', ( #831 ), #832, .F. ) ;
#2624 = ORIENTED_EDGE ( 'NONE', *, *, #2532, .F. ) ;
#2625 = VERTEX_POINT ( 'NONE', #885 ) ;
#2626 = ADVANCED_FACE ( 'NONE', ( #886 ), #904, .T. ) ;
#2627 = ORIENTED_EDGE ( 'NONE', *, *, #2829, .F. ) ;
#2628 = ORIENTED_EDGE ( 'NONE', *, *, #2655, .T. ) ;
#2629 = EDGE_CURVE ( 'NONE', #2752, #2177, #962, .T. ) ;
#2630 = ORIENTED_EDGE ( 'NONE', *, *, #2639, .T. ) ;
#2631 = EDGE_CURVE ( 'NONE', #2716, #433, #974, .T. ) ;
#2632 = ORIENTED_EDGE ( 'NONE', *, *, #43, .F. ) ;
#2633 = ORIENTED_EDGE ( 'NONE', *, *, #2537, .T. ) ;
#2634 = ADVANCED_FACE ( 'NONE', ( #1027 ), #1044, .F. ) ;
#2635 = EDGE_CURVE ( 'NONE', #2644, #2011, #1065, .T. ) ;
#2636 = ORIENTED_EDGE ( 'NONE', *, *, #66, .T. ) ;
#2637 = ORIENTED_EDGE ( 'NONE', *, *, #2945, .F. ) ;
#2638 = ADVANCED_FACE ( 'NONE', ( #1106 ), #1107, .T. ) ;
#2639 = EDGE_CURVE ( 'NONE', #2032, #2965, #1112, .T. ) ;
#2640 = ORIENTED_EDGE ( 'NONE', *, *, #2105, .T. ) ;
#2641 = ORIENTED_EDGE ( 'NONE', *, *, #663, .F. ) ;
#2642 = EDGE_CURVE ( 'NONE', #121, #2659, #1127, .T. ) ;
#2643 = VERTEX_POINT ( 'NONE', #1136 ) ;
#2644 = VERTEX_POINT ( 'NONE', #1143 ) ;
#2645 = ORIENTED_EDGE ( 'NONE', *, *, #2689, .F. ) ;
#2646 = EDGE_LOOP ( 'NONE', ( #2788, #2423, #2685, #64 ) ) ;
#2647 = ORIENTED_EDGE ( 'NONE', *, *, #1311, .F. ) ;
#2648 = ORIENTED_EDGE ( 'NONE', *, *, #10, .F. ) ;
#2649 = ORIENTED_EDGE ( 'NONE', *, *, #2529, .F. ) ;
#2650 = VERTEX_POINT ( 'NONE', #1161 ) ;
#2651 = ORIENTED_EDGE ( 'NONE', *, *, #2660, .T. ) ;
#2652 = ORIENTED_EDGE ( 'NONE', *, *, #2598, .T. ) ;
#2653 = ORIENTED_EDGE ( 'NONE', *, *, #241, .F. ) ;
#2654 = ORIENTED_EDGE ( 'NONE', *, *, #2635, .F. ) ;
#2655 = EDGE_CURVE ( 'NONE', #1331, #2809, #1212, .T. ) ;
#2656 = ORIENTED_EDGE ( 'NONE', *, *, #96, .T. ) ;
#2657 = ORIENTED_EDGE ( 'NONE', *, *, #2663, .T. ) ;
#2658 = ORIENTED_EDGE ( 'NONE', *, *, #2279, .T. ) ;
#2659 = VERTEX_POINT ( 'NONE', #1251 ) ;
#2660 = EDGE_CURVE ( 'NONE', #2752, #2965, #1262, .T. ) ;
#2661 = VERTEX_POINT ( 'NONE', #1275 ) ;
#2662 = ORIENTED_EDGE ( 'NONE', *, *, #2914, .F. ) ;
#2663 = EDGE_CURVE ( 'NONE', #2739, #2817, #1288, .T. ) ;
#2664 = VERTEX_POINT ( 'NONE', #1315 ) ;
#2665 = ORIENTED_EDGE ( 'NONE', *, *, #2794, .F. ) ;
#2666 = ORIENTED_EDGE ( 'NONE', *, *, #1241, .T. ) ;
#2667 = ORIENTED_EDGE ( 'NONE', *, *, #1418, .F. ) ;
#2668 = ORIENTED_EDGE ( 'NONE', *, *, #2631, .F. ) ;
#2669 = VERTEX_POINT ( 'NONE', #1348 ) ;
#2670 = EDGE_LOOP ( 'NONE', ( #1330, #1745, #2886, #2693 ) ) ;
#2671 = ORIENTED_EDGE ( 'NONE', *, *, #8, .F. ) ;
#2672 = ORIENTED_EDGE ( 'NONE', *, *, #2631, .T. ) ;
#2673 = ORIENTED_EDGE ( 'NONE', *, *, #2682, .F. ) ;
#2674 = EDGE_CURVE ( 'NONE', #2780, #2768, #1373, .T. ) ;
#2675 = EDGE_LOOP ( 'NONE', ( #125, #205, #68, #142 ) ) ;
#2676 = ORIENTED_EDGE ( 'NONE', *, *, #2696, .T. ) ;
#2677 = ORIENTED_EDGE ( 'NONE', *, *, #2937, .F. ) ;
#2678 = ORIENTED_EDGE ( 'NONE', *, *, #2388, .T. ) ;
#2679 = ORIENTED_EDGE ( 'NONE', *, *, #2772, .F. ) ;
#2680 = VERTEX_POINT ( 'NONE', #1431 ) ;
#2681 = EDGE_LOOP ( 'NONE', ( #2907, #2889, #2932, #29 ) ) ;
#2682 = EDGE_CURVE ( 'NONE', #1921, #2698, #1453, .T. ) ;
#2683 = ORIENTED_EDGE ( 'NONE', *, *, #2937, .T. ) ;
#2684 = ORIENTED_EDGE ( 'NONE', *, *, #2495, .F. ) ;
#2685 = ORIENTED_EDGE ( 'NONE', *, *, #2460, .T. ) ;
#2686 = VERTEX_POINT ( 'NONE', #1537 ) ;
#2687 = ORIENTED_EDGE ( 'NONE', *, *, #2707, .F. ) ;
#2688 = VERTEX_POINT ( 'NONE', #1538 ) ;
#2689 = EDGE_CURVE ( 'NONE', #2587, #2910, #1551, .T. ) ;
#2690 = ADVANCED_FACE ( 'NONE', ( #1560 ), #1577, .F. ) ;
#2691 = ADVANCED_FACE ( 'NONE', ( #1590, #1591, #1592, #1593, #1594, #1595, #1596, #1597, #1598, #1599, #1600, #1601, #1602, #1603 ), #1621, .F. ) ;
#2692 = EDGE_LOOP ( 'NONE', ( #2931, #2971, #505, #1817 ) ) ;
#2693 = ORIENTED_EDGE ( 'NONE', *, *, #2518, .F. ) ;
#2694 = ORIENTED_EDGE ( 'NONE', *, *, #2385, .F. ) ;
#2695 = EDGE_CURVE ( 'NONE', #2616, #2521, #1736, .T. ) ;
#2696 = EDGE_CURVE ( 'NONE', #2712, #2710, #1756, .T. ) ;
#2697 = ORIENTED_EDGE ( 'NONE', *, *, #86, .T. ) ;
#2698 = VERTEX_POINT ( 'NONE', #1773 ) ;
#2699 = VERTEX_POINT ( 'NONE', #1827 ) ;
#2700 = ORIENTED_EDGE ( 'NONE', *, *, #2803, .T. ) ;
#2701 = ORIENTED_EDGE ( 'NONE', *, *, #2877, .F. ) ;
#2702 = ORIENTED_EDGE ( 'NONE', *, *, #2877, .T. ) ;
#2703 = ORIENTED_EDGE ( 'NONE', *, *, #2601, .T. ) ;
#2704 = ORIENTED_EDGE ( 'NONE', *, *, #37, .F. ) ;
#2705 = ORIENTED_EDGE ( 'NONE', *, *, #2892, .F. ) ;
#2706 = ORIENTED_EDGE ( 'NONE', *, *, #2488, .F. ) ;
#2707 = EDGE_CURVE ( 'NONE', #2841, #2719, #1946, .T. ) ;
#2708 = ORIENTED_EDGE ( 'NONE', *, *, #2729, .F. ) ;
#2709 = EDGE_LOOP ( 'NONE', ( #2811, #87 ) ) ;
#2710 = VERTEX_POINT ( 'NONE', #2057 ) ;
#2711 = EDGE_CURVE ( 'NONE', #2769, #2797, #2058, .T. ) ;
#2712 = VERTEX_POINT ( 'NONE', #2063 ) ;
#2713 = ORIENTED_EDGE ( 'NONE', *, *, #2764, .T. ) ;
#2714 = ORIENTED_EDGE ( 'NONE', *, *, #2014, .F. ) ;
#2715 = EDGE_LOOP ( 'NONE', ( #1977, #2810, #1236, #17 ) ) ;
#2716 = VERTEX_POINT ( 'NONE', #2072 ) ;
#2717 = ORIENTED_EDGE ( 'NONE', *, *, #27, .T. ) ;
#2718 = VERTEX_POINT ( 'NONE', #2117 ) ;
#2719 = VERTEX_POINT ( 'NONE', #2118 ) ;
#2720 = ADVANCED_FACE ( 'NONE', ( #2133 ), #2152, .T. ) ;
#2721 = ADVANCED_FACE ( 'NONE', ( #2157 ), #2158, .F. ) ;
#2722 = ORIENTED_EDGE ( 'NONE', *, *, #2794, .T. ) ;
#2723 = ORIENTED_EDGE ( 'NONE', *, *, #2571, .F. ) ;
#2724 = EDGE_LOOP ( 'NONE', ( #2835, #2857, #2977, #2548 ) ) ;
#2725 = ADVANCED_FACE ( 'NONE', ( #2163 ), #2164, .F. ) ;
#2726 = ADVANCED_FACE ( 'NONE', ( #2170 ), #2171, .F. ) ;
#2727 = EDGE_LOOP ( 'NONE', ( #2632, #2539, #2607, #2645 ) ) ;
#2728 = EDGE_LOOP ( 'NONE', ( #2714, #2765, #2934, #2677 ) ) ;
#2729 = EDGE_CURVE ( 'NONE', #2611, #2785, #2189, .T. ) ;
#2730 = ORIENTED_EDGE ( 'NONE', *, *, #45, .T. ) ;
#2731 = EDGE_LOOP ( 'NONE', ( #2608, #1959, #2386, #24 ) ) ;
#2732 = EDGE_LOOP ( 'NONE', ( #2459, #2298, #32, #2918, #2588, #2900, #2888, #2887 ) ) ;
#2733 = EDGE_LOOP ( 'NONE', ( #2526, #2530, #2850, #2906 ) ) ;
#2734 = ORIENTED_EDGE ( 'NONE', *, *, #2816, .T. ) ;
#2735 = EDGE_CURVE ( 'NONE', #2741, #2616, #2209, .T. ) ;
#2736 = ORIENTED_EDGE ( 'NONE', *, *, #84, .F. ) ;
#2737 = EDGE_CURVE ( 'NONE', #1438, #2979, #2214, .T. ) ;
#2738 = EDGE_LOOP ( 'NONE', ( #2592, #2558, #2722, #2581 ) ) ;
#2739 = VERTEX_POINT ( 'NONE', #2256 ) ;
#2740 = EDGE_LOOP ( 'NONE', ( #2876, #2776, #132, #152 ) ) ;
#2741 = VERTEX_POINT ( 'NONE', #2285 ) ;
#2742 = EDGE_LOOP ( 'NONE', ( #2951, #2143, #1582, #2627, #1638, #2648, #2717, #7, #2912, #2525, #91, #55, #2748, #1419, #1584, #2813, #2936, #2915, #2536, #51 ) ) ;
#2743 = ORIENTED_EDGE ( 'NONE', *, *, #2125, .T. ) ;
#2744 = ORIENTED_EDGE ( 'NONE', *, *, #1799, .F. ) ;
#2745 = VERTEX_POINT ( 'NONE', #2313 ) ;
#2746 = EDGE_LOOP ( 'NONE', ( #2507, #11 ) ) ;
#2747 = ORIENTED_EDGE ( 'NONE', *, *, #2591, .F. ) ;
#2748 = ORIENTED_EDGE ( 'NONE', *, *, #1241, .F. ) ;
#2749 = ADVANCED_FACE ( 'NONE', ( #2322 ), #2338, .T. ) ;
#2750 = EDGE_LOOP ( 'NONE', ( #98, #2665, #2687, #2873 ) ) ;
#2751 = ORIENTED_EDGE ( 'NONE', *, *, #2767, .F. ) ;
#2752 = VERTEX_POINT ( 'NONE', #2343 ) ;
#2753 = ADVANCED_FACE ( 'NONE', ( #2345 ), #2363, .T. ) ;
#2754 = EDGE_CURVE ( 'NONE', #2797, #2769, #2372, .T. ) ;
#2755 = ORIENTED_EDGE ( 'NONE', *, *, #36, .T. ) ;
#2756 = EDGE_CURVE ( 'NONE', #2787, #67, #2378, .T. ) ;
#2757 = ORIENTED_EDGE ( 'NONE', *, *, #2867, .T. ) ;
#2758 = EDGE_LOOP ( 'NONE', ( #662, #2676, #2497, #2870 ) ) ;
#2759 = ORIENTED_EDGE ( 'NONE', *, *, #49, .T. ) ;
#2760 = EDGE_LOOP ( 'NONE', ( #2705, #2938, #144, #2485 ) ) ;
#2761 = ORIENTED_EDGE ( 'NONE', *, *, #896, .F. ) ;
#2762 = EDGE_LOOP ( 'NONE', ( #2622, #2606, #1420, #1994 ) ) ;
#2763 = ORIENTED_EDGE ( 'NONE', *, *, #37, .T. ) ;
#2764 = EDGE_CURVE ( 'NONE', #2686, #2777, #2394, .T. ) ;
#2765 = ORIENTED_EDGE ( 'NONE', *, *, #2595, .F. ) ;
#2766 = EDGE_LOOP ( 'NONE', ( #2604, #1939, #378, #2808 ) ) ;
#2767 = EDGE_CURVE ( 'NONE', #2785, #2549, #2445, .T. ) ;
#2768 = VERTEX_POINT ( 'NONE', #2450 ) ;
#2769 = VERTEX_POINT ( 'NONE', #630 ) ;
#2770 = VERTEX_POINT ( 'NONE', #636 ) ;
#2771 = EDGE_CURVE ( 'NONE', #2643, #1438, #661, .T. ) ;
#2772 = EDGE_CURVE ( 'NONE', #2745, #2787, #667, .T. ) ;
#2773 = EDGE_LOOP ( 'NONE', ( #16, #12, #2654, #115 ) ) ;
#2774 = ORIENTED_EDGE ( 'NONE', *, *, #46, .T. ) ;
#2775 = ORIENTED_EDGE ( 'NONE', *, *, #2800, .T. ) ;
#2776 = ORIENTED_EDGE ( 'NONE', *, *, #2802, .T. ) ;
#2777 = VERTEX_POINT ( 'NONE', #686 ) ;
#2778 = ORIENTED_EDGE ( 'NONE', *, *, #53, .T. ) ;
#2779 = VERTEX_POINT ( 'NONE', #705 ) ;
#2780 = VERTEX_POINT ( 'NONE', #707 ) ;
#2781 = VERTEX_POINT ( 'NONE', #709 ) ;
#2782 = ADVANCED_FACE ( 'NONE', ( #710 ), #728, .F. ) ;
#2783 = VERTEX_POINT ( 'NONE', #756 ) ;
#2784 = ADVANCED_FACE ( 'NONE', ( #793 ), #812, .F. ) ;
#2785 = VERTEX_POINT ( 'NONE', #823 ) ;
#2786 = ORIENTED_EDGE ( 'NONE', *, *, #1457, .T. ) ;
#2787 = VERTEX_POINT ( 'NONE', #825 ) ;
#2788 = ORIENTED_EDGE ( 'NONE', *, *, #591, .F. ) ;
#2789 = EDGE_LOOP ( 'NONE', ( #2786, #2963, #1676, #1382 ) ) ;
#2790 = ORIENTED_EDGE ( 'NONE', *, *, #2821, .F. ) ;
#2791 = ORIENTED_EDGE ( 'NONE', *, *, #3, .T. ) ;
#2792 = ADVANCED_FACE ( 'NONE', ( #841 ), #860, .F. ) ;
#2793 = EDGE_CURVE ( 'NONE', #1438, #121, #865, .T. ) ;
#2794 = EDGE_CURVE ( 'NONE', #2719, #2739, #869, .T. ) ;
#2795 = EDGE_LOOP ( 'NONE', ( #2590, #2633, #2673, #2694 ) ) ;
#2796 = VERTEX_POINT ( 'NONE', #934 ) ;
#2797 = VERTEX_POINT ( 'NONE', #935 ) ;
#2798 = ORIENTED_EDGE ( 'NONE', *, *, #2967, .F. ) ;
#2799 = ADVANCED_FACE ( 'NONE', ( #979 ), #998, .F. ) ;
#2800 = EDGE_CURVE ( 'NONE', #2544, #2809, #1007, .T. ) ;
#2801 = EDGE_CURVE ( 'NONE', #2012, #2819, #1011, .T. ) ;
#2802 = EDGE_CURVE ( 'NONE', #2643, #2815, #1015, .T. ) ;
#2803 = EDGE_CURVE ( 'NONE', #2669, #2825, #1019, .T. ) ;
#2804 = ORIENTED_EDGE ( 'NONE', *, *, #434, .F. ) ;
#2805 = ORIENTED_EDGE ( 'NONE', *, *, #2512, .T. ) ;
#2806 = EDGE_CURVE ( 'NONE', #2521, #103, #1087, .T. ) ;
#2807 = EDGE_CURVE ( 'NONE', #4, #92, #1121, .T. ) ;
#2808 = ORIENTED_EDGE ( 'NONE', *, *, #2824, .T. ) ;
#2809 = VERTEX_POINT ( 'NONE', #1146 ) ;
#2810 = ORIENTED_EDGE ( 'NONE', *, *, #2517, .F. ) ;
#2811 = ORIENTED_EDGE ( 'NONE', *, *, #2837, .T. ) ;
#2812 = ORIENTED_EDGE ( 'NONE', *, *, #2823, .T. ) ;
#2813 = ORIENTED_EDGE ( 'NONE', *, *, #2735, .F. ) ;
#2814 = VERTEX_POINT ( 'NONE', #1160 ) ;
#2815 = VERTEX_POINT ( 'NONE', #1162 ) ;
#2816 = EDGE_CURVE ( 'NONE', #2482, #116, #1163, .T. ) ;
#2817 = VERTEX_POINT ( 'NONE', #1167 ) ;
#2818 = ORIENTED_EDGE ( 'NONE', *, *, #2839, .T. ) ;
#2819 = VERTEX_POINT ( 'NONE', #1170 ) ;
#2820 = ORIENTED_EDGE ( 'NONE', *, *, #2881, .F. ) ;
#2821 = EDGE_CURVE ( 'NONE', #9, #2625, #1171, .T. ) ;
#2822 = EDGE_CURVE ( 'NONE', #92, #1727, #1175, .T. ) ;
#2823 = EDGE_CURVE ( 'NONE', #41, #1440, #1179, .T. ) ;
#2824 = EDGE_CURVE ( 'NONE', #2493, #2566, #1184, .T. ) ;
#2825 = VERTEX_POINT ( 'NONE', #1188 ) ;
#2826 = ORIENTED_EDGE ( 'NONE', *, *, #2859, .F. ) ;
#2827 = ORIENTED_EDGE ( 'NONE', *, *, #1311, .T. ) ;
#2828 = ADVANCED_FACE ( 'NONE', ( #1232 ), #1233, .T. ) ;
#2829 = EDGE_CURVE ( 'NONE', #1921, #2961, #1252, .T. ) ;
#2830 = ORIENTED_EDGE ( 'NONE', *, *, #2014, .T. ) ;
#2831 = ORIENTED_EDGE ( 'NONE', *, *, #2854, .F. ) ;
#2832 = VERTEX_POINT ( 'NONE', #1256 ) ;
#2833 = ORIENTED_EDGE ( 'NONE', *, *, #2848, .T. ) ;
#2834 = ADVANCED_FACE ( 'NONE', ( #1320 ), #1321, .F. ) ;
#2835 = ORIENTED_EDGE ( 'NONE', *, *, #2929, .F. ) ;
#2836 = ORIENTED_EDGE ( 'NONE', *, *, #2695, .T. ) ;
#2837 = EDGE_CURVE ( 'NONE', #2616, #2741, #1343, .T. ) ;
#2838 = ORIENTED_EDGE ( 'NONE', *, *, #2660, .F. ) ;
#2839 = EDGE_CURVE ( 'NONE', #40, #1727, #1352, .T. ) ;
#2840 = ORIENTED_EDGE ( 'NONE', *, *, #2601, .F. ) ;
#2841 = VERTEX_POINT ( 'NONE', #1385 ) ;
#2842 = ORIENTED_EDGE ( 'NONE', *, *, #2821, .T. ) ;
#2843 = ORIENTED_EDGE ( 'NONE', *, *, #2577, .F. ) ;
#2844 = ORIENTED_EDGE ( 'NONE', *, *, #2853, .T. ) ;
#2845 = ORIENTED_EDGE ( 'NONE', *, *, #2881, .T. ) ;
#2846 = VERTEX_POINT ( 'NONE', #1391 ) ;
#2847 = ORIENTED_EDGE ( 'NONE', *, *, #2883, .T. ) ;
#2848 = EDGE_CURVE ( 'NONE', #2976, #2710, #1445, .T. ) ;
#2849 = ORIENTED_EDGE ( 'NONE', *, *, #2861, .T. ) ;
#2850 = ORIENTED_EDGE ( 'NONE', *, *, #2711, .F. ) ;
#2851 = ORIENTED_EDGE ( 'NONE', *, *, #53, .F. ) ;
#2852 = ORIENTED_EDGE ( 'NONE', *, *, #2867, .F. ) ;
#2853 = EDGE_CURVE ( 'NONE', #2783, #2871, #1539, .T. ) ;
#2854 = EDGE_CURVE ( 'NONE', #379, #2661, #1626, .T. ) ;
#2855 = ORIENTED_EDGE ( 'NONE', *, *, #2895, .F. ) ;
#2856 = ORIENTED_EDGE ( 'NONE', *, *, #26, .F. ) ;
#2857 = ORIENTED_EDGE ( 'NONE', *, *, #2824, .F. ) ;
#2858 = ORIENTED_EDGE ( 'NONE', *, *, #2495, .T. ) ;
#2859 = EDGE_CURVE ( 'NONE', #2506, #2515, #1646, .T. ) ;
#2860 = ORIENTED_EDGE ( 'NONE', *, *, #2729, .T. ) ;
#2861 = EDGE_CURVE ( 'NONE', #82, #2739, #1651, .T. ) ;
#2862 = ORIENTED_EDGE ( 'NONE', *, *, #2872, .T. ) ;
#2863 = ORIENTED_EDGE ( 'NONE', *, *, #1762, .F. ) ;
#2864 = ADVANCED_FACE ( 'NONE', ( #1702 ), #1703, .F. ) ;
#2865 = ADVANCED_FACE ( 'NONE', ( #1708 ), #1724, .T. ) ;
#2866 = ADVANCED_FACE ( 'NONE', ( #1730 ), #1731, .F. ) ;
#2867 = EDGE_CURVE ( 'NONE', #2745, #2825, #1748, .T. ) ;
#2868 = EDGE_CURVE ( 'NONE', #1416, #109, #1760, .T. ) ;
#2869 = ADVANCED_FACE ( 'NONE', ( #1767 ), #1768, .F. ) ;
#2870 = ORIENTED_EDGE ( 'NONE', *, *, #1084, .F. ) ;
#2871 = VERTEX_POINT ( 'NONE', #1783 ) ;
#2872 = EDGE_CURVE ( 'NONE', #2561, #103, #1790, .T. ) ;
#2873 = ORIENTED_EDGE ( 'NONE', *, *, #2891, .T. ) ;
#2874 = EDGE_LOOP ( 'NONE', ( #2981, #2962, #69, #1417 ) ) ;
#2875 = ADVANCED_FACE ( 'NONE', ( #1828 ), #1847, .T. ) ;
#2876 = ORIENTED_EDGE ( 'NONE', *, *, #2771, .F. ) ;
#2877 = EDGE_CURVE ( 'NONE', #2928, #65, #1888, .T. ) ;
#2878 = EDGE_CURVE ( 'NONE', #2781, #2664, #1893, .T. ) ;
#2879 = ORIENTED_EDGE ( 'NONE', *, *, #2892, .T. ) ;
#2880 = ADVANCED_FACE ( 'NONE', ( #1897 ), #1898, .T. ) ;
#2881 = EDGE_CURVE ( 'NONE', #67, #2902, #1904, .T. ) ;
#2882 = ADVANCED_FACE ( 'NONE', ( #1908, #1909 ), #1926, .T. ) ;
#2883 = EDGE_CURVE ( 'NONE', #2902, #2669, #1931, .T. ) ;
#2884 = ORIENTED_EDGE ( 'NONE', *, *, #2503, .T. ) ;
#2885 = ORIENTED_EDGE ( 'NONE', *, *, #2696, .F. ) ;
#2886 = ORIENTED_EDGE ( 'NONE', *, *, #2642, .T. ) ;
#2887 = ORIENTED_EDGE ( 'NONE', *, *, #2689, .T. ) ;
#2888 = ORIENTED_EDGE ( 'NONE', *, *, #2964, .T. ) ;
#2889 = ORIENTED_EDGE ( 'NONE', *, *, #2925, .T. ) ;
#2890 = ADVANCED_FACE ( 'NONE', ( #1982 ), #1983, .T. ) ;
#2891 = EDGE_CURVE ( 'NONE', #2841, #2817, #1988, .T. ) ;
#2892 = EDGE_CURVE ( 'NONE', #982, #13, #1993, .T. ) ;
#2893 = ORIENTED_EDGE ( 'NONE', *, *, #2950, .F. ) ;
#2894 = EDGE_CURVE ( 'NONE', #2768, #2644, #2034, .T. ) ;
#2895 = EDGE_CURVE ( 'NONE', #2625, #2777, #2039, .T. ) ;
#2896 = ORIENTED_EDGE ( 'NONE', *, *, #1675, .T. ) ;
#2897 = ORIENTED_EDGE ( 'NONE', *, *, #2593, .T. ) ;
#2898 = ADVANCED_FACE ( 'NONE', ( #153 ), #170, .F. ) ;
#2899 = ADVANCED_FACE ( 'NONE', ( #175 ), #176, .F. ) ;
#2900 = ORIENTED_EDGE ( 'NONE', *, *, #2914, .T. ) ;
#2901 = ADVANCED_FACE ( 'NONE', ( #192 ), #212, .T. ) ;
#2902 = VERTEX_POINT ( 'NONE', #228 ) ;
#2903 = ADVANCED_FACE ( 'NONE', ( #244 ), #263, .T. ) ;
#2904 = EDGE_CURVE ( 'NONE', #2770, #2752, #272, .T. ) ;
#2905 = EDGE_CURVE ( 'NONE', #2910, #38, #276, .T. ) ;
#2906 = ORIENTED_EDGE ( 'NONE', *, *, #2460, .F. ) ;
#2907 = ORIENTED_EDGE ( 'NONE', *, *, #2878, .T. ) ;
#2908 = EDGE_CURVE ( 'NONE', #1117, #2961, #290, .T. ) ;
#2909 = VERTEX_POINT ( 'NONE', #294 ) ;
#2910 = VERTEX_POINT ( 'NONE', #304 ) ;
#2911 = EDGE_CURVE ( 'NONE', #2979, #2718, #314, .T. ) ;
#2912 = ORIENTED_EDGE ( 'NONE', *, *, #838, .T. ) ;
#2913 = ORIENTED_EDGE ( 'NONE', *, *, #2052, .T. ) ;
#2914 = EDGE_CURVE ( 'NONE', #2909, #2618, #350, .T. ) ;
#2915 = ORIENTED_EDGE ( 'NONE', *, *, #2052, .F. ) ;
#2916 = ORIENTED_EDGE ( 'NONE', *, *, #2573, .T. ) ;
#2917 = ORIENTED_EDGE ( 'NONE', *, *, #2859, .T. ) ;
#2918 = ORIENTED_EDGE ( 'NONE', *, *, #2908, .F. ) ;
#2919 = EDGE_CURVE ( 'NONE', #2560, #2930, #375, .T. ) ;
#2920 = ORIENTED_EDGE ( 'NONE', *, *, #2935, .F. ) ;
#2921 = ORIENTED_EDGE ( 'NONE', *, *, #2531, .T. ) ;
#2922 = VERTEX_POINT ( 'NONE', #393 ) ;
#2923 = ORIENTED_EDGE ( 'NONE', *, *, #2908, .T. ) ;
#2924 = EDGE_CURVE ( 'NONE', #2955, #2928, #404, .T. ) ;
#2925 = EDGE_CURVE ( 'NONE', #2664, #1854, #446, .T. ) ;
#2926 = EDGE_CURVE ( 'NONE', #1312, #2551, #474, .T. ) ;
#2927 = ORIENTED_EDGE ( 'NONE', *, *, #2919, .F. ) ;
#2928 = VERTEX_POINT ( 'NONE', #478 ) ;
#2929 = EDGE_CURVE ( 'NONE', #2566, #2661, #479, .T. ) ;
#2930 = VERTEX_POINT ( 'NONE', #496 ) ;
#2931 = ORIENTED_EDGE ( 'NONE', *, *, #2598, .F. ) ;
#2932 = ORIENTED_EDGE ( 'NONE', *, *, #21, .T. ) ;
#2933 = ORIENTED_EDGE ( 'NONE', *, *, #2967, .T. ) ;
#2934 = ORIENTED_EDGE ( 'NONE', *, *, #2557, .T. ) ;
#2935 = EDGE_CURVE ( 'NONE', #982, #2980, #515, .T. ) ;
#2936 = ORIENTED_EDGE ( 'NONE', *, *, #137, .F. ) ;
#2937 = EDGE_CURVE ( 'NONE', #2546, #2922, #519, .T. ) ;
#2938 = ORIENTED_EDGE ( 'NONE', *, *, #2935, .T. ) ;
#2939 = VERTEX_POINT ( 'NONE', #533 ) ;
#2940 = ORIENTED_EDGE ( 'NONE', *, *, #2943, .T. ) ;
#2941 = ORIENTED_EDGE ( 'NONE', *, *, #2489, .F. ) ;
#2942 = ORIENTED_EDGE ( 'NONE', *, *, #2924, .F. ) ;
#2943 = EDGE_CURVE ( 'NONE', #120, #2071, #587, .T. ) ;
#2944 = ORIENTED_EDGE ( 'NONE', *, *, #2950, .T. ) ;
#2945 = EDGE_CURVE ( 'NONE', #2955, #2650, #641, .T. ) ;
#2946 = EDGE_CURVE ( 'NONE', #88, #107, #652, .T. ) ;
#2947 = CLOSED_SHELL ( 'NONE', ( #2634, #2691, #2487, #453, #2968, #2866, #148, #2799, #1672, #97, #30, #930, #2749, #2490, #714, #2441, #168, #33, #260, #2405, #2954, #2792, #2564, #2582, #2721, #2510, #2498, #2753, #1764, #592, #2865, #2903, #2623, #2869, #2784, #1237, #147, #556, #2504, #2626, #108, #2538, #15, #223, #858, #1242, #2720, #2782, #1837, #680, #2596, #2726, #2725, #62, #28, #1529, #2864, #2899, #1797, #1800, #2543, #2834, #821, #783, #2890, #573, #81, #146, #2880, #2638, #2882, #1872, #748, #1960, #2901, #2828, #2281, #2898, #2957, #2690, #2875 ) ) ;
#2948 = ORIENTED_EDGE ( 'NONE', *, *, #2958, .T. ) ;
#2949 = ORIENTED_EDGE ( 'NONE', *, *, #2972, .T. ) ;
#2950 = EDGE_CURVE ( 'NONE', #2768, #2780, #688, .T. ) ;
#2951 = ORIENTED_EDGE ( 'NONE', *, *, #2822, .F. ) ;
#2952 = ORIENTED_EDGE ( 'NONE', *, *, #151, .F. ) ;
#2953 = ORIENTED_EDGE ( 'NONE', *, *, #2591, .T. ) ;
#2954 = ADVANCED_FACE ( 'NONE', ( #694 ), #695, .F. ) ;
#2955 = VERTEX_POINT ( 'NONE', #700 ) ;
#2956 = EDGE_LOOP ( 'NONE', ( #2554, #2913, #2387, #2508, #126, #2031, #73, #90 ) ) ;
#2957 = ADVANCED_FACE ( 'NONE', ( #734 ), #751, .F. ) ;
#2958 = EDGE_CURVE ( 'NONE', #2817, #2832, #758, .T. ) ;
#2959 = EDGE_LOOP ( 'NONE', ( #6, #34, #2522, #839 ) ) ;
#2960 = ORIENTED_EDGE ( 'NONE', *, *, #2585, .F. ) ;
#2961 = VERTEX_POINT ( 'NONE', #826 ) ;
#2962 = ORIENTED_EDGE ( 'NONE', *, *, #2816, .F. ) ;
#2963 = ORIENTED_EDGE ( 'NONE', *, *, #2771, .T. ) ;
#2964 = EDGE_CURVE ( 'NONE', #2618, #2587, #873, .T. ) ;
#2965 = VERTEX_POINT ( 'NONE', #880 ) ;
#2966 = EDGE_LOOP ( 'NONE', ( #106, #50, #1565, #2923 ) ) ;
#2967 = EDGE_CURVE ( 'NONE', #2661, #2619, #936, .T. ) ;
#2968 = ADVANCED_FACE ( 'NONE', ( #940 ), #957, .T. ) ;
#2969 = EDGE_LOOP ( 'NONE', ( #44, #60, #1151, #2609 ) ) ;
#2970 = ORIENTED_EDGE ( 'NONE', *, *, #2972, .F. ) ;
#2971 = ORIENTED_EDGE ( 'NONE', *, *, #39, .T. ) ;
#2972 = EDGE_CURVE ( 'NONE', #2809, #2980, #1003, .T. ) ;
#2973 = ORIENTED_EDGE ( 'NONE', *, *, #224, .F. ) ;
#2974 = EDGE_LOOP ( 'NONE', ( #2827, #2860, #857, #1292 ) ) ;
#2975 = ORIENTED_EDGE ( 'NONE', *, *, #2488, .T. ) ;
#2976 = VERTEX_POINT ( 'NONE', #1051 ) ;
#2977 = ORIENTED_EDGE ( 'NONE', *, *, #2443, .F. ) ;
#2978 = EDGE_LOOP ( 'NONE', ( #2805, #2843, #2647, #1957 ) ) ;
#2979 = VERTEX_POINT ( 'NONE', #1126 ) ;
#2980 = VERTEX_POINT ( 'NONE', #1145 ) ;
#2981 = ORIENTED_EDGE ( 'NONE', *, *, #2985, .F. ) ;
#2982 = EDGE_LOOP ( 'NONE', ( #2818, #2884 ) ) ;
#2983 = EDGE_LOOP ( 'NONE', ( #2229, #2500, #2847, #2528 ) ) ;
#2984 = ORIENTED_EDGE ( 'NONE', *, *, #2088, .F. ) ;
#2985 = EDGE_CURVE ( 'NONE', #116, #2576, #1228, .T. ) ;
ENDSEC;
END-ISO-10303-21;

