ISO-10303-21;
HEADER;
FILE_DESCRIPTION (( 'STEP AP214' ),
    '1' );
FILE_NAME ('BG095-04-A-N-D.STEP',
    '2024-02-09T08:16:39',
    ( '' ),
    ( '' ),
    'SwSTEP 2.0',
    'SolidWorks 2021',
    '' );
FILE_SCHEMA (( 'AUTOMOTIVE_DESIGN' ));
ENDSEC;

DATA;
#1 = FACE_OUTER_BOUND ( 'NONE', #1219, .T. ) ;
#2 = PRODUCT_DEFINITION_SHAPE ( 'NONE', 'NONE',  #2183 ) ;
#3 = ITEM_DEFINED_TRANSFORMATION ( 'NONE', 'NONE', #1532,  #664 ) ;
#4 = DIRECTION ( 'NONE',  ( 1.000000000000000000, 0.000000000000000000, -1.548860246407863583E-16 ) ) ;
#5 = EDGE_CURVE ( 'NONE', #1988, #756, #144, .T. ) ;
#6 = ORIENTED_EDGE ( 'NONE', *, *, #1689, .T. ) ;
#7 = CARTESIAN_POINT ( 'NONE',  ( -4.729999999999999538, 0.000000000000000000, -0.5500000000000000444 ) ) ;
#8 = CARTESIAN_POINT ( 'NONE',  ( -2.889999999999999680, 0.000000000000000000, -0.5499999999999999334 ) ) ;
#9 = ADVANCED_FACE ( 'NONE', ( #1803 ), #1615, .T. ) ;
#10 = ORIENTED_EDGE ( 'NONE', *, *, #469, .F. ) ;
#11 = CARTESIAN_POINT ( 'NONE',  ( -3.459999999999999964, -2.725252258054537968, -0.1249999999999987510 ) ) ;
#12 = ORIENTED_EDGE ( 'NONE', *, *, #117, .F. ) ;
#13 = DIRECTION ( 'NONE',  ( 0.000000000000000000, 0.7071067811865475727, -0.7071067811865474617 ) ) ;
#14 = EDGE_CURVE ( 'NONE', #556, #1781, #1465, .T. ) ;
#15 = ADVANCED_FACE ( 'NONE', ( #1311 ), #2034, .F. ) ;
#16 = AXIS2_PLACEMENT_3D ( 'NONE', #1896, #1082, #1882 ) ;
#17 = CARTESIAN_POINT ( 'NONE',  ( -5.330000000000000959, 20.95843054456248566, 1.270000000000000240 ) ) ;
#18 = CARTESIAN_POINT ( 'NONE',  ( -5.330000000000001847, -1.252996408614168722, -0.5500000000000000444 ) ) ;
#19 = DIRECTION ( 'NONE',  ( 0.000000000000000000, 0.000000000000000000, 1.000000000000000000 ) ) ;
#20 = SHAPE_REPRESENTATION ( 'BG095-xxxx body_04', ( #664 ), #1593 ) ;
#21 = PLANE ( 'NONE',  #2157 ) ;
#22 = PLANE ( 'NONE',  #2132 ) ;
#23 = VECTOR ( 'NONE', #284, 1000.000000000000000 ) ;
#24 = VERTEX_POINT ( 'NONE', #1679 ) ;
#25 = AXIS2_PLACEMENT_3D ( 'NONE', #1214, #1737, #1065 ) ;
#26 = PLANE ( 'NONE',  #1250 ) ;
#27 = VERTEX_POINT ( 'NONE', #2165 ) ;
#28 = CARTESIAN_POINT ( 'NONE',  ( -3.459999999999999964, 4.699999999999998401, 0.3500000000000001998 ) ) ;
#29 = EDGE_CURVE ( 'NONE', #477, #27, #668, .T. ) ;
#30 = DIRECTION ( 'NONE',  ( 1.000000000000000000, 0.000000000000000000, -1.017075208710604412E-16 ) ) ;
#31 = LINE ( 'NONE', #232, #1965 ) ;
#32 = PLANE ( 'NONE',  #1964 ) ;
#33 =( NAMED_UNIT ( * ) SI_UNIT ( $, .STERADIAN. ) SOLID_ANGLE_UNIT ( ) );
#34 = EDGE_CURVE ( 'NONE', #318, #673, #2000, .T. ) ;
#35 = EDGE_LOOP ( 'NONE', ( #1748, #93, #2080, #1559 ) ) ;
#36 = DIRECTION ( 'NONE',  ( -0.5773502691896257311, 0.5773502691896257311, 0.5773502691896258421 ) ) ;
#37 = VECTOR ( 'NONE', #1869, 999.9999999999998863 ) ;
#38 = ORIENTED_EDGE ( 'NONE', *, *, #2125, .F. ) ;
#39 = VECTOR ( 'NONE', #121, 1000.000000000000000 ) ;
#40 = FACE_OUTER_BOUND ( 'NONE', #105, .T. ) ;
#41 = ORIENTED_EDGE ( 'NONE', *, *, #762, .F. ) ;
#42 = LINE ( 'NONE', #564, #285 ) ;
#43 = CARTESIAN_POINT ( 'NONE',  ( -2.189999999999999503, 1.703840481040529875, 0.5500000000000000444 ) ) ;
#44 = CARTESIAN_POINT ( 'NONE',  ( -4.059999999999999609, -3.000000000000000000, 0.1250000000000012490 ) ) ;
#45 = EDGE_CURVE ( 'NONE', #1911, #315, #354, .T. ) ;
#46 = ORIENTED_EDGE ( 'NONE', *, *, #34, .T. ) ;
#47 = CARTESIAN_POINT ( 'NONE',  ( -3.459999999999999964, 2.000000000000000000, 0.3500000000000001998 ) ) ;
#48 = ORIENTED_EDGE ( 'NONE', *, *, #959, .T. ) ;
#49 =( NAMED_UNIT ( * ) PLANE_ANGLE_UNIT ( ) SI_UNIT ( $, .RADIAN. ) );
#50 = ORIENTED_EDGE ( 'NONE', *, *, #1498, .F. ) ;
#51 = FACE_OUTER_BOUND ( 'NONE', #1646, .T. ) ;
#52 = DIRECTION ( 'NONE',  ( 0.000000000000000000, 0.000000000000000000, 1.000000000000000000 ) ) ;
#53 = DIRECTION ( 'NONE',  ( 1.000000000000000000, 0.000000000000000000, 0.000000000000000000 ) ) ;
#54 = AXIS2_PLACEMENT_3D ( 'NONE', #1072, #1677, #375 ) ;
#55 = LINE ( 'NONE', #915, #1765 ) ;
#56 = EDGE_LOOP ( 'NONE', ( #430, #530, #1157, #1684 ) ) ;
#57 = CARTESIAN_POINT ( 'NONE',  ( -2.189999999999999503, 0.000000000000000000, -0.5500000000000000444 ) ) ;
#58 = AXIS2_PLACEMENT_3D ( 'NONE', #1478, #1661, #656 ) ;
#59 = VERTEX_POINT ( 'NONE', #873 ) ;
#60 = DIRECTION ( 'NONE',  ( 0.000000000000000000, -0.000000000000000000, 1.000000000000000000 ) ) ;
#61 = VECTOR ( 'NONE', #1483, 1000.000000000000000 ) ;
#62 = EDGE_LOOP ( 'NONE', ( #1621, #277, #928, #407 ) ) ;
#63 = CARTESIAN_POINT ( 'NONE',  ( -3.459999999999999964, 2.000000000000000000, -0.3499999999999997558 ) ) ;
#64 = DIRECTION ( 'NONE',  ( 0.000000000000000000, 0.000000000000000000, -1.000000000000000000 ) ) ;
#65 = CARTESIAN_POINT ( 'NONE',  ( 2.190000000000000391, 1.703840481040529875, 0.5500000000000001554 ) ) ;
#66 =( LENGTH_UNIT ( ) NAMED_UNIT ( * ) SI_UNIT ( .MILLI., .METRE. ) );
#67 = EDGE_CURVE ( 'NONE', #1670, #477, #1172, .T. ) ;
#68 = DIRECTION ( 'NONE',  ( 0.000000000000000000, 0.000000000000000000, -1.000000000000000000 ) ) ;
#69 = FACE_OUTER_BOUND ( 'NONE', #2038, .T. ) ;
#70 = ORIENTED_EDGE ( 'NONE', *, *, #422, .T. ) ;
#71 = CARTESIAN_POINT ( 'NONE',  ( 0.9199999999999998179, 4.699999999999998401, 0.3500000000000001998 ) ) ;
#72 = CARTESIAN_POINT ( 'NONE',  ( -4.160000000000000142, -3.000000000000000000, 0.1250000000000012490 ) ) ;
#73 = LINE ( 'NONE', #922, #665 ) ;
#74 = AXIS2_PLACEMENT_3D ( 'NONE', #1516, #186, #553 ) ;
#75 = CARTESIAN_POINT ( 'NONE',  ( 0.000000000000000000, 0.000000000000000000, 0.000000000000000000 ) ) ;
#76 = VERTEX_POINT ( 'NONE', #1051 ) ;
#77 = EDGE_CURVE ( 'NONE', #1837, #1505, #501, .T. ) ;
#78 = EDGE_CURVE ( 'NONE', #1322, #948, #841, .T. ) ;
#79 = EDGE_CURVE ( 'NONE', #294, #279, #1345, .T. ) ;
#80 = PLANE ( 'NONE',  #1688 ) ;
#81 = VERTEX_POINT ( 'NONE', #2009 ) ;
#82 = ORIENTED_EDGE ( 'NONE', *, *, #568, .T. ) ;
#83 = CARTESIAN_POINT ( 'NONE',  ( 1.920000000000001927, 5.000000000000000000, 0.3500000000000001998 ) ) ;
#84 = CARTESIAN_POINT ( 'NONE',  ( 0.9199999999999998179, 4.699999999999998401, -0.3499999999999997558 ) ) ;
#85 = LINE ( 'NONE', #243, #1420 ) ;
#86 = VECTOR ( 'NONE', #829, 1000.000000000000000 ) ;
#87 = AXIS2_PLACEMENT_3D ( 'NONE', #89, #776, #620 ) ;
#88 = ORIENTED_EDGE ( 'NONE', *, *, #304, .F. ) ;
#89 = CARTESIAN_POINT ( 'NONE',  ( -4.160000000000000142, -2.725252258054537080, 0.1250000000000012490 ) ) ;
#90 = ORIENTED_EDGE ( 'NONE', *, *, #1471, .T. ) ;
#91 = VECTOR ( 'NONE', #1617, 1000.000000000000000 ) ;
#92 = VECTOR ( 'NONE', #223, 1000.000000000000000 ) ;
#93 = ORIENTED_EDGE ( 'NONE', *, *, #2026, .F. ) ;
#94 = DIRECTION ( 'NONE',  ( 0.000000000000000000, 0.000000000000000000, -1.000000000000000000 ) ) ;
#95 = DIRECTION ( 'NONE',  ( 0.000000000000000000, 0.000000000000000000, -1.000000000000000000 ) ) ;
#96 = AXIS2_PLACEMENT_3D ( 'NONE', #677, #817, #1453 ) ;
#97 = CARTESIAN_POINT ( 'NONE',  ( 2.890000000000000568, 1.703840481040529875, 0.5500000000000000444 ) ) ;
#98 = EDGE_CURVE ( 'NONE', #778, #756, #1659, .T. ) ;
#99 = ORIENTED_EDGE ( 'NONE', *, *, #2060, .F. ) ;
#100 = CARTESIAN_POINT ( 'NONE',  ( 2.540000000000000036, 0.000000000000000000, 0.000000000000000000 ) ) ;
#101 = AXIS2_PLACEMENT_3D ( 'NONE', #100, #2117, #761 ) ;
#102 = ORIENTED_EDGE ( 'NONE', *, *, #721, .T. ) ;
#103 = LINE ( 'NONE', #1118, #1910 ) ;
#104 = EDGE_CURVE ( 'NONE', #805, #736, #711, .T. ) ;
#105 = EDGE_LOOP ( 'NONE', ( #1642, #1009, #1429, #895 ) ) ;
#106 = CARTESIAN_POINT ( 'NONE',  ( 4.159999999999999254, 4.699999999999998401, -0.3499999999999997558 ) ) ;
#107 = CARTESIAN_POINT ( 'NONE',  ( 2.890000000000000568, 1.703840481040529875, -0.5500000000000000444 ) ) ;
#108 = EDGE_CURVE ( 'NONE', #673, #1761, #1834, .T. ) ;
#109 = DIRECTION ( 'NONE',  ( -1.000000000000000000, 0.000000000000000000, 1.548860246407863583E-16 ) ) ;
#110 = EDGE_CURVE ( 'NONE', #836, #950, #513, .T. ) ;
#111 = EDGE_CURVE ( 'NONE', #1854, #941, #690, .T. ) ;
#112 = SURFACE_STYLE_USAGE ( .BOTH. , #2133 ) ;
#113 = AXIS2_PLACEMENT_3D ( 'NONE', #1404, #2071, #575 ) ;
#114 = VERTEX_POINT ( 'NONE', #1487 ) ;
#115 = DIRECTION ( 'NONE',  ( 0.000000000000000000, 0.000000000000000000, -1.000000000000000000 ) ) ;
#116 = EDGE_CURVE ( 'NONE', #2160, #1103, #1860, .T. ) ;
#117 = EDGE_CURVE ( 'NONE', #1258, #2024, #2019, .T. ) ;
#118 = VERTEX_POINT ( 'NONE', #365 ) ;
#119 = CARTESIAN_POINT ( 'NONE',  ( 4.729999999999999538, -1.252996408614168722, 0.5500000000000013767 ) ) ;
#120 = ORIENTED_EDGE ( 'NONE', *, *, #373, .F. ) ;
#121 = DIRECTION ( 'NONE',  ( -0.000000000000000000, 1.000000000000000000, -0.000000000000000000 ) ) ;
#122 = LINE ( 'NONE', #992, #1699 ) ;
#123 = PRESENTATION_STYLE_ASSIGNMENT (( #1753 ) ) ;
#124 = DIRECTION ( 'NONE',  ( 0.000000000000000000, 0.000000000000000000, 1.000000000000000000 ) ) ;
#125 = ORIENTED_EDGE ( 'NONE', *, *, #1728, .F. ) ;
#126 = CARTESIAN_POINT ( 'NONE',  ( 2.190000000000000391, 0.3999999999999999667, 0.5500000000000001554 ) ) ;
#127 = CARTESIAN_POINT ( 'NONE',  ( -4.160000000000000142, 2.000000000000000000, 0.3500000000000001998 ) ) ;
#128 = ORIENTED_EDGE ( 'NONE', *, *, #2014, .T. ) ;
#129 = ORIENTED_EDGE ( 'NONE', *, *, #896, .F. ) ;
#130 = CARTESIAN_POINT ( 'NONE',  ( 5.330000000000000959, 0.4000000000000000222, -1.270000000000001128 ) ) ;
#131 = PLANE ( 'NONE',  #908 ) ;
#132 = CARTESIAN_POINT ( 'NONE',  ( -0.3499999999999996447, 1.703840481040529875, 0.5500000000000001554 ) ) ;
#133 = AXIS2_PLACEMENT_3D ( 'NONE', #1347, #176, #515 ) ;
#134 = ORIENTED_EDGE ( 'NONE', *, *, #2125, .T. ) ;
#135 = CARTESIAN_POINT ( 'NONE',  ( 3.459999999999999076, 2.000000000000000000, 0.3500000000000001998 ) ) ;
#136 = PRODUCT_DEFINITION_FORMATION_WITH_SPECIFIED_SOURCE ( 'ANY', '', #1154, .NOT_KNOWN. ) ;
#137 = CARTESIAN_POINT ( 'NONE',  ( -3.459999999999999964, -6.743303437365925745, 0.1250000000000012490 ) ) ;
#138 = ORIENTED_EDGE ( 'NONE', *, *, #797, .F. ) ;
#139 = ORIENTED_EDGE ( 'NONE', *, *, #731, .F. ) ;
#140 = CARTESIAN_POINT ( 'NONE',  ( -4.160000000000000142, -2.725252258054537080, -0.1249999999999987510 ) ) ;
#141 = FACE_OUTER_BOUND ( 'NONE', #1038, .T. ) ;
#142 = DIRECTION ( 'NONE',  ( 0.000000000000000000, 0.000000000000000000, -1.000000000000000000 ) ) ;
#143 = SHAPE_DEFINITION_REPRESENTATION ( #999, #20 ) ;
#144 = LINE ( 'NONE', #2134, #580 ) ;
#145 = LINE ( 'NONE', #504, #907 ) ;
#146 = PRODUCT_DEFINITION ( 'UNKNOWN', '', #495, #657 ) ;
#147 = DIRECTION ( 'NONE',  ( 0.000000000000000000, 0.7071067811865475727, 0.7071067811865474617 ) ) ;
#148 = ORIENTED_EDGE ( 'NONE', *, *, #404, .F. ) ;
#149 = ADVANCED_FACE ( 'NONE', ( #1041 ), #1687, .F. ) ;
#150 = DIRECTION ( 'NONE',  ( 0.000000000000000000, 0.000000000000000000, -1.000000000000000000 ) ) ;
#151 = EDGE_LOOP ( 'NONE', ( #1827, #2123, #182, #1798 ) ) ;
#152 = DIRECTION ( 'NONE',  ( -1.000000000000000000, 0.000000000000000000, -0.000000000000000000 ) ) ;
#153 = CARTESIAN_POINT ( 'NONE',  ( -4.160000000000000142, -2.725252258054537080, -0.1249999999999987510 ) ) ;
#154 = DIRECTION ( 'NONE',  ( -1.000000000000000000, 0.000000000000000000, 0.000000000000000000 ) ) ;
#155 = CARTESIAN_POINT ( 'NONE',  ( -3.459999999999999964, -6.743303437365925745, 0.1250000000000012490 ) ) ;
#156 = VERTEX_POINT ( 'NONE', #860 ) ;
#157 = AXIS2_PLACEMENT_3D ( 'NONE', #1998, #2152, #1637 ) ;
#158 = FACE_OUTER_BOUND ( 'NONE', #508, .T. ) ;
#159 = EDGE_LOOP ( 'NONE', ( #1101, #2070, #1177, #788 ) ) ;
#160 = CARTESIAN_POINT ( 'NONE',  ( -2.189999999999999503, 1.703840481040529875, 0.5500000000000000444 ) ) ;
#161 = PLANE ( 'NONE',  #157 ) ;
#162 = ADVANCED_FACE ( 'NONE', ( #1531 ), #32, .T. ) ;
#163 = CARTESIAN_POINT ( 'NONE',  ( -1.620000000000000329, 2.000000000000000000, -0.3499999999999997558 ) ) ;
#164 = VECTOR ( 'NONE', #1681, 1000.000000000000000 ) ;
#165 = LINE ( 'NONE', #2022, #1366 ) ;
#166 = PRODUCT_DEFINITION_SHAPE ( 'NONE', 'NONE',  #2182 ) ;
#167 = AXIS2_PLACEMENT_3D ( 'NONE', #1734, #586, #1574 ) ;
#168 = ORIENTED_EDGE ( 'NONE', *, *, #67, .T. ) ;
#169 = DIRECTION ( 'NONE',  ( -0.000000000000000000, 1.000000000000000000, -0.000000000000000000 ) ) ;
#170 = VERTEX_POINT ( 'NONE', #1736 ) ;
#171 = CARTESIAN_POINT ( 'NONE',  ( 2.890000000000000568, 1.703840481040529875, -0.5500000000000000444 ) ) ;
#172 = ADVANCED_FACE ( 'NONE', ( #730 ), #1743, .T. ) ;
#173 = LINE ( 'NONE', #2049, #1831 ) ;
#174 = DIRECTION ( 'NONE',  ( 0.000000000000000000, 0.000000000000000000, -1.000000000000000000 ) ) ;
#175 = EDGE_CURVE ( 'NONE', #318, #821, #1245, .T. ) ;
#176 = DIRECTION ( 'NONE',  ( -1.000000000000000000, 0.000000000000000000, -0.000000000000000000 ) ) ;
#177 = ORIENTED_EDGE ( 'NONE', *, *, #77, .T. ) ;
#178 = EDGE_CURVE ( 'NONE', #725, #693, #720, .T. ) ;
#179 = VECTOR ( 'NONE', #872, 1000.000000000000000 ) ;
#180 = EDGE_CURVE ( 'NONE', #254, #1670, #420, .T. ) ;
#181 = CARTESIAN_POINT ( 'NONE',  ( 2.190000000000000391, 0.000000000000000000, 0.5500000000000001554 ) ) ;
#182 = ORIENTED_EDGE ( 'NONE', *, *, #2014, .F. ) ;
#183 = FILL_AREA_STYLE ('',( #1536 ) ) ;
#184 = FACE_OUTER_BOUND ( 'NONE', #1631, .T. ) ;
#185 = PRODUCT_DEFINITION_SHAPE ( 'NONE', 'NONE',  #2180 ) ;
#186 = DIRECTION ( 'NONE',  ( 0.7071067811865475727, 0.7071067811865475727, 0.000000000000000000 ) ) ;
#187 = DIRECTION ( 'NONE',  ( 0.000000000000000000, -1.000000000000000000, 0.000000000000000000 ) ) ;
#188 = VECTOR ( 'NONE', #645, 1000.000000000000000 ) ;
#189 = CARTESIAN_POINT ( 'NONE',  ( -3.459999999999999964, 2.000000000000000000, -0.3499999999999997558 ) ) ;
#190 = CARTESIAN_POINT ( 'NONE',  ( 1.620000000000000329, 4.699999999999998401, 0.3500000000000001998 ) ) ;
#191 = VERTEX_POINT ( 'NONE', #44 ) ;
#192 = LINE ( 'NONE', #1021, #900 ) ;
#193 = VECTOR ( 'NONE', #1313, 1000.000000000000000 ) ;
#194 = VERTEX_POINT ( 'NONE', #1063 ) ;
#195 = DIRECTION ( 'NONE',  ( 0.3420201433256712109, -0.9396926207859074287, -0.000000000000000000 ) ) ;
#196 = VECTOR ( 'NONE', #1724, 1000.000000000000000 ) ;
#197 = DIRECTION ( 'NONE',  ( 0.000000000000000000, 0.000000000000000000, -1.000000000000000000 ) ) ;
#198 = CARTESIAN_POINT ( 'NONE',  ( 0.9199999999999998179, 4.699999999999998401, -0.3499999999999997558 ) ) ;
#199 = DIRECTION ( 'NONE',  ( 0.000000000000000000, -0.000000000000000000, -1.000000000000000000 ) ) ;
#200 = ADVANCED_FACE ( 'NONE', ( #411 ), #1712, .F. ) ;
#201 = AXIS2_PLACEMENT_3D ( 'NONE', #962, #1558, #798 ) ;
#202 = VECTOR ( 'NONE', #36, 999.9999999999998863 ) ;
#203 = ORIENTED_EDGE ( 'NONE', *, *, #343, .T. ) ;
#204 = VECTOR ( 'NONE', #195, 1000.000000000000000 ) ;
#205 = CARTESIAN_POINT ( 'NONE',  ( -4.160000000000000142, 0.4000000000000000222, 0.1250000000000012490 ) ) ;
#206 = VERTEX_POINT ( 'NONE', #906 ) ;
#207 = DIRECTION ( 'NONE',  ( -1.000000000000000000, 0.000000000000000000, -0.000000000000000000 ) ) ;
#208 = VERTEX_POINT ( 'NONE', #535 ) ;
#209 = DIRECTION ( 'NONE',  ( -0.000000000000000000, 0.000000000000000000, 1.000000000000000000 ) ) ;
#210 = LINE ( 'NONE', #1192, #1643 ) ;
#211 = DIRECTION ( 'NONE',  ( 1.000000000000000000, -0.000000000000000000, 0.000000000000000000 ) ) ;
#212 = EDGE_CURVE ( 'NONE', #1499, #1544, #883, .T. ) ;
#213 = LINE ( 'NONE', #1246, #1155 ) ;
#214 = UNCERTAINTY_MEASURE_WITH_UNIT (LENGTH_MEASURE( 1.000000000000000082E-05 ), #2035, 'distance_accuracy_value', 'NONE');
#215 = ORIENTED_EDGE ( 'NONE', *, *, #1379, .F. ) ;
#216 = LINE ( 'NONE', #1534, #588 ) ;
#217 = ORIENTED_EDGE ( 'NONE', *, *, #276, .T. ) ;
#218 = VECTOR ( 'NONE', #2064, 1000.000000000000000 ) ;
#219 = DIRECTION ( 'NONE',  ( -0.000000000000000000, 0.000000000000000000, 1.000000000000000000 ) ) ;
#220 = ORIENTED_EDGE ( 'NONE', *, *, #1749, .T. ) ;
#221 = CARTESIAN_POINT ( 'NONE',  ( 0.3500000000000004774, 1.703840481040529875, 0.5500000000000000444 ) ) ;
#222 = LINE ( 'NONE', #390, #1408 ) ;
#223 = DIRECTION ( 'NONE',  ( -1.000000000000000000, 0.000000000000000000, 0.000000000000000000 ) ) ;
#224 = APPLICATION_CONTEXT ( 'automotive_design' ) ;
#225 =( NAMED_UNIT ( * ) PLANE_ANGLE_UNIT ( ) SI_UNIT ( $, .RADIAN. ) );
#226 = ORIENTED_EDGE ( 'NONE', *, *, #958, .T. ) ;
#227 = DIRECTION ( 'NONE',  ( -0.000000000000000000, 1.000000000000000000, -0.000000000000000000 ) ) ;
#228 = ORIENTED_EDGE ( 'NONE', *, *, #1064, .T. ) ;
#229 = LINE ( 'NONE', #1402, #1630 ) ;
#230 = EDGE_LOOP ( 'NONE', ( #869, #1412, #695, #1383 ) ) ;
#231 = DIRECTION ( 'NONE',  ( -0.000000000000000000, -0.000000000000000000, 1.000000000000000000 ) ) ;
#232 = CARTESIAN_POINT ( 'NONE',  ( -5.330000000000000959, 0.4000000000000000222, 1.270000000000000240 ) ) ;
#233 = DIRECTION ( 'NONE',  ( -0.000000000000000000, -1.000000000000000000, -0.000000000000000000 ) ) ;
#234 = VECTOR ( 'NONE', #694, 999.9999999999998863 ) ;
#235 = EDGE_CURVE ( 'NONE', #1696, #1469, #85, .T. ) ;
#236 = FILL_AREA_STYLE_COLOUR ( '', #1875 ) ;
#237 = MECHANICAL_DESIGN_GEOMETRIC_PRESENTATION_REPRESENTATION (  '', ( #735 ), #1528 ) ;
#238 = CARTESIAN_POINT ( 'NONE',  ( -0.6199999999999981082, 5.000000000000000000, -0.6500000000000014655 ) ) ;
#239 = VERTEX_POINT ( 'NONE', #1264 ) ;
#240 = DIRECTION ( 'NONE',  ( 0.000000000000000000, 0.000000000000000000, -1.000000000000000000 ) ) ;
#241 = DIRECTION ( 'NONE',  ( -1.000000000000000000, 0.000000000000000000, -0.000000000000000000 ) ) ;
#242 = EDGE_CURVE ( 'NONE', #670, #59, #752, .T. ) ;
#243 = CARTESIAN_POINT ( 'NONE',  ( -4.160000000000000142, 2.000000000000000000, 0.3500000000000001998 ) ) ;
#244 = SURFACE_STYLE_USAGE ( .BOTH. , #1566 ) ;
#245 = ORIENTED_EDGE ( 'NONE', *, *, #925, .F. ) ;
#246 = EDGE_CURVE ( 'NONE', #590, #897, #914, .T. ) ;
#247 = DIRECTION ( 'NONE',  ( 2.365532012695645428E-15, 0.000000000000000000, -1.000000000000000000 ) ) ;
#248 = SHAPE_REPRESENTATION ( 'BG095-04-A-N-D', ( #985, #1601, #1532, #101, #1703, #704 ), #1917 ) ;
#249 = VECTOR ( 'NONE', #524, 1000.000000000000000 ) ;
#250 = VERTEX_POINT ( 'NONE', #893 ) ;
#251 = FACE_OUTER_BOUND ( 'NONE', #1586, .T. ) ;
#252 = DIRECTION ( 'NONE',  ( -1.000000000000000000, -0.000000000000000000, -0.000000000000000000 ) ) ;
#253 = CARTESIAN_POINT ( 'NONE',  ( 0.9199999999999998179, 4.699999999999998401, -0.3499999999999997558 ) ) ;
#254 = VERTEX_POINT ( 'NONE', #1575 ) ;
#255 = FACE_OUTER_BOUND ( 'NONE', #2156, .T. ) ;
#256 = EDGE_CURVE ( 'NONE', #114, #2127, #73, .T. ) ;
#257 = ORIENTED_EDGE ( 'NONE', *, *, #1629, .F. ) ;
#258 = DIRECTION ( 'NONE',  ( 1.577021341797097018E-15, 0.000000000000000000, -1.000000000000000000 ) ) ;
#259 = DIRECTION ( 'NONE',  ( 1.548860246407863583E-16, -0.000000000000000000, 1.000000000000000000 ) ) ;
#260 = CARTESIAN_POINT ( 'NONE',  ( 0.9199999999999998179, 2.000000000000000000, 0.3500000000000001998 ) ) ;
#261 = VECTOR ( 'NONE', #2012, 1000.000000000000000 ) ;
#262 = CARTESIAN_POINT ( 'NONE',  ( 0.000000000000000000, 0.000000000000000000, 0.000000000000000000 ) ) ;
#263 = ORIENTED_EDGE ( 'NONE', *, *, #1569, .T. ) ;
#264 = EDGE_CURVE ( 'NONE', #590, #2127, #2083, .T. ) ;
#265 = ORIENTED_EDGE ( 'NONE', *, *, #1415, .T. ) ;
#266 = DIRECTION ( 'NONE',  ( 0.000000000000000000, 1.000000000000000000, 0.000000000000000000 ) ) ;
#267 = ORIENTED_EDGE ( 'NONE', *, *, #1035, .F. ) ;
#268 = VECTOR ( 'NONE', #455, 1000.000000000000000 ) ;
#269 = EDGE_LOOP ( 'NONE', ( #1784, #991, #2111, #1259 ) ) ;
#270 = DIRECTION ( 'NONE',  ( 0.000000000000000000, 0.000000000000000000, -1.000000000000000000 ) ) ;
#271 = FACE_OUTER_BOUND ( 'NONE', #1201, .T. ) ;
#272 = VECTOR ( 'NONE', #1273, 1000.000000000000000 ) ;
#273 = PLANE ( 'NONE',  #1427 ) ;
#274 = ORIENTED_EDGE ( 'NONE', *, *, #1350, .F. ) ;
#275 = DIRECTION ( 'NONE',  ( 1.000000000000000000, 0.000000000000000000, 0.000000000000000000 ) ) ;
#276 = EDGE_CURVE ( 'NONE', #2102, #477, #587, .T. ) ;
#277 = ORIENTED_EDGE ( 'NONE', *, *, #5, .F. ) ;
#278 = LINE ( 'NONE', #1792, #592 ) ;
#279 = VERTEX_POINT ( 'NONE', #745 ) ;
#280 = DIRECTION ( 'NONE',  ( 0.000000000000000000, 0.000000000000000000, -1.000000000000000000 ) ) ;
#281 = ORIENTED_EDGE ( 'NONE', *, *, #1320, .T. ) ;
#282 = CARTESIAN_POINT ( 'NONE',  ( 1.620000000000000329, 2.000000000000000000, -0.3499999999999997558 ) ) ;
#283 = CARTESIAN_POINT ( 'NONE',  ( -4.160000000000000142, 4.699999999999998401, 0.3500000000000001998 ) ) ;
#284 = DIRECTION ( 'NONE',  ( 0.000000000000000000, 0.000000000000000000, 1.000000000000000000 ) ) ;
#285 = VECTOR ( 'NONE', #1233, 1000.000000000000000 ) ;
#286 = VERTEX_POINT ( 'NONE', #1424 ) ;
#287 = LINE ( 'NONE', #2002, #874 ) ;
#288 = DIRECTION ( 'NONE',  ( 1.000000000000000000, -0.000000000000000000, 0.000000000000000000 ) ) ;
#289 = ORIENTED_EDGE ( 'NONE', *, *, #739, .F. ) ;
#290 = ORIENTED_EDGE ( 'NONE', *, *, #832, .F. ) ;
#291 = CARTESIAN_POINT ( 'NONE',  ( 5.330000000000000959, 0.4000000000000000222, -0.5499999999999990452 ) ) ;
#292 = LINE ( 'NONE', #499, #1878 ) ;
#293 = DIRECTION ( 'NONE',  ( 1.000000000000000000, 0.000000000000000000, -1.548860246407863583E-16 ) ) ;
#294 = VERTEX_POINT ( 'NONE', #1551 ) ;
#295 = AXIS2_PLACEMENT_3D ( 'NONE', #1352, #1841, #348 ) ;
#296 = DIRECTION ( 'NONE',  ( -0.000000000000000000, -1.000000000000000000, -0.000000000000000000 ) ) ;
#297 = COLOUR_RGB ( '',0.9686274509803921573, 0.8784313725490195957, 0.5999999999999999778 ) ;
#298 = DIRECTION ( 'NONE',  ( -0.000000000000000000, 0.000000000000000000, 1.000000000000000000 ) ) ;
#299 = EDGE_LOOP ( 'NONE', ( #685, #1919, #598, #1079 ) ) ;
#300 = VERTEX_POINT ( 'NONE', #1584 ) ;
#301 = PLANE ( 'NONE',  #851 ) ;
#302 = DIRECTION ( 'NONE',  ( 0.000000000000000000, 0.000000000000000000, -1.000000000000000000 ) ) ;
#303 = VECTOR ( 'NONE', #53, 1000.000000000000000 ) ;
#304 = EDGE_CURVE ( 'NONE', #1639, #1394, #1406, .T. ) ;
#305 = DIRECTION ( 'NONE',  ( 1.000000000000000000, -0.000000000000000000, -0.000000000000000000 ) ) ;
#306 = PRODUCT ( 'BG095-04-A-N-D', 'BG095-04-A-N-D', '', ( #1916 ) ) ;
#307 = AXIS2_PLACEMENT_3D ( 'NONE', #1240, #2068, #1778 ) ;
#308 = DIRECTION ( 'NONE',  ( -0.7071067811865475727, 0.7071067811865475727, 0.000000000000000000 ) ) ;
#309 = LINE ( 'NONE', #2177, #936 ) ;
#310 = ADVANCED_FACE ( 'NONE', ( #1255 ), #759, .F. ) ;
#311 = PLANE ( 'NONE',  #295 ) ;
#312 = LINE ( 'NONE', #1977, #1757 ) ;
#313 = ORIENTED_EDGE ( 'NONE', *, *, #1400, .F. ) ;
#314 = PLANE ( 'NONE',  #332 ) ;
#315 = VERTEX_POINT ( 'NONE', #1091 ) ;
#316 = CARTESIAN_POINT ( 'NONE',  ( 0.9199999999999998179, 4.699999999999998401, 0.3500000000000001998 ) ) ;
#317 = DIRECTION ( 'NONE',  ( 0.000000000000000000, 0.7071067811865475727, 0.7071067811865474617 ) ) ;
#318 = VERTEX_POINT ( 'NONE', #1922 ) ;
#319 = AXIS2_PLACEMENT_3D ( 'NONE', #871, #209, #1357 ) ;
#320 = DIRECTION ( 'NONE',  ( 0.5773502691896257311, -0.5773502691896257311, 0.5773502691896258421 ) ) ;
#321 = ORIENTED_EDGE ( 'NONE', *, *, #1355, .T. ) ;
#322 = DIRECTION ( 'NONE',  ( 1.577021341797097215E-15, 0.000000000000000000, -1.000000000000000000 ) ) ;
#323 = EDGE_CURVE ( 'NONE', #59, #1230, #1702, .T. ) ;
#324 = VERTEX_POINT ( 'NONE', #1934 ) ;
#325 = DIRECTION ( 'NONE',  ( -0.000000000000000000, 1.000000000000000000, -0.000000000000000000 ) ) ;
#326 = DIRECTION ( 'NONE',  ( 0.000000000000000000, 0.000000000000000000, -1.000000000000000000 ) ) ;
#327 = CARTESIAN_POINT ( 'NONE',  ( -4.160000000000000142, 4.699999999999998401, -0.3499999999999997558 ) ) ;
#328 = FACE_OUTER_BOUND ( 'NONE', #347, .T. ) ;
#329 = AXIS2_PLACEMENT_3D ( 'NONE', #1028, #187, #199 ) ;
#330 = EDGE_CURVE ( 'NONE', #725, #1740, #1764, .T. ) ;
#331 = ORIENTED_EDGE ( 'NONE', *, *, #1350, .T. ) ;
#332 = AXIS2_PLACEMENT_3D ( 'NONE', #990, #150, #660 ) ;
#333 = CARTESIAN_POINT ( 'NONE',  ( -3.459999999999999964, 0.4000000000000000222, 0.1250000000000012490 ) ) ;
#334 = ADVANCED_FACE ( 'NONE', ( #1592 ), #273, .F. ) ;
#335 = ORIENTED_EDGE ( 'NONE', *, *, #945, .F. ) ;
#336 = CARTESIAN_POINT ( 'NONE',  ( -1.620000000000000329, 2.000000000000000000, -0.3499999999999997558 ) ) ;
#337 = EDGE_CURVE ( 'NONE', #693, #76, #944, .T. ) ;
#338 = CARTESIAN_POINT ( 'NONE',  ( -2.189999999999999503, 0.3999999999999999667, -0.5500000000000000444 ) ) ;
#339 = CARTESIAN_POINT ( 'NONE',  ( -0.9199999999999998179, 4.699999999999998401, 0.3500000000000001998 ) ) ;
#340 = ADVANCED_FACE ( 'NONE', ( #781 ), #1605, .F. ) ;
#341 = VECTOR ( 'NONE', #748, 1000.000000000000000 ) ;
#342 = ORIENTED_EDGE ( 'NONE', *, *, #414, .F. ) ;
#343 = EDGE_CURVE ( 'NONE', #1087, #300, #2114, .T. ) ;
#344 = DIRECTION ( 'NONE',  ( 1.000000000000000000, -0.000000000000000000, 1.807003620809169702E-16 ) ) ;
#345 = PRODUCT ( 'BG095-xxxx body_04', 'BG095-xxxx body_04', '', ( #1310 ) ) ;
#346 = VECTOR ( 'NONE', #550, 1000.000000000000000 ) ;
#347 = EDGE_LOOP ( 'NONE', ( #128, #1732, #618, #342 ) ) ;
#348 = DIRECTION ( 'NONE',  ( -1.000000000000000000, 0.000000000000000000, -0.000000000000000000 ) ) ;
#349 = ORIENTED_EDGE ( 'NONE', *, *, #2119, .F. ) ;
#350 = LINE ( 'NONE', #28, #448 ) ;
#351 = LINE ( 'NONE', #858, #772 ) ;
#352 = DIRECTION ( 'NONE',  ( -0.000000000000000000, 1.000000000000000000, -0.000000000000000000 ) ) ;
#353 = CONTEXT_DEPENDENT_SHAPE_REPRESENTATION ( #631, #1649 ) ;
#354 = LINE ( 'NONE', #377, #1470 ) ;
#355 = FACE_OUTER_BOUND ( 'NONE', #1493, .T. ) ;
#356 = CARTESIAN_POINT ( 'NONE',  ( -1.620000000000000329, 2.000000000000000000, 0.3500000000000001998 ) ) ;
#357 = ORIENTED_EDGE ( 'NONE', *, *, #1017, .T. ) ;
#358 = VECTOR ( 'NONE', #52, 1000.000000000000000 ) ;
#359 = LINE ( 'NONE', #649, #831 ) ;
#360 = EDGE_CURVE ( 'NONE', #1781, #821, #771, .T. ) ;
#361 = ORIENTED_EDGE ( 'NONE', *, *, #242, .F. ) ;
#362 = PRESENTATION_STYLE_ASSIGNMENT (( #716 ) ) ;
#363 = PLANE ( 'NONE',  #1281 ) ;
#364 = CARTESIAN_POINT ( 'NONE',  ( 0.3500000000000004774, 0.000000000000000000, -0.5500000000000000444 ) ) ;
#365 = CARTESIAN_POINT ( 'NONE',  ( -2.189999999999999503, 0.000000000000000000, 0.5500000000000000444 ) ) ;
#366 =( NAMED_UNIT ( * ) PLANE_ANGLE_UNIT ( ) SI_UNIT ( $, .RADIAN. ) );
#367 = ORIENTED_EDGE ( 'NONE', *, *, #797, .T. ) ;
#368 = MANIFOLD_SOLID_BREP ( 'Chamfer1', #433 ) ;
#369 = CARTESIAN_POINT ( 'NONE',  ( -4.160000000000000142, -6.743303437365925745, 0.1250000000000012490 ) ) ;
#370 = AXIS2_PLACEMENT_3D ( 'NONE', #137, #525, #298 ) ;
#371 = ORIENTED_EDGE ( 'NONE', *, *, #1116, .T. ) ;
#372 = LINE ( 'NONE', #1129, #91 ) ;
#373 = EDGE_CURVE ( 'NONE', #315, #1633, #1229, .T. ) ;
#374 = AXIS2_PLACEMENT_3D ( 'NONE', #1918, #424, #1929 ) ;
#375 = DIRECTION ( 'NONE',  ( 0.000000000000000000, -0.000000000000000000, -1.000000000000000000 ) ) ;
#376 = CARTESIAN_POINT ( 'NONE',  ( 5.330000000000000959, 5.000000000000000888, -1.270000000000001128 ) ) ;
#377 = CARTESIAN_POINT ( 'NONE',  ( -4.460000000000001741, 5.000000000000000000, -0.3499999999999997558 ) ) ;
#378 =( NAMED_UNIT ( * ) SI_UNIT ( $, .STERADIAN. ) SOLID_ANGLE_UNIT ( ) );
#379 = VECTOR ( 'NONE', #632, 1000.000000000000000 ) ;
#380 = VECTOR ( 'NONE', #566, 1000.000000000000114 ) ;
#381 = ADVANCED_FACE ( 'NONE', ( #2057 ), #1401, .F. ) ;
#382 = ORIENTED_EDGE ( 'NONE', *, *, #1370, .T. ) ;
#383 = VECTOR ( 'NONE', #1812, 1000.000000000000000 ) ;
#384 = CARTESIAN_POINT ( 'NONE',  ( -4.160000000000000142, 4.699999999999998401, 0.3500000000000001998 ) ) ;
#385 = ORIENTED_EDGE ( 'NONE', *, *, #108, .F. ) ;
#386 = FACE_OUTER_BOUND ( 'NONE', #151, .T. ) ;
#387 = EDGE_CURVE ( 'NONE', #546, #811, #1705, .T. ) ;
#388 = ORIENTED_EDGE ( 'NONE', *, *, #579, .T. ) ;
#389 = CARTESIAN_POINT ( 'NONE',  ( -0.9199999999999998179, 4.699999999999998401, 0.3500000000000001998 ) ) ;
#390 = CARTESIAN_POINT ( 'NONE',  ( 3.459999999999999076, 4.699999999999998401, -0.3499999999999997558 ) ) ;
#391 = CARTESIAN_POINT ( 'NONE',  ( 0.9199999999999998179, 2.000000000000000000, 0.3500000000000001998 ) ) ;
#392 = ORIENTED_EDGE ( 'NONE', *, *, #323, .T. ) ;
#393 = FACE_OUTER_BOUND ( 'NONE', #974, .T. ) ;
#394 = EDGE_LOOP ( 'NONE', ( #1626, #331, #1948, #1674 ) ) ;
#395 = VECTOR ( 'NONE', #418, 1000.000000000000000 ) ;
#396 = LINE ( 'NONE', #1447, #1291 ) ;
#397 = EDGE_CURVE ( 'NONE', #1696, #948, #216, .T. ) ;
#398 = ORIENTED_EDGE ( 'NONE', *, *, #770, .F. ) ;
#399 = DIRECTION ( 'NONE',  ( -1.000000000000000000, 0.000000000000000000, 0.000000000000000000 ) ) ;
#400 = PLANE ( 'NONE',  #1268 ) ;
#401 = CARTESIAN_POINT ( 'NONE',  ( 0.9199999999999998179, 4.699999999999998401, -0.3499999999999997558 ) ) ;
#402 = CARTESIAN_POINT ( 'NONE',  ( 0.000000000000000000, 0.000000000000000000, 0.000000000000000000 ) ) ;
#403 = EDGE_LOOP ( 'NONE', ( #168, #1863, #638, #99 ) ) ;
#404 = EDGE_CURVE ( 'NONE', #1277, #1655, #1524, .T. ) ;
#405 = CARTESIAN_POINT ( 'NONE',  ( 2.890000000000000568, 0.000000000000000000, 0.5500000000000000444 ) ) ;
#406 = PLANE ( 'NONE',  #307 ) ;
#407 = ORIENTED_EDGE ( 'NONE', *, *, #1114, .F. ) ;
#408 = LINE ( 'NONE', #1110, #1817 ) ;
#409 = PLANE ( 'NONE',  #167 ) ;
#410 = ADVANCED_FACE ( 'NONE', ( #393 ), #26, .F. ) ;
#411 = FACE_OUTER_BOUND ( 'NONE', #878, .T. ) ;
#412 = PRESENTATION_STYLE_ASSIGNMENT (( #244 ) ) ;
#413 = EDGE_CURVE ( 'NONE', #2015, #1499, #723, .T. ) ;
#414 = EDGE_CURVE ( 'NONE', #446, #1499, #1391, .T. ) ;
#415 = CARTESIAN_POINT ( 'NONE',  ( 3.459999999999999076, 2.000000000000000000, -0.3499999999999997558 ) ) ;
#416 = VECTOR ( 'NONE', #1690, 1000.000000000000000 ) ;
#417 = ORIENTED_EDGE ( 'NONE', *, *, #1787, .T. ) ;
#418 = DIRECTION ( 'NONE',  ( -0.000000000000000000, 1.000000000000000000, -0.000000000000000000 ) ) ;
#419 = PLANE ( 'NONE',  #1398 ) ;
#420 = LINE ( 'NONE', #1906, #1871 ) ;
#421 = APPLICATION_PROTOCOL_DEFINITION ( 'draft international standard', 'automotive_design', 1998, #1125 ) ;
#422 = EDGE_CURVE ( 'NONE', #1835, #778, #559, .T. ) ;
#423 = EDGE_LOOP ( 'NONE', ( #1353, #2170, #1890, #1666 ) ) ;
#424 = DIRECTION ( 'NONE',  ( -0.7071067811865475727, 0.7071067811865475727, 0.000000000000000000 ) ) ;
#425 = VECTOR ( 'NONE', #2103, 1000.000000000000000 ) ;
#426 = ORIENTED_EDGE ( 'NONE', *, *, #1660, .T. ) ;
#427 = CARTESIAN_POINT ( 'NONE',  ( 3.159999999999997478, 5.000000000000000000, -0.3499999999999997558 ) ) ;
#428 = LINE ( 'NONE', #1263, #1767 ) ;
#429 = CARTESIAN_POINT ( 'NONE',  ( -3.459999999999999964, -2.725252258054537968, -0.1249999999999987510 ) ) ;
#430 = ORIENTED_EDGE ( 'NONE', *, *, #2051, .T. ) ;
#431 = DIRECTION ( 'NONE',  ( 0.000000000000000000, 0.000000000000000000, 1.000000000000000000 ) ) ;
#432 = EDGE_CURVE ( 'NONE', #1761, #170, #1874, .T. ) ;
#433 = CLOSED_SHELL ( 'NONE', ( #965, #864, #964, #1708, #674, #663, #1486, #511 ) ) ;
#434 = DIRECTION ( 'NONE',  ( 1.000000000000000000, 0.000000000000000000, -1.548860246407863583E-16 ) ) ;
#435 = EDGE_CURVE ( 'NONE', #81, #1911, #1077, .T. ) ;
#436 = ORIENTED_EDGE ( 'NONE', *, *, #2030, .F. ) ;
#437 = LINE ( 'NONE', #1741, #2074 ) ;
#438 = FACE_OUTER_BOUND ( 'NONE', #733, .T. ) ;
#439 = DIRECTION ( 'NONE',  ( -0.000000000000000000, -0.000000000000000000, 1.000000000000000000 ) ) ;
#440 = VERTEX_POINT ( 'NONE', #57 ) ;
#441 = AXIS2_PLACEMENT_3D ( 'NONE', #1822, #1985, #2131 ) ;
#442 = APPLICATION_PROTOCOL_DEFINITION ( 'draft international standard', 'automotive_design', 1998, #523 ) ;
#443 = ORIENTED_EDGE ( 'NONE', *, *, #1739, .F. ) ;
#444 = ORIENTED_EDGE ( 'NONE', *, *, #104, .T. ) ;
#445 = DIRECTION ( 'NONE',  ( 1.000000000000000000, -0.000000000000000000, 1.807003620809171920E-16 ) ) ;
#446 = VERTEX_POINT ( 'NONE', #538 ) ;
#447 = CARTESIAN_POINT ( 'NONE',  ( 0.3500000000000004774, 0.3999999999999999667, 0.5500000000000000444 ) ) ;
#448 = VECTOR ( 'NONE', #1023, 1000.000000000000000 ) ;
#449 = ORIENTED_EDGE ( 'NONE', *, *, #79, .T. ) ;
#450 = CARTESIAN_POINT ( 'NONE',  ( -3.459999999999999964, -2.725252258054537968, 0.1250000000000012490 ) ) ;
#451 = PLANE ( 'NONE',  #840 ) ;
#452 = VECTOR ( 'NONE', #1342, 1000.000000000000000 ) ;
#453 = DIRECTION ( 'NONE',  ( -1.000000000000000000, 0.000000000000000000, -0.000000000000000000 ) ) ;
#454 = ORIENTED_EDGE ( 'NONE', *, *, #1974, .F. ) ;
#455 = DIRECTION ( 'NONE',  ( 1.000000000000000000, 0.000000000000000000, 0.000000000000000000 ) ) ;
#456 = CARTESIAN_POINT ( 'NONE',  ( -0.3499999999999996447, 1.703840481040529875, 0.5500000000000001554 ) ) ;
#457 = ORIENTED_EDGE ( 'NONE', *, *, #2087, .F. ) ;
#458 = LINE ( 'NONE', #282, #39 ) ;
#459 = CARTESIAN_POINT ( 'NONE',  ( 5.330000000000002736, 0.000000000000000000, -0.5499999999999987121 ) ) ;
#460 = EDGE_CURVE ( 'NONE', #2003, #1639, #899, .T. ) ;
#461 = LINE ( 'NONE', #1004, #1657 ) ;
#462 = SHAPE_REPRESENTATION_RELATIONSHIP ( 'NONE' , 'NONE' ,  #492, #2158 ) ;
#463 = VECTOR ( 'NONE', #1711, 1000.000000000000000 ) ;
#464 = ORIENTED_EDGE ( 'NONE', *, *, #1997, .F. ) ;
#465 = VECTOR ( 'NONE', #1359, 1000.000000000000000 ) ;
#466 = CARTESIAN_POINT ( 'NONE',  ( -4.460000000000001741, 5.000000000000000000, 0.6500000000000019096 ) ) ;
#467 = PLANE ( 'NONE',  #548 ) ;
#468 = ORIENTED_EDGE ( 'NONE', *, *, #1941, .F. ) ;
#469 = EDGE_CURVE ( 'NONE', #1160, #725, #1568, .T. ) ;
#470 = ORIENTED_EDGE ( 'NONE', *, *, #1567, .T. ) ;
#471 = CARTESIAN_POINT ( 'NONE',  ( -4.729999999999999538, 0.000000000000000000, 0.5500000000000001554 ) ) ;
#472 = CARTESIAN_POINT ( 'NONE',  ( -4.160000000000000142, 2.000000000000000000, -0.3499999999999997558 ) ) ;
#473 = PRODUCT_DEFINITION ( 'UNKNOWN', '', #1335, #1033 ) ;
#474 = EDGE_CURVE ( 'NONE', #59, #1477, #746, .T. ) ;
#475 = DIRECTION ( 'NONE',  ( 1.548860246407863583E-16, -0.000000000000000000, 1.000000000000000000 ) ) ;
#476 = ITEM_DEFINED_TRANSFORMATION ( 'NONE', 'NONE', #704,  #664 ) ;
#477 = VERTEX_POINT ( 'NONE', #581 ) ;
#478 = VECTOR ( 'NONE', #1644, 1000.000000000000114 ) ;
#479 = CARTESIAN_POINT ( 'NONE',  ( 1.920000000000001927, 5.000000000000000000, -0.6500000000000014655 ) ) ;
#480 = AXIS2_PLACEMENT_3D ( 'NONE', #47, #1057, #571 ) ;
#481 = DIRECTION ( 'NONE',  ( 0.000000000000000000, -0.000000000000000000, 1.000000000000000000 ) ) ;
#482 = ORIENTED_EDGE ( 'NONE', *, *, #832, .T. ) ;
#483 = CARTESIAN_POINT ( 'NONE',  ( 4.729999999999999538, -1.252996408614168722, 0.5500000000000013767 ) ) ;
#484 = ORIENTED_EDGE ( 'NONE', *, *, #2119, .T. ) ;
#485 = CARTESIAN_POINT ( 'NONE',  ( 3.459999999999999076, 2.000000000000000000, 0.3500000000000001998 ) ) ;
#486 = VECTOR ( 'NONE', #115, 1000.000000000000000 ) ;
#487 =( GEOMETRIC_REPRESENTATION_CONTEXT ( 3 ) GLOBAL_UNCERTAINTY_ASSIGNED_CONTEXT ( ( #1714 ) ) GLOBAL_UNIT_ASSIGNED_CONTEXT ( ( #1100, #1889, #877 ) ) REPRESENTATION_CONTEXT ( 'NONE', 'WORKASPACE' ) );
#488 = PLANE ( 'NONE',  #1554 ) ;
#489 = PRODUCT_DEFINITION_SHAPE ( 'NONE', 'NONE',  #1348 ) ;
#490 = VECTOR ( 'NONE', #982, 1000.000000000000000 ) ;
#491 = VERTEX_POINT ( 'NONE', #415 ) ;
#492 = SHAPE_REPRESENTATION ( 'pin^BG095-xxxx gold ass', ( #664 ), #562 ) ;
#493 = LINE ( 'NONE', #2167, #164 ) ;
#494 = EDGE_CURVE ( 'NONE', #118, #440, #1085, .T. ) ;
#495 = PRODUCT_DEFINITION_FORMATION_WITH_SPECIFIED_SOURCE ( 'ANY', '', #306, .NOT_KNOWN. ) ;
#496 = ORIENTED_EDGE ( 'NONE', *, *, #330, .T. ) ;
#497 = CARTESIAN_POINT ( 'NONE',  ( 5.330000000000000959, 0.4000000000000000222, 0.5500000000000014877 ) ) ;
#498 = ORIENTED_EDGE ( 'NONE', *, *, #1417, .F. ) ;
#499 = CARTESIAN_POINT ( 'NONE',  ( 0.9199999999999998179, 2.000000000000000000, 0.3500000000000001998 ) ) ;
#500 = DIRECTION ( 'NONE',  ( -0.000000000000000000, 1.000000000000000000, -0.000000000000000000 ) ) ;
#501 = LINE ( 'NONE', #1510, #1744 ) ;
#502 = EDGE_CURVE ( 'NONE', #950, #546, #1208, .T. ) ;
#503 = VECTOR ( 'NONE', #231, 1000.000000000000000 ) ;
#504 = CARTESIAN_POINT ( 'NONE',  ( -4.160000000000000142, 2.000000000000000000, -0.3499999999999997558 ) ) ;
#505 = PRODUCT_RELATED_PRODUCT_CATEGORY ( 'part', '', ( #1154 ) ) ;
#506 = ORIENTED_EDGE ( 'NONE', *, *, #1349, .T. ) ;
#507 = LINE ( 'NONE', #1683, #1215 ) ;
#508 = EDGE_LOOP ( 'NONE', ( #454, #148, #1900, #2116 ) ) ;
#509 = DIRECTION ( 'NONE',  ( 0.000000000000000000, -0.000000000000000000, 1.000000000000000000 ) ) ;
#510 = ADVANCED_FACE ( 'NONE', ( #1598, #1578, #2100, #1439, #1952 ), #1448, .T. ) ;
#511 = ADVANCED_FACE ( 'NONE', ( #1270 ), #591, .F. ) ;
#512 = LINE ( 'NONE', #1668, #1939 ) ;
#513 = LINE ( 'NONE', #1517, #2075 ) ;
#514 = ORIENTED_EDGE ( 'NONE', *, *, #802, .T. ) ;
#515 = DIRECTION ( 'NONE',  ( -0.000000000000000000, 0.000000000000000000, 1.000000000000000000 ) ) ;
#516 = ORIENTED_EDGE ( 'NONE', *, *, #1857, .F. ) ;
#517 = AXIS2_PLACEMENT_3D ( 'NONE', #1203, #399, #718 ) ;
#518 = DIRECTION ( 'NONE',  ( 1.000000000000000000, 0.000000000000000000, 1.577021341797097215E-15 ) ) ;
#519 = ORIENTED_EDGE ( 'NONE', *, *, #1993, .F. ) ;
#520 = DIRECTION ( 'NONE',  ( -1.000000000000000000, 0.000000000000000000, -1.807003620809171920E-16 ) ) ;
#521 = PLANE ( 'NONE',  #1343 ) ;
#522 = LINE ( 'NONE', #43, #2004 ) ;
#523 = APPLICATION_CONTEXT ( 'automotive_design' ) ;
#524 = DIRECTION ( 'NONE',  ( 1.000000000000000000, 0.000000000000000000, -1.548860246407863583E-16 ) ) ;
#525 = DIRECTION ( 'NONE',  ( -1.000000000000000000, 0.000000000000000000, -0.000000000000000000 ) ) ;
#526 = PLANE ( 'NONE',  #133 ) ;
#527 = UNCERTAINTY_MEASURE_WITH_UNIT (LENGTH_MEASURE( 1.000000000000000082E-05 ), #66, 'distance_accuracy_value', 'NONE');
#528 = EDGE_LOOP ( 'NONE', ( #2089, #903, #321, #436 ) ) ;
#529 = DIRECTION ( 'NONE',  ( 0.000000000000000000, 0.000000000000000000, -1.000000000000000000 ) ) ;
#530 = ORIENTED_EDGE ( 'NONE', *, *, #1176, .T. ) ;
#531 = CARTESIAN_POINT ( 'NONE',  ( 5.330000000000000959, -1.252996408614168722, 0.5500000000000014877 ) ) ;
#532 = CARTESIAN_POINT ( 'NONE',  ( -3.459999999999999964, 4.699999999999998401, 0.3500000000000001998 ) ) ;
#533 = CARTESIAN_POINT ( 'NONE',  ( -3.459999999999999964, 4.699999999999998401, -0.3499999999999997558 ) ) ;
#534 = DIRECTION ( 'NONE',  ( 0.000000000000000000, 0.000000000000000000, 1.000000000000000000 ) ) ;
#535 = CARTESIAN_POINT ( 'NONE',  ( -1.920000000000001927, 5.000000000000000000, 0.6500000000000019096 ) ) ;
#536 = VECTOR ( 'NONE', #2176, 1000.000000000000000 ) ;
#537 = ORIENTED_EDGE ( 'NONE', *, *, #927, .F. ) ;
#538 = CARTESIAN_POINT ( 'NONE',  ( 1.620000000000000329, 4.699999999999998401, 0.3500000000000001998 ) ) ;
#539 = ORIENTED_EDGE ( 'NONE', *, *, #1595, .T. ) ;
#540 = EDGE_CURVE ( 'NONE', #1469, #81, #938, .T. ) ;
#541 = CARTESIAN_POINT ( 'NONE',  ( -4.160000000000000142, -6.743303437365925745, 0.1250000000000012490 ) ) ;
#542 = LINE ( 'NONE', #1204, #358 ) ;
#543 = DIRECTION ( 'NONE',  ( 0.000000000000000000, 0.000000000000000000, 1.000000000000000000 ) ) ;
#544 = ADVANCED_FACE ( 'NONE', ( #800 ), #601, .T. ) ;
#545 = LINE ( 'NONE', #2066, #416 ) ;
#546 = VERTEX_POINT ( 'NONE', #1303 ) ;
#547 = CARTESIAN_POINT ( 'NONE',  ( 1.386666666666667158, 4.466666666666665009, -0.1166666666666663910 ) ) ;
#548 = AXIS2_PLACEMENT_3D ( 'NONE', #1747, #1105, #1759 ) ;
#549 = VERTEX_POINT ( 'NONE', #2110 ) ;
#550 = DIRECTION ( 'NONE',  ( -0.000000000000000000, 1.000000000000000000, -0.000000000000000000 ) ) ;
#551 = ORIENTED_EDGE ( 'NONE', *, *, #67, .F. ) ;
#552 = PLANE ( 'NONE',  #603 ) ;
#553 = DIRECTION ( 'NONE',  ( 0.000000000000000000, 0.000000000000000000, -1.000000000000000000 ) ) ;
#554 = CARTESIAN_POINT ( 'NONE',  ( 4.159999999999999254, 2.000000000000000000, 0.3500000000000001998 ) ) ;
#555 = AXIS2_PLACEMENT_3D ( 'NONE', #1139, #619, #60 ) ;
#556 = VERTEX_POINT ( 'NONE', #929 ) ;
#557 = VECTOR ( 'NONE', #1434, 1000.000000000000000 ) ;
#558 = EDGE_CURVE ( 'NONE', #1835, #254, #2088, .T. ) ;
#559 = LINE ( 'NONE', #1556, #763 ) ;
#560 = ORIENTED_EDGE ( 'NONE', *, *, #1425, .F. ) ;
#561 = LINE ( 'NONE', #171, #1695 ) ;
#562 =( GEOMETRIC_REPRESENTATION_CONTEXT ( 3 ) GLOBAL_UNCERTAINTY_ASSIGNED_CONTEXT ( ( #214 ) ) GLOBAL_UNIT_ASSIGNED_CONTEXT ( ( #2035, #366, #875 ) ) REPRESENTATION_CONTEXT ( 'NONE', 'WORKASPACE' ) );
#563 = ORIENTED_EDGE ( 'NONE', *, *, #853, .F. ) ;
#564 = CARTESIAN_POINT ( 'NONE',  ( 5.330000000000000959, 5.000000000000000888, 1.270000000000000240 ) ) ;
#565 = LINE ( 'NONE', #1550, #463 ) ;
#566 = DIRECTION ( 'NONE',  ( -0.3420201433256708223, -0.9396926207859076507, -0.000000000000000000 ) ) ;
#567 =( LENGTH_UNIT ( ) NAMED_UNIT ( * ) SI_UNIT ( .MILLI., .METRE. ) );
#568 = EDGE_CURVE ( 'NONE', #1505, #1132, #103, .T. ) ;
#569 = ORIENTED_EDGE ( 'NONE', *, *, #212, .F. ) ;
#570 = EDGE_CURVE ( 'NONE', #1715, #118, #764, .T. ) ;
#571 = DIRECTION ( 'NONE',  ( 0.000000000000000000, 0.000000000000000000, -1.000000000000000000 ) ) ;
#572 = VECTOR ( 'NONE', #1474, 1000.000000000000000 ) ;
#573 = DIRECTION ( 'NONE',  ( -1.000000000000000000, 0.000000000000000000, -0.000000000000000000 ) ) ;
#574 = ORIENTED_EDGE ( 'NONE', *, *, #1884, .T. ) ;
#575 = DIRECTION ( 'NONE',  ( 1.000000000000000000, 0.000000000000000000, 0.000000000000000000 ) ) ;
#576 = LINE ( 'NONE', #1414, #667 ) ;
#577 = ADVANCED_FACE ( 'NONE', ( #1260 ), #1280, .F. ) ;
#578 = DIRECTION ( 'NONE',  ( 0.5773502691896257311, -0.5773502691896257311, 0.5773502691896258421 ) ) ;
#579 = EDGE_CURVE ( 'NONE', #742, #1738, #1967, .T. ) ;
#580 = VECTOR ( 'NONE', #630, 1000.000000000000000 ) ;
#581 = CARTESIAN_POINT ( 'NONE',  ( -1.620000000000000329, 4.699999999999998401, -0.3499999999999997558 ) ) ;
#582 = CARTESIAN_POINT ( 'NONE',  ( 3.459999999999999076, 4.699999999999998401, 0.3500000000000001998 ) ) ;
#583 = VECTOR ( 'NONE', #326, 1000.000000000000000 ) ;
#584 = ORIENTED_EDGE ( 'NONE', *, *, #14, .F. ) ;
#585 = CARTESIAN_POINT ( 'NONE',  ( -4.729999999999999538, 0.4000000000000000222, 0.5500000000000001554 ) ) ;
#586 = DIRECTION ( 'NONE',  ( 0.000000000000000000, 1.000000000000000000, 0.000000000000000000 ) ) ;
#587 = LINE ( 'NONE', #2097, #1526 ) ;
#588 = VECTOR ( 'NONE', #1901, 1000.000000000000000 ) ;
#589 = AXIS2_PLACEMENT_3D ( 'NONE', #596, #1397, #1541 ) ;
#590 = VERTEX_POINT ( 'NONE', #1459 ) ;
#591 = PLANE ( 'NONE',  #87 ) ;
#592 = VECTOR ( 'NONE', #445, 1000.000000000000000 ) ;
#593 = VERTEX_POINT ( 'NONE', #1940 ) ;
#594 = LINE ( 'NONE', #83, #1713 ) ;
#595 = DIRECTION ( 'NONE',  ( 1.000000000000000000, -0.000000000000000000, -1.548860246407863336E-16 ) ) ;
#596 = CARTESIAN_POINT ( 'NONE',  ( 7.620000000000000107, 2.000000000000000000, 0.000000000000000000 ) ) ;
#597 = ORIENTED_EDGE ( 'NONE', *, *, #958, .F. ) ;
#598 = ORIENTED_EDGE ( 'NONE', *, *, #256, .T. ) ;
#599 = EDGE_CURVE ( 'NONE', #1655, #324, #1430, .T. ) ;
#600 = EDGE_LOOP ( 'NONE', ( #464, #2048, #1954, #398 ) ) ;
#601 = PLANE ( 'NONE',  #374 ) ;
#602 = ORIENTED_EDGE ( 'NONE', *, *, #1254, .F. ) ;
#603 = AXIS2_PLACEMENT_3D ( 'NONE', #1710, #1867, #688 ) ;
#604 = EDGE_LOOP ( 'NONE', ( #1432, #1599, #1069, #2137 ) ) ;
#605 = LINE ( 'NONE', #2081, #1031 ) ;
#606 = CARTESIAN_POINT ( 'NONE',  ( 2.890000000000000568, 0.000000000000000000, 0.5500000000000000444 ) ) ;
#607 = DIRECTION ( 'NONE',  ( -1.548860246407863583E-16, 0.000000000000000000, -1.000000000000000000 ) ) ;
#608 = SHAPE_DEFINITION_REPRESENTATION ( #1805, #248 ) ;
#609 = ORIENTED_EDGE ( 'NONE', *, *, #1616, .T. ) ;
#610 = ORIENTED_EDGE ( 'NONE', *, *, #337, .T. ) ;
#611 = DIRECTION ( 'NONE',  ( 1.000000000000000000, -0.000000000000000000, -1.548860246407863336E-16 ) ) ;
#612 = ORIENTED_EDGE ( 'NONE', *, *, #343, .F. ) ;
#613 = FACE_BOUND ( 'NONE', #885, .T. ) ;
#614 = DIRECTION ( 'NONE',  ( -0.000000000000000000, -1.000000000000000000, -0.000000000000000000 ) ) ;
#615 = CARTESIAN_POINT ( 'NONE',  ( 4.159999999999999254, 5.000000000000000000, -0.6500000000000014655 ) ) ;
#616 = VECTOR ( 'NONE', #787, 1000.000000000000000 ) ;
#617 = CARTESIAN_POINT ( 'NONE',  ( 0.000000000000000000, 0.000000000000000000, 0.000000000000000000 ) ) ;
#618 = ORIENTED_EDGE ( 'NONE', *, *, #413, .T. ) ;
#619 = DIRECTION ( 'NONE',  ( 0.000000000000000000, 1.000000000000000000, 0.000000000000000000 ) ) ;
#620 = DIRECTION ( 'NONE',  ( 0.000000000000000000, 0.000000000000000000, 1.000000000000000000 ) ) ;
#621 = ADVANCED_FACE ( 'NONE', ( #1130 ), #467, .F. ) ;
#622 = VECTOR ( 'NONE', #1607, 1000.000000000000000 ) ;
#623 = ORIENTED_EDGE ( 'NONE', *, *, #1400, .T. ) ;
#624 = LINE ( 'NONE', #1955, #218 ) ;
#625 = DIRECTION ( 'NONE',  ( 0.000000000000000000, -0.000000000000000000, -1.000000000000000000 ) ) ;
#626 = VECTOR ( 'NONE', #2104, 1000.000000000000000 ) ;
#627 = ORIENTED_EDGE ( 'NONE', *, *, #799, .F. ) ;
#628 = FACE_OUTER_BOUND ( 'NONE', #1718, .T. ) ;
#629 = FILL_AREA_STYLE_COLOUR ( '', #946 ) ;
#630 = DIRECTION ( 'NONE',  ( 0.000000000000000000, 0.000000000000000000, 1.000000000000000000 ) ) ;
#631 =( REPRESENTATION_RELATIONSHIP ('NONE','NONE', #248, #20 ) REPRESENTATION_RELATIONSHIP_WITH_TRANSFORMATION ( #642 )SHAPE_REPRESENTATION_RELATIONSHIP( ) );
#632 = DIRECTION ( 'NONE',  ( 1.000000000000000000, -0.000000000000000000, 0.000000000000000000 ) ) ;
#633 = EDGE_CURVE ( 'NONE', #844, #590, #1780, .T. ) ;
#634 = ORIENTED_EDGE ( 'NONE', *, *, #1425, .T. ) ;
#635 = DIRECTION ( 'NONE',  ( 0.000000000000000000, -0.000000000000000000, 1.000000000000000000 ) ) ;
#636 = EDGE_LOOP ( 'NONE', ( #563, #1209, #842, #1331 ) ) ;
#637 = ADVANCED_FACE ( 'NONE', ( #951 ), #2138, .F. ) ;
#638 = ORIENTED_EDGE ( 'NONE', *, *, #729, .F. ) ;
#639 = CARTESIAN_POINT ( 'NONE',  ( 4.730000000000001315, 0.000000000000000000, -0.5499999999999988232 ) ) ;
#640 = CARTESIAN_POINT ( 'NONE',  ( -1.920000000000001927, 5.000000000000000000, -0.3499999999999997558 ) ) ;
#641 = CARTESIAN_POINT ( 'NONE',  ( -5.330000000000000959, -1.252996408614168722, 0.5500000000000001554 ) ) ;
#642 = ITEM_DEFINED_TRANSFORMATION ( 'NONE', 'NONE', #1601,  #664 ) ;
#643 = VECTOR ( 'NONE', #1590, 1000.000000000000000 ) ;
#644 = ADVANCED_FACE ( 'NONE', ( #255 ), #80, .F. ) ;
#645 = DIRECTION ( 'NONE',  ( -0.000000000000000000, -1.000000000000000000, -0.000000000000000000 ) ) ;
#646 = LINE ( 'NONE', #1312, #622 ) ;
#647 = DIRECTION ( 'NONE',  ( 0.000000000000000000, 1.000000000000000000, 0.000000000000000000 ) ) ;
#648 = ORIENTED_EDGE ( 'NONE', *, *, #1267, .F. ) ;
#649 = CARTESIAN_POINT ( 'NONE',  ( 3.459999999999999076, 2.000000000000000000, 0.3500000000000001998 ) ) ;
#650 = ORIENTED_EDGE ( 'NONE', *, *, #469, .T. ) ;
#651 = CARTESIAN_POINT ( 'NONE',  ( -5.330000000000001847, 0.000000000000000000, -0.5500000000000000444 ) ) ;
#652 = PLANE ( 'NONE',  #1389 ) ;
#653 = EDGE_CURVE ( 'NONE', #774, #546, #1632, .T. ) ;
#654 = ORIENTED_EDGE ( 'NONE', *, *, #1346, .F. ) ;
#655 = AXIS2_PLACEMENT_3D ( 'NONE', #1520, #647, #481 ) ;
#656 = DIRECTION ( 'NONE',  ( 0.000000000000000000, 0.000000000000000000, 1.000000000000000000 ) ) ;
#657 = PRODUCT_DEFINITION_CONTEXT ( 'detailed design', #1125, 'design' ) ;
#658 = VECTOR ( 'NONE', #1587, 1000.000000000000000 ) ;
#659 = EDGE_LOOP ( 'NONE', ( #349, #139, #2173, #931 ) ) ;
#660 = DIRECTION ( 'NONE',  ( -1.000000000000000000, 0.000000000000000000, -0.000000000000000000 ) ) ;
#661 = VERTEX_POINT ( 'NONE', #7 ) ;
#662 = CARTESIAN_POINT ( 'NONE',  ( -2.889999999999999680, 0.000000000000000000, 0.5500000000000001554 ) ) ;
#663 = ADVANCED_FACE ( 'NONE', ( #1196 ), #1641, .F. ) ;
#664 = AXIS2_PLACEMENT_3D ( 'NONE', #402, #1862, #1725 ) ;
#665 = VECTOR ( 'NONE', #1416, 1000.000000000000000 ) ;
#666 = CARTESIAN_POINT ( 'NONE',  ( 0.9199999999999998179, 4.699999999999998401, 0.3500000000000001998 ) ) ;
#667 = VECTOR ( 'NONE', #1244, 1000.000000000000000 ) ;
#668 = LINE ( 'NONE', #1369, #2069 ) ;
#669 = ADVANCED_FACE ( 'NONE', ( #355 ), #21, .T. ) ;
#670 = VERTEX_POINT ( 'NONE', #1360 ) ;
#671 = FACE_OUTER_BOUND ( 'NONE', #1449, .T. ) ;
#672 = STYLED_ITEM ( 'NONE', ( #1300 ), #2158 ) ;
#673 = VERTEX_POINT ( 'NONE', #2021 ) ;
#674 = ADVANCED_FACE ( 'NONE', ( #824 ), #1795, .F. ) ;
#675 = LINE ( 'NONE', #1010, #1484 ) ;
#676 = ORIENTED_EDGE ( 'NONE', *, *, #729, .T. ) ;
#677 = CARTESIAN_POINT ( 'NONE',  ( 3.459999999999999076, 2.000000000000000000, 0.3500000000000001998 ) ) ;
#678 = CARTESIAN_POINT ( 'NONE',  ( -4.160000000000000142, 5.000000000000000000, 0.6500000000000019096 ) ) ;
#679 = CARTESIAN_POINT ( 'NONE',  ( 2.890000000000000568, 0.3999999999999999667, 0.5500000000000000444 ) ) ;
#680 = AXIS2_PLACEMENT_3D ( 'NONE', #1497, #1334, #4 ) ;
#681 = VECTOR ( 'NONE', #1785, 1000.000000000000000 ) ;
#682 = CARTESIAN_POINT ( 'NONE',  ( 5.330000000000002736, 0.4000000000000000222, -0.5499999999999987121 ) ) ;
#683 = VERTEX_POINT ( 'NONE', #189 ) ;
#684 = CARTESIAN_POINT ( 'NONE',  ( -4.160000000000000142, 0.4000000000000000222, -0.1249999999999987510 ) ) ;
#685 = ORIENTED_EDGE ( 'NONE', *, *, #633, .F. ) ;
#686 = CARTESIAN_POINT ( 'NONE',  ( 2.890000000000000568, 0.3999999999999999667, -0.5500000000000000444 ) ) ;
#687 = CLOSED_SHELL ( 'NONE', ( #1726, #1552, #644, #340, #621, #1241, #544, #708, #1898, #1908, #577, #310, #1189, #2055, #1716, #2115, #172, #2090, #1794, #334, #149, #880, #866, #1627, #510, #1029, #814, #1024, #1044, #381, #1167, #1783, #784, #1723, #1503, #669, #2169, #162, #1036, #1580, #410, #200, #2121, #1961, #1438, #861, #9, #1407, #1775, #1185, #15, #1127, #1571, #1652, #1025, #1959, #924, #734, #1847, #804, #637, #1467, #1055, #886, #1624 ) ) ;
#688 = DIRECTION ( 'NONE',  ( -0.000000000000000000, 0.000000000000000000, 1.000000000000000000 ) ) ;
#689 = CARTESIAN_POINT ( 'NONE',  ( -2.889999999999999680, 1.703840481040529875, 0.5500000000000001554 ) ) ;
#690 = LINE ( 'NONE', #1018, #1969 ) ;
#691 = DIRECTION ( 'NONE',  ( -1.000000000000000000, 0.000000000000000000, -0.000000000000000000 ) ) ;
#692 = CARTESIAN_POINT ( 'NONE',  ( -1.920000000000001927, 5.000000000000000000, -0.6500000000000014655 ) ) ;
#693 = VERTEX_POINT ( 'NONE', #1849 ) ;
#694 = DIRECTION ( 'NONE',  ( -0.5773502691896257311, -0.5773502691896257311, 0.5773502691896258421 ) ) ;
#695 = ORIENTED_EDGE ( 'NONE', *, *, #460, .T. ) ;
#696 = DIRECTION ( 'NONE',  ( -0.000000000000000000, -1.000000000000000000, -0.000000000000000000 ) ) ;
#697 = PLANE ( 'NONE',  #319 ) ;
#698 = PLANE ( 'NONE',  #74 ) ;
#699 = DIRECTION ( 'NONE',  ( -0.000000000000000000, 1.000000000000000000, -0.000000000000000000 ) ) ;
#700 = CARTESIAN_POINT ( 'NONE',  ( 3.459999999999999076, 4.699999999999998401, -0.3499999999999997558 ) ) ;
#701 = EDGE_CURVE ( 'NONE', #1477, #736, #312, .T. ) ;
#702 = ORIENTED_EDGE ( 'NONE', *, *, #570, .T. ) ;
#703 = PRODUCT_RELATED_PRODUCT_CATEGORY ( 'part', '', ( #306 ) ) ;
#704 = AXIS2_PLACEMENT_3D ( 'NONE', #1614, #124, #795 ) ;
#705 = DIRECTION ( 'NONE',  ( 0.000000000000000000, 0.000000000000000000, -1.000000000000000000 ) ) ;
#706 = ORIENTED_EDGE ( 'NONE', *, *, #1346, .T. ) ;
#707 = CARTESIAN_POINT ( 'NONE',  ( -4.160000000000000142, 2.000000000000000000, 0.3500000000000001998 ) ) ;
#708 = ADVANCED_FACE ( 'NONE', ( #976 ), #862, .T. ) ;
#709 = CARTESIAN_POINT ( 'NONE',  ( -2.189999999999999503, 0.3999999999999999667, 0.5500000000000000444 ) ) ;
#710 = LINE ( 'NONE', #18, #2135 ) ;
#711 = LINE ( 'NONE', #1848, #37 ) ;
#712 = VECTOR ( 'NONE', #2041, 999.9999999999998863 ) ;
#713 = ORIENTED_EDGE ( 'NONE', *, *, #14, .T. ) ;
#714 = DIRECTION ( 'NONE',  ( -1.577021341797097215E-15, 0.000000000000000000, 1.000000000000000000 ) ) ;
#715 = ORIENTED_EDGE ( 'NONE', *, *, #111, .F. ) ;
#716 = SURFACE_STYLE_USAGE ( .BOTH. , #857 ) ;
#717 = EDGE_LOOP ( 'NONE', ( #1975, #46, #1650, #1581 ) ) ;
#718 = DIRECTION ( 'NONE',  ( 0.000000000000000000, 0.000000000000000000, 1.000000000000000000 ) ) ;
#719 = DIRECTION ( 'NONE',  ( 0.000000000000000000, 0.000000000000000000, -1.000000000000000000 ) ) ;
#720 = LINE ( 'NONE', #429, #380 ) ;
#721 = EDGE_CURVE ( 'NONE', #300, #1230, #1151, .T. ) ;
#722 = ORIENTED_EDGE ( 'NONE', *, *, #330, .F. ) ;
#723 = LINE ( 'NONE', #547, #1522 ) ;
#724 = AXIS2_PLACEMENT_3D ( 'NONE', #483, #518, #322 ) ;
#725 = VERTEX_POINT ( 'NONE', #11 ) ;
#726 = EDGE_LOOP ( 'NONE', ( #1572, #1672, #702, #1829 ) ) ;
#727 = PLANE ( 'NONE',  #54 ) ;
#728 = FACE_OUTER_BOUND ( 'NONE', #834, .T. ) ;
#729 = EDGE_CURVE ( 'NONE', #1978, #27, #826, .T. ) ;
#730 = FACE_OUTER_BOUND ( 'NONE', #1380, .T. ) ;
#731 = EDGE_CURVE ( 'NONE', #811, #1740, #2027, .T. ) ;
#732 = FACE_OUTER_BOUND ( 'NONE', #1693, .T. ) ;
#733 = EDGE_LOOP ( 'NONE', ( #516, #1371, #90, #1754 ) ) ;
#734 = ADVANCED_FACE ( 'NONE', ( #2171 ), #1316, .F. ) ;
#735 = STYLED_ITEM ( 'NONE', ( #362 ), #1840 ) ;
#736 = VERTEX_POINT ( 'NONE', #1330 ) ;
#737 = AXIS2_PLACEMENT_3D ( 'NONE', #1494, #2007, #625 ) ;
#738 = CARTESIAN_POINT ( 'NONE',  ( 0.9199999999999998179, 2.000000000000000000, 0.3500000000000001998 ) ) ;
#739 = EDGE_CURVE ( 'NONE', #876, #440, #507, .T. ) ;
#740 = CARTESIAN_POINT ( 'NONE',  ( -1.620000000000000329, 2.000000000000000000, 0.3500000000000001998 ) ) ;
#741 = EDGE_CURVE ( 'NONE', #1394, #194, #1156, .T. ) ;
#742 = VERTEX_POINT ( 'NONE', #1165 ) ;
#743 = CARTESIAN_POINT ( 'NONE',  ( -4.729999999999999538, 0.4000000000000000222, -0.5500000000000000444 ) ) ;
#744 = LINE ( 'NONE', #1405, #1053 ) ;
#745 = CARTESIAN_POINT ( 'NONE',  ( 5.330000000000000959, 0.4000000000000000222, 1.270000000000000240 ) ) ;
#746 = LINE ( 'NONE', #1410, #760 ) ;
#747 = VECTOR ( 'NONE', #719, 1000.000000000000000 ) ;
#748 = DIRECTION ( 'NONE',  ( -1.000000000000000000, 0.000000000000000000, 1.548860246407863583E-16 ) ) ;
#749 = VERTEX_POINT ( 'NONE', #1810 ) ;
#750 = LINE ( 'NONE', #427, #2106 ) ;
#751 = DIRECTION ( 'NONE',  ( -0.000000000000000000, 0.000000000000000000, 1.000000000000000000 ) ) ;
#752 = LINE ( 'NONE', #554, #196 ) ;
#753 = CARTESIAN_POINT ( 'NONE',  ( 2.890000000000000568, 1.703840481040529875, 0.5500000000000000444 ) ) ;
#754 = VERTEX_POINT ( 'NONE', #1994 ) ;
#755 = VECTOR ( 'NONE', #1159, 1000.000000000000000 ) ;
#756 = VERTEX_POINT ( 'NONE', #1200 ) ;
#757 = DIRECTION ( 'NONE',  ( 0.000000000000000000, -0.000000000000000000, 1.000000000000000000 ) ) ;
#758 = LINE ( 'NONE', #1604, #1227 ) ;
#759 = PLANE ( 'NONE',  #589 ) ;
#760 = VECTOR ( 'NONE', #2078, 999.9999999999998863 ) ;
#761 = DIRECTION ( 'NONE',  ( 1.000000000000000000, 0.000000000000000000, 0.000000000000000000 ) ) ;
#762 = EDGE_CURVE ( 'NONE', #76, #1160, #1654, .T. ) ;
#763 = VECTOR ( 'NONE', #227, 1000.000000000000000 ) ;
#764 = LINE ( 'NONE', #2124, #1797 ) ;
#765 = AXIS2_PLACEMENT_3D ( 'NONE', #2142, #302, #152 ) ;
#766 = VERTEX_POINT ( 'NONE', #497 ) ;
#767 = ORIENTED_EDGE ( 'NONE', *, *, #276, .F. ) ;
#768 = DIRECTION ( 'NONE',  ( 0.000000000000000000, 1.000000000000000000, 0.000000000000000000 ) ) ;
#769 = CARTESIAN_POINT ( 'NONE',  ( -1.620000000000000329, 2.000000000000000000, 0.3500000000000001998 ) ) ;
#770 = EDGE_CURVE ( 'NONE', #1258, #661, #675, .T. ) ;
#771 = LINE ( 'NONE', #1286, #937 ) ;
#772 = VECTOR ( 'NONE', #197, 1000.000000000000000 ) ;
#773 = DIRECTION ( 'NONE',  ( 0.000000000000000000, 0.000000000000000000, 1.000000000000000000 ) ) ;
#774 = VERTEX_POINT ( 'NONE', #333 ) ;
#775 = ORIENTED_EDGE ( 'NONE', *, *, #1035, .T. ) ;
#776 = DIRECTION ( 'NONE',  ( 0.9396926207859075397, 0.3420201433256712664, -0.000000000000000000 ) ) ;
#777 = AXIS2_PLACEMENT_3D ( 'NONE', #1733, #240, #932 ) ;
#778 = VERTEX_POINT ( 'NONE', #1186 ) ;
#779 = FACE_OUTER_BOUND ( 'NONE', #1022, .T. ) ;
#780 = LINE ( 'NONE', #1123, #1329 ) ;
#781 = FACE_OUTER_BOUND ( 'NONE', #1216, .T. ) ;
#782 = ORIENTED_EDGE ( 'NONE', *, *, #1807, .F. ) ;
#783 = EDGE_LOOP ( 'NONE', ( #1533, #257, #102, #1602 ) ) ;
#784 = ADVANCED_FACE ( 'NONE', ( #1037 ), #314, .F. ) ;
#785 = CARTESIAN_POINT ( 'NONE',  ( 0.9199999999999998179, 2.000000000000000000, -0.3499999999999997558 ) ) ;
#786 = UNCERTAINTY_MEASURE_WITH_UNIT (LENGTH_MEASURE( 1.000000000000000082E-05 ), #1266, 'distance_accuracy_value', 'NONE');
#787 = DIRECTION ( 'NONE',  ( -0.000000000000000000, 1.000000000000000000, -0.000000000000000000 ) ) ;
#788 = ORIENTED_EDGE ( 'NONE', *, *, #45, .T. ) ;
#789 = ORIENTED_EDGE ( 'NONE', *, *, #2051, .F. ) ;
#790 = CARTESIAN_POINT ( 'NONE',  ( -2.889999999999999680, 0.000000000000000000, 0.5500000000000001554 ) ) ;
#791 = DIRECTION ( 'NONE',  ( 0.000000000000000000, 0.000000000000000000, -1.000000000000000000 ) ) ;
#792 = SURFACE_SIDE_STYLE ('',( #1435 ) ) ;
#793 = EDGE_CURVE ( 'NONE', #966, #593, #192, .T. ) ;
#794 = PLANE ( 'NONE',  #930 ) ;
#795 = DIRECTION ( 'NONE',  ( 1.000000000000000000, 0.000000000000000000, 0.000000000000000000 ) ) ;
#796 = ORIENTED_EDGE ( 'NONE', *, *, #1660, .F. ) ;
#797 = EDGE_CURVE ( 'NONE', #250, #805, #359, .T. ) ;
#798 = DIRECTION ( 'NONE',  ( 0.000000000000000000, 0.000000000000000000, -1.000000000000000000 ) ) ;
#799 = EDGE_CURVE ( 'NONE', #805, #59, #1481, .T. ) ;
#800 = FACE_OUTER_BOUND ( 'NONE', #783, .T. ) ;
#801 = ORIENTED_EDGE ( 'NONE', *, *, #1793, .F. ) ;
#802 = EDGE_CURVE ( 'NONE', #239, #1992, #1340, .T. ) ;
#803 = VECTOR ( 'NONE', #1162, 1000.000000000000000 ) ;
#804 = ADVANCED_FACE ( 'NONE', ( #158 ), #835, .F. ) ;
#805 = VERTEX_POINT ( 'NONE', #845 ) ;
#806 = CARTESIAN_POINT ( 'NONE',  ( 0.000000000000000000, 0.4000000000000000222, 0.000000000000000000 ) ) ;
#807 = LINE ( 'NONE', #1786, #2168 ) ;
#808 = PLANE ( 'NONE',  #1980 ) ;
#809 = DIRECTION ( 'NONE',  ( 0.000000000000000000, 0.000000000000000000, 1.000000000000000000 ) ) ;
#810 = LINE ( 'NONE', #2146, #379 ) ;
#811 = VERTEX_POINT ( 'NONE', #684 ) ;
#812 = DIRECTION ( 'NONE',  ( -1.000000000000000000, 0.000000000000000000, 0.000000000000000000 ) ) ;
#813 = ORIENTED_EDGE ( 'NONE', *, *, #599, .T. ) ;
#814 = ADVANCED_FACE ( 'NONE', ( #1504 ), #311, .F. ) ;
#815 = EDGE_LOOP ( 'NONE', ( #519, #1261, #1618, #1399 ) ) ;
#816 = CARTESIAN_POINT ( 'NONE',  ( -4.160000000000000142, 4.699999999999998401, -0.3499999999999997558 ) ) ;
#817 = DIRECTION ( 'NONE',  ( -0.000000000000000000, 0.000000000000000000, 1.000000000000000000 ) ) ;
#818 = VECTOR ( 'NONE', #154, 1000.000000000000000 ) ;
#819 = CARTESIAN_POINT ( 'NONE',  ( -0.3499999999999996447, 0.000000000000000000, 0.5500000000000001554 ) ) ;
#820 = CARTESIAN_POINT ( 'NONE',  ( 2.190000000000000391, 1.703840481040529875, -0.5499999999999999334 ) ) ;
#821 = VERTEX_POINT ( 'NONE', #181 ) ;
#822 = EDGE_CURVE ( 'NONE', #549, #1928, #855, .T. ) ;
#823 = LINE ( 'NONE', #190, #803 ) ;
#824 = FACE_OUTER_BOUND ( 'NONE', #1446, .T. ) ;
#825 = ORIENTED_EDGE ( 'NONE', *, *, #1267, .T. ) ;
#826 = LINE ( 'NONE', #1828, #865 ) ;
#827 = EDGE_LOOP ( 'NONE', ( #1166, #226, #1864, #996 ) ) ;
#828 = DIRECTION ( 'NONE',  ( 0.000000000000000000, 0.000000000000000000, -1.000000000000000000 ) ) ;
#829 = DIRECTION ( 'NONE',  ( -1.000000000000000000, 0.000000000000000000, 0.000000000000000000 ) ) ;
#830 = DIRECTION ( 'NONE',  ( -0.000000000000000000, -1.000000000000000000, -0.000000000000000000 ) ) ;
#831 = VECTOR ( 'NONE', #1175, 1000.000000000000000 ) ;
#832 = EDGE_CURVE ( 'NONE', #2102, #1988, #1648, .T. ) ;
#833 = PLANE ( 'NONE',  #1190 ) ;
#834 = EDGE_LOOP ( 'NONE', ( #767, #1251, #968, #1756 ) ) ;
#835 = PLANE ( 'NONE',  #1108 ) ;
#836 = VERTEX_POINT ( 'NONE', #153 ) ;
#837 = CARTESIAN_POINT ( 'NONE',  ( -5.330000000000000959, 0.000000000000000000, 0.5500000000000001554 ) ) ;
#838 = MECHANICAL_DESIGN_GEOMETRIC_PRESENTATION_REPRESENTATION (  '', ( #2166 ), #1013 ) ;
#839 = FACE_OUTER_BOUND ( 'NONE', #1927, .T. ) ;
#840 = AXIS2_PLACEMENT_3D ( 'NONE', #1773, #956, #64 ) ;
#841 = LINE ( 'NONE', #327, #818 ) ;
#842 = ORIENTED_EDGE ( 'NONE', *, *, #117, .T. ) ;
#843 = DIRECTION ( 'NONE',  ( -0.000000000000000000, -1.000000000000000000, -0.000000000000000000 ) ) ;
#844 = VERTEX_POINT ( 'NONE', #1625 ) ;
#845 = CARTESIAN_POINT ( 'NONE',  ( 3.459999999999999076, 4.699999999999998401, 0.3500000000000001998 ) ) ;
#846 = ORIENTED_EDGE ( 'NONE', *, *, #2126, .T. ) ;
#847 = PLANE ( 'NONE',  #1115 ) ;
#848 = DIRECTION ( 'NONE',  ( 1.000000000000000000, 0.000000000000000000, 0.000000000000000000 ) ) ;
#849 = APPLICATION_PROTOCOL_DEFINITION ( 'draft international standard', 'automotive_design', 1998, #2172 ) ;
#850 = CARTESIAN_POINT ( 'NONE',  ( 2.890000000000000568, 1.703840481040529875, 0.5500000000000000444 ) ) ;
#851 = AXIS2_PLACEMENT_3D ( 'NONE', #806, #981, #1622 ) ;
#852 = DIRECTION ( 'NONE',  ( 0.5773502691896257311, 0.5773502691896257311, 0.5773502691896258421 ) ) ;
#853 = EDGE_CURVE ( 'NONE', #1653, #2001, #1813, .T. ) ;
#854 = ORIENTED_EDGE ( 'NONE', *, *, #802, .F. ) ;
#855 = LINE ( 'NONE', #1945, #86 ) ;
#856 = ORIENTED_EDGE ( 'NONE', *, *, #79, .F. ) ;
#857 = SURFACE_SIDE_STYLE ('',( #1506 ) ) ;
#858 = CARTESIAN_POINT ( 'NONE',  ( 5.330000000000000959, 0.4000000000000000222, 1.270000000000000240 ) ) ;
#859 = FACE_OUTER_BOUND ( 'NONE', #827, .T. ) ;
#860 = CARTESIAN_POINT ( 'NONE',  ( 0.6199999999999981082, 5.000000000000000000, -0.6500000000000014655 ) ) ;
#861 = ADVANCED_FACE ( 'NONE', ( #2143 ), #794, .T. ) ;
#862 = PLANE ( 'NONE',  #1519 ) ;
#863 = LINE ( 'NONE', #1651, #979 ) ;
#864 = ADVANCED_FACE ( 'NONE', ( #628 ), #808, .F. ) ;
#865 = VECTOR ( 'NONE', #169, 1000.000000000000000 ) ;
#866 = ADVANCED_FACE ( 'NONE', ( #1333 ), #488, .F. ) ;
#867 = ORIENTED_EDGE ( 'NONE', *, *, #1120, .T. ) ;
#868 = VECTOR ( 'NONE', #909, 1000.000000000000000 ) ;
#869 = ORIENTED_EDGE ( 'NONE', *, *, #741, .T. ) ;
#870 = CARTESIAN_POINT ( 'NONE',  ( -4.729999999999999538, -1.252996408614168722, -0.5500000000000000444 ) ) ;
#871 = CARTESIAN_POINT ( 'NONE',  ( -1.620000000000000329, 2.000000000000000000, 0.3500000000000001998 ) ) ;
#872 = DIRECTION ( 'NONE',  ( -0.000000000000000000, 1.000000000000000000, -0.000000000000000000 ) ) ;
#873 = CARTESIAN_POINT ( 'NONE',  ( 4.159999999999999254, 4.699999999999998401, 0.3500000000000001998 ) ) ;
#874 = VECTOR ( 'NONE', #852, 999.9999999999998863 ) ;
#875 =( NAMED_UNIT ( * ) SI_UNIT ( $, .STERADIAN. ) SOLID_ANGLE_UNIT ( ) );
#876 = VERTEX_POINT ( 'NONE', #338 ) ;
#877 =( NAMED_UNIT ( * ) SI_UNIT ( $, .STERADIAN. ) SOLID_ANGLE_UNIT ( ) );
#878 = EDGE_LOOP ( 'NONE', ( #1458, #1020, #1058, #1947 ) ) ;
#879 = CARTESIAN_POINT ( 'NONE',  ( -0.9199999999999998179, 2.000000000000000000, -0.3499999999999997558 ) ) ;
#880 = ADVANCED_FACE ( 'NONE', ( #1789 ), #161, .F. ) ;
#881 = CARTESIAN_POINT ( 'NONE',  ( 5.330000000000000959, 20.95843054456248566, -1.270000000000001128 ) ) ;
#882 = DIRECTION ( 'NONE',  ( 0.000000000000000000, 0.000000000000000000, -1.000000000000000000 ) ) ;
#883 = LINE ( 'NONE', #401, #92 ) ;
#884 = VECTOR ( 'NONE', #970, 1000.000000000000000 ) ;
#885 = EDGE_LOOP ( 'NONE', ( #177, #82, #48, #1362 ) ) ;
#886 = ADVANCED_FACE ( 'NONE', ( #1454 ), #652, .F. ) ;
#887 = CARTESIAN_POINT ( 'NONE',  ( -1.620000000000000329, 2.000000000000000000, -0.3499999999999997558 ) ) ;
#888 = ORIENTED_EDGE ( 'NONE', *, *, #558, .F. ) ;
#889 = PLANE ( 'NONE',  #1565 ) ;
#890 = ORIENTED_EDGE ( 'NONE', *, *, #1195, .T. ) ;
#891 = CARTESIAN_POINT ( 'NONE',  ( -5.330000000000000959, 5.000000000000000888, -1.270000000000000018 ) ) ;
#892 = LINE ( 'NONE', #364, #1542 ) ;
#893 = CARTESIAN_POINT ( 'NONE',  ( 3.459999999999999076, 2.000000000000000000, 0.3500000000000001998 ) ) ;
#894 = DIRECTION ( 'NONE',  ( 1.000000000000000000, -0.000000000000000000, 0.000000000000000000 ) ) ;
#895 = ORIENTED_EDGE ( 'NONE', *, *, #235, .F. ) ;
#896 = EDGE_CURVE ( 'NONE', #1277, #754, #1309, .T. ) ;
#897 = VERTEX_POINT ( 'NONE', #2164 ) ;
#898 = APPLICATION_CONTEXT ( 'automotive_design' ) ;
#899 = LINE ( 'NONE', #738, #868 ) ;
#900 = VECTOR ( 'NONE', #1818, 1000.000000000000000 ) ;
#901 = ORIENTED_EDGE ( 'NONE', *, *, #959, .F. ) ;
#902 = DIRECTION ( 'NONE',  ( -0.000000000000000000, 0.000000000000000000, 1.000000000000000000 ) ) ;
#903 = ORIENTED_EDGE ( 'NONE', *, *, #264, .T. ) ;
#904 = PLANE ( 'NONE',  #1237 ) ;
#905 = CARTESIAN_POINT ( 'NONE',  ( -3.459999999999999964, -2.725252258054537968, 0.1250000000000012490 ) ) ;
#906 = CARTESIAN_POINT ( 'NONE',  ( 2.890000000000000568, 0.3999999999999999667, -0.5500000000000000444 ) ) ;
#907 = VECTOR ( 'NONE', #987, 1000.000000000000000 ) ;
#908 = AXIS2_PLACEMENT_3D ( 'NONE', #160, #2059, #1698 ) ;
#909 = DIRECTION ( 'NONE',  ( -0.000000000000000000, -0.000000000000000000, 1.000000000000000000 ) ) ;
#910 = CARTESIAN_POINT ( 'NONE',  ( 5.330000000000000959, 0.4000000000000000222, -1.270000000000001128 ) ) ;
#911 = ORIENTED_EDGE ( 'NONE', *, *, #2030, .T. ) ;
#912 = LINE ( 'NONE', #71, #1507 ) ;
#913 = DIRECTION ( 'NONE',  ( 0.7071067811865475727, 0.7071067811865475727, 0.000000000000000000 ) ) ;
#914 = LINE ( 'NONE', #2073, #1327 ) ;
#915 = CARTESIAN_POINT ( 'NONE',  ( 5.330000000000000959, 0.4000000000000000222, 0.5500000000000014877 ) ) ;
#916 = VERTEX_POINT ( 'NONE', #666 ) ;
#917 = DIRECTION ( 'NONE',  ( 0.000000000000000000, 0.000000000000000000, -1.000000000000000000 ) ) ;
#918 = ORIENTED_EDGE ( 'NONE', *, *, #5, .T. ) ;
#919 = ORIENTED_EDGE ( 'NONE', *, *, #2023, .F. ) ;
#920 = DIRECTION ( 'NONE',  ( -1.000000000000000000, 0.000000000000000000, 0.000000000000000000 ) ) ;
#921 = CARTESIAN_POINT ( 'NONE',  ( 1.620000000000000329, 4.699999999999998401, -0.3499999999999997558 ) ) ;
#922 = CARTESIAN_POINT ( 'NONE',  ( 0.3500000000000004774, 0.000000000000000000, 0.5500000000000000444 ) ) ;
#923 = DIRECTION ( 'NONE',  ( 1.000000000000000000, 0.000000000000000000, 0.000000000000000000 ) ) ;
#924 = ADVANCED_FACE ( 'NONE', ( #839 ), #1170, .F. ) ;
#925 = EDGE_CURVE ( 'NONE', #670, #286, #1958, .T. ) ;
#926 = AXIS2_PLACEMENT_3D ( 'NONE', #253, #1386, #211 ) ;
#927 = EDGE_CURVE ( 'NONE', #194, #2003, #461, .T. ) ;
#928 = ORIENTED_EDGE ( 'NONE', *, *, #1221, .T. ) ;
#929 = CARTESIAN_POINT ( 'NONE',  ( 2.190000000000000391, 0.4000000000000000222, -0.5499999999999999334 ) ) ;
#930 = AXIS2_PLACEMENT_3D ( 'NONE', #1136, #317, #1832 ) ;
#931 = ORIENTED_EDGE ( 'NONE', *, *, #653, .F. ) ;
#932 = DIRECTION ( 'NONE',  ( -1.000000000000000000, 0.000000000000000000, -0.000000000000000000 ) ) ;
#933 = LINE ( 'NONE', #72, #626 ) ;
#934 = CARTESIAN_POINT ( 'NONE',  ( -3.459999999999999964, -6.743303437365925745, -0.1249999999999987510 ) ) ;
#935 = CARTESIAN_POINT ( 'NONE',  ( 5.080000000000000071, 0.000000000000000000, 0.000000000000000000 ) ) ;
#936 = VECTOR ( 'NONE', #1361, 1000.000000000000000 ) ;
#937 = VECTOR ( 'NONE', #439, 1000.000000000000000 ) ;
#938 = LINE ( 'NONE', #127, #1217 ) ;
#939 = AXIS2_PLACEMENT_3D ( 'NONE', #707, #207, #219 ) ;
#940 = EDGE_LOOP ( 'NONE', ( #215, #610, #1924, #539 ) ) ;
#941 = VERTEX_POINT ( 'NONE', #819 ) ;
#942 = DIRECTION ( 'NONE',  ( -0.5773502691896257311, -0.5773502691896257311, 0.5773502691896258421 ) ) ;
#943 = CARTESIAN_POINT ( 'NONE',  ( -5.330000000000001847, 0.000000000000000000, -0.5500000000000000444 ) ) ;
#944 = LINE ( 'NONE', #1274, #23 ) ;
#945 = EDGE_CURVE ( 'NONE', #1461, #1911, #972, .T. ) ;
#946 = COLOUR_RGB ( '',0.9686274509803921573, 0.8784313725490195957, 0.5999999999999999778 ) ;
#947 = CARTESIAN_POINT ( 'NONE',  ( 0.000000000000000000, 0.000000000000000000, 0.000000000000000000 ) ) ;
#948 = VERTEX_POINT ( 'NONE', #1344 ) ;
#949 = CARTESIAN_POINT ( 'NONE',  ( 3.459999999999999076, 4.699999999999998401, -0.3499999999999997558 ) ) ;
#950 = VERTEX_POINT ( 'NONE', #2008 ) ;
#951 = FACE_OUTER_BOUND ( 'NONE', #1096, .T. ) ;
#952 = EDGE_CURVE ( 'NONE', #1473, #279, #512, .T. ) ;
#953 = AXIS2_PLACEMENT_3D ( 'NONE', #17, #1858, #1223 ) ;
#954 = EDGE_LOOP ( 'NONE', ( #1482, #2092, #1390, #537 ) ) ;
#955 = LINE ( 'NONE', #1799, #884 ) ;
#956 = DIRECTION ( 'NONE',  ( 1.000000000000000000, 0.000000000000000000, 0.000000000000000000 ) ) ;
#957 = DIRECTION ( 'NONE',  ( -0.000000000000000000, 0.000000000000000000, 1.000000000000000000 ) ) ;
#958 = EDGE_CURVE ( 'NONE', #749, #941, #1014, .T. ) ;
#959 = EDGE_CURVE ( 'NONE', #1132, #876, #1973, .T. ) ;
#960 = DIRECTION ( 'NONE',  ( 1.000000000000000000, 0.000000000000000000, 0.000000000000000000 ) ) ;
#961 = ORIENTED_EDGE ( 'NONE', *, *, #110, .T. ) ;
#962 = CARTESIAN_POINT ( 'NONE',  ( 3.459999999999999076, 4.699999999999998401, 0.3500000000000001998 ) ) ;
#963 = PRODUCT_DEFINITION_CONTEXT ( 'detailed design', #523, 'design' ) ;
#964 = ADVANCED_FACE ( 'NONE', ( #1384 ), #363, .F. ) ;
#965 = ADVANCED_FACE ( 'NONE', ( #1211 ), #727, .F. ) ;
#966 = VERTEX_POINT ( 'NONE', #891 ) ;
#967 = CARTESIAN_POINT ( 'NONE',  ( -0.9199999999999998179, 2.000000000000000000, 0.3500000000000001998 ) ) ;
#968 = ORIENTED_EDGE ( 'NONE', *, *, #1356, .F. ) ;
#969 = ORIENTED_EDGE ( 'NONE', *, *, #1090, .F. ) ;
#970 = DIRECTION ( 'NONE',  ( -0.000000000000000000, -1.000000000000000000, -0.000000000000000000 ) ) ;
#971 = FACE_OUTER_BOUND ( 'NONE', #726, .T. ) ;
#972 = LINE ( 'NONE', #678, #1727 ) ;
#973 =( NAMED_UNIT ( * ) PLANE_ANGLE_UNIT ( ) SI_UNIT ( $, .RADIAN. ) );
#974 = EDGE_LOOP ( 'NONE', ( #417, #1606, #551, #1968 ) ) ;
#975 = CARTESIAN_POINT ( 'NONE',  ( -4.160000000000000142, -6.743303437365925745, -0.1249999999999987510 ) ) ;
#976 = FACE_OUTER_BOUND ( 'NONE', #1161, .T. ) ;
#977 = ORIENTED_EDGE ( 'NONE', *, *, #1356, .T. ) ;
#978 = VECTOR ( 'NONE', #1443, 1000.000000000000000 ) ;
#979 = VECTOR ( 'NONE', #1521, 1000.000000000000000 ) ;
#980 = ORIENTED_EDGE ( 'NONE', *, *, #235, .T. ) ;
#981 = DIRECTION ( 'NONE',  ( 0.000000000000000000, 1.000000000000000000, 0.000000000000000000 ) ) ;
#982 = DIRECTION ( 'NONE',  ( 0.000000000000000000, 0.000000000000000000, -1.000000000000000000 ) ) ;
#983 = CARTESIAN_POINT ( 'NONE',  ( -4.160000000000000142, -6.743303437365925745, -0.1249999999999987510 ) ) ;
#984 = ORIENTED_EDGE ( 'NONE', *, *, #1409, .F. ) ;
#985 = AXIS2_PLACEMENT_3D ( 'NONE', #75, #773, #2085 ) ;
#986 = EDGE_LOOP ( 'NONE', ( #1662, #498, #1886, #1187 ) ) ;
#987 = DIRECTION ( 'NONE',  ( -1.000000000000000000, -0.000000000000000000, -0.000000000000000000 ) ) ;
#988 = CARTESIAN_POINT ( 'NONE',  ( -4.160000000000000142, 0.4000000000000000222, 0.1250000000000012490 ) ) ;
#989 = ORIENTED_EDGE ( 'NONE', *, *, #34, .F. ) ;
#990 = CARTESIAN_POINT ( 'NONE',  ( -4.160000000000000142, 2.000000000000000000, -0.3499999999999997558 ) ) ;
#991 = ORIENTED_EDGE ( 'NONE', *, *, #414, .T. ) ;
#992 = CARTESIAN_POINT ( 'NONE',  ( -3.459999999999999964, 4.699999999999998401, 0.3500000000000001998 ) ) ;
#993 = VECTOR ( 'NONE', #848, 1000.000000000000000 ) ;
#994 = EDGE_CURVE ( 'NONE', #440, #2140, #173, .T. ) ;
#995 = DIRECTION ( 'NONE',  ( 1.000000000000000000, 0.000000000000000000, 0.000000000000000000 ) ) ;
#996 = ORIENTED_EDGE ( 'NONE', *, *, #1518, .F. ) ;
#997 = EDGE_LOOP ( 'NONE', ( #41, #1138, #2077, #10 ) ) ;
#998 = LINE ( 'NONE', #682, #1490 ) ;
#999 = PRODUCT_DEFINITION_SHAPE ( 'NONE', 'NONE',  #473 ) ;
#1000 = EDGE_LOOP ( 'NONE', ( #2046, #1071, #2109, #1704 ) ) ;
#1001 = DIRECTION ( 'NONE',  ( -0.000000000000000000, -1.000000000000000000, -0.000000000000000000 ) ) ;
#1002 = ORIENTED_EDGE ( 'NONE', *, *, #2108, .T. ) ;
#1003 = CARTESIAN_POINT ( 'NONE',  ( 2.890000000000000568, 0.000000000000000000, 0.5500000000000000444 ) ) ;
#1004 = CARTESIAN_POINT ( 'NONE',  ( 0.9199999999999998179, 2.000000000000000000, -0.3499999999999997558 ) ) ;
#1005 = DIRECTION ( 'NONE',  ( 0.5773502691896257311, 0.5773502691896257311, 0.5773502691896258421 ) ) ;
#1006 = ORIENTED_EDGE ( 'NONE', *, *, #1930, .T. ) ;
#1007 = VECTOR ( 'NONE', #2040, 1000.000000000000000 ) ;
#1008 = CARTESIAN_POINT ( 'NONE',  ( -3.459999999999999964, 0.4000000000000000222, 0.1250000000000012490 ) ) ;
#1009 = ORIENTED_EDGE ( 'NONE', *, *, #2163, .T. ) ;
#1010 = CARTESIAN_POINT ( 'NONE',  ( -4.729999999999999538, 0.000000000000000000, 0.5500000000000001554 ) ) ;
#1011 =( REPRESENTATION_RELATIONSHIP ('NONE','NONE', #248, #492 ) REPRESENTATION_RELATIONSHIP_WITH_TRANSFORMATION ( #1016 )SHAPE_REPRESENTATION_RELATIONSHIP( ) );
#1012 = ORIENTED_EDGE ( 'NONE', *, *, #435, .T. ) ;
#1013 =( GEOMETRIC_REPRESENTATION_CONTEXT ( 3 ) GLOBAL_UNCERTAINTY_ASSIGNED_CONTEXT ( ( #527 ) ) GLOBAL_UNIT_ASSIGNED_CONTEXT ( ( #66, #225, #33 ) ) REPRESENTATION_CONTEXT ( 'NONE', 'WORKASPACE' ) );
#1014 = LINE ( 'NONE', #132, #1585 ) ;
#1015 = AXIS2_PLACEMENT_3D ( 'NONE', #107, #259, #1423 ) ;
#1016 = ITEM_DEFINED_TRANSFORMATION ( 'NONE', 'NONE', #101,  #664 ) ;
#1017 = EDGE_CURVE ( 'NONE', #1837, #2140, #1374, .T. ) ;
#1018 = CARTESIAN_POINT ( 'NONE',  ( -0.3499999999999996447, 0.000000000000000000, 0.5500000000000001554 ) ) ;
#1019 = DIRECTION ( 'NONE',  ( 0.7071067811865475727, 0.7071067811865475727, 0.000000000000000000 ) ) ;
#1020 = ORIENTED_EDGE ( 'NONE', *, *, #180, .T. ) ;
#1021 = CARTESIAN_POINT ( 'NONE',  ( -5.330000000000000959, 5.000000000000000888, 1.270000000000000240 ) ) ;
#1022 = EDGE_LOOP ( 'NONE', ( #1771, #1104, #1720, #1279, #2044, #1480, #2020, #1766, #1304, #560, #1440, #267 ) ) ;
#1023 = DIRECTION ( 'NONE',  ( 1.000000000000000000, 0.000000000000000000, 0.000000000000000000 ) ) ;
#1024 = ADVANCED_FACE ( 'NONE', ( #184 ), #1049, .F. ) ;
#1025 = ADVANCED_FACE ( 'NONE', ( #51 ), #552, .F. ) ;
#1026 = LINE ( 'NONE', #1367, #1577 ) ;
#1027 = DIRECTION ( 'NONE',  ( 1.000000000000000000, -0.000000000000000000, 0.000000000000000000 ) ) ;
#1028 = CARTESIAN_POINT ( 'NONE',  ( 5.080000000000000071, 2.000000000000000000, 0.000000000000000000 ) ) ;
#1029 = ADVANCED_FACE ( 'NONE', ( #1700 ), #1893, .F. ) ;
#1030 = CARTESIAN_POINT ( 'NONE',  ( -4.160000000000000142, 4.699999999999998401, 0.3500000000000001998 ) ) ;
#1031 = VECTOR ( 'NONE', #942, 999.9999999999998863 ) ;
#1032 = DIRECTION ( 'NONE',  ( 0.000000000000000000, 0.000000000000000000, -1.000000000000000000 ) ) ;
#1033 = PRODUCT_DEFINITION_CONTEXT ( 'detailed design', #2172, 'design' ) ;
#1034 = EDGE_LOOP ( 'NONE', ( #1135, #265, #2150, #796 ) ) ;
#1035 = EDGE_CURVE ( 'NONE', #1295, #1992, #351, .T. ) ;
#1036 = ADVANCED_FACE ( 'NONE', ( #1 ), #697, .F. ) ;
#1037 = FACE_OUTER_BOUND ( 'NONE', #1444, .T. ) ;
#1038 = EDGE_LOOP ( 'NONE', ( #1228, #1523, #134, #1097, #1746, #1597 ) ) ;
#1039 = DIRECTION ( 'NONE',  ( -1.000000000000000000, 0.000000000000000000, 1.548860246407863336E-16 ) ) ;
#1040 = LINE ( 'NONE', #198, #712 ) ;
#1041 = FACE_OUTER_BOUND ( 'NONE', #230, .T. ) ;
#1042 = AXIS2_PLACEMENT_3D ( 'NONE', #456, #288, #917 ) ;
#1043 = ORIENTED_EDGE ( 'NONE', *, *, #1923, .F. ) ;
#1044 = ADVANCED_FACE ( 'NONE', ( #2017 ), #1061, .F. ) ;
#1045 = AXIS2_PLACEMENT_3D ( 'NONE', #1140, #266, #635 ) ;
#1046 = DIRECTION ( 'NONE',  ( -0.5773502691896257311, -0.5773502691896257311, 0.5773502691896258421 ) ) ;
#1047 = EDGE_LOOP ( 'NONE', ( #367, #1238, #361, #1962 ) ) ;
#1048 = CARTESIAN_POINT ( 'NONE',  ( 0.9199999999999998179, 4.699999999999998401, 0.3500000000000001998 ) ) ;
#1049 = PLANE ( 'NONE',  #517 ) ;
#1050 = LINE ( 'NONE', #1868, #179 ) ;
#1051 = CARTESIAN_POINT ( 'NONE',  ( -3.560000000000000497, -3.000000000000000000, 0.1250000000000012490 ) ) ;
#1052 = VECTOR ( 'NONE', #1372, 1000.000000000000000 ) ;
#1053 = VECTOR ( 'NONE', #2072, 1000.000000000000000 ) ;
#1054 = EDGE_LOOP ( 'NONE', ( #70, #2118, #1083, #888 ) ) ;
#1055 = ADVANCED_FACE ( 'NONE', ( #1395 ), #521, .F. ) ;
#1056 = ORIENTED_EDGE ( 'NONE', *, *, #397, .F. ) ;
#1057 = DIRECTION ( 'NONE',  ( 1.000000000000000000, 0.000000000000000000, 0.000000000000000000 ) ) ;
#1058 = ORIENTED_EDGE ( 'NONE', *, *, #2060, .T. ) ;
#1059 = LINE ( 'NONE', #686, #1839 ) ;
#1060 = ORIENTED_EDGE ( 'NONE', *, *, #2023, .T. ) ;
#1061 = PLANE ( 'NONE',  #1897 ) ;
#1062 = FACE_OUTER_BOUND ( 'NONE', #1141, .T. ) ;
#1063 = CARTESIAN_POINT ( 'NONE',  ( 1.620000000000000329, 2.000000000000000000, -0.3499999999999997558 ) ) ;
#1064 = EDGE_CURVE ( 'NONE', #27, #778, #1880, .T. ) ;
#1065 = DIRECTION ( 'NONE',  ( 1.000000000000000000, -0.000000000000000000, 0.000000000000000000 ) ) ;
#1066 = VECTOR ( 'NONE', #258, 1000.000000000000000 ) ;
#1067 = VERTEX_POINT ( 'NONE', #1844 ) ;
#1068 = DIRECTION ( 'NONE',  ( 0.000000000000000000, 0.000000000000000000, -1.000000000000000000 ) ) ;
#1069 = ORIENTED_EDGE ( 'NONE', *, *, #494, .F. ) ;
#1070 = PLANE ( 'NONE',  #555 ) ;
#1071 = ORIENTED_EDGE ( 'NONE', *, *, #1861, .T. ) ;
#1072 = CARTESIAN_POINT ( 'NONE',  ( 0.000000000000000000, 0.4000000000000000222, 0.000000000000000000 ) ) ;
#1073 = PLANE ( 'NONE',  #1491 ) ;
#1074 = DIRECTION ( 'NONE',  ( -1.000000000000000000, -0.000000000000000000, -0.000000000000000000 ) ) ;
#1075 = DIRECTION ( 'NONE',  ( -1.000000000000000000, 0.000000000000000000, -1.807003620809171920E-16 ) ) ;
#1076 = ORIENTED_EDGE ( 'NONE', *, *, #45, .F. ) ;
#1077 = LINE ( 'NONE', #384, #202 ) ;
#1078 = LINE ( 'NONE', #126, #1838 ) ;
#1079 = ORIENTED_EDGE ( 'NONE', *, *, #264, .F. ) ;
#1080 = DIRECTION ( 'NONE',  ( 1.000000000000000000, 0.000000000000000000, -1.548860246407863583E-16 ) ) ;
#1081 = CARTESIAN_POINT ( 'NONE',  ( -2.889999999999999680, 0.4000000000000000222, 0.5500000000000001554 ) ) ;
#1082 = DIRECTION ( 'NONE',  ( 0.000000000000000000, -1.000000000000000000, 0.000000000000000000 ) ) ;
#1083 = ORIENTED_EDGE ( 'NONE', *, *, #1787, .F. ) ;
#1084 = COLOUR_RGB ( '',0.2509803921568627416, 0.2509803921568627416, 0.2509803921568627416 ) ;
#1085 = LINE ( 'NONE', #2045, #1323 ) ;
#1086 = AXIS2_PLACEMENT_3D ( 'NONE', #262, #431, #960 ) ;
#1087 = VERTEX_POINT ( 'NONE', #1508 ) ;
#1088 = DIRECTION ( 'NONE',  ( 0.000000000000000000, 0.000000000000000000, 1.000000000000000000 ) ) ;
#1089 = CARTESIAN_POINT ( 'NONE',  ( 0.9199999999999998179, 2.000000000000000000, 0.3500000000000001998 ) ) ;
#1090 = EDGE_CURVE ( 'NONE', #294, #239, #42, .T. ) ;
#1091 = CARTESIAN_POINT ( 'NONE',  ( -4.460000000000001741, 5.000000000000000000, -0.6500000000000014655 ) ) ;
#1092 = ORIENTED_EDGE ( 'NONE', *, *, #1923, .T. ) ;
#1093 = EDGE_CURVE ( 'NONE', #24, #477, #1026, .T. ) ;
#1094 = VECTOR ( 'NONE', #1180, 1000.000000000000000 ) ;
#1095 = DIRECTION ( 'NONE',  ( -0.000000000000000000, 0.000000000000000000, 1.000000000000000000 ) ) ;
#1096 = EDGE_LOOP ( 'NONE', ( #789, #911, #1152, #597 ) ) ;
#1097 = ORIENTED_EDGE ( 'NONE', *, *, #653, .T. ) ;
#1098 = CARTESIAN_POINT ( 'NONE',  ( 5.330000000000002736, 0.000000000000000000, -0.5499999999999987121 ) ) ;
#1099 = PLANE ( 'NONE',  #1119 ) ;
#1100 =( LENGTH_UNIT ( ) NAMED_UNIT ( * ) SI_UNIT ( .MILLI., .METRE. ) );
#1101 = ORIENTED_EDGE ( 'NONE', *, *, #373, .T. ) ;
#1102 =( LENGTH_UNIT ( ) NAMED_UNIT ( * ) SI_UNIT ( .MILLI., .METRE. ) );
#1103 = VERTEX_POINT ( 'NONE', #532 ) ;
#1104 = ORIENTED_EDGE ( 'NONE', *, *, #1163, .F. ) ;
#1105 = DIRECTION ( 'NONE',  ( 1.000000000000000000, -0.000000000000000000, 0.000000000000000000 ) ) ;
#1106 = ORIENTED_EDGE ( 'NONE', *, *, #1338, .T. ) ;
#1107 = EDGE_CURVE ( 'NONE', #2015, #549, #594, .T. ) ;
#1108 = AXIS2_PLACEMENT_3D ( 'NONE', #1513, #1492, #2005 ) ;
#1109 = VERTEX_POINT ( 'NONE', #743 ) ;
#1110 = CARTESIAN_POINT ( 'NONE',  ( 0.3500000000000004774, 0.3999999999999999667, 0.5500000000000000444 ) ) ;
#1111 = PLANE ( 'NONE',  #1193 ) ;
#1112 = ORIENTED_EDGE ( 'NONE', *, *, #413, .F. ) ;
#1113 = CARTESIAN_POINT ( 'NONE',  ( -5.330000000000000959, 0.4000000000000000222, 0.5500000000000001554 ) ) ;
#1114 = EDGE_CURVE ( 'NONE', #778, #24, #1413, .T. ) ;
#1115 = AXIS2_PLACEMENT_3D ( 'NONE', #2047, #2039, #520 ) ;
#1116 = EDGE_CURVE ( 'NONE', #1928, #156, #437, .T. ) ;
#1117 = ORIENTED_EDGE ( 'NONE', *, *, #1930, .F. ) ;
#1118 = CARTESIAN_POINT ( 'NONE',  ( -2.189999999999999503, 0.3999999999999999667, 0.5500000000000000444 ) ) ;
#1119 = AXIS2_PLACEMENT_3D ( 'NONE', #283, #913, #1583 ) ;
#1120 = EDGE_CURVE ( 'NONE', #683, #1322, #1912, .T. ) ;
#1121 = EDGE_LOOP ( 'NONE', ( #706, #2006, #1092, #1431 ) ) ;
#1122 = LINE ( 'NONE', #1772, #681 ) ;
#1123 = CARTESIAN_POINT ( 'NONE',  ( -5.330000000000000959, 0.4000000000000000222, 1.270000000000000240 ) ) ;
#1124 = DIRECTION ( 'NONE',  ( 1.000000000000000000, 0.000000000000000000, 0.000000000000000000 ) ) ;
#1125 = APPLICATION_CONTEXT ( 'automotive_design' ) ;
#1126 = EDGE_CURVE ( 'NONE', #286, #1230, #1422, .T. ) ;
#1127 = ADVANCED_FACE ( 'NONE', ( #1262 ), #904, .F. ) ;
#1128 = CARTESIAN_POINT ( 'NONE',  ( -0.9199999999999998179, 4.699999999999998401, 0.3500000000000001998 ) ) ;
#1129 = CARTESIAN_POINT ( 'NONE',  ( 3.459999999999999076, 4.699999999999998401, 0.3500000000000001998 ) ) ;
#1130 = FACE_OUTER_BOUND ( 'NONE', #1403, .T. ) ;
#1131 = VECTOR ( 'NONE', #1375, 1000.000000000000000 ) ;
#1132 = VERTEX_POINT ( 'NONE', #1721 ) ;
#1133 = LINE ( 'NONE', #816, #1169 ) ;
#1134 = LINE ( 'NONE', #316, #61 ) ;
#1135 = ORIENTED_EDGE ( 'NONE', *, *, #116, .T. ) ;
#1136 = CARTESIAN_POINT ( 'NONE',  ( -1.620000000000000329, 4.699999999999998401, -0.3499999999999997558 ) ) ;
#1137 = DIRECTION ( 'NONE',  ( 0.000000000000000000, 0.000000000000000000, 1.000000000000000000 ) ) ;
#1138 = ORIENTED_EDGE ( 'NONE', *, *, #337, .F. ) ;
#1139 = CARTESIAN_POINT ( 'NONE',  ( 0.000000000000000000, 0.000000000000000000, 0.000000000000000000 ) ) ;
#1140 = CARTESIAN_POINT ( 'NONE',  ( 0.000000000000000000, 5.000000000000000000, 0.000000000000000000 ) ) ;
#1141 = EDGE_LOOP ( 'NONE', ( #2101, #357, #281, #1325 ) ) ;
#1142 = ORIENTED_EDGE ( 'NONE', *, *, #1116, .F. ) ;
#1143 = DIRECTION ( 'NONE',  ( -1.000000000000000000, 0.000000000000000000, 1.017075208710604412E-16 ) ) ;
#1144 = CARTESIAN_POINT ( 'NONE',  ( -4.160000000000000142, -6.743303437365925745, 0.1250000000000012490 ) ) ;
#1145 = VECTOR ( 'NONE', #2149, 1000.000000000000000 ) ;
#1146 = CARTESIAN_POINT ( 'NONE',  ( 4.730000000000001315, -1.252996408614168722, -0.5499999999999988232 ) ) ;
#1147 = CONTEXT_DEPENDENT_SHAPE_REPRESENTATION ( #1600, #2 ) ;
#1148 = ORIENTED_EDGE ( 'NONE', *, *, #721, .F. ) ;
#1149 = AXIS2_PLACEMENT_3D ( 'NONE', #97, #607, #109 ) ;
#1150 = CARTESIAN_POINT ( 'NONE',  ( 0.9199999999999998179, 4.699999999999998401, 0.3500000000000001998 ) ) ;
#1151 = LINE ( 'NONE', #1808, #234 ) ;
#1152 = ORIENTED_EDGE ( 'NONE', *, *, #111, .T. ) ;
#1153 = VECTOR ( 'NONE', #714, 1000.000000000000000 ) ;
#1154 = PRODUCT ( 'pin^BG095-xxxx gold ass', 'pin^BG095-xxxx gold ass', '', ( #1936 ) ) ;
#1155 = VECTOR ( 'NONE', #894, 1000.000000000000000 ) ;
#1156 = LINE ( 'NONE', #1665, #1418 ) ;
#1157 = ORIENTED_EDGE ( 'NONE', *, *, #633, .T. ) ;
#1158 = DIRECTION ( 'NONE',  ( 0.000000000000000000, 1.000000000000000000, 0.000000000000000000 ) ) ;
#1159 = DIRECTION ( 'NONE',  ( 1.000000000000000000, 0.000000000000000000, 0.000000000000000000 ) ) ;
#1160 = VERTEX_POINT ( 'NONE', #450 ) ;
#1161 = EDGE_LOOP ( 'NONE', ( #1620, #274, #1148, #612 ) ) ;
#1162 = DIRECTION ( 'NONE',  ( 1.000000000000000000, 0.000000000000000000, 0.000000000000000000 ) ) ;
#1163 = EDGE_CURVE ( 'NONE', #324, #754, #1573, .T. ) ;
#1164 = ORIENTED_EDGE ( 'NONE', *, *, #1254, .T. ) ;
#1165 = CARTESIAN_POINT ( 'NONE',  ( 5.330000000000000959, 0.000000000000000000, 0.5500000000000014877 ) ) ;
#1166 = ORIENTED_EDGE ( 'NONE', *, *, #1176, .F. ) ;
#1167 = ADVANCED_FACE ( 'NONE', ( #2112 ), #1932, .F. ) ;
#1168 = LINE ( 'NONE', #1830, #490 ) ;
#1169 = VECTOR ( 'NONE', #1296, 999.9999999999998863 ) ;
#1170 = PLANE ( 'NONE',  #441 ) ;
#1171 = CONTEXT_DEPENDENT_SHAPE_REPRESENTATION ( #1236, #166 ) ;
#1172 = LINE ( 'NONE', #163, #536 ) ;
#1173 = LINE ( 'NONE', #1850, #2096 ) ;
#1174 = ORIENTED_EDGE ( 'NONE', *, *, #1195, .F. ) ;
#1175 = DIRECTION ( 'NONE',  ( -0.000000000000000000, 1.000000000000000000, -0.000000000000000000 ) ) ;
#1176 = EDGE_CURVE ( 'NONE', #749, #844, #408, .T. ) ;
#1177 = ORIENTED_EDGE ( 'NONE', *, *, #945, .T. ) ;
#1178 = DIRECTION ( 'NONE',  ( -1.000000000000000000, 0.000000000000000000, -0.000000000000000000 ) ) ;
#1179 = CARTESIAN_POINT ( 'NONE',  ( -0.9199999999999998179, 5.000000000000000000, -0.6500000000000014655 ) ) ;
#1180 = DIRECTION ( 'NONE',  ( -0.000000000000000000, -1.000000000000000000, -0.000000000000000000 ) ) ;
#1181 = VECTOR ( 'NONE', #1496, 1000.000000000000000 ) ;
#1182 = DIRECTION ( 'NONE',  ( -0.000000000000000000, -0.000000000000000000, 1.000000000000000000 ) ) ;
#1183 = EDGE_CURVE ( 'NONE', #1109, #2024, #1762, .T. ) ;
#1184 = ORIENTED_EDGE ( 'NONE', *, *, #1739, .T. ) ;
#1185 = ADVANCED_FACE ( 'NONE', ( #251 ), #1920, .F. ) ;
#1186 = CARTESIAN_POINT ( 'NONE',  ( -0.9199999999999998179, 4.699999999999998401, 0.3500000000000001998 ) ) ;
#1187 = ORIENTED_EDGE ( 'NONE', *, *, #1415, .F. ) ;
#1188 = CARTESIAN_POINT ( 'NONE',  ( -0.3499999999999996447, 0.000000000000000000, -0.5499999999999999334 ) ) ;
#1189 = ADVANCED_FACE ( 'NONE', ( #1272 ), #2093, .F. ) ;
#1190 = AXIS2_PLACEMENT_3D ( 'NONE', #1150, #1019, #1032 ) ;
#1191 = DIRECTION ( 'NONE',  ( 0.000000000000000000, 0.000000000000000000, 1.000000000000000000 ) ) ;
#1192 = CARTESIAN_POINT ( 'NONE',  ( -1.620000000000000329, 4.699999999999998401, 0.3500000000000001998 ) ) ;
#1193 = AXIS2_PLACEMENT_3D ( 'NONE', #1442, #751, #2113 ) ;
#1194 = CARTESIAN_POINT ( 'NONE',  ( -4.729999999999999538, -1.252996408614168722, 0.5500000000000001554 ) ) ;
#1195 = EDGE_CURVE ( 'NONE', #736, #1087, #750, .T. ) ;
#1196 = FACE_OUTER_BOUND ( 'NONE', #940, .T. ) ;
#1197 = EDGE_CURVE ( 'NONE', #1738, #1277, #1441, .T. ) ;
#1198 = DIRECTION ( 'NONE',  ( -1.000000000000000000, 0.000000000000000000, 1.548860246407863336E-16 ) ) ;
#1199 = ORIENTED_EDGE ( 'NONE', *, *, #360, .T. ) ;
#1200 = CARTESIAN_POINT ( 'NONE',  ( -0.6199999999999981082, 5.000000000000000000, 0.6500000000000019096 ) ) ;
#1201 = EDGE_LOOP ( 'NONE', ( #602, #1076, #1935, #1298 ) ) ;
#1202 = PLANE ( 'NONE',  #939 ) ;
#1203 = CARTESIAN_POINT ( 'NONE',  ( 5.330000000000000959, 20.95843054456248566, 1.270000000000000240 ) ) ;
#1204 = CARTESIAN_POINT ( 'NONE',  ( -3.159999999999998366, 5.000000000000000000, 0.3500000000000001998 ) ) ;
#1205 = DIRECTION ( 'NONE',  ( -0.000000000000000000, -0.000000000000000000, 1.000000000000000000 ) ) ;
#1206 = EDGE_CURVE ( 'NONE', #916, #1928, #912, .T. ) ;
#1207 = ORIENTED_EDGE ( 'NONE', *, *, #1282, .T. ) ;
#1208 = LINE ( 'NONE', #369, #2086 ) ;
#1209 = ORIENTED_EDGE ( 'NONE', *, *, #1997, .T. ) ;
#1210 = CARTESIAN_POINT ( 'NONE',  ( -3.693333333333333357, 4.466666666666665009, -0.1166666666666663910 ) ) ;
#1211 = FACE_OUTER_BOUND ( 'NONE', #659, .T. ) ;
#1212 = DIRECTION ( 'NONE',  ( -1.000000000000000000, 0.000000000000000000, 0.000000000000000000 ) ) ;
#1213 = CARTESIAN_POINT ( 'NONE',  ( 5.330000000000000959, 20.95843054456248566, 1.270000000000000240 ) ) ;
#1214 = CARTESIAN_POINT ( 'NONE',  ( -4.160000000000000142, 4.699999999999998401, -0.3499999999999997558 ) ) ;
#1215 = VECTOR ( 'NONE', #1363, 1000.000000000000000 ) ;
#1216 = EDGE_LOOP ( 'NONE', ( #989, #2067, #470, #385 ) ) ;
#1217 = VECTOR ( 'NONE', #1619, 1000.000000000000000 ) ;
#1218 = DIRECTION ( 'NONE',  ( 0.000000000000000000, 0.000000000000000000, -1.000000000000000000 ) ) ;
#1219 = EDGE_LOOP ( 'NONE', ( #676, #228, #1451, #1816 ) ) ;
#1220 = DIRECTION ( 'NONE',  ( -1.000000000000000000, 0.000000000000000000, -0.000000000000000000 ) ) ;
#1221 = EDGE_CURVE ( 'NONE', #1988, #24, #605, .T. ) ;
#1222 = ORIENTED_EDGE ( 'NONE', *, *, #110, .F. ) ;
#1223 = DIRECTION ( 'NONE',  ( 0.000000000000000000, 0.000000000000000000, -1.000000000000000000 ) ) ;
#1224 = LINE ( 'NONE', #533, #747 ) ;
#1225 = PRESENTATION_LAYER_ASSIGNMENT (  '', '', ( #2166 ) ) ;
#1226 = DIRECTION ( 'NONE',  ( -1.000000000000000000, 0.000000000000000000, 1.548860246407863583E-16 ) ) ;
#1227 = VECTOR ( 'NONE', #614, 1000.000000000000000 ) ;
#1228 = ORIENTED_EDGE ( 'NONE', *, *, #1562, .T. ) ;
#1229 = LINE ( 'NONE', #1909, #2091 ) ;
#1230 = VERTEX_POINT ( 'NONE', #106 ) ;
#1231 =( NAMED_UNIT ( * ) SI_UNIT ( $, .STERADIAN. ) SOLID_ANGLE_UNIT ( ) );
#1232 = ORIENTED_EDGE ( 'NONE', *, *, #1888, .F. ) ;
#1233 = DIRECTION ( 'NONE',  ( 0.000000000000000000, 0.000000000000000000, -1.000000000000000000 ) ) ;
#1234 = FACE_OUTER_BOUND ( 'NONE', #997, .T. ) ;
#1235 = DIRECTION ( 'NONE',  ( 0.000000000000000000, 0.000000000000000000, -1.000000000000000000 ) ) ;
#1236 =( REPRESENTATION_RELATIONSHIP ('NONE','NONE', #248, #492 ) REPRESENTATION_RELATIONSHIP_WITH_TRANSFORMATION ( #1833 )SHAPE_REPRESENTATION_RELATIONSHIP( ) );
#1237 = AXIS2_PLACEMENT_3D ( 'NONE', #1560, #768, #757 ) ;
#1238 = ORIENTED_EDGE ( 'NONE', *, *, #799, .T. ) ;
#1239 = CARTESIAN_POINT ( 'NONE',  ( 4.729999999999999538, 0.000000000000000000, 0.5500000000000013767 ) ) ;
#1240 = CARTESIAN_POINT ( 'NONE',  ( -1.620000000000000329, 4.699999999999998401, 0.3500000000000001998 ) ) ;
#1241 = ADVANCED_FACE ( 'NONE', ( #779, #613, #1284, #1943 ), #301, .F. ) ;
#1242 = ORIENTED_EDGE ( 'NONE', *, *, #2154, .T. ) ;
#1243 = CARTESIAN_POINT ( 'NONE',  ( 4.159999999999999254, 2.000000000000000000, -0.3499999999999997558 ) ) ;
#1244 = DIRECTION ( 'NONE',  ( 0.000000000000000000, 0.000000000000000000, -1.000000000000000000 ) ) ;
#1245 = LINE ( 'NONE', #65, #1594 ) ;
#1246 = CARTESIAN_POINT ( 'NONE',  ( -5.330000000000000959, 0.000000000000000000, 0.5500000000000001554 ) ) ;
#1247 = EDGE_CURVE ( 'NONE', #2058, #1109, #1462, .T. ) ;
#1248 = PLANE ( 'NONE',  #201 ) ;
#1249 = EDGE_CURVE ( 'NONE', #194, #1499, #458, .T. ) ;
#1250 = AXIS2_PLACEMENT_3D ( 'NONE', #887, #1068, #2037 ) ;
#1251 = ORIENTED_EDGE ( 'NONE', *, *, #1689, .F. ) ;
#1252 = CARTESIAN_POINT ( 'NONE',  ( -0.9199999999999998179, 4.699999999999998401, -0.3499999999999997558 ) ) ;
#1253 = FACE_OUTER_BOUND ( 'NONE', #1776, .T. ) ;
#1254 = EDGE_CURVE ( 'NONE', #315, #948, #1133, .T. ) ;
#1255 = FACE_OUTER_BOUND ( 'NONE', #423, .T. ) ;
#1257 = STYLED_ITEM ( 'NONE', ( #123 ), #368 ) ;
#1256 = APPLICATION_PROTOCOL_DEFINITION ( 'draft international standard', 'automotive_design', 1998, #898 ) ;
#1258 = VERTEX_POINT ( 'NONE', #471 ) ;
#1259 = ORIENTED_EDGE ( 'NONE', *, *, #741, .F. ) ;
#1260 = FACE_OUTER_BOUND ( 'NONE', #1514, .T. ) ;
#1261 = ORIENTED_EDGE ( 'NONE', *, *, #739, .T. ) ;
#1262 = FACE_OUTER_BOUND ( 'NONE', #604, .T. ) ;
#1263 = CARTESIAN_POINT ( 'NONE',  ( -5.330000000000000959, 0.4000000000000000222, 0.5500000000000001554 ) ) ;
#1264 = CARTESIAN_POINT ( 'NONE',  ( 5.330000000000000959, 5.000000000000000888, -1.270000000000001128 ) ) ;
#1265 = ORIENTED_EDGE ( 'NONE', *, *, #896, .T. ) ;
#1266 =( LENGTH_UNIT ( ) NAMED_UNIT ( * ) SI_UNIT ( .MILLI., .METRE. ) );
#1267 = EDGE_CURVE ( 'NONE', #1067, #836, #2141, .T. ) ;
#1268 = AXIS2_PLACEMENT_3D ( 'NONE', #689, #1027, #882 ) ;
#1269 = EDGE_LOOP ( 'NONE', ( #648, #1970, #1791, #1222 ) ) ;
#1270 = FACE_OUTER_BOUND ( 'NONE', #1269, .T. ) ;
#1271 = ORIENTED_EDGE ( 'NONE', *, *, #460, .F. ) ;
#1272 = FACE_OUTER_BOUND ( 'NONE', #394, .T. ) ;
#1273 = DIRECTION ( 'NONE',  ( 1.000000000000000000, -0.000000000000000000, -1.548860246407863336E-16 ) ) ;
#1274 = CARTESIAN_POINT ( 'NONE',  ( -3.560000000000000497, -3.000000000000000000, 0.000000000000000000 ) ) ;
#1275 = EDGE_CURVE ( 'NONE', #286, #491, #1122, .T. ) ;
#1276 = APPLICATION_PROTOCOL_DEFINITION ( 'draft international standard', 'automotive_design', 1998, #224 ) ;
#1277 = VERTEX_POINT ( 'NONE', #639 ) ;
#1278 = EDGE_LOOP ( 'NONE', ( #468, #961, #2153, #2145 ) ) ;
#1279 = ORIENTED_EDGE ( 'NONE', *, *, #1616, .F. ) ;
#1280 = PLANE ( 'NONE',  #2084 ) ;
#1281 = AXIS2_PLACEMENT_3D ( 'NONE', #541, #1539, #1549 ) ;
#1282 = EDGE_CURVE ( 'NONE', #1992, #1576, #1971, .T. ) ;
#1283 = ORIENTED_EDGE ( 'NONE', *, *, #1857, .T. ) ;
#1284 = FACE_BOUND ( 'NONE', #56, .T. ) ;
#1285 = CARTESIAN_POINT ( 'NONE',  ( -5.330000000000000959, 0.4000000000000000222, -1.270000000000000018 ) ) ;
#1286 = CARTESIAN_POINT ( 'NONE',  ( 2.190000000000000391, 0.000000000000000000, 0.5500000000000001554 ) ) ;
#1287 = EDGE_LOOP ( 'NONE', ( #782, #1364, #2028, #584 ) ) ;
#1288 = DIRECTION ( 'NONE',  ( 0.000000000000000000, 0.000000000000000000, 1.000000000000000000 ) ) ;
#1289 = ORIENTED_EDGE ( 'NONE', *, *, #770, .T. ) ;
#1290 = DIRECTION ( 'NONE',  ( 0.000000000000000000, 0.7071067811865475727, -0.7071067811865474617 ) ) ;
#1291 = VECTOR ( 'NONE', #296, 1000.000000000000000 ) ;
#1292 = ORIENTED_EDGE ( 'NONE', *, *, #432, .T. ) ;
#1293 = CARTESIAN_POINT ( 'NONE',  ( 5.330000000000000959, 0.000000000000000000, 0.5500000000000014877 ) ) ;
#1294 = VECTOR ( 'NONE', #1547, 1000.000000000000000 ) ;
#1295 = VERTEX_POINT ( 'NONE', #291 ) ;
#1296 = DIRECTION ( 'NONE',  ( 0.5773502691896257311, -0.5773502691896257311, 0.5773502691896258421 ) ) ;
#1297 = FACE_OUTER_BOUND ( 'NONE', #35, .T. ) ;
#1298 = ORIENTED_EDGE ( 'NONE', *, *, #2163, .F. ) ;
#1299 = DIRECTION ( 'NONE',  ( 1.000000000000000000, 0.000000000000000000, 0.000000000000000000 ) ) ;
#1300 = PRESENTATION_STYLE_ASSIGNMENT (( #112 ) ) ;
#1301 = ORIENTED_EDGE ( 'NONE', *, *, #1979, .F. ) ;
#1302 = LINE ( 'NONE', #1731, #268 ) ;
#1303 = CARTESIAN_POINT ( 'NONE',  ( -4.160000000000000142, 0.4000000000000000222, 0.1250000000000012490 ) ) ;
#1304 = ORIENTED_EDGE ( 'NONE', *, *, #1247, .F. ) ;
#1305 = AXIS2_PLACEMENT_3D ( 'NONE', #1368, #1540, #1845 ) ;
#1306 = ORIENTED_EDGE ( 'NONE', *, *, #494, .T. ) ;
#1307 = DIRECTION ( 'NONE',  ( 1.000000000000000000, 0.000000000000000000, 0.000000000000000000 ) ) ;
#1308 = CARTESIAN_POINT ( 'NONE',  ( -3.159999999999998366, 5.000000000000000000, -0.6500000000000014655 ) ) ;
#1309 = LINE ( 'NONE', #1146, #1319 ) ;
#1310 = PRODUCT_CONTEXT ( 'NONE', #1866, 'mechanical' ) ;
#1311 = FACE_OUTER_BOUND ( 'NONE', #815, .T. ) ;
#1312 = CARTESIAN_POINT ( 'NONE',  ( -1.620000000000000329, 5.000000000000000000, 0.6500000000000019096 ) ) ;
#1313 = DIRECTION ( 'NONE',  ( -1.000000000000000000, -0.000000000000000000, -0.000000000000000000 ) ) ;
#1314 = ORIENTED_EDGE ( 'NONE', *, *, #1629, .T. ) ;
#1315 = EDGE_CURVE ( 'NONE', #1505, #1715, #955, .T. ) ;
#1316 = PLANE ( 'NONE',  #724 ) ;
#1317 = ORIENTED_EDGE ( 'NONE', *, *, #98, .F. ) ;
#1318 = CARTESIAN_POINT ( 'NONE',  ( 4.729999999999999538, 0.000000000000000000, 0.5500000000000013767 ) ) ;
#1319 = VECTOR ( 'NONE', #500, 1000.000000000000000 ) ;
#1320 = EDGE_CURVE ( 'NONE', #2140, #1715, #1611, .T. ) ;
#1321 = CARTESIAN_POINT ( 'NONE',  ( 0.3500000000000004774, 1.703840481040529875, -0.5500000000000000444 ) ) ;
#1322 = VERTEX_POINT ( 'NONE', #2128 ) ;
#1323 = VECTOR ( 'NONE', #705, 1000.000000000000000 ) ;
#1324 = FACE_OUTER_BOUND ( 'NONE', #403, .T. ) ;
#1325 = ORIENTED_EDGE ( 'NONE', *, *, #1315, .F. ) ;
#1326 = VECTOR ( 'NONE', #1182, 1000.000000000000000 ) ;
#1327 = VECTOR ( 'NONE', #1226, 1000.000000000000000 ) ;
#1328 = PRODUCT_DEFINITION_SHAPE ( 'NONE', 'NONE',  #2181 ) ;
#1329 = VECTOR ( 'NONE', #1913, 1000.000000000000000 ) ;
#1330 = CARTESIAN_POINT ( 'NONE',  ( 3.159999999999997478, 5.000000000000000000, 0.6500000000000019096 ) ) ;
#1331 = ORIENTED_EDGE ( 'NONE', *, *, #1495, .T. ) ;
#1332 = LINE ( 'NONE', #640, #1664 ) ;
#1333 = FACE_OUTER_BOUND ( 'NONE', #269, .T. ) ;
#1334 = DIRECTION ( 'NONE',  ( 1.548860246407863583E-16, -0.000000000000000000, 1.000000000000000000 ) ) ;
#1335 = PRODUCT_DEFINITION_FORMATION_WITH_SPECIFIED_SOURCE ( 'ANY', '', #345, .NOT_KNOWN. ) ;
#1336 = ORIENTED_EDGE ( 'NONE', *, *, #853, .T. ) ;
#1337 = DIRECTION ( 'NONE',  ( 1.000000000000000000, 0.000000000000000000, 0.000000000000000000 ) ) ;
#1338 = EDGE_CURVE ( 'NONE', #156, #2015, #624, .T. ) ;
#1339 = ORIENTED_EDGE ( 'NONE', *, *, #952, .T. ) ;
#1340 = LINE ( 'NONE', #1673, #2053 ) ;
#1341 = ORIENTED_EDGE ( 'NONE', *, *, #108, .T. ) ;
#1342 = DIRECTION ( 'NONE',  ( -0.000000000000000000, 1.000000000000000000, -0.000000000000000000 ) ) ;
#1343 = AXIS2_PLACEMENT_3D ( 'NONE', #221, #2063, #1191 ) ;
#1344 = CARTESIAN_POINT ( 'NONE',  ( -4.160000000000000142, 4.699999999999998401, -0.3499999999999997558 ) ) ;
#1345 = LINE ( 'NONE', #1213, #1094 ) ;
#1346 = EDGE_CURVE ( 'NONE', #239, #966, #1358, .T. ) ;
#1347 = CARTESIAN_POINT ( 'NONE',  ( -1.620000000000000329, 2.000000000000000000, 0.3500000000000001998 ) ) ;
#1348 = PRODUCT_DEFINITION ( 'UNKNOWN', '', #136, #963 ) ;
#1349 = EDGE_CURVE ( 'NONE', #1738, #1295, #1050, .T. ) ;
#1350 = EDGE_CURVE ( 'NONE', #1230, #1995, #222, .T. ) ;
#1351 = ORIENTED_EDGE ( 'NONE', *, *, #1951, .T. ) ;
#1352 = CARTESIAN_POINT ( 'NONE',  ( 5.330000000000000959, 20.95843054456248566, 1.270000000000000240 ) ) ;
#1353 = ORIENTED_EDGE ( 'NONE', *, *, #925, .T. ) ;
#1354 = DIRECTION ( 'NONE',  ( -1.000000000000000000, 0.000000000000000000, 1.548860246407863583E-16 ) ) ;
#1355 = EDGE_CURVE ( 'NONE', #2127, #1854, #892, .T. ) ;
#1356 = EDGE_CURVE ( 'NONE', #27, #208, #210, .T. ) ;
#1357 = DIRECTION ( 'NONE',  ( 1.000000000000000000, 0.000000000000000000, 0.000000000000000000 ) ) ;
#1358 = LINE ( 'NONE', #376, #1131 ) ;
#1359 = DIRECTION ( 'NONE',  ( -0.000000000000000000, 1.000000000000000000, -0.000000000000000000 ) ) ;
#1360 = CARTESIAN_POINT ( 'NONE',  ( 4.159999999999999254, 2.000000000000000000, 0.3500000000000001998 ) ) ;
#1361 = DIRECTION ( 'NONE',  ( -0.000000000000000000, -1.000000000000000000, -0.000000000000000000 ) ) ;
#1362 = ORIENTED_EDGE ( 'NONE', *, *, #1993, .T. ) ;
#1363 = DIRECTION ( 'NONE',  ( -0.000000000000000000, -1.000000000000000000, -0.000000000000000000 ) ) ;
#1364 = ORIENTED_EDGE ( 'NONE', *, *, #1821, .T. ) ;
#1365 = LINE ( 'NONE', #1855, #204 ) ;
#1366 = VECTOR ( 'NONE', #843, 1000.000000000000000 ) ;
#1367 = CARTESIAN_POINT ( 'NONE',  ( -1.620000000000000329, 4.699999999999998401, -0.3499999999999997558 ) ) ;
#1368 = CARTESIAN_POINT ( 'NONE',  ( 0.3500000000000004774, 1.703840481040529875, 0.5500000000000000444 ) ) ;
#1369 = CARTESIAN_POINT ( 'NONE',  ( -1.620000000000000329, 4.699999999999998401, 0.3500000000000001998 ) ) ;
#1370 = EDGE_CURVE ( 'NONE', #1132, #118, #522, .T. ) ;
#1371 = ORIENTED_EDGE ( 'NONE', *, *, #1502, .T. ) ;
#1372 = DIRECTION ( 'NONE',  ( 0.000000000000000000, 0.000000000000000000, -1.000000000000000000 ) ) ;
#1373 = EDGE_LOOP ( 'NONE', ( #715, #2056, #1842, #50 ) ) ;
#1374 = LINE ( 'NONE', #1685, #1450 ) ;
#1375 = DIRECTION ( 'NONE',  ( -1.000000000000000000, 0.000000000000000000, 1.017075208710604412E-16 ) ) ;
#1376 = CARTESIAN_POINT ( 'NONE',  ( -3.459999999999999964, 4.699999999999998401, 0.3500000000000001998 ) ) ;
#1377 = VECTOR ( 'NONE', #1005, 999.9999999999998863 ) ;
#1378 = AXIS2_PLACEMENT_3D ( 'NONE', #1603, #920, #1433 ) ;
#1379 = EDGE_CURVE ( 'NONE', #693, #1067, #565, .T. ) ;
#1380 = EDGE_LOOP ( 'NONE', ( #623, #569, #1112, #1392 ) ) ;
#1381 = CARTESIAN_POINT ( 'NONE',  ( -3.459999999999999964, -2.725252258054537968, 0.1250000000000012490 ) ) ;
#1382 = ORIENTED_EDGE ( 'NONE', *, *, #1953, .T. ) ;
#1383 = ORIENTED_EDGE ( 'NONE', *, *, #304, .T. ) ;
#1384 = FACE_OUTER_BOUND ( 'NONE', #1278, .T. ) ;
#1385 = CARTESIAN_POINT ( 'NONE',  ( -4.160000000000000142, 2.000000000000000000, 0.3500000000000001998 ) ) ;
#1386 = DIRECTION ( 'NONE',  ( 0.000000000000000000, 0.7071067811865475727, 0.7071067811865474617 ) ) ;
#1387 = FILL_AREA_STYLE ('',( #236 ) ) ;
#1388 = VECTOR ( 'NONE', #699, 1000.000000000000000 ) ;
#1389 = AXIS2_PLACEMENT_3D ( 'NONE', #1321, #475, #293 ) ;
#1390 = ORIENTED_EDGE ( 'NONE', *, *, #1645, .F. ) ;
#1391 = LINE ( 'NONE', #1717, #1691 ) ;
#1392 = ORIENTED_EDGE ( 'NONE', *, *, #1338, .F. ) ;
#1393 = CARTESIAN_POINT ( 'NONE',  ( -2.889999999999999680, 0.4000000000000000222, -0.5499999999999999334 ) ) ;
#1394 = VERTEX_POINT ( 'NONE', #1701 ) ;
#1395 = FACE_OUTER_BOUND ( 'NONE', #299, .T. ) ;
#1396 = CARTESIAN_POINT ( 'NONE',  ( 4.460000000000000853, 5.000000000000000000, 0.6500000000000019096 ) ) ;
#1397 = DIRECTION ( 'NONE',  ( 0.000000000000000000, -1.000000000000000000, 0.000000000000000000 ) ) ;
#1398 = AXIS2_PLACEMENT_3D ( 'NONE', #1089, #1742, #2129 ) ;
#1399 = ORIENTED_EDGE ( 'NONE', *, *, #1017, .F. ) ;
#1400 = EDGE_CURVE ( 'NONE', #156, #1544, #1040, .T. ) ;
#1401 = PLANE ( 'NONE',  #480 ) ;
#1402 = CARTESIAN_POINT ( 'NONE',  ( 3.459999999999999076, 2.000000000000000000, -0.3499999999999997558 ) ) ;
#1403 = EDGE_LOOP ( 'NONE', ( #1232, #713, #1199, #1892 ) ) ;
#1404 = CARTESIAN_POINT ( 'NONE',  ( -4.160000000000000142, 2.000000000000000000, 0.3500000000000001998 ) ) ;
#1405 = CARTESIAN_POINT ( 'NONE',  ( -4.059999999999999609, -3.000000000000000000, 0.000000000000000000 ) ) ;
#1406 = LINE ( 'NONE', #391, #303 ) ;
#1407 = ADVANCED_FACE ( 'NONE', ( #1062 ), #400, .F. ) ;
#1408 = VECTOR ( 'NONE', #1212, 1000.000000000000000 ) ;
#1409 = EDGE_CURVE ( 'NONE', #1394, #446, #1894, .T. ) ;
#1410 = CARTESIAN_POINT ( 'NONE',  ( 4.159999999999999254, 4.699999999999998401, 0.3500000000000001998 ) ) ;
#1411 = DIRECTION ( 'NONE',  ( 1.000000000000000000, 0.000000000000000000, 0.000000000000000000 ) ) ;
#1412 = ORIENTED_EDGE ( 'NONE', *, *, #927, .T. ) ;
#1413 = LINE ( 'NONE', #1252, #643 ) ;
#1414 = CARTESIAN_POINT ( 'NONE',  ( 5.330000000000000959, 0.4000000000000000222, 1.270000000000000240 ) ) ;
#1415 = EDGE_CURVE ( 'NONE', #1103, #1322, #1224, .T. ) ;
#1416 = DIRECTION ( 'NONE',  ( 0.000000000000000000, 0.000000000000000000, -1.000000000000000000 ) ) ;
#1417 = EDGE_CURVE ( 'NONE', #1633, #1461, #542, .T. ) ;
#1418 = VECTOR ( 'NONE', #529, 1000.000000000000000 ) ;
#1419 = DIRECTION ( 'NONE',  ( -1.000000000000000000, 0.000000000000000000, 0.000000000000000000 ) ) ;
#1420 = VECTOR ( 'NONE', #1915, 1000.000000000000000 ) ;
#1421 = ORIENTED_EDGE ( 'NONE', *, *, #1126, .F. ) ;
#1422 = LINE ( 'NONE', #1243, #395 ) ;
#1423 = DIRECTION ( 'NONE',  ( 1.000000000000000000, 0.000000000000000000, -1.548860246407863583E-16 ) ) ;
#1424 = CARTESIAN_POINT ( 'NONE',  ( 4.159999999999999254, 2.000000000000000000, -0.3499999999999997558 ) ) ;
#1425 = EDGE_CURVE ( 'NONE', #1576, #2058, #31, .T. ) ;
#1426 = VECTOR ( 'NONE', #1411, 1000.000000000000000 ) ;
#1427 = AXIS2_PLACEMENT_3D ( 'NONE', #260, #453, #957 ) ;
#1428 = VECTOR ( 'NONE', #1865, 999.9999999999998863 ) ;
#1429 = ORIENTED_EDGE ( 'NONE', *, *, #540, .F. ) ;
#1430 = LINE ( 'NONE', #119, #616 ) ;
#1431 = ORIENTED_EDGE ( 'NONE', *, *, #1090, .T. ) ;
#1432 = ORIENTED_EDGE ( 'NONE', *, *, #1320, .F. ) ;
#1433 = DIRECTION ( 'NONE',  ( 0.000000000000000000, 0.000000000000000000, 1.000000000000000000 ) ) ;
#1434 = DIRECTION ( 'NONE',  ( 1.000000000000000000, 0.000000000000000000, 0.000000000000000000 ) ) ;
#1435 = SURFACE_STYLE_FILL_AREA ( #1613 ) ;
#1436 = ORIENTED_EDGE ( 'NONE', *, *, #1645, .T. ) ;
#1437 = VECTOR ( 'NONE', #1143, 1000.000000000000000 ) ;
#1438 = ADVANCED_FACE ( 'NONE', ( #728 ), #698, .T. ) ;
#1439 = FACE_BOUND ( 'NONE', #1942, .T. ) ;
#1440 = ORIENTED_EDGE ( 'NONE', *, *, #1282, .F. ) ;
#1441 = LINE ( 'NONE', #1098, #425 ) ;
#1442 = CARTESIAN_POINT ( 'NONE',  ( -5.330000000000001847, -1.252996408614168722, -0.5500000000000000444 ) ) ;
#1443 = DIRECTION ( 'NONE',  ( -0.000000000000000000, 1.000000000000000000, -0.000000000000000000 ) ) ;
#1444 = EDGE_LOOP ( 'NONE', ( #867, #1548, #1056, #919 ) ) ;
#1445 = DIRECTION ( 'NONE',  ( 0.000000000000000000, 0.000000000000000000, 1.000000000000000000 ) ) ;
#1446 = EDGE_LOOP ( 'NONE', ( #38, #650, #496, #484 ) ) ;
#1447 = CARTESIAN_POINT ( 'NONE',  ( -5.330000000000000959, 20.95843054456248566, 1.270000000000000240 ) ) ;
#1448 = PLANE ( 'NONE',  #1045 ) ;
#1449 = EDGE_LOOP ( 'NONE', ( #1610, #392, #1421, #245 ) ) ;
#1450 = VECTOR ( 'NONE', #1515, 1000.000000000000000 ) ;
#1451 = ORIENTED_EDGE ( 'NONE', *, *, #422, .F. ) ;
#1452 = DIRECTION ( 'NONE',  ( -0.000000000000000000, -0.000000000000000000, 1.000000000000000000 ) ) ;
#1453 = DIRECTION ( 'NONE',  ( 1.000000000000000000, 0.000000000000000000, 0.000000000000000000 ) ) ;
#1454 = FACE_OUTER_BOUND ( 'NONE', #528, .T. ) ;
#1455 = ORIENTED_EDGE ( 'NONE', *, *, #1749, .F. ) ;
#1456 = PLANE ( 'NONE',  #1563 ) ;
#1457 = PRESENTATION_LAYER_ASSIGNMENT (  '', '', ( #735 ) ) ;
#1458 = ORIENTED_EDGE ( 'NONE', *, *, #558, .T. ) ;
#1459 = CARTESIAN_POINT ( 'NONE',  ( 0.3500000000000004774, 0.3999999999999999667, -0.5500000000000000444 ) ) ;
#1460 = EDGE_LOOP ( 'NONE', ( #129, #1538, #813, #1557 ) ) ;
#1461 = VERTEX_POINT ( 'NONE', #1722 ) ;
#1462 = LINE ( 'NONE', #1635, #1608 ) ;
#1463 = PLANE ( 'NONE',  #765 ) ;
#1464 = DIRECTION ( 'NONE',  ( -0.000000000000000000, -1.000000000000000000, -0.000000000000000000 ) ) ;
#1465 = LINE ( 'NONE', #820, #188 ) ;
#1466 = FACE_OUTER_BOUND ( 'NONE', #1525, .T. ) ;
#1467 = ADVANCED_FACE ( 'NONE', ( #859 ), #1686, .F. ) ;
#1468 = CARTESIAN_POINT ( 'NONE',  ( 3.459999999999999076, 4.699999999999998401, -0.3499999999999997558 ) ) ;
#1469 = VERTEX_POINT ( 'NONE', #1385 ) ;
#1470 = VECTOR ( 'NONE', #174, 1000.000000000000000 ) ;
#1471 = EDGE_CURVE ( 'NONE', #1638, #2058, #710, .T. ) ;
#1472 = CARTESIAN_POINT ( 'NONE',  ( -4.160000000000000142, 0.4000000000000000222, -0.1249999999999987510 ) ) ;
#1473 = VERTEX_POINT ( 'NONE', #1859 ) ;
#1474 = DIRECTION ( 'NONE',  ( -0.3420201433256712109, 0.9396926207859074287, -0.000000000000000000 ) ) ;
#1475 = CARTESIAN_POINT ( 'NONE',  ( 0.9199999999999998179, 2.000000000000000000, 0.3500000000000001998 ) ) ;
#1476 = DIRECTION ( 'NONE',  ( -1.000000000000000000, 0.000000000000000000, 0.000000000000000000 ) ) ;
#1477 = VERTEX_POINT ( 'NONE', #1396 ) ;
#1478 = CARTESIAN_POINT ( 'NONE',  ( 1.620000000000000329, 4.699999999999998401, 0.3500000000000001998 ) ) ;
#1479 = DIRECTION ( 'NONE',  ( 0.000000000000000000, 0.000000000000000000, 1.000000000000000000 ) ) ;
#1480 = ORIENTED_EDGE ( 'NONE', *, *, #1569, .F. ) ;
#1481 = LINE ( 'NONE', #2159, #261 ) ;
#1482 = ORIENTED_EDGE ( 'NONE', *, *, #1249, .T. ) ;
#1483 = DIRECTION ( 'NONE',  ( 0.000000000000000000, 0.000000000000000000, 1.000000000000000000 ) ) ;
#1484 = VECTOR ( 'NONE', #1853, 1000.000000000000000 ) ;
#1485 = DIRECTION ( 'NONE',  ( -0.000000000000000000, 0.000000000000000000, 1.000000000000000000 ) ) ;
#1486 = ADVANCED_FACE ( 'NONE', ( #1234 ), #1073, .F. ) ;
#1487 = CARTESIAN_POINT ( 'NONE',  ( 0.3500000000000004774, 0.000000000000000000, 0.5500000000000000444 ) ) ;
#1488 = DIRECTION ( 'NONE',  ( 0.000000000000000000, 0.000000000000000000, -1.000000000000000000 ) ) ;
#1489 = ORIENTED_EDGE ( 'NONE', *, *, #1941, .T. ) ;
#1490 = VECTOR ( 'NONE', #344, 1000.000000000000000 ) ;
#1491 = AXIS2_PLACEMENT_3D ( 'NONE', #905, #1561, #95 ) ;
#1492 = DIRECTION ( 'NONE',  ( 0.000000000000000000, 1.000000000000000000, 0.000000000000000000 ) ) ;
#1493 = EDGE_LOOP ( 'NONE', ( #1012, #335, #1777, #1634 ) ) ;
#1494 = CARTESIAN_POINT ( 'NONE',  ( 0.000000000000000000, 2.000000000000000000, 0.000000000000000000 ) ) ;
#1495 = EDGE_CURVE ( 'NONE', #2024, #2001, #428, .T. ) ;
#1496 = DIRECTION ( 'NONE',  ( -0.000000000000000000, 1.000000000000000000, -0.000000000000000000 ) ) ;
#1497 = CARTESIAN_POINT ( 'NONE',  ( -2.189999999999999503, 1.703840481040529875, -0.5500000000000000444 ) ) ;
#1498 = EDGE_CURVE ( 'NONE', #941, #114, #1763, .T. ) ;
#1499 = VERTEX_POINT ( 'NONE', #921 ) ;
#1500 = CARTESIAN_POINT ( 'NONE',  ( 0.3500000000000004774, 0.000000000000000000, -0.5500000000000000444 ) ) ;
#1501 = EDGE_LOOP ( 'NONE', ( #1436, #1184, #1455, #1271 ) ) ;
#1502 = EDGE_CURVE ( 'NONE', #661, #1638, #1591, .T. ) ;
#1503 = ADVANCED_FACE ( 'NONE', ( #271 ), #1099, .T. ) ;
#1504 = FACE_OUTER_BOUND ( 'NONE', #2011, .T. ) ;
#1505 = VERTEX_POINT ( 'NONE', #1081 ) ;
#1506 = SURFACE_STYLE_FILL_AREA ( #183 ) ;
#1507 = VECTOR ( 'NONE', #1582, 999.9999999999998863 ) ;
#1508 = CARTESIAN_POINT ( 'NONE',  ( 3.159999999999997478, 5.000000000000000000, -0.6500000000000014655 ) ) ;
#1509 = CONTEXT_DEPENDENT_SHAPE_REPRESENTATION ( #2013, #185 ) ;
#1510 = CARTESIAN_POINT ( 'NONE',  ( -2.889999999999999680, 0.3999999999999999667, 0.5500000000000001554 ) ) ;
#1511 = DIRECTION ( 'NONE',  ( -0.000000000000000000, 1.000000000000000000, -0.000000000000000000 ) ) ;
#1512 = ORIENTED_EDGE ( 'NONE', *, *, #1873, .F. ) ;
#1513 = CARTESIAN_POINT ( 'NONE',  ( 0.000000000000000000, 0.000000000000000000, 0.000000000000000000 ) ) ;
#1514 = EDGE_LOOP ( 'NONE', ( #1966, #574, #138, #125 ) ) ;
#1515 = DIRECTION ( 'NONE',  ( -0.000000000000000000, -1.000000000000000000, -0.000000000000000000 ) ) ;
#1516 = CARTESIAN_POINT ( 'NONE',  ( -1.620000000000000329, 4.699999999999998401, 0.3500000000000001998 ) ) ;
#1517 = CARTESIAN_POINT ( 'NONE',  ( -4.160000000000000142, -2.725252258054537080, 0.1250000000000012490 ) ) ;
#1518 = EDGE_CURVE ( 'NONE', #844, #114, #758, .T. ) ;
#1519 = AXIS2_PLACEMENT_3D ( 'NONE', #1468, #147, #2147 ) ;
#1520 = CARTESIAN_POINT ( 'NONE',  ( 0.000000000000000000, -3.000000000000000000, 0.000000000000000000 ) ) ;
#1521 = DIRECTION ( 'NONE',  ( 7.885106708985486076E-16, -0.000000000000000000, 1.000000000000000000 ) ) ;
#1522 = VECTOR ( 'NONE', #1046, 999.9999999999998863 ) ;
#1523 = ORIENTED_EDGE ( 'NONE', *, *, #762, .T. ) ;
#1524 = LINE ( 'NONE', #1239, #1153 ) ;
#1525 = EDGE_LOOP ( 'NONE', ( #457, #1174, #1769, #1872 ) ) ;
#1526 = VECTOR ( 'NONE', #578, 999.9999999999998863 ) ;
#1527 = DIRECTION ( 'NONE',  ( -0.000000000000000000, 1.000000000000000000, -0.000000000000000000 ) ) ;
#1528 =( GEOMETRIC_REPRESENTATION_CONTEXT ( 3 ) GLOBAL_UNCERTAINTY_ASSIGNED_CONTEXT ( ( #2054 ) ) GLOBAL_UNIT_ASSIGNED_CONTEXT ( ( #2029, #49, #1231 ) ) REPRESENTATION_CONTEXT ( 'NONE', 'WORKASPACE' ) );
#1529 = DIRECTION ( 'NONE',  ( 1.017075208710604412E-16, -0.000000000000000000, 1.000000000000000000 ) ) ;
#1530 = CARTESIAN_POINT ( 'NONE',  ( 1.620000000000000329, 2.000000000000000000, 0.3500000000000001998 ) ) ;
#1531 = FACE_OUTER_BOUND ( 'NONE', #986, .T. ) ;
#1532 = AXIS2_PLACEMENT_3D ( 'NONE', #947, #1137, #2105 ) ;
#1533 = ORIENTED_EDGE ( 'NONE', *, *, #474, .T. ) ;
#1534 = CARTESIAN_POINT ( 'NONE',  ( -4.160000000000000142, 2.000000000000000000, -0.3499999999999997558 ) ) ;
#1535 = ORIENTED_EDGE ( 'NONE', *, *, #599, .F. ) ;
#1536 = FILL_AREA_STYLE_COLOUR ( '', #1084 ) ;
#1537 = EDGE_CURVE ( 'NONE', #1978, #1835, #2082, .T. ) ;
#1538 = ORIENTED_EDGE ( 'NONE', *, *, #404, .T. ) ;
#1539 = DIRECTION ( 'NONE',  ( 1.000000000000000000, 0.000000000000000000, 0.000000000000000000 ) ) ;
#1540 = DIRECTION ( 'NONE',  ( -1.548860246407863583E-16, 0.000000000000000000, -1.000000000000000000 ) ) ;
#1541 = DIRECTION ( 'NONE',  ( 0.000000000000000000, -0.000000000000000000, -1.000000000000000000 ) ) ;
#1542 = VECTOR ( 'NONE', #2033, 1000.000000000000000 ) ;
#1543 =( NAMED_UNIT ( * ) PLANE_ANGLE_UNIT ( ) SI_UNIT ( $, .RADIAN. ) );
#1544 = VERTEX_POINT ( 'NONE', #84 ) ;
#1545 = DIRECTION ( 'NONE',  ( 1.000000000000000000, 0.000000000000000000, 0.000000000000000000 ) ) ;
#1546 = EDGE_LOOP ( 'NONE', ( #1814, #890, #203, #1314 ) ) ;
#1547 = DIRECTION ( 'NONE',  ( -0.000000000000000000, 1.000000000000000000, -0.000000000000000000 ) ) ;
#1548 = ORIENTED_EDGE ( 'NONE', *, *, #78, .T. ) ;
#1549 = DIRECTION ( 'NONE',  ( 0.000000000000000000, 0.000000000000000000, -1.000000000000000000 ) ) ;
#1550 = CARTESIAN_POINT ( 'NONE',  ( -4.160000000000000142, -3.000000000000000000, -0.1249999999999987510 ) ) ;
#1551 = CARTESIAN_POINT ( 'NONE',  ( 5.330000000000000959, 5.000000000000000888, 1.270000000000000240 ) ) ;
#1552 = ADVANCED_FACE ( 'NONE', ( #1921 ), #1752, .F. ) ;
#1553 = PLANE ( 'NONE',  #25 ) ;
#1554 = AXIS2_PLACEMENT_3D ( 'NONE', #1658, #995, #142 ) ;
#1555 = ORIENTED_EDGE ( 'NONE', *, *, #2126, .F. ) ;
#1556 = CARTESIAN_POINT ( 'NONE',  ( -0.9199999999999998179, 2.000000000000000000, 0.3500000000000001998 ) ) ;
#1557 = ORIENTED_EDGE ( 'NONE', *, *, #1163, .T. ) ;
#1558 = DIRECTION ( 'NONE',  ( 0.7071067811865475727, 0.7071067811865475727, 0.000000000000000000 ) ) ;
#1559 = ORIENTED_EDGE ( 'NONE', *, *, #1567, .F. ) ;
#1560 = CARTESIAN_POINT ( 'NONE',  ( 0.000000000000000000, 0.000000000000000000, 0.000000000000000000 ) ) ;
#1561 = DIRECTION ( 'NONE',  ( -0.9396926207859076507, 0.3420201433256708223, 0.000000000000000000 ) ) ;
#1562 = EDGE_CURVE ( 'NONE', #191, #76, #933, .T. ) ;
#1563 = AXIS2_PLACEMENT_3D ( 'NONE', #582, #1290, #573 ) ;
#1564 = CARTESIAN_POINT ( 'NONE',  ( 0.3500000000000004774, 1.703840481040529875, -0.5500000000000000444 ) ) ;
#1565 = AXIS2_PLACEMENT_3D ( 'NONE', #1048, #13, #1220 ) ;
#1566 = SURFACE_SIDE_STYLE ('',( #1907 ) ) ;
#1567 = EDGE_CURVE ( 'NONE', #821, #1761, #2094, .T. ) ;
#1568 = LINE ( 'NONE', #1381, #2162 ) ;
#1569 = EDGE_CURVE ( 'NONE', #2001, #1473, #780, .T. ) ;
#1570 = LINE ( 'NONE', #1950, #341 ) ;
#1571 = ADVANCED_FACE ( 'NONE', ( #438 ), #1111, .F. ) ;
#1572 = ORIENTED_EDGE ( 'NONE', *, *, #568, .F. ) ;
#1573 = LINE ( 'NONE', #1751, #1066 ) ;
#1574 = DIRECTION ( 'NONE',  ( 0.000000000000000000, -0.000000000000000000, 1.000000000000000000 ) ) ;
#1575 = CARTESIAN_POINT ( 'NONE',  ( -0.9199999999999998179, 2.000000000000000000, -0.3499999999999997558 ) ) ;
#1576 = VERTEX_POINT ( 'NONE', #1285 ) ;
#1577 = VECTOR ( 'NONE', #2032, 1000.000000000000000 ) ;
#1578 = FACE_OUTER_BOUND ( 'NONE', #1121, .T. ) ;
#1579 = ORIENTED_EDGE ( 'NONE', *, *, #2095, .T. ) ;
#1580 = ADVANCED_FACE ( 'NONE', ( #1944 ), #451, .F. ) ;
#1581 = ORIENTED_EDGE ( 'NONE', *, *, #1807, .T. ) ;
#1582 = DIRECTION ( 'NONE',  ( -0.5773502691896257311, 0.5773502691896257311, 0.5773502691896258421 ) ) ;
#1583 = DIRECTION ( 'NONE',  ( 0.000000000000000000, 0.000000000000000000, -1.000000000000000000 ) ) ;
#1584 = CARTESIAN_POINT ( 'NONE',  ( 4.460000000000000853, 5.000000000000000000, -0.6500000000000014655 ) ) ;
#1585 = VECTOR ( 'NONE', #1464, 1000.000000000000000 ) ;
#1586 = EDGE_LOOP ( 'NONE', ( #901, #382, #1306, #289 ) ) ;
#1587 = DIRECTION ( 'NONE',  ( 0.000000000000000000, 0.000000000000000000, -1.000000000000000000 ) ) ;
#1588 = VECTOR ( 'NONE', #1235, 1000.000000000000000 ) ;
#1589 = EDGE_LOOP ( 'NONE', ( #918, #1351, #6, #482 ) ) ;
#1590 = DIRECTION ( 'NONE',  ( 0.000000000000000000, 0.000000000000000000, -1.000000000000000000 ) ) ;
#1591 = LINE ( 'NONE', #943, #1596 ) ;
#1592 = FACE_OUTER_BOUND ( 'NONE', #1501, .T. ) ;
#1593 =( GEOMETRIC_REPRESENTATION_CONTEXT ( 3 ) GLOBAL_UNCERTAINTY_ASSIGNED_CONTEXT ( ( #1826 ) ) GLOBAL_UNIT_ASSIGNED_CONTEXT ( ( #567, #1543, #378 ) ) REPRESENTATION_CONTEXT ( 'NONE', 'WORKASPACE' ) );
#1594 = VECTOR ( 'NONE', #2052, 1000.000000000000000 ) ;
#1595 = EDGE_CURVE ( 'NONE', #191, #1067, #744, .T. ) ;
#1596 = VECTOR ( 'NONE', #241, 1000.000000000000000 ) ;
#1597 = ORIENTED_EDGE ( 'NONE', *, *, #1856, .T. ) ;
#1598 = FACE_BOUND ( 'NONE', #159, .T. ) ;
#1599 = ORIENTED_EDGE ( 'NONE', *, *, #994, .F. ) ;
#1600 =( REPRESENTATION_RELATIONSHIP ('NONE','NONE', #248, #492 ) REPRESENTATION_RELATIONSHIP_WITH_TRANSFORMATION ( #476 )SHAPE_REPRESENTATION_RELATIONSHIP( ) );
#1601 = AXIS2_PLACEMENT_3D ( 'NONE', #617, #1445, #275 ) ;
#1602 = ORIENTED_EDGE ( 'NONE', *, *, #323, .F. ) ;
#1603 = CARTESIAN_POINT ( 'NONE',  ( -2.189999999999999503, 1.703840481040529875, 0.5500000000000000444 ) ) ;
#1604 = CARTESIAN_POINT ( 'NONE',  ( 0.3500000000000004774, 1.703840481040529875, 0.5500000000000000444 ) ) ;
#1605 = PLANE ( 'NONE',  #1149 ) ;
#1606 = ORIENTED_EDGE ( 'NONE', *, *, #1093, .T. ) ;
#1607 = DIRECTION ( 'NONE',  ( -1.000000000000000000, 0.000000000000000000, 0.000000000000000000 ) ) ;
#1608 = VECTOR ( 'NONE', #1307, 1000.000000000000000 ) ;
#1609 = CARTESIAN_POINT ( 'NONE',  ( 3.459999999999999076, 2.000000000000000000, 0.3500000000000001998 ) ) ;
#1610 = ORIENTED_EDGE ( 'NONE', *, *, #242, .T. ) ;
#1611 = LINE ( 'NONE', #790, #1779 ) ;
#1612 = FACE_OUTER_BOUND ( 'NONE', #636, .T. ) ;
#1613 = FILL_AREA_STYLE ('',( #1774 ) ) ;
#1614 = CARTESIAN_POINT ( 'NONE',  ( 7.620000000000000107, 0.000000000000000000, 0.000000000000000000 ) ) ;
#1615 = PLANE ( 'NONE',  #1788 ) ;
#1616 = EDGE_CURVE ( 'NONE', #279, #766, #576, .T. ) ;
#1617 = DIRECTION ( 'NONE',  ( 0.000000000000000000, 0.000000000000000000, 1.000000000000000000 ) ) ;
#1618 = ORIENTED_EDGE ( 'NONE', *, *, #994, .T. ) ;
#1619 = DIRECTION ( 'NONE',  ( -0.000000000000000000, 1.000000000000000000, -0.000000000000000000 ) ) ;
#1620 = ORIENTED_EDGE ( 'NONE', *, *, #2087, .T. ) ;
#1621 = ORIENTED_EDGE ( 'NONE', *, *, #98, .T. ) ;
#1622 = DIRECTION ( 'NONE',  ( 0.000000000000000000, -0.000000000000000000, 1.000000000000000000 ) ) ;
#1623 = LINE ( 'NONE', #1800, #452 ) ;
#1624 = ADVANCED_FACE ( 'NONE', ( #1905 ), #409, .F. ) ;
#1625 = CARTESIAN_POINT ( 'NONE',  ( 0.3500000000000004774, 0.4000000000000000222, 0.5500000000000000444 ) ) ;
#1626 = ORIENTED_EDGE ( 'NONE', *, *, #1126, .T. ) ;
#1627 = ADVANCED_FACE ( 'NONE', ( #1253 ), #419, .F. ) ;
#1628 = LINE ( 'NONE', #975, #1914 ) ;
#1629 = EDGE_CURVE ( 'NONE', #300, #1477, #807, .T. ) ;
#1630 = VECTOR ( 'NONE', #1768, 1000.000000000000000 ) ;
#1631 = EDGE_LOOP ( 'NONE', ( #969, #449, #609, #801, #388, #506, #775, #854 ) ) ;
#1632 = LINE ( 'NONE', #988, #193 ) ;
#1633 = VERTEX_POINT ( 'NONE', #1308 ) ;
#1634 = ORIENTED_EDGE ( 'NONE', *, *, #1861, .F. ) ;
#1635 = CARTESIAN_POINT ( 'NONE',  ( -5.330000000000001847, 0.4000000000000000222, -0.5500000000000000444 ) ) ;
#1636 = PLANE ( 'NONE',  #96 ) ;
#1637 = DIRECTION ( 'NONE',  ( -1.000000000000000000, 0.000000000000000000, -0.000000000000000000 ) ) ;
#1638 = VERTEX_POINT ( 'NONE', #651 ) ;
#1639 = VERTEX_POINT ( 'NONE', #1475 ) ;
#1640 = CARTESIAN_POINT ( 'NONE',  ( -5.330000000000001847, 0.4000000000000000222, -0.5500000000000000444 ) ) ;
#1641 = PLANE ( 'NONE',  #655 ) ;
#1642 = ORIENTED_EDGE ( 'NONE', *, *, #397, .T. ) ;
#1643 = VECTOR ( 'NONE', #2018, 999.9999999999998863 ) ;
#1644 = DIRECTION ( 'NONE',  ( 0.3420201433256708223, 0.9396926207859076507, -0.000000000000000000 ) ) ;
#1645 = EDGE_CURVE ( 'NONE', #2003, #1544, #1623, .T. ) ;
#1646 = EDGE_LOOP ( 'NONE', ( #12, #1289, #1283, #1811 ) ) ;
#1647 = FACE_OUTER_BOUND ( 'NONE', #2130, .T. ) ;
#1648 = LINE ( 'NONE', #1179, #755 ) ;
#1649 = PRODUCT_DEFINITION_SHAPE ( 'NONE', 'NONE',  #2179 ) ;
#1650 = ORIENTED_EDGE ( 'NONE', *, *, #1979, .T. ) ;
#1651 = CARTESIAN_POINT ( 'NONE',  ( -5.330000000000000959, 0.000000000000000000, 0.5500000000000001554 ) ) ;
#1652 = ADVANCED_FACE ( 'NONE', ( #1612 ), #1463, .F. ) ;
#1653 = VERTEX_POINT ( 'NONE', #837 ) ;
#1654 = LINE ( 'NONE', #1981, #478 ) ;
#1655 = VERTEX_POINT ( 'NONE', #1318 ) ;
#1656 = DIRECTION ( 'NONE',  ( 0.000000000000000000, 0.000000000000000000, 1.000000000000000000 ) ) ;
#1657 = VECTOR ( 'NONE', #2175, 1000.000000000000000 ) ;
#1658 = CARTESIAN_POINT ( 'NONE',  ( 1.620000000000000329, 2.000000000000000000, 0.3500000000000001998 ) ) ;
#1659 = LINE ( 'NONE', #339, #1377 ) ;
#1660 = EDGE_CURVE ( 'NONE', #2160, #683, #1168, .T. ) ;
#1661 = DIRECTION ( 'NONE',  ( -0.7071067811865475727, 0.7071067811865475727, 0.000000000000000000 ) ) ;
#1662 = ORIENTED_EDGE ( 'NONE', *, *, #1692, .T. ) ;
#1663 = VECTOR ( 'NONE', #1511, 1000.000000000000000 ) ;
#1664 = VECTOR ( 'NONE', #828, 1000.000000000000000 ) ;
#1665 = CARTESIAN_POINT ( 'NONE',  ( 1.620000000000000329, 2.000000000000000000, 0.3500000000000001998 ) ) ;
#1666 = ORIENTED_EDGE ( 'NONE', *, *, #1926, .T. ) ;
#1667 = FACE_OUTER_BOUND ( 'NONE', #2139, .T. ) ;
#1668 = CARTESIAN_POINT ( 'NONE',  ( 5.330000000000000959, 0.4000000000000000222, 1.270000000000000240 ) ) ;
#1669 = CARTESIAN_POINT ( 'NONE',  ( -3.459999999999999964, 2.000000000000000000, 0.3500000000000001998 ) ) ;
#1670 = VERTEX_POINT ( 'NONE', #336 ) ;
#1671 = LINE ( 'NONE', #1008, #2025 ) ;
#1672 = ORIENTED_EDGE ( 'NONE', *, *, #1315, .T. ) ;
#1673 = CARTESIAN_POINT ( 'NONE',  ( 5.330000000000000959, 20.95843054456248566, -1.270000000000001128 ) ) ;
#1674 = ORIENTED_EDGE ( 'NONE', *, *, #1275, .F. ) ;
#1675 = LINE ( 'NONE', #1210, #1428 ) ;
#1676 = VECTOR ( 'NONE', #1678, 1000.000000000000000 ) ;
#1677 = DIRECTION ( 'NONE',  ( 0.000000000000000000, -1.000000000000000000, 0.000000000000000000 ) ) ;
#1678 = DIRECTION ( 'NONE',  ( -0.000000000000000000, 1.000000000000000000, -0.000000000000000000 ) ) ;
#1679 = CARTESIAN_POINT ( 'NONE',  ( -0.9199999999999998179, 4.699999999999998401, -0.3499999999999997558 ) ) ;
#1680 = DIRECTION ( 'NONE',  ( 0.000000000000000000, 0.7071067811865475727, -0.7071067811865474617 ) ) ;
#1681 = DIRECTION ( 'NONE',  ( -0.000000000000000000, 0.000000000000000000, 1.000000000000000000 ) ) ;
#1682 = ORIENTED_EDGE ( 'NONE', *, *, #1197, .T. ) ;
#1683 = CARTESIAN_POINT ( 'NONE',  ( -2.189999999999999503, 1.703840481040529875, -0.5500000000000000444 ) ) ;
#1684 = ORIENTED_EDGE ( 'NONE', *, *, #246, .T. ) ;
#1685 = CARTESIAN_POINT ( 'NONE',  ( -2.889999999999999680, 1.703840481040529875, -0.5499999999999999334 ) ) ;
#1686 = PLANE ( 'NONE',  #1305 ) ;
#1687 = PLANE ( 'NONE',  #329 ) ;
#1688 = AXIS2_PLACEMENT_3D ( 'NONE', #753, #1419, #1479 ) ;
#1689 = EDGE_CURVE ( 'NONE', #208, #2102, #1332, .T. ) ;
#1690 = DIRECTION ( 'NONE',  ( 0.000000000000000000, 0.000000000000000000, 1.000000000000000000 ) ) ;
#1691 = VECTOR ( 'NONE', #1218, 1000.000000000000000 ) ;
#1692 = EDGE_CURVE ( 'NONE', #1103, #1461, #122, .T. ) ;
#1693 = EDGE_LOOP ( 'NONE', ( #1164, #1903, #1512, #120 ) ) ;
#1694 = DIRECTION ( 'NONE',  ( -0.000000000000000000, 1.000000000000000000, -0.000000000000000000 ) ) ;
#1695 = VECTOR ( 'NONE', #696, 1000.000000000000000 ) ;
#1696 = VERTEX_POINT ( 'NONE', #472 ) ;
#1697 = PRESENTATION_LAYER_ASSIGNMENT (  '', '', ( #1257 ) ) ;
#1698 = DIRECTION ( 'NONE',  ( -1.000000000000000000, 0.000000000000000000, 1.548860246407863583E-16 ) ) ;
#1699 = VECTOR ( 'NONE', #1972, 999.9999999999998863 ) ;
#1700 = FACE_OUTER_BOUND ( 'NONE', #1706, .T. ) ;
#1701 = CARTESIAN_POINT ( 'NONE',  ( 1.620000000000000329, 2.000000000000000000, 0.3500000000000001998 ) ) ;
#1702 = LINE ( 'NONE', #2065, #1588 ) ;
#1703 = AXIS2_PLACEMENT_3D ( 'NONE', #935, #1288, #923 ) ;
#1704 = ORIENTED_EDGE ( 'NONE', *, *, #1953, .F. ) ;
#1705 = LINE ( 'NONE', #205, #1052 ) ;
#1706 = EDGE_LOOP ( 'NONE', ( #1824, #846, #634, #2144, #1002, #1336, #263, #1117 ) ) ;
#1707 = LINE ( 'NONE', #879, #1294 ) ;
#1708 = ADVANCED_FACE ( 'NONE', ( #141 ), #2174, .F. ) ;
#1709 = EDGE_LOOP ( 'NONE', ( #313, #1142, #2062, #443 ) ) ;
#1710 = CARTESIAN_POINT ( 'NONE',  ( -4.729999999999999538, -1.252996408614168722, 0.5500000000000001554 ) ) ;
#1711 = DIRECTION ( 'NONE',  ( -1.000000000000000000, 0.000000000000000000, -0.000000000000000000 ) ) ;
#1712 = PLANE ( 'NONE',  #16 ) ;
#1713 = VECTOR ( 'NONE', #1088, 1000.000000000000000 ) ;
#1714 = UNCERTAINTY_MEASURE_WITH_UNIT (LENGTH_MEASURE( 1.000000000000000082E-05 ), #1100, 'distance_accuracy_value', 'NONE');
#1715 = VERTEX_POINT ( 'NONE', #662 ) ;
#1716 = ADVANCED_FACE ( 'NONE', ( #1983 ), #1636, .F. ) ;
#1717 = CARTESIAN_POINT ( 'NONE',  ( 1.620000000000000329, 4.699999999999998401, -0.3499999999999997558 ) ) ;
#1718 = EDGE_LOOP ( 'NONE', ( #722, #1982, #1729, #825, #1489, #1760 ) ) ;
#1719 = FACE_OUTER_BOUND ( 'NONE', #1937, .T. ) ;
#1720 = ORIENTED_EDGE ( 'NONE', *, *, #2154, .F. ) ;
#1721 = CARTESIAN_POINT ( 'NONE',  ( -2.189999999999999503, 0.4000000000000000222, 0.5500000000000000444 ) ) ;
#1722 = CARTESIAN_POINT ( 'NONE',  ( -3.159999999999998366, 5.000000000000000000, 0.6500000000000019096 ) ) ;
#1723 = ADVANCED_FACE ( 'NONE', ( #1647 ), #2161, .F. ) ;
#1724 = DIRECTION ( 'NONE',  ( -0.000000000000000000, 1.000000000000000000, -0.000000000000000000 ) ) ;
#1725 = DIRECTION ( 'NONE',  ( 1.000000000000000000, 0.000000000000000000, 0.000000000000000000 ) ) ;
#1726 = ADVANCED_FACE ( 'NONE', ( #1297 ), #2151, .F. ) ;
#1727 = VECTOR ( 'NONE', #1476, 1000.000000000000000 ) ;
#1728 = EDGE_CURVE ( 'NONE', #491, #250, #1956, .T. ) ;
#1729 = ORIENTED_EDGE ( 'NONE', *, *, #1379, .T. ) ;
#1730 = DIRECTION ( 'NONE',  ( 0.000000000000000000, 0.000000000000000000, -1.000000000000000000 ) ) ;
#1731 = CARTESIAN_POINT ( 'NONE',  ( -4.160000000000000142, 2.000000000000000000, 0.3500000000000001998 ) ) ;
#1732 = ORIENTED_EDGE ( 'NONE', *, *, #1107, .F. ) ;
#1733 = CARTESIAN_POINT ( 'NONE',  ( 3.459999999999999076, 2.000000000000000000, -0.3499999999999997558 ) ) ;
#1734 = CARTESIAN_POINT ( 'NONE',  ( 2.540000000000000036, 0.000000000000000000, 0.000000000000000000 ) ) ;
#1735 = VECTOR ( 'NONE', #1527, 1000.000000000000000 ) ;
#1736 = CARTESIAN_POINT ( 'NONE',  ( 2.890000000000000568, 0.000000000000000000, -0.5500000000000000444 ) ) ;
#1737 = DIRECTION ( 'NONE',  ( 0.000000000000000000, 0.7071067811865475727, 0.7071067811865474617 ) ) ;
#1738 = VERTEX_POINT ( 'NONE', #459 ) ;
#1739 = EDGE_CURVE ( 'NONE', #1544, #916, #1134, .T. ) ;
#1740 = VERTEX_POINT ( 'NONE', #1996 ) ;
#1741 = CARTESIAN_POINT ( 'NONE',  ( 0.6199999999999981082, 5.000000000000000000, -0.3499999999999997558 ) ) ;
#1742 = DIRECTION ( 'NONE',  ( -0.000000000000000000, 0.000000000000000000, 1.000000000000000000 ) ) ;
#1743 = PLANE ( 'NONE',  #926 ) ;
#1744 = VECTOR ( 'NONE', #1823, 1000.000000000000000 ) ;
#1745 =( NAMED_UNIT ( * ) SI_UNIT ( $, .STERADIAN. ) SOLID_ANGLE_UNIT ( ) );
#1746 = ORIENTED_EDGE ( 'NONE', *, *, #502, .F. ) ;
#1747 = CARTESIAN_POINT ( 'NONE',  ( 2.190000000000000391, 1.703840481040529875, 0.5500000000000001554 ) ) ;
#1748 = ORIENTED_EDGE ( 'NONE', *, *, #360, .F. ) ;
#1749 = EDGE_CURVE ( 'NONE', #1639, #916, #292, .T. ) ;
#1750 = EDGE_LOOP ( 'NONE', ( #217, #1796, #1758, #290 ) ) ;
#1751 = CARTESIAN_POINT ( 'NONE',  ( 4.729999999999999538, 0.4000000000000000222, 0.5500000000000013767 ) ) ;
#1752 = PLANE ( 'NONE',  #1015 ) ;
#1753 = SURFACE_STYLE_USAGE ( .BOTH. , #792 ) ;
#1754 = ORIENTED_EDGE ( 'NONE', *, *, #1247, .T. ) ;
#1755 =( NAMED_UNIT ( * ) SI_UNIT ( $, .STERADIAN. ) SOLID_ANGLE_UNIT ( ) );
#1756 = ORIENTED_EDGE ( 'NONE', *, *, #29, .F. ) ;
#1757 = VECTOR ( 'NONE', #812, 1000.000000000000000 ) ;
#1758 = ORIENTED_EDGE ( 'NONE', *, *, #1221, .F. ) ;
#1759 = DIRECTION ( 'NONE',  ( 0.000000000000000000, 0.000000000000000000, -1.000000000000000000 ) ) ;
#1760 = ORIENTED_EDGE ( 'NONE', *, *, #731, .T. ) ;
#1761 = VERTEX_POINT ( 'NONE', #1003 ) ;
#1762 = LINE ( 'NONE', #585, #503 ) ;
#1763 = LINE ( 'NONE', #1933, #2061 ) ;
#1764 = LINE ( 'NONE', #934, #978 ) ;
#1765 = VECTOR ( 'NONE', #1075, 1000.000000000000000 ) ;
#1766 = ORIENTED_EDGE ( 'NONE', *, *, #1183, .F. ) ;
#1767 = VECTOR ( 'NONE', #252, 1000.000000000000000 ) ;
#1768 = DIRECTION ( 'NONE',  ( -0.000000000000000000, 1.000000000000000000, -0.000000000000000000 ) ) ;
#1769 = ORIENTED_EDGE ( 'NONE', *, *, #104, .F. ) ;
#1770 = DIRECTION ( 'NONE',  ( -1.000000000000000000, 0.000000000000000000, -0.000000000000000000 ) ) ;
#1771 = ORIENTED_EDGE ( 'NONE', *, *, #2043, .F. ) ;
#1772 = CARTESIAN_POINT ( 'NONE',  ( 3.459999999999999076, 2.000000000000000000, -0.3499999999999997558 ) ) ;
#1773 = CARTESIAN_POINT ( 'NONE',  ( -0.9199999999999998179, 2.000000000000000000, 0.3500000000000001998 ) ) ;
#1774 = FILL_AREA_STYLE_COLOUR ( '', #297 ) ;
#1775 = ADVANCED_FACE ( 'NONE', ( #971 ), #131, .F. ) ;
#1776 = EDGE_LOOP ( 'NONE', ( #220, #1579, #984, #88 ) ) ;
#1777 = ORIENTED_EDGE ( 'NONE', *, *, #1692, .F. ) ;
#1778 = DIRECTION ( 'NONE',  ( -1.000000000000000000, 0.000000000000000000, -0.000000000000000000 ) ) ;
#1779 = VECTOR ( 'NONE', #1452, 1000.000000000000000 ) ;
#1780 = LINE ( 'NONE', #447, #2122 ) ;
#1781 = VERTEX_POINT ( 'NONE', #2178 ) ;
#1782 = VECTOR ( 'NONE', #830, 1000.000000000000000 ) ;
#1783 = ADVANCED_FACE ( 'NONE', ( #40 ), #1202, .F. ) ;
#1784 = ORIENTED_EDGE ( 'NONE', *, *, #1409, .T. ) ;
#1785 = DIRECTION ( 'NONE',  ( -1.000000000000000000, -0.000000000000000000, -0.000000000000000000 ) ) ;
#1786 = CARTESIAN_POINT ( 'NONE',  ( 4.460000000000000853, 5.000000000000000000, 0.3500000000000001998 ) ) ;
#1787 = EDGE_CURVE ( 'NONE', #254, #24, #1707, .T. ) ;
#1788 = AXIS2_PLACEMENT_3D ( 'NONE', #1128, #308, #809 ) ;
#1789 = FACE_OUTER_BOUND ( 'NONE', #954, .T. ) ;
#1790 = SURFACE_STYLE_FILL_AREA ( #1946 ) ;
#1791 = ORIENTED_EDGE ( 'NONE', *, *, #1856, .F. ) ;
#1792 = CARTESIAN_POINT ( 'NONE',  ( 5.330000000000000959, 0.000000000000000000, 0.5500000000000014877 ) ) ;
#1793 = EDGE_CURVE ( 'NONE', #742, #766, #1891, .T. ) ;
#1794 = ADVANCED_FACE ( 'NONE', ( #386 ), #889, .T. ) ;
#1795 = PLANE ( 'NONE',  #370 ) ;
#1796 = ORIENTED_EDGE ( 'NONE', *, *, #1093, .F. ) ;
#1797 = VECTOR ( 'NONE', #611, 1000.000000000000000 ) ;
#1798 = ORIENTED_EDGE ( 'NONE', *, *, #2095, .F. ) ;
#1799 = CARTESIAN_POINT ( 'NONE',  ( -2.889999999999999680, 1.703840481040529875, 0.5500000000000001554 ) ) ;
#1800 = CARTESIAN_POINT ( 'NONE',  ( 0.9199999999999998179, 2.000000000000000000, -0.3499999999999997558 ) ) ;
#1801 = VECTOR ( 'NONE', #1730, 1000.000000000000000 ) ;
#1802 = CARTESIAN_POINT ( 'NONE',  ( 4.159999999999999254, 2.000000000000000000, 0.3500000000000001998 ) ) ;
#1803 = FACE_OUTER_BOUND ( 'NONE', #62, .T. ) ;
#1804 = PLANE ( 'NONE',  #58 ) ;
#1805 = PRODUCT_DEFINITION_SHAPE ( 'NONE', 'NONE',  #146 ) ;
#1806 = VECTOR ( 'NONE', #320, 999.9999999999998863 ) ;
#1807 = EDGE_CURVE ( 'NONE', #206, #556, #1059, .T. ) ;
#1808 = CARTESIAN_POINT ( 'NONE',  ( 3.926666666666666750, 4.466666666666665009, -0.1166666666666663910 ) ) ;
#1809 = ORIENTED_EDGE ( 'NONE', *, *, #1974, .T. ) ;
#1810 = CARTESIAN_POINT ( 'NONE',  ( -0.3499999999999996447, 0.4000000000000000222, 0.5500000000000001554 ) ) ;
#1811 = ORIENTED_EDGE ( 'NONE', *, *, #1183, .T. ) ;
#1812 = DIRECTION ( 'NONE',  ( -0.000000000000000000, -0.000000000000000000, 1.000000000000000000 ) ) ;
#1813 = LINE ( 'NONE', #641, #1181 ) ;
#1814 = ORIENTED_EDGE ( 'NONE', *, *, #701, .T. ) ;
#1815 = DIRECTION ( 'NONE',  ( -0.000000000000000000, -0.000000000000000000, 1.000000000000000000 ) ) ;
#1816 = ORIENTED_EDGE ( 'NONE', *, *, #1537, .F. ) ;
#1817 = VECTOR ( 'NONE', #1080, 1000.000000000000000 ) ;
#1818 = DIRECTION ( 'NONE',  ( -0.000000000000000000, 0.000000000000000000, 1.000000000000000000 ) ) ;
#1819 = ORIENTED_EDGE ( 'NONE', *, *, #1951, .F. ) ;
#1820 = CARTESIAN_POINT ( 'NONE',  ( 5.080000000000000071, 0.000000000000000000, 0.000000000000000000 ) ) ;
#1821 = EDGE_CURVE ( 'NONE', #206, #170, #561, .T. ) ;
#1822 = CARTESIAN_POINT ( 'NONE',  ( 5.330000000000002736, -1.252996408614168722, -0.5499999999999987121 ) ) ;
#1823 = DIRECTION ( 'NONE',  ( -0.000000000000000000, 0.000000000000000000, 1.000000000000000000 ) ) ;
#1824 = ORIENTED_EDGE ( 'NONE', *, *, #793, .F. ) ;
#1825 = LINE ( 'NONE', #356, #1326 ) ;
#1826 = UNCERTAINTY_MEASURE_WITH_UNIT (LENGTH_MEASURE( 1.000000000000000082E-05 ), #567, 'distance_accuracy_value', 'NONE');
#1827 = ORIENTED_EDGE ( 'NONE', *, *, #1206, .T. ) ;
#1828 = CARTESIAN_POINT ( 'NONE',  ( -1.620000000000000329, 2.000000000000000000, 0.3500000000000001998 ) ) ;
#1829 = ORIENTED_EDGE ( 'NONE', *, *, #1370, .F. ) ;
#1830 = CARTESIAN_POINT ( 'NONE',  ( -3.459999999999999964, 2.000000000000000000, 0.3500000000000001998 ) ) ;
#1831 = VECTOR ( 'NONE', #1039, 1000.000000000000000 ) ;
#1832 = DIRECTION ( 'NONE',  ( 1.000000000000000000, -0.000000000000000000, 0.000000000000000000 ) ) ;
#1833 = ITEM_DEFINED_TRANSFORMATION ( 'NONE', 'NONE', #1703,  #664 ) ;
#1834 = LINE ( 'NONE', #850, #1782 ) ;
#1835 = VERTEX_POINT ( 'NONE', #2016 ) ;
#1836 = LINE ( 'NONE', #155, #1663 ) ;
#1837 = VERTEX_POINT ( 'NONE', #1393 ) ;
#1838 = VECTOR ( 'NONE', #902, 1000.000000000000000 ) ;
#1839 = VECTOR ( 'NONE', #1354, 1000.000000000000000 ) ;
#1840 = MANIFOLD_SOLID_BREP ( 'LPattern2', #687 ) ;
#1841 = DIRECTION ( 'NONE',  ( 0.000000000000000000, 0.000000000000000000, -1.000000000000000000 ) ) ;
#1842 = ORIENTED_EDGE ( 'NONE', *, *, #256, .F. ) ;
#1843 = LINE ( 'NONE', #870, #1735 ) ;
#1844 = CARTESIAN_POINT ( 'NONE',  ( -4.059999999999999609, -3.000000000000000000, -0.1249999999999987510 ) ) ;
#1845 = DIRECTION ( 'NONE',  ( -1.000000000000000000, 0.000000000000000000, 1.548860246407863583E-16 ) ) ;
#1846 = SHAPE_DEFINITION_REPRESENTATION ( #489, #492 ) ;
#1847 = ADVANCED_FACE ( 'NONE', ( #1667 ), #847, .F. ) ;
#1848 = CARTESIAN_POINT ( 'NONE',  ( 3.459999999999999076, 4.699999999999998401, 0.3500000000000001998 ) ) ;
#1849 = CARTESIAN_POINT ( 'NONE',  ( -3.560000000000000497, -3.000000000000000000, -0.1249999999999987510 ) ) ;
#1850 = CARTESIAN_POINT ( 'NONE',  ( 2.890000000000000568, 0.000000000000000000, -0.5500000000000000444 ) ) ;
#1851 = UNCERTAINTY_MEASURE_WITH_UNIT (LENGTH_MEASURE( 1.000000000000000082E-05 ), #1102, 'distance_accuracy_value', 'NONE');
#1852 = ORIENTED_EDGE ( 'NONE', *, *, #1821, .F. ) ;
#1853 = DIRECTION ( 'NONE',  ( 0.000000000000000000, 0.000000000000000000, -1.000000000000000000 ) ) ;
#1854 = VERTEX_POINT ( 'NONE', #1188 ) ;
#1855 = CARTESIAN_POINT ( 'NONE',  ( -4.160000000000000142, -2.725252258054537080, 0.1250000000000012490 ) ) ;
#1856 = EDGE_CURVE ( 'NONE', #950, #191, #1365, .T. ) ;
#1857 = EDGE_CURVE ( 'NONE', #661, #1109, #1843, .T. ) ;
#1858 = DIRECTION ( 'NONE',  ( 1.000000000000000000, -0.000000000000000000, 0.000000000000000000 ) ) ;
#1859 = CARTESIAN_POINT ( 'NONE',  ( -5.330000000000000959, 0.4000000000000000222, 1.270000000000000240 ) ) ;
#1860 = LINE ( 'NONE', #1669, #465 ) ;
#1861 = EDGE_CURVE ( 'NONE', #81, #1103, #350, .T. ) ;
#1862 = DIRECTION ( 'NONE',  ( 0.000000000000000000, 0.000000000000000000, 1.000000000000000000 ) ) ;
#1863 = ORIENTED_EDGE ( 'NONE', *, *, #29, .T. ) ;
#1864 = ORIENTED_EDGE ( 'NONE', *, *, #1498, .T. ) ;
#1865 = DIRECTION ( 'NONE',  ( -0.5773502691896257311, -0.5773502691896257311, 0.5773502691896258421 ) ) ;
#1866 = APPLICATION_CONTEXT ( 'automotive_design' ) ;
#1867 = DIRECTION ( 'NONE',  ( -1.000000000000000000, 0.000000000000000000, -0.000000000000000000 ) ) ;
#1868 = CARTESIAN_POINT ( 'NONE',  ( 5.330000000000002736, -1.252996408614168722, -0.5499999999999987121 ) ) ;
#1869 = DIRECTION ( 'NONE',  ( -0.5773502691896257311, 0.5773502691896257311, 0.5773502691896258421 ) ) ;
#1870 = VECTOR ( 'NONE', #247, 1000.000000000000000 ) ;
#1871 = VECTOR ( 'NONE', #1074, 1000.000000000000000 ) ;
#1872 = ORIENTED_EDGE ( 'NONE', *, *, #1884, .F. ) ;
#1873 = EDGE_CURVE ( 'NONE', #1633, #1322, #1675, .T. ) ;
#1874 = LINE ( 'NONE', #405, #1801 ) ;
#1875 = COLOUR_RGB ( '',0.2509803921568627416, 0.2509803921568627416, 0.2509803921568627416 ) ;
#1876 = ORIENTED_EDGE ( 'NONE', *, *, #701, .F. ) ;
#1877 = VECTOR ( 'NONE', #1124, 1000.000000000000000 ) ;
#1878 = VECTOR ( 'NONE', #325, 1000.000000000000000 ) ;
#1879 = ORIENTED_EDGE ( 'NONE', *, *, #2043, .T. ) ;
#1880 = LINE ( 'NONE', #389, #993 ) ;
#1881 = DIRECTION ( 'NONE',  ( -0.000000000000000000, -1.000000000000000000, -0.000000000000000000 ) ) ;
#1882 = DIRECTION ( 'NONE',  ( 0.000000000000000000, -0.000000000000000000, -1.000000000000000000 ) ) ;
#1883 =( GEOMETRIC_REPRESENTATION_CONTEXT ( 3 ) GLOBAL_UNCERTAINTY_ASSIGNED_CONTEXT ( ( #786 ) ) GLOBAL_UNIT_ASSIGNED_CONTEXT ( ( #1266, #1960, #1745 ) ) REPRESENTATION_CONTEXT ( 'NONE', 'WORKASPACE' ) );
#1884 = EDGE_CURVE ( 'NONE', #1995, #805, #372, .T. ) ;
#1885 = PRODUCT_RELATED_PRODUCT_CATEGORY ( 'part', '', ( #345 ) ) ;
#1886 = ORIENTED_EDGE ( 'NONE', *, *, #1873, .T. ) ;
#1887 = ADVANCED_BREP_SHAPE_REPRESENTATION ( '', ( #1840, #664 ), #1593 ) ;
#1888 = EDGE_CURVE ( 'NONE', #556, #318, #1078, .T. ) ;
#1889 =( NAMED_UNIT ( * ) PLANE_ANGLE_UNIT ( ) SI_UNIT ( $, .RADIAN. ) );
#1890 = ORIENTED_EDGE ( 'NONE', *, *, #1728, .T. ) ;
#1891 = LINE ( 'NONE', #531, #346 ) ;
#1892 = ORIENTED_EDGE ( 'NONE', *, *, #175, .F. ) ;
#1893 = PLANE ( 'NONE',  #953 ) ;
#1894 = LINE ( 'NONE', #1530, #1676 ) ;
#1895 = EDGE_CURVE ( 'NONE', #491, #1995, #229, .T. ) ;
#1896 = CARTESIAN_POINT ( 'NONE',  ( 2.540000000000000036, 2.000000000000000000, 0.000000000000000000 ) ) ;
#1897 = AXIS2_PLACEMENT_3D ( 'NONE', #881, #1529, #30 ) ;
#1898 = ADVANCED_FACE ( 'NONE', ( #1466 ), #1248, .T. ) ;
#1899 = CARTESIAN_POINT ( 'NONE',  ( -3.459999999999999964, 2.000000000000000000, 0.3500000000000001998 ) ) ;
#1900 = ORIENTED_EDGE ( 'NONE', *, *, #1197, .F. ) ;
#1901 = DIRECTION ( 'NONE',  ( -0.000000000000000000, 1.000000000000000000, -0.000000000000000000 ) ) ;
#1902 = LINE ( 'NONE', #2120, #486 ) ;
#1903 = ORIENTED_EDGE ( 'NONE', *, *, #78, .F. ) ;
#1904 = DIRECTION ( 'NONE',  ( -0.000000000000000000, 1.000000000000000000, -0.000000000000000000 ) ) ;
#1905 = FACE_OUTER_BOUND ( 'NONE', #1373, .T. ) ;
#1906 = CARTESIAN_POINT ( 'NONE',  ( -1.620000000000000329, 2.000000000000000000, -0.3499999999999997558 ) ) ;
#1907 = SURFACE_STYLE_FILL_AREA ( #1387 ) ;
#1908 = ADVANCED_FACE ( 'NONE', ( #69 ), #1456, .T. ) ;
#1909 = CARTESIAN_POINT ( 'NONE',  ( -3.459999999999999964, 5.000000000000000000, -0.6500000000000014655 ) ) ;
#1910 = VECTOR ( 'NONE', #434, 1000.000000000000000 ) ;
#1911 = VERTEX_POINT ( 'NONE', #466 ) ;
#1912 = LINE ( 'NONE', #63, #1925 ) ;
#1913 = DIRECTION ( 'NONE',  ( -0.000000000000000000, -0.000000000000000000, 1.000000000000000000 ) ) ;
#1914 = VECTOR ( 'NONE', #1938, 1000.000000000000000 ) ;
#1915 = DIRECTION ( 'NONE',  ( -0.000000000000000000, -0.000000000000000000, 1.000000000000000000 ) ) ;
#1916 = PRODUCT_CONTEXT ( 'NONE', #898, 'mechanical' ) ;
#1917 =( GEOMETRIC_REPRESENTATION_CONTEXT ( 3 ) GLOBAL_UNCERTAINTY_ASSIGNED_CONTEXT ( ( #1851 ) ) GLOBAL_UNIT_ASSIGNED_CONTEXT ( ( #1102, #973, #1755 ) ) REPRESENTATION_CONTEXT ( 'NONE', 'WORKASPACE' ) );
#1918 = CARTESIAN_POINT ( 'NONE',  ( 4.159999999999999254, 4.699999999999998401, 0.3500000000000001998 ) ) ;
#1919 = ORIENTED_EDGE ( 'NONE', *, *, #1518, .T. ) ;
#1920 = PLANE ( 'NONE',  #1378 ) ;
#1921 = FACE_OUTER_BOUND ( 'NONE', #1287, .T. ) ;
#1922 = CARTESIAN_POINT ( 'NONE',  ( 2.190000000000000391, 0.4000000000000000222, 0.5500000000000001554 ) ) ;
#1923 = EDGE_CURVE ( 'NONE', #593, #294, #810, .T. ) ;
#1924 = ORIENTED_EDGE ( 'NONE', *, *, #1562, .F. ) ;
#1925 = VECTOR ( 'NONE', #1904, 1000.000000000000000 ) ;
#1926 = EDGE_CURVE ( 'NONE', #250, #670, #2079, .T. ) ;
#1927 = EDGE_LOOP ( 'NONE', ( #2107, #1682, #1265, #1879 ) ) ;
#1928 = VERTEX_POINT ( 'NONE', #2136 ) ;
#1929 = DIRECTION ( 'NONE',  ( 0.000000000000000000, 0.000000000000000000, 1.000000000000000000 ) ) ;
#1930 = EDGE_CURVE ( 'NONE', #593, #1473, #396, .T. ) ;
#1931 = ORIENTED_EDGE ( 'NONE', *, *, #1064, .F. ) ;
#1932 = PLANE ( 'NONE',  #113 ) ;
#1933 = CARTESIAN_POINT ( 'NONE',  ( 0.3500000000000004774, 0.000000000000000000, 0.5500000000000000444 ) ) ;
#1934 = CARTESIAN_POINT ( 'NONE',  ( 4.729999999999999538, 0.4000000000000000222, 0.5500000000000013767 ) ) ;
#1935 = ORIENTED_EDGE ( 'NONE', *, *, #435, .F. ) ;
#1936 = PRODUCT_CONTEXT ( 'NONE', #224, 'mechanical' ) ;
#1937 = EDGE_LOOP ( 'NONE', ( #977, #1819, #1317, #1931 ) ) ;
#1938 = DIRECTION ( 'NONE',  ( -0.000000000000000000, 1.000000000000000000, -0.000000000000000000 ) ) ;
#1939 = VECTOR ( 'NONE', #305, 1000.000000000000000 ) ;
#1940 = CARTESIAN_POINT ( 'NONE',  ( -5.330000000000000959, 5.000000000000000888, 1.270000000000000240 ) ) ;
#1941 = EDGE_CURVE ( 'NONE', #836, #811, #1628, .T. ) ;
#1942 = EDGE_LOOP ( 'NONE', ( #2148, #371, #1106, #1987 ) ) ;
#1943 = FACE_BOUND ( 'NONE', #717, .T. ) ;
#1944 = FACE_OUTER_BOUND ( 'NONE', #1054, .T. ) ;
#1945 = CARTESIAN_POINT ( 'NONE',  ( 0.9199999999999998179, 5.000000000000000000, 0.6500000000000019096 ) ) ;
#1946 = FILL_AREA_STYLE ('',( #629 ) ) ;
#1947 = ORIENTED_EDGE ( 'NONE', *, *, #1537, .T. ) ;
#1948 = ORIENTED_EDGE ( 'NONE', *, *, #1895, .F. ) ;
#1949 = AXIS2_PLACEMENT_3D ( 'NONE', #1820, #1158, #509 ) ;
#1950 = CARTESIAN_POINT ( 'NONE',  ( -2.189999999999999503, 0.3999999999999999667, -0.5500000000000000444 ) ) ;
#1951 = EDGE_CURVE ( 'NONE', #756, #208, #646, .T. ) ;
#1952 = FACE_BOUND ( 'NONE', #1546, .T. ) ;
#1953 = EDGE_CURVE ( 'NONE', #1469, #2160, #1302, .T. ) ;
#1954 = ORIENTED_EDGE ( 'NONE', *, *, #1502, .F. ) ;
#1955 = CARTESIAN_POINT ( 'NONE',  ( 1.620000000000000329, 5.000000000000000000, -0.6500000000000014655 ) ) ;
#1956 = LINE ( 'NONE', #485, #383 ) ;
#1957 = ORIENTED_EDGE ( 'NONE', *, *, #1793, .T. ) ;
#1958 = LINE ( 'NONE', #1802, #583 ) ;
#1959 = ADVANCED_FACE ( 'NONE', ( #1963 ), #1070, .F. ) ;
#1960 =( NAMED_UNIT ( * ) PLANE_ANGLE_UNIT ( ) SI_UNIT ( $, .RADIAN. ) );
#1961 = ADVANCED_FACE ( 'NONE', ( #1719 ), #406, .T. ) ;
#1962 = ORIENTED_EDGE ( 'NONE', *, *, #1926, .F. ) ;
#1963 = FACE_OUTER_BOUND ( 'NONE', #600, .T. ) ;
#1964 = AXIS2_PLACEMENT_3D ( 'NONE', #1376, #2042, #543 ) ;
#1965 = VECTOR ( 'NONE', #2050, 1000.000000000000000 ) ;
#1966 = ORIENTED_EDGE ( 'NONE', *, *, #1895, .T. ) ;
#1967 = LINE ( 'NONE', #1293, #1870 ) ;
#1968 = ORIENTED_EDGE ( 'NONE', *, *, #180, .F. ) ;
#1969 = VECTOR ( 'NONE', #1205, 1000.000000000000000 ) ;
#1970 = ORIENTED_EDGE ( 'NONE', *, *, #1595, .F. ) ;
#1971 = LINE ( 'NONE', #130, #1437 ) ;
#1972 = DIRECTION ( 'NONE',  ( 0.5773502691896257311, 0.5773502691896257311, 0.5773502691896258421 ) ) ;
#1973 = LINE ( 'NONE', #709, #1007 ) ;
#1974 = EDGE_CURVE ( 'NONE', #1655, #742, #278, .T. ) ;
#1975 = ORIENTED_EDGE ( 'NONE', *, *, #1888, .T. ) ;
#1976 = FACE_OUTER_BOUND ( 'NONE', #1709, .T. ) ;
#1977 = CARTESIAN_POINT ( 'NONE',  ( 3.459999999999999076, 5.000000000000000000, 0.6500000000000019096 ) ) ;
#1978 = VERTEX_POINT ( 'NONE', #740 ) ;
#1979 = EDGE_CURVE ( 'NONE', #673, #206, #1902, .T. ) ;
#1980 = AXIS2_PLACEMENT_3D ( 'NONE', #983, #1485, #1299 ) ;
#1981 = CARTESIAN_POINT ( 'NONE',  ( -3.459999999999999964, -2.725252258054537968, 0.1250000000000012490 ) ) ;
#1982 = ORIENTED_EDGE ( 'NONE', *, *, #178, .T. ) ;
#1983 = FACE_OUTER_BOUND ( 'NONE', #1047, .T. ) ;
#1984 = MECHANICAL_DESIGN_GEOMETRIC_PRESENTATION_REPRESENTATION (  '', ( #1257 ), #487 ) ;
#1985 = DIRECTION ( 'NONE',  ( -1.807003620809169948E-16, 0.000000000000000000, 1.000000000000000000 ) ) ;
#1986 = CONTEXT_DEPENDENT_SHAPE_REPRESENTATION ( #1011, #1328 ) ;
#1987 = ORIENTED_EDGE ( 'NONE', *, *, #1107, .T. ) ;
#1988 = VERTEX_POINT ( 'NONE', #238 ) ;
#1989 = VECTOR ( 'NONE', #233, 1000.000000000000000 ) ;
#1990 = CARTESIAN_POINT ( 'NONE',  ( -4.729999999999999538, 0.4000000000000000222, 0.5500000000000001554 ) ) ;
#1991 = AXIS2_PLACEMENT_3D ( 'NONE', #1144, #791, #1178 ) ;
#1992 = VERTEX_POINT ( 'NONE', #910 ) ;
#1993 = EDGE_CURVE ( 'NONE', #876, #1837, #1570, .T. ) ;
#1994 = CARTESIAN_POINT ( 'NONE',  ( 4.730000000000001315, 0.4000000000000000222, -0.5499999999999988232 ) ) ;
#1995 = VERTEX_POINT ( 'NONE', #949 ) ;
#1996 = CARTESIAN_POINT ( 'NONE',  ( -3.459999999999999964, 0.4000000000000000222, -0.1249999999999987510 ) ) ;
#1997 = EDGE_CURVE ( 'NONE', #1653, #1258, #213, .T. ) ;
#1998 = CARTESIAN_POINT ( 'NONE',  ( 0.9199999999999998179, 2.000000000000000000, -0.3499999999999997558 ) ) ;
#1999 = APPLICATION_PROTOCOL_DEFINITION ( 'draft international standard', 'automotive_design', 1998, #1866 ) ;
#2000 = LINE ( 'NONE', #679, #249 ) ;
#2001 = VERTEX_POINT ( 'NONE', #1113 ) ;
#2002 = CARTESIAN_POINT ( 'NONE',  ( 1.620000000000000329, 4.699999999999998401, 0.3500000000000001998 ) ) ;
#2003 = VERTEX_POINT ( 'NONE', #785 ) ;
#2004 = VECTOR ( 'NONE', #1881, 1000.000000000000000 ) ;
#2005 = DIRECTION ( 'NONE',  ( 0.000000000000000000, -0.000000000000000000, 1.000000000000000000 ) ) ;
#2006 = ORIENTED_EDGE ( 'NONE', *, *, #793, .T. ) ;
#2007 = DIRECTION ( 'NONE',  ( 0.000000000000000000, -1.000000000000000000, 0.000000000000000000 ) ) ;
#2008 = CARTESIAN_POINT ( 'NONE',  ( -4.160000000000000142, -2.725252258054537080, 0.1250000000000012490 ) ) ;
#2009 = CARTESIAN_POINT ( 'NONE',  ( -4.160000000000000142, 4.699999999999998401, 0.3500000000000001998 ) ) ;
#2010 = LINE ( 'NONE', #700, #1806 ) ;
#2011 = EDGE_LOOP ( 'NONE', ( #1043, #1006, #1339, #856 ) ) ;
#2012 = DIRECTION ( 'NONE',  ( 1.000000000000000000, 0.000000000000000000, 0.000000000000000000 ) ) ;
#2013 =( REPRESENTATION_RELATIONSHIP ('NONE','NONE', #248, #492 ) REPRESENTATION_RELATIONSHIP_WITH_TRANSFORMATION ( #3 )SHAPE_REPRESENTATION_RELATIONSHIP( ) );
#2014 = EDGE_CURVE ( 'NONE', #446, #549, #287, .T. ) ;
#2015 = VERTEX_POINT ( 'NONE', #479 ) ;
#2016 = CARTESIAN_POINT ( 'NONE',  ( -0.9199999999999998179, 2.000000000000000000, 0.3500000000000001998 ) ) ;
#2017 = FACE_OUTER_BOUND ( 'NONE', #2036, .T. ) ;
#2018 = DIRECTION ( 'NONE',  ( -0.5773502691896257311, 0.5773502691896257311, 0.5773502691896258421 ) ) ;
#2019 = LINE ( 'NONE', #1194, #1388 ) ;
#2020 = ORIENTED_EDGE ( 'NONE', *, *, #1495, .F. ) ;
#2021 = CARTESIAN_POINT ( 'NONE',  ( 2.890000000000000568, 0.4000000000000000222, 0.5500000000000000444 ) ) ;
#2022 = CARTESIAN_POINT ( 'NONE',  ( -5.330000000000000959, 20.95843054456248566, -1.270000000000000018 ) ) ;
#2023 = EDGE_CURVE ( 'NONE', #683, #1696, #145, .T. ) ;
#2024 = VERTEX_POINT ( 'NONE', #1990 ) ;
#2025 = VECTOR ( 'NONE', #1815, 1000.000000000000000 ) ;
#2026 = EDGE_CURVE ( 'NONE', #170, #1781, #1173, .T. ) ;
#2027 = LINE ( 'NONE', #1472, #1145 ) ;
#2028 = ORIENTED_EDGE ( 'NONE', *, *, #2026, .T. ) ;
#2029 =( LENGTH_UNIT ( ) NAMED_UNIT ( * ) SI_UNIT ( .MILLI., .METRE. ) );
#2030 = EDGE_CURVE ( 'NONE', #897, #1854, #309, .T. ) ;
#2031 = MECHANICAL_DESIGN_GEOMETRIC_PRESENTATION_REPRESENTATION (  '', ( #672 ), #1883 ) ;
#2032 = DIRECTION ( 'NONE',  ( -1.000000000000000000, 0.000000000000000000, 0.000000000000000000 ) ) ;
#2033 = DIRECTION ( 'NONE',  ( -1.000000000000000000, 0.000000000000000000, 1.548860246407863336E-16 ) ) ;
#2034 = PLANE ( 'NONE',  #680 ) ;
#2035 =( LENGTH_UNIT ( ) NAMED_UNIT ( * ) SI_UNIT ( .MILLI., .METRE. ) );
#2036 = EDGE_LOOP ( 'NONE', ( #654, #514, #1207, #1555 ) ) ;
#2037 = DIRECTION ( 'NONE',  ( -1.000000000000000000, 0.000000000000000000, -0.000000000000000000 ) ) ;
#2038 = EDGE_LOOP ( 'NONE', ( #444, #1876, #2099, #627 ) ) ;
#2039 = DIRECTION ( 'NONE',  ( 1.807003620809171920E-16, 0.000000000000000000, -1.000000000000000000 ) ) ;
#2040 = DIRECTION ( 'NONE',  ( 0.000000000000000000, 0.000000000000000000, -1.000000000000000000 ) ) ;
#2041 = DIRECTION ( 'NONE',  ( 0.5773502691896257311, -0.5773502691896257311, 0.5773502691896258421 ) ) ;
#2042 = DIRECTION ( 'NONE',  ( -0.7071067811865475727, 0.7071067811865475727, 0.000000000000000000 ) ) ;
#2043 = EDGE_CURVE ( 'NONE', #754, #1295, #998, .T. ) ;
#2044 = ORIENTED_EDGE ( 'NONE', *, *, #952, .F. ) ;
#2045 = CARTESIAN_POINT ( 'NONE',  ( -2.189999999999999503, 0.000000000000000000, 0.5500000000000000444 ) ) ;
#2046 = ORIENTED_EDGE ( 'NONE', *, *, #540, .T. ) ;
#2047 = CARTESIAN_POINT ( 'NONE',  ( 5.330000000000000959, -1.252996408614168722, 0.5500000000000014877 ) ) ;
#2048 = ORIENTED_EDGE ( 'NONE', *, *, #2108, .F. ) ;
#2049 = CARTESIAN_POINT ( 'NONE',  ( -2.189999999999999503, 0.000000000000000000, -0.5500000000000000444 ) ) ;
#2050 = DIRECTION ( 'NONE',  ( -0.000000000000000000, -0.000000000000000000, 1.000000000000000000 ) ) ;
#2051 = EDGE_CURVE ( 'NONE', #897, #749, #493, .T. ) ;
#2052 = DIRECTION ( 'NONE',  ( -0.000000000000000000, -1.000000000000000000, -0.000000000000000000 ) ) ;
#2053 = VECTOR ( 'NONE', #1001, 1000.000000000000000 ) ;
#2054 = UNCERTAINTY_MEASURE_WITH_UNIT (LENGTH_MEASURE( 1.000000000000000082E-05 ), #2029, 'distance_accuracy_value', 'NONE');
#2055 = ADVANCED_FACE ( 'NONE', ( #671 ), #22, .F. ) ;
#2056 = ORIENTED_EDGE ( 'NONE', *, *, #1355, .F. ) ;
#2057 = FACE_OUTER_BOUND ( 'NONE', #1034, .T. ) ;
#2058 = VERTEX_POINT ( 'NONE', #1640 ) ;
#2059 = DIRECTION ( 'NONE',  ( -1.548860246407863583E-16, 0.000000000000000000, -1.000000000000000000 ) ) ;
#2060 = EDGE_CURVE ( 'NONE', #1670, #1978, #1825, .T. ) ;
#2061 = VECTOR ( 'NONE', #595, 1000.000000000000000 ) ;
#2062 = ORIENTED_EDGE ( 'NONE', *, *, #1206, .F. ) ;
#2063 = DIRECTION ( 'NONE',  ( -1.000000000000000000, 0.000000000000000000, 0.000000000000000000 ) ) ;
#2064 = DIRECTION ( 'NONE',  ( 1.000000000000000000, 0.000000000000000000, 0.000000000000000000 ) ) ;
#2065 = CARTESIAN_POINT ( 'NONE',  ( 4.159999999999999254, 4.699999999999998401, -0.3499999999999997558 ) ) ;
#2066 = CARTESIAN_POINT ( 'NONE',  ( -4.160000000000000142, 4.699999999999998401, 0.3500000000000001998 ) ) ;
#2067 = ORIENTED_EDGE ( 'NONE', *, *, #175, .T. ) ;
#2068 = DIRECTION ( 'NONE',  ( 0.000000000000000000, 0.7071067811865475727, -0.7071067811865474617 ) ) ;
#2069 = VECTOR ( 'NONE', #534, 1000.000000000000000 ) ;
#2070 = ORIENTED_EDGE ( 'NONE', *, *, #1417, .T. ) ;
#2071 = DIRECTION ( 'NONE',  ( -0.000000000000000000, 0.000000000000000000, 1.000000000000000000 ) ) ;
#2072 = DIRECTION ( 'NONE',  ( 0.000000000000000000, 0.000000000000000000, -1.000000000000000000 ) ) ;
#2073 = CARTESIAN_POINT ( 'NONE',  ( 0.3500000000000004774, 0.3999999999999999667, -0.5500000000000000444 ) ) ;
#2074 = VECTOR ( 'NONE', #270, 1000.000000000000000 ) ;
#2075 = VECTOR ( 'NONE', #19, 1000.000000000000000 ) ;
#2076 = SHAPE_REPRESENTATION_RELATIONSHIP ( 'NONE' , 'NONE' ,  #20, #1887 ) ;
#2077 = ORIENTED_EDGE ( 'NONE', *, *, #178, .F. ) ;
#2078 = DIRECTION ( 'NONE',  ( 0.5773502691896257311, 0.5773502691896257311, 0.5773502691896258421 ) ) ;
#2079 = LINE ( 'NONE', #135, #1426 ) ;
#2080 = ORIENTED_EDGE ( 'NONE', *, *, #432, .F. ) ;
#2081 = CARTESIAN_POINT ( 'NONE',  ( -1.153333333333333099, 4.466666666666665009, -0.1166666666666663910 ) ) ;
#2082 = LINE ( 'NONE', #769, #557 ) ;
#2083 = LINE ( 'NONE', #1564, #1989 ) ;
#2084 = AXIS2_PLACEMENT_3D ( 'NONE', #1609, #1770, #1095 ) ;
#2085 = DIRECTION ( 'NONE',  ( 1.000000000000000000, 0.000000000000000000, 0.000000000000000000 ) ) ;
#2086 = VECTOR ( 'NONE', #1694, 1000.000000000000000 ) ;
#2087 = EDGE_CURVE ( 'NONE', #1087, #1995, #2010, .T. ) ;
#2088 = LINE ( 'NONE', #967, #658 ) ;
#2089 = ORIENTED_EDGE ( 'NONE', *, *, #246, .F. ) ;
#2090 = ADVANCED_FACE ( 'NONE', ( #1976 ), #833, .T. ) ;
#2091 = VECTOR ( 'NONE', #1545, 1000.000000000000000 ) ;
#2092 = ORIENTED_EDGE ( 'NONE', *, *, #212, .T. ) ;
#2093 = PLANE ( 'NONE',  #777 ) ;
#2094 = LINE ( 'NONE', #606, #272 ) ;
#2095 = EDGE_CURVE ( 'NONE', #916, #446, #823, .T. ) ;
#2096 = VECTOR ( 'NONE', #1198, 1000.000000000000000 ) ;
#2097 = CARTESIAN_POINT ( 'NONE',  ( -1.620000000000000329, 4.699999999999998401, -0.3499999999999997558 ) ) ;
#2098 = PRESENTATION_LAYER_ASSIGNMENT (  '', '', ( #672 ) ) ;
#2099 = ORIENTED_EDGE ( 'NONE', *, *, #474, .F. ) ;
#2100 = FACE_BOUND ( 'NONE', #1589, .T. ) ;
#2101 = ORIENTED_EDGE ( 'NONE', *, *, #77, .F. ) ;
#2102 = VERTEX_POINT ( 'NONE', #692 ) ;
#2103 = DIRECTION ( 'NONE',  ( -1.000000000000000000, 0.000000000000000000, -1.807003620809169948E-16 ) ) ;
#2104 = DIRECTION ( 'NONE',  ( 1.000000000000000000, -0.000000000000000000, 0.000000000000000000 ) ) ;
#2105 = DIRECTION ( 'NONE',  ( 1.000000000000000000, 0.000000000000000000, 0.000000000000000000 ) ) ;
#2106 = VECTOR ( 'NONE', #94, 1000.000000000000000 ) ;
#2107 = ORIENTED_EDGE ( 'NONE', *, *, #1349, .F. ) ;
#2108 = EDGE_CURVE ( 'NONE', #1638, #1653, #863, .T. ) ;
#2109 = ORIENTED_EDGE ( 'NONE', *, *, #116, .F. ) ;
#2110 = CARTESIAN_POINT ( 'NONE',  ( 1.920000000000001927, 5.000000000000000000, 0.6500000000000019096 ) ) ;
#2111 = ORIENTED_EDGE ( 'NONE', *, *, #1249, .F. ) ;
#2112 = FACE_OUTER_BOUND ( 'NONE', #1000, .T. ) ;
#2113 = DIRECTION ( 'NONE',  ( 1.000000000000000000, 0.000000000000000000, 0.000000000000000000 ) ) ;
#2114 = LINE ( 'NONE', #615, #1877 ) ;
#2115 = ADVANCED_FACE ( 'NONE', ( #328 ), #1804, .T. ) ;
#2116 = ORIENTED_EDGE ( 'NONE', *, *, #579, .F. ) ;
#2117 = DIRECTION ( 'NONE',  ( 0.000000000000000000, 0.000000000000000000, 1.000000000000000000 ) ) ;
#2118 = ORIENTED_EDGE ( 'NONE', *, *, #1114, .T. ) ;
#2119 = EDGE_CURVE ( 'NONE', #1740, #774, #1671, .T. ) ;
#2120 = CARTESIAN_POINT ( 'NONE',  ( 2.890000000000000568, 0.3999999999999999667, 0.5500000000000000444 ) ) ;
#2121 = ADVANCED_FACE ( 'NONE', ( #1324 ), #526, .F. ) ;
#2122 = VECTOR ( 'NONE', #280, 1000.000000000000000 ) ;
#2123 = ORIENTED_EDGE ( 'NONE', *, *, #822, .F. ) ;
#2124 = CARTESIAN_POINT ( 'NONE',  ( -2.189999999999999503, 0.000000000000000000, 0.5500000000000000444 ) ) ;
#2125 = EDGE_CURVE ( 'NONE', #1160, #774, #1836, .T. ) ;
#2126 = EDGE_CURVE ( 'NONE', #966, #1576, #165, .T. ) ;
#2127 = VERTEX_POINT ( 'NONE', #1500 ) ;
#2128 = CARTESIAN_POINT ( 'NONE',  ( -3.459999999999999964, 4.699999999999998401, -0.3499999999999997558 ) ) ;
#2129 = DIRECTION ( 'NONE',  ( 1.000000000000000000, 0.000000000000000000, 0.000000000000000000 ) ) ;
#2130 = EDGE_LOOP ( 'NONE', ( #426, #1060, #980, #1382 ) ) ;
#2131 = DIRECTION ( 'NONE',  ( 1.000000000000000000, 0.000000000000000000, 1.807003620809169948E-16 ) ) ;
#2132 = AXIS2_PLACEMENT_3D ( 'NONE', #2155, #1337, #1488 ) ;
#2133 = SURFACE_SIDE_STYLE ('',( #1790 ) ) ;
#2134 = CARTESIAN_POINT ( 'NONE',  ( -0.6199999999999981082, 5.000000000000000000, 0.3500000000000001998 ) ) ;
#2135 = VECTOR ( 'NONE', #352, 1000.000000000000000 ) ;
#2136 = CARTESIAN_POINT ( 'NONE',  ( 0.6199999999999981082, 5.000000000000000000, 0.6500000000000019096 ) ) ;
#2137 = ORIENTED_EDGE ( 'NONE', *, *, #570, .F. ) ;
#2138 = PLANE ( 'NONE',  #1042 ) ;
#2139 = EDGE_LOOP ( 'NONE', ( #1535, #1809, #1957, #1242 ) ) ;
#2140 = VERTEX_POINT ( 'NONE', #8 ) ;
#2141 = LINE ( 'NONE', #140, #572 ) ;
#2142 = CARTESIAN_POINT ( 'NONE',  ( -5.330000000000000959, -1.252996408614168722, 0.5500000000000001554 ) ) ;
#2143 = FACE_OUTER_BOUND ( 'NONE', #1750, .T. ) ;
#2144 = ORIENTED_EDGE ( 'NONE', *, *, #1471, .F. ) ;
#2145 = ORIENTED_EDGE ( 'NONE', *, *, #387, .T. ) ;
#2146 = CARTESIAN_POINT ( 'NONE',  ( 5.330000000000000959, 5.000000000000000888, 1.270000000000000240 ) ) ;
#2147 = DIRECTION ( 'NONE',  ( 1.000000000000000000, -0.000000000000000000, 0.000000000000000000 ) ) ;
#2148 = ORIENTED_EDGE ( 'NONE', *, *, #822, .T. ) ;
#2149 = DIRECTION ( 'NONE',  ( 1.000000000000000000, 0.000000000000000000, 0.000000000000000000 ) ) ;
#2150 = ORIENTED_EDGE ( 'NONE', *, *, #1120, .F. ) ;
#2151 = PLANE ( 'NONE',  #1949 ) ;
#2152 = DIRECTION ( 'NONE',  ( 0.000000000000000000, 0.000000000000000000, -1.000000000000000000 ) ) ;
#2153 = ORIENTED_EDGE ( 'NONE', *, *, #502, .T. ) ;
#2154 = EDGE_CURVE ( 'NONE', #766, #324, #55, .T. ) ;
#2155 = CARTESIAN_POINT ( 'NONE',  ( 4.159999999999999254, 2.000000000000000000, 0.3500000000000001998 ) ) ;
#2156 = EDGE_LOOP ( 'NONE', ( #1301, #1341, #1292, #1852 ) ) ;
#2157 = AXIS2_PLACEMENT_3D ( 'NONE', #1030, #1680, #691 ) ;
#2158 = ADVANCED_BREP_SHAPE_REPRESENTATION ( '', ( #368, #664 ), #562 ) ;
#2159 = CARTESIAN_POINT ( 'NONE',  ( 4.159999999999999254, 4.699999999999998401, 0.3500000000000001998 ) ) ;
#2160 = VERTEX_POINT ( 'NONE', #1899 ) ;
#2161 = PLANE ( 'NONE',  #737 ) ;
#2162 = VECTOR ( 'NONE', #68, 1000.000000000000000 ) ;
#2163 = EDGE_CURVE ( 'NONE', #948, #81, #545, .T. ) ;
#2164 = CARTESIAN_POINT ( 'NONE',  ( -0.3499999999999996447, 0.4000000000000000222, -0.5499999999999999334 ) ) ;
#2165 = CARTESIAN_POINT ( 'NONE',  ( -1.620000000000000329, 4.699999999999998401, 0.3500000000000001998 ) ) ;
#2166 = STYLED_ITEM ( 'NONE', ( #412 ), #1887 ) ;
#2167 = CARTESIAN_POINT ( 'NONE',  ( -0.3499999999999996447, 0.3999999999999999667, 0.5500000000000001554 ) ) ;
#2168 = VECTOR ( 'NONE', #1656, 1000.000000000000000 ) ;
#2169 = ADVANCED_FACE ( 'NONE', ( #732 ), #1553, .T. ) ;
#2170 = ORIENTED_EDGE ( 'NONE', *, *, #1275, .T. ) ;
#2171 = FACE_OUTER_BOUND ( 'NONE', #1460, .T. ) ;
#2172 = APPLICATION_CONTEXT ( 'automotive_design' ) ;
#2173 = ORIENTED_EDGE ( 'NONE', *, *, #387, .F. ) ;
#2174 = PLANE ( 'NONE',  #1991 ) ;
#2175 = DIRECTION ( 'NONE',  ( -1.000000000000000000, -0.000000000000000000, -0.000000000000000000 ) ) ;
#2176 = DIRECTION ( 'NONE',  ( -0.000000000000000000, 1.000000000000000000, -0.000000000000000000 ) ) ;
#2177 = CARTESIAN_POINT ( 'NONE',  ( -0.3499999999999996447, 1.703840481040529875, -0.5499999999999999334 ) ) ;
#2178 = CARTESIAN_POINT ( 'NONE',  ( 2.190000000000000391, 0.000000000000000000, -0.5499999999999999334 ) ) ;
#2179 = NEXT_ASSEMBLY_USAGE_OCCURRENCE ( 'NAUO1', ' ', ' ', #146, #473, $ ) ;
#2180 = NEXT_ASSEMBLY_USAGE_OCCURRENCE ( 'NAUO2', ' ', ' ', #146, #1348, $ ) ;
#2181 = NEXT_ASSEMBLY_USAGE_OCCURRENCE ( 'NAUO3', ' ', ' ', #146, #1348, $ ) ;
#2182 = NEXT_ASSEMBLY_USAGE_OCCURRENCE ( 'NAUO4', ' ', ' ', #146, #1348, $ ) ;
#2183 = NEXT_ASSEMBLY_USAGE_OCCURRENCE ( 'NAUO5', ' ', ' ', #146, #1348, $ ) ;
ENDSEC;
END-ISO-10303-21;
