ISO-10303-21;
HEADER;
FILE_DESCRIPTION (( 'STEP AP214' ),
    '1' );
FILE_NAME ('YFGC025WWA.STEP',
    '2024-04-23T07:23:59',
    ( 'LENOVO' ),
    ( '' ),
    'SwSTEP 2.0',
    'SolidWorks 2021',
    '' );
FILE_SCHEMA (( 'AUTOMOTIVE_DESIGN' ));
ENDSEC;

DATA;
#1 = SURFACE_SIDE_STYLE ('',( #1856 ) ) ;
#2 = CARTESIAN_POINT ( 'NONE',  ( 12.50000000000000000, 0.1500000000000029921, 8.699999999999972644 ) ) ;
#3 = FACE_OUTER_BOUND ( 'NONE', #287, .T. ) ;
#4 = EDGE_LOOP ( 'NONE', ( #364, #1882, #1073, #616 ) ) ;
#5 = AXIS2_PLACEMENT_3D ( 'NONE', #75, #417, #714 ) ;
#6 = ORIENTED_EDGE ( 'NONE', *, *, #61, .F. ) ;
#7 = EDGE_CURVE ( 'NONE', #1870, #1855, #1392, .T. ) ;
#8 = ORIENTED_EDGE ( 'NONE', *, *, #1323, .T. ) ;
#9 = DIRECTION ( 'NONE',  ( 0.000000000000000000, 0.000000000000000000, -1.000000000000000000 ) ) ;
#10 = ORIENTED_EDGE ( 'NONE', *, *, #1188, .T. ) ;
#11 = EDGE_CURVE ( 'NONE', #487, #1592, #1388, .T. ) ;
#12 = VECTOR ( 'NONE', #454, 1000.000000000000000 ) ;
#13 = EDGE_LOOP ( 'NONE', ( #1047, #258, #2039, #1763, #1472, #276, #86, #1379 ) ) ;
#14 = ORIENTED_EDGE ( 'NONE', *, *, #2102, .F. ) ;
#15 = EDGE_CURVE ( 'NONE', #1070, #1948, #658, .T. ) ;
#16 = LINE ( 'NONE', #1329, #791 ) ;
#17 = ORIENTED_EDGE ( 'NONE', *, *, #869, .T. ) ;
#18 = FILL_AREA_STYLE_COLOUR ( '', #1813 ) ;
#19 = VERTEX_POINT ( 'NONE', #706 ) ;
#20 =( NAMED_UNIT ( * ) SI_UNIT ( $, .STERADIAN. ) SOLID_ANGLE_UNIT ( ) );
#21 = ORIENTED_EDGE ( 'NONE', *, *, #1840, .F. ) ;
#22 = VERTEX_POINT ( 'NONE', #1691 ) ;
#23 = VECTOR ( 'NONE', #1876, 1000.000000000000000 ) ;
#24 = DIRECTION ( 'NONE',  ( -0.000000000000000000, 1.000000000000000000, -0.000000000000000000 ) ) ;
#25 = DIRECTION ( 'NONE',  ( 0.000000000000000000, -0.000000000000000000, 1.000000000000000000 ) ) ;
#26 = CARTESIAN_POINT ( 'NONE',  ( 9.500000000000003553, 2.000000000000001776, -8.000000000000000000 ) ) ;
#27 = LINE ( 'NONE', #293, #773 ) ;
#28 = EDGE_LOOP ( 'NONE', ( #766, #1433, #1485, #1043 ) ) ;
#29 = AXIS2_PLACEMENT_3D ( 'NONE', #1598, #1490, #1266 ) ;
#30 = DIRECTION ( 'NONE',  ( 1.000000000000000000, 0.000000000000000000, -0.000000000000000000 ) ) ;
#31 = AXIS2_PLACEMENT_3D ( 'NONE', #2176, #1671, #1153 ) ;
#32 = DIRECTION ( 'NONE',  ( 0.7071067811865434649, 0.7071067811865515695, 0.000000000000000000 ) ) ;
#33 = FACE_OUTER_BOUND ( 'NONE', #2193, .T. ) ;
#34 = PLANE ( 'NONE',  #114 ) ;
#35 = SURFACE_SIDE_STYLE ('',( #554 ) ) ;
#36 = ORIENTED_EDGE ( 'NONE', *, *, #2177, .F. ) ;
#37 = EDGE_CURVE ( 'NONE', #2202, #997, #670, .T. ) ;
#38 = DIRECTION ( 'NONE',  ( 0.000000000000000000, 0.000000000000000000, -1.000000000000000000 ) ) ;
#39 = EDGE_LOOP ( 'NONE', ( #2056, #132, #1268, #1547 ) ) ;
#40 = CARTESIAN_POINT ( 'NONE',  ( -8.700000000000001066, 0.1500000000000029921, 8.700000000000001066 ) ) ;
#41 = EDGE_CURVE ( 'NONE', #717, #1880, #588, .T. ) ;
#42 = DIRECTION ( 'NONE',  ( -1.000000000000000000, 0.000000000000000000, 0.000000000000000000 ) ) ;
#43 = FACE_OUTER_BOUND ( 'NONE', #543, .T. ) ;
#44 = EDGE_LOOP ( 'NONE', ( #2178, #1409, #535, #1432 ) ) ;
#45 = CARTESIAN_POINT ( 'NONE',  ( 1.530808498934191817E-16, 0.000000000000000000, 3.750000000000000888 ) ) ;
#46 = CARTESIAN_POINT ( 'NONE',  ( 12.34999999999999787, 0.000000000000000000, -8.699999999999976197 ) ) ;
#47 = LINE ( 'NONE', #140, #73 ) ;
#48 = ADVANCED_FACE ( 'NONE', ( #663 ), #1726, .F. ) ;
#49 = ORIENTED_EDGE ( 'NONE', *, *, #1787, .T. ) ;
#50 = DIRECTION ( 'NONE',  ( 0.000000000000000000, 0.000000000000000000, -1.000000000000000000 ) ) ;
#51 = DIRECTION ( 'NONE',  ( 1.000000000000000000, 0.000000000000000000, -0.000000000000000000 ) ) ;
#52 = VECTOR ( 'NONE', #127, 1000.000000000000000 ) ;
#53 = ORIENTED_EDGE ( 'NONE', *, *, #1483, .T. ) ;
#54 = PLANE ( 'NONE',  #822 ) ;
#55 = CARTESIAN_POINT ( 'NONE',  ( 8.699999999999972644, 0.000000000000000000, 12.34999999999999964 ) ) ;
#56 = ORIENTED_EDGE ( 'NONE', *, *, #1065, .F. ) ;
#57 = AXIS2_PLACEMENT_3D ( 'NONE', #1604, #932, #201 ) ;
#58 = FILL_AREA_STYLE ('',( #1766 ) ) ;
#59 = LINE ( 'NONE', #1517, #797 ) ;
#60 = ORIENTED_EDGE ( 'NONE', *, *, #678, .F. ) ;
#61 = EDGE_CURVE ( 'NONE', #1020, #1223, #674, .T. ) ;
#62 = DIRECTION ( 'NONE',  ( -1.000000000000000000, 0.000000000000000000, 0.000000000000000000 ) ) ;
#63 = DIRECTION ( 'NONE',  ( -1.000000000000000000, 0.000000000000000000, -0.000000000000000000 ) ) ;
#64 = ADVANCED_FACE ( 'NONE', ( #1396 ), #723, .T. ) ;
#65 = ADVANCED_FACE ( 'NONE', ( #2147 ), #846, .F. ) ;
#66 = DIRECTION ( 'NONE',  ( -1.000000000000000000, 0.000000000000000000, -0.000000000000000000 ) ) ;
#67 = EDGE_CURVE ( 'NONE', #1974, #1417, #2142, .T. ) ;
#68 = LINE ( 'NONE', #2035, #52 ) ;
#69 = ORIENTED_EDGE ( 'NONE', *, *, #1973, .F. ) ;
#70 = DIRECTION ( 'NONE',  ( 0.000000000000000000, -1.000000000000000000, 0.000000000000000000 ) ) ;
#71 = CARTESIAN_POINT ( 'NONE',  ( 8.699999999999977973, 0.5000000000000000000, 12.00000000000000000 ) ) ;
#72 = CARTESIAN_POINT ( 'NONE',  ( -12.00000000000000000, 0.5000000000000004441, 8.699999999999977973 ) ) ;
#73 = VECTOR ( 'NONE', #2002, 1000.000000000000000 ) ;
#74 = ORIENTED_EDGE ( 'NONE', *, *, #412, .F. ) ;
#75 = CARTESIAN_POINT ( 'NONE',  ( -8.700000000000001066, 0.5000000000000004441, 8.700000000000001066 ) ) ;
#76 = ADVANCED_FACE ( 'NONE', ( #667 ), #99, .T. ) ;
#77 = LINE ( 'NONE', #111, #23 ) ;
#78 = ORIENTED_EDGE ( 'NONE', *, *, #1716, .F. ) ;
#79 = CARTESIAN_POINT ( 'NONE',  ( -12.50000000000000000, 2.200000000000000178, 8.699999999999972644 ) ) ;
#80 = CIRCLE ( 'NONE', #844, 3.299999999999998934 ) ;
#81 = ORIENTED_EDGE ( 'NONE', *, *, #280, .F. ) ;
#82 = AXIS2_PLACEMENT_3D ( 'NONE', #246, #1134, #1471 ) ;
#83 = AXIS2_PLACEMENT_3D ( 'NONE', #87, #880, #1066 ) ;
#84 = DIRECTION ( 'NONE',  ( -0.000000000000000000, 1.000000000000000000, -0.000000000000000000 ) ) ;
#85 = VECTOR ( 'NONE', #1326, 1000.000000000000000 ) ;
#86 = ORIENTED_EDGE ( 'NONE', *, *, #765, .T. ) ;
#87 = CARTESIAN_POINT ( 'NONE',  ( 0.000000000000000000, -2.299999999999999822, 2.500000000000000000 ) ) ;
#88 = ADVANCED_FACE ( 'NONE', ( #2069 ), #1149, .T. ) ;
#89 = AXIS2_PLACEMENT_3D ( 'NONE', #1124, #1773, #1132 ) ;
#90 = CARTESIAN_POINT ( 'NONE',  ( -8.699999999999972644, 2.200000000000000178, 12.50000000000000000 ) ) ;
#91 = ORIENTED_EDGE ( 'NONE', *, *, #283, .F. ) ;
#92 = DIRECTION ( 'NONE',  ( 0.000000000000000000, 1.000000000000000000, 0.000000000000000000 ) ) ;
#93 = DIRECTION ( 'NONE',  ( 1.000000000000000000, 0.000000000000000000, -0.000000000000000000 ) ) ;
#94 = LINE ( 'NONE', #1146, #1560 ) ;
#95 = EDGE_CURVE ( 'NONE', #1976, #1901, #1408, .T. ) ;
#96 = ADVANCED_FACE ( 'NONE', ( #1415 ), #259, .T. ) ;
#97 = VERTEX_POINT ( 'NONE', #2133 ) ;
#98 = EDGE_CURVE ( 'NONE', #1804, #1223, #2160, .T. ) ;
#99 = PLANE ( 'NONE',  #508 ) ;
#100 = FACE_BOUND ( 'NONE', #213, .T. ) ;
#101 = ORIENTED_EDGE ( 'NONE', *, *, #1035, .T. ) ;
#102 = CARTESIAN_POINT ( 'NONE',  ( -8.700000000000001066, 2.200000000000000178, -12.34999999999999609 ) ) ;
#103 = LINE ( 'NONE', #657, #834 ) ;
#104 = ORIENTED_EDGE ( 'NONE', *, *, #1814, .T. ) ;
#105 = ADVANCED_FACE ( 'NONE', ( #1663 ), #950, .T. ) ;
#106 = PLANE ( 'NONE',  #906 ) ;
#107 = FILL_AREA_STYLE ('',( #640 ) ) ;
#108 = ORIENTED_EDGE ( 'NONE', *, *, #1893, .T. ) ;
#109 = CARTESIAN_POINT ( 'NONE',  ( -8.699999999999972644, 34.44112549695427816, 12.00000000000000000 ) ) ;
#110 = DIRECTION ( 'NONE',  ( -1.000000000000000000, 0.000000000000000000, 0.000000000000000000 ) ) ;
#111 = CARTESIAN_POINT ( 'NONE',  ( 8.000000000000001776, 2.000000000000001776, -9.500000000000001776 ) ) ;
#112 = LINE ( 'NONE', #2016, #85 ) ;
#113 = ORIENTED_EDGE ( 'NONE', *, *, #796, .T. ) ;
#114 = AXIS2_PLACEMENT_3D ( 'NONE', #196, #1771, #1944 ) ;
#115 = DIRECTION ( 'NONE',  ( 0.000000000000000000, 0.000000000000000000, 1.000000000000000000 ) ) ;
#116 = ORIENTED_EDGE ( 'NONE', *, *, #542, .T. ) ;
#117 = PRESENTATION_LAYER_ASSIGNMENT (  '', '', ( #1584 ) ) ;
#118 = DIRECTION ( 'NONE',  ( 0.000000000000000000, 0.000000000000000000, -1.000000000000000000 ) ) ;
#119 = EDGE_CURVE ( 'NONE', #1873, #1461, #233, .T. ) ;
#120 = EDGE_LOOP ( 'NONE', ( #78, #792, #167, #1640 ) ) ;
#121 = CARTESIAN_POINT ( 'NONE',  ( -8.000000000000000000, 2.000000000000000000, 9.500000000000001776 ) ) ;
#122 = AXIS2_PLACEMENT_3D ( 'NONE', #1429, #777, #729 ) ;
#123 = EDGE_CURVE ( 'NONE', #2094, #1904, #954, .T. ) ;
#124 = ORIENTED_EDGE ( 'NONE', *, *, #630, .F. ) ;
#125 = CARTESIAN_POINT ( 'NONE',  ( 0.000000000000000000, 2.200000000000000178, 0.4999999999999995559 ) ) ;
#126 = CARTESIAN_POINT ( 'NONE',  ( -8.699999999999974420, 0.1500000000000029921, -12.50000000000000000 ) ) ;
#127 = DIRECTION ( 'NONE',  ( 1.000000000000000000, 0.000000000000000000, 0.000000000000000000 ) ) ;
#128 = EDGE_CURVE ( 'NONE', #224, #1855, #238, .T. ) ;
#129 = DIRECTION ( 'NONE',  ( -0.000000000000000000, -1.000000000000000000, -0.000000000000000000 ) ) ;
#130 = VERTEX_POINT ( 'NONE', #903 ) ;
#131 = CARTESIAN_POINT ( 'NONE',  ( 12.00000000000000000, 0.000000000000000000, 8.699999999999972644 ) ) ;
#132 = ORIENTED_EDGE ( 'NONE', *, *, #675, .F. ) ;
#133 = CARTESIAN_POINT ( 'NONE',  ( 12.34999999999999964, 0.000000000000000000, 8.699999999999972644 ) ) ;
#134 = ORIENTED_EDGE ( 'NONE', *, *, #1373, .T. ) ;
#135 = DIRECTION ( 'NONE',  ( -0.000000000000000000, -1.000000000000000000, -0.000000000000000000 ) ) ;
#136 = ORIENTED_EDGE ( 'NONE', *, *, #1289, .T. ) ;
#137 = DIRECTION ( 'NONE',  ( 0.000000000000000000, 0.000000000000000000, -1.000000000000000000 ) ) ;
#138 = CARTESIAN_POINT ( 'NONE',  ( -8.700000000000001066, 0.5000000000000000000, -8.700000000000001066 ) ) ;
#139 = AXIS2_PLACEMENT_3D ( 'NONE', #1906, #1225, #1730 ) ;
#140 = CARTESIAN_POINT ( 'NONE',  ( 1.530808498934192064E-16, 0.5000000000000000000, 3.750000000000000888 ) ) ;
#141 = ORIENTED_EDGE ( 'NONE', *, *, #730, .F. ) ;
#142 = CARTESIAN_POINT ( 'NONE',  ( 8.000000000000001776, 2.200000000000000178, -9.500000000000001776 ) ) ;
#143 = AXIS2_PLACEMENT_3D ( 'NONE', #125, #656, #1859 ) ;
#144 = CARTESIAN_POINT ( 'NONE',  ( -8.700000000000001066, 0.000000000000000000, 8.700000000000001066 ) ) ;
#145 = ORIENTED_EDGE ( 'NONE', *, *, #41, .F. ) ;
#146 = AXIS2_PLACEMENT_3D ( 'NONE', #890, #1236, #51 ) ;
#147 = EDGE_LOOP ( 'NONE', ( #1109, #1852, #781, #409 ) ) ;
#148 = CARTESIAN_POINT ( 'NONE',  ( 8.700000000000001066, 0.1500000000000029921, 8.700000000000001066 ) ) ;
#149 = EDGE_CURVE ( 'NONE', #2011, #1728, #1698, .T. ) ;
#150 = ORIENTED_EDGE ( 'NONE', *, *, #1099, .T. ) ;
#151 = CARTESIAN_POINT ( 'NONE',  ( 8.699999999999972644, 2.049999999999999378, -12.50000000000000000 ) ) ;
#152 = ORIENTED_EDGE ( 'NONE', *, *, #1689, .T. ) ;
#153 = VERTEX_POINT ( 'NONE', #1311 ) ;
#154 = ORIENTED_EDGE ( 'NONE', *, *, #67, .F. ) ;
#155 = DIRECTION ( 'NONE',  ( -0.000000000000000000, 1.000000000000000000, -0.000000000000000000 ) ) ;
#156 = DIRECTION ( 'NONE',  ( -0.000000000000000000, -1.000000000000000000, -0.000000000000000000 ) ) ;
#157 = VERTEX_POINT ( 'NONE', #774 ) ;
#158 = STYLED_ITEM ( 'NONE', ( #1310 ), #812 ) ;
#159 = CARTESIAN_POINT ( 'NONE',  ( -8.699999999999972644, 0.000000000000000000, 12.00000000000000000 ) ) ;
#160 = DIRECTION ( 'NONE',  ( 0.000000000000000000, 0.000000000000000000, -1.000000000000000000 ) ) ;
#161 = EDGE_LOOP ( 'NONE', ( #291, #703, #2130, #1428 ) ) ;
#162 = EDGE_CURVE ( 'NONE', #1849, #97, #1714, .T. ) ;
#163 = DIRECTION ( 'NONE',  ( -0.000000000000000000, -1.000000000000000000, -0.000000000000000000 ) ) ;
#164 = EDGE_LOOP ( 'NONE', ( #1355, #268, #761, #1871 ) ) ;
#165 = LINE ( 'NONE', #1780, #168 ) ;
#166 = EDGE_CURVE ( 'NONE', #1620, #2012, #209, .T. ) ;
#167 = ORIENTED_EDGE ( 'NONE', *, *, #769, .F. ) ;
#168 = VECTOR ( 'NONE', #234, 1000.000000000000000 ) ;
#169 = ORIENTED_EDGE ( 'NONE', *, *, #1125, .T. ) ;
#170 = VECTOR ( 'NONE', #604, 1000.000000000000000 ) ;
#171 = CARTESIAN_POINT ( 'NONE',  ( 1.530808498934191817E-16, 0.5000000000000004441, 3.750000000000000888 ) ) ;
#172 = DIRECTION ( 'NONE',  ( 0.000000000000000000, -0.000000000000000000, 1.000000000000000000 ) ) ;
#173 = VERTEX_POINT ( 'NONE', #1991 ) ;
#174 = VECTOR ( 'NONE', #974, 1000.000000000000114 ) ;
#175 = FACE_OUTER_BOUND ( 'NONE', #147, .T. ) ;
#176 = AXIS2_PLACEMENT_3D ( 'NONE', #220, #1117, #427 ) ;
#177 = DIRECTION ( 'NONE',  ( -0.000000000000000000, -1.000000000000000000, -0.000000000000000000 ) ) ;
#178 = DIRECTION ( 'NONE',  ( 1.000000000000000000, 0.000000000000000000, 0.000000000000000000 ) ) ;
#179 = VECTOR ( 'NONE', #1601, 1000.000000000000000 ) ;
#180 = DIRECTION ( 'NONE',  ( -1.000000000000000000, 0.000000000000000000, 0.000000000000000000 ) ) ;
#181 = FILL_AREA_STYLE_COLOUR ( '', #2057 ) ;
#182 = AXIS2_PLACEMENT_3D ( 'NONE', #1657, #626, #965 ) ;
#183 = DIRECTION ( 'NONE',  ( 0.000000000000000000, -1.000000000000000000, 0.000000000000000000 ) ) ;
#184 = CIRCLE ( 'NONE', #1872, 3.799999999999999378 ) ;
#185 = DIRECTION ( 'NONE',  ( 0.000000000000000000, -1.000000000000000000, 0.000000000000000000 ) ) ;
#186 = FACE_OUTER_BOUND ( 'NONE', #1755, .T. ) ;
#187 = EDGE_CURVE ( 'NONE', #374, #827, #977, .T. ) ;
#188 = CARTESIAN_POINT ( 'NONE',  ( 8.700000000000001066, 2.049999999999999378, 8.700000000000001066 ) ) ;
#189 = VECTOR ( 'NONE', #1049, 1000.000000000000000 ) ;
#190 = LINE ( 'NONE', #2009, #939 ) ;
#191 = EDGE_CURVE ( 'NONE', #203, #2113, #967, .T. ) ;
#192 = DIRECTION ( 'NONE',  ( 0.000000000000000000, -0.000000000000000000, 1.000000000000000000 ) ) ;
#193 = VECTOR ( 'NONE', #1037, 1000.000000000000000 ) ;
#194 = APPLICATION_CONTEXT ( 'automotive_design' ) ;
#195 = VECTOR ( 'NONE', #712, 1000.000000000000000 ) ;
#196 = CARTESIAN_POINT ( 'NONE',  ( -8.700000000000001066, 2.200000000000000178, 12.34999999999999609 ) ) ;
#197 = FACE_OUTER_BOUND ( 'NONE', #2036, .T. ) ;
#198 = CARTESIAN_POINT ( 'NONE',  ( -8.000000000000000000, 2.000000000000000000, 9.500000000000001776 ) ) ;
#199 = FACE_OUTER_BOUND ( 'NONE', #889, .T. ) ;
#200 = DIRECTION ( 'NONE',  ( -1.000000000000000000, 0.000000000000000000, 0.000000000000000000 ) ) ;
#201 = DIRECTION ( 'NONE',  ( 0.000000000000000000, 8.503546450866700815E-17, 1.000000000000000000 ) ) ;
#202 = AXIS2_PLACEMENT_3D ( 'NONE', #1469, #1636, #1824 ) ;
#203 = VERTEX_POINT ( 'NONE', #597 ) ;
#204 = CARTESIAN_POINT ( 'NONE',  ( -8.700000000000001066, 0.1500000000000029921, -8.700000000000001066 ) ) ;
#205 = CARTESIAN_POINT ( 'NONE',  ( 0.000000000000000000, 2.800000000000000266, 2.500000000000000444 ) ) ;
#206 = FACE_OUTER_BOUND ( 'NONE', #1251, .T. ) ;
#207 = ORIENTED_EDGE ( 'NONE', *, *, #1614, .T. ) ;
#208 = AXIS2_PLACEMENT_3D ( 'NONE', #564, #690, #357 ) ;
#209 = LINE ( 'NONE', #1775, #174 ) ;
#210 = FILL_AREA_STYLE ('',( #1058 ) ) ;
#211 = EDGE_CURVE ( 'NONE', #153, #1461, #1701, .T. ) ;
#212 = CARTESIAN_POINT ( 'NONE',  ( -9.500000000000000000, 2.200000000000000178, 8.000000000000001776 ) ) ;
#213 = EDGE_LOOP ( 'NONE', ( #1959, #733 ) ) ;
#214 = AXIS2_PLACEMENT_3D ( 'NONE', #386, #183, #1931 ) ;
#215 = LINE ( 'NONE', #198, #193 ) ;
#216 = EDGE_CURVE ( 'NONE', #1997, #2116, #1674, .T. ) ;
#217 = ORIENTED_EDGE ( 'NONE', *, *, #283, .T. ) ;
#218 = ADVANCED_FACE ( 'NONE', ( #1688 ), #986, .F. ) ;
#219 = LINE ( 'NONE', #648, #910 ) ;
#220 = CARTESIAN_POINT ( 'NONE',  ( 0.000000000000000000, 0.5000000000000000000, 2.500000000000000000 ) ) ;
#221 = LINE ( 'NONE', #718, #1750 ) ;
#222 = EDGE_CURVE ( 'NONE', #1130, #203, #219, .T. ) ;
#223 = CARTESIAN_POINT ( 'NONE',  ( 9.500000000000001776, 2.000000000000000000, 9.500000000000001776 ) ) ;
#224 = VERTEX_POINT ( 'NONE', #142 ) ;
#225 = LINE ( 'NONE', #250, #928 ) ;
#226 = CARTESIAN_POINT ( 'NONE',  ( -8.000000000000000000, 2.000000000000000000, 9.500000000000001776 ) ) ;
#227 = ADVANCED_FACE ( 'NONE', ( #994 ), #1649, .T. ) ;
#228 = LINE ( 'NONE', #79, #996 ) ;
#229 = EDGE_LOOP ( 'NONE', ( #1312, #1605, #489, #647 ) ) ;
#230 = VECTOR ( 'NONE', #388, 1000.000000000000000 ) ;
#231 = DIRECTION ( 'NONE',  ( 0.000000000000000000, -1.000000000000000000, 0.000000000000000000 ) ) ;
#232 = EDGE_LOOP ( 'NONE', ( #2187, #248, #686, #281 ) ) ;
#233 = LINE ( 'NONE', #758, #1658 ) ;
#234 = DIRECTION ( 'NONE',  ( 0.000000000000000000, 1.000000000000000000, 0.000000000000000000 ) ) ;
#235 = MECHANICAL_DESIGN_GEOMETRIC_PRESENTATION_REPRESENTATION (  '', ( #1203 ), #2168 ) ;
#236 = CIRCLE ( 'NONE', #1832, 3.299999999999998934 ) ;
#237 = DIRECTION ( 'NONE',  ( 0.000000000000000000, -1.000000000000000000, 0.000000000000000000 ) ) ;
#238 = LINE ( 'NONE', #742, #1683 ) ;
#239 = CARTESIAN_POINT ( 'NONE',  ( 8.000000000000001776, 2.200000000000000178, -9.500000000000001776 ) ) ;
#240 = LINE ( 'NONE', #1558, #1685 ) ;
#241 = AXIS2_PLACEMENT_3D ( 'NONE', #582, #930, #290 ) ;
#242 = DIRECTION ( 'NONE',  ( 0.000000000000000000, 0.000000000000000000, 1.000000000000000000 ) ) ;
#243 = ORIENTED_EDGE ( 'NONE', *, *, #1567, .F. ) ;
#244 = EDGE_CURVE ( 'NONE', #1528, #1113, #973, .T. ) ;
#245 = PLANE ( 'NONE',  #936 ) ;
#246 = CARTESIAN_POINT ( 'NONE',  ( -8.000000000000000000, -24.87005768508881332, 9.500000000000001776 ) ) ;
#247 = EDGE_CURVE ( 'NONE', #842, #717, #923, .T. ) ;
#248 = ORIENTED_EDGE ( 'NONE', *, *, #601, .F. ) ;
#249 = VECTOR ( 'NONE', #816, 1000.000000000000000 ) ;
#250 = CARTESIAN_POINT ( 'NONE',  ( -8.000000000000000000, 2.200000000000000178, 9.500000000000001776 ) ) ;
#251 = VERTEX_POINT ( 'NONE', #72 ) ;
#252 = PLANE ( 'NONE',  #1609 ) ;
#253 = ORIENTED_EDGE ( 'NONE', *, *, #601, .T. ) ;
#254 = DIRECTION ( 'NONE',  ( -0.000000000000000000, 1.000000000000000000, -0.000000000000000000 ) ) ;
#255 = ADVANCED_FACE ( 'NONE', ( #175 ), #1271, .F. ) ;
#256 = CYLINDRICAL_SURFACE ( 'NONE', #272, 0.4000000000000001887 ) ;
#257 = CARTESIAN_POINT ( 'NONE',  ( -12.34999999999999609, 2.200000000000000178, 8.700000000000001066 ) ) ;
#258 = ORIENTED_EDGE ( 'NONE', *, *, #521, .T. ) ;
#259 = PLANE ( 'NONE',  #82 ) ;
#260 = VECTOR ( 'NONE', #1960, 1000.000000000000000 ) ;
#261 = CARTESIAN_POINT ( 'NONE',  ( -8.000000000000000000, 2.000000000000001776, 9.500000000000001776 ) ) ;
#262 = EDGE_LOOP ( 'NONE', ( #490, #1611, #1626, #861, #53, #1934 ) ) ;
#263 = AXIS2_PLACEMENT_3D ( 'NONE', #1603, #237, #767 ) ;
#264 = FACE_OUTER_BOUND ( 'NONE', #2107, .T. ) ;
#265 = DIRECTION ( 'NONE',  ( 0.000000000000000000, 0.000000000000000000, -1.000000000000000000 ) ) ;
#266 = FACE_OUTER_BOUND ( 'NONE', #1159, .T. ) ;
#267 = CARTESIAN_POINT ( 'NONE',  ( -9.500000000000000000, -24.87005768508881332, -9.500000000000001776 ) ) ;
#268 = ORIENTED_EDGE ( 'NONE', *, *, #1094, .T. ) ;
#269 = VECTOR ( 'NONE', #2071, 1000.000000000000000 ) ;
#270 = CARTESIAN_POINT ( 'NONE',  ( -8.699999999999974420, 0.000000000000000000, 12.34999999999999964 ) ) ;
#271 =( NAMED_UNIT ( * ) PLANE_ANGLE_UNIT ( ) SI_UNIT ( $, .RADIAN. ) );
#272 = AXIS2_PLACEMENT_3D ( 'NONE', #1154, #629, #2196 ) ;
#273 = VECTOR ( 'NONE', #1529, 1000.000000000000000 ) ;
#274 = EDGE_CURVE ( 'NONE', #1357, #471, #1645, .T. ) ;
#275 = DIRECTION ( 'NONE',  ( 0.000000000000000000, -1.000000000000000000, 0.000000000000000000 ) ) ;
#276 = ORIENTED_EDGE ( 'NONE', *, *, #187, .T. ) ;
#277 = SURFACE_STYLE_FILL_AREA ( #462 ) ;
#278 = CARTESIAN_POINT ( 'NONE',  ( -12.50000000000000000, 2.200000000000000178, 8.699999999999972644 ) ) ;
#279 = FACE_OUTER_BOUND ( 'NONE', #2065, .T. ) ;
#280 = EDGE_CURVE ( 'NONE', #2027, #1634, #225, .T. ) ;
#281 = ORIENTED_EDGE ( 'NONE', *, *, #735, .T. ) ;
#282 = CARTESIAN_POINT ( 'NONE',  ( -9.500000000000000000, -24.87005768508881332, 8.000000000000001776 ) ) ;
#283 = EDGE_CURVE ( 'NONE', #827, #1147, #957, .T. ) ;
#284 = CARTESIAN_POINT ( 'NONE',  ( -9.500000000000000000, 2.000000000000000000, -9.500000000000001776 ) ) ;
#285 = DIRECTION ( 'NONE',  ( -1.000000000000000000, 0.000000000000000000, -0.000000000000000000 ) ) ;
#286 = CARTESIAN_POINT ( 'NONE',  ( 8.699999999999974420, 2.200000000000000178, 12.34999999999999609 ) ) ;
#287 = EDGE_LOOP ( 'NONE', ( #993, #1700, #1241, #1300 ) ) ;
#288 = CIRCLE ( 'NONE', #1513, 1.699999999999999734 ) ;
#289 = LINE ( 'NONE', #475, #295 ) ;
#290 = DIRECTION ( 'NONE',  ( 0.000000000000000000, 0.000000000000000000, -1.000000000000000000 ) ) ;
#291 = ORIENTED_EDGE ( 'NONE', *, *, #1121, .T. ) ;
#292 = CIRCLE ( 'NONE', #938, 3.299999999999998934 ) ;
#293 = CARTESIAN_POINT ( 'NONE',  ( 8.000000000000001776, 2.000000000000000000, -9.500000000000001776 ) ) ;
#294 = AXIS2_PLACEMENT_3D ( 'NONE', #652, #2216, #1618 ) ;
#295 = VECTOR ( 'NONE', #1869, 1000.000000000000000 ) ;
#296 = ORIENTED_EDGE ( 'NONE', *, *, #1121, .F. ) ;
#297 = VECTOR ( 'NONE', #779, 1000.000000000000000 ) ;
#298 =( GEOMETRIC_REPRESENTATION_CONTEXT ( 3 ) GLOBAL_UNCERTAINTY_ASSIGNED_CONTEXT ( ( #1292 ) ) GLOBAL_UNIT_ASSIGNED_CONTEXT ( ( #1957, #911, #1101 ) ) REPRESENTATION_CONTEXT ( 'NONE', 'WORKASPACE' ) );
#299 = ORIENTED_EDGE ( 'NONE', *, *, #440, .T. ) ;
#300 = FACE_OUTER_BOUND ( 'NONE', #1836, .T. ) ;
#301 = EDGE_CURVE ( 'NONE', #1000, #2202, #1719, .T. ) ;
#302 = CARTESIAN_POINT ( 'NONE',  ( 0.000000000000000000, 34.44112549695427816, 1.249999999999999556 ) ) ;
#303 = CIRCLE ( 'NONE', #1027, 3.649999999999995470 ) ;
#304 = DIRECTION ( 'NONE',  ( 0.000000000000000000, 0.000000000000000000, -1.000000000000000000 ) ) ;
#305 = AXIS2_PLACEMENT_3D ( 'NONE', #1696, #824, #1158 ) ;
#306 = ORIENTED_EDGE ( 'NONE', *, *, #1144, .T. ) ;
#307 = PRESENTATION_STYLE_ASSIGNMENT (( #1496 ) ) ;
#308 = EDGE_CURVE ( 'NONE', #130, #852, #1724, .T. ) ;
#309 = LINE ( 'NONE', #1995, #1045 ) ;
#310 = PLANE ( 'NONE',  #728 ) ;
#311 = DIRECTION ( 'NONE',  ( 0.000000000000000000, 0.000000000000000000, -1.000000000000000000 ) ) ;
#312 = PLANE ( 'NONE',  #587 ) ;
#313 = EDGE_CURVE ( 'NONE', #1857, #764, #165, .T. ) ;
#314 = ORIENTED_EDGE ( 'NONE', *, *, #845, .T. ) ;
#315 = DIRECTION ( 'NONE',  ( 0.000000000000000000, -1.000000000000000000, 0.000000000000000000 ) ) ;
#316 = CONICAL_SURFACE ( 'NONE', #514, 1.699999999999999734, 1.107439410872686825 ) ;
#317 = VERTEX_POINT ( 'NONE', #1410 ) ;
#318 = LINE ( 'NONE', #302, #1056 ) ;
#319 = CARTESIAN_POINT ( 'NONE',  ( 12.00000000000000000, 0.000000000000000000, -8.699999999999977973 ) ) ;
#320 = ORIENTED_EDGE ( 'NONE', *, *, #1619, .T. ) ;
#321 = AXIS2_PLACEMENT_3D ( 'NONE', #226, #1108, #1262 ) ;
#322 = CIRCLE ( 'NONE', #1184, 0.8500000000000005329 ) ;
#323 = ORIENTED_EDGE ( 'NONE', *, *, #332, .F. ) ;
#324 = DIRECTION ( 'NONE',  ( -0.000000000000000000, -1.000000000000000000, 8.503546450866700815E-17 ) ) ;
#325 = AXIS2_PLACEMENT_3D ( 'NONE', #205, #2086, #391 ) ;
#326 = CARTESIAN_POINT ( 'NONE',  ( 8.700000000000001066, 0.000000000000000000, 8.700000000000001066 ) ) ;
#327 = FACE_OUTER_BOUND ( 'NONE', #1245, .T. ) ;
#328 = EDGE_CURVE ( 'NONE', #1901, #1440, #931, .T. ) ;
#329 = LINE ( 'NONE', #1952, #342 ) ;
#330 = VECTOR ( 'NONE', #895, 1000.000000000000000 ) ;
#331 = DIRECTION ( 'NONE',  ( -0.000000000000000000, -1.000000000000000000, -0.000000000000000000 ) ) ;
#332 = EDGE_CURVE ( 'NONE', #1195, #1873, #915, .T. ) ;
#333 = VERTEX_POINT ( 'NONE', #943 ) ;
#334 = VECTOR ( 'NONE', #1673, 1000.000000000000000 ) ;
#335 = VECTOR ( 'NONE', #1164, 1000.000000000000000 ) ;
#336 = UNCERTAINTY_MEASURE_WITH_UNIT (LENGTH_MEASURE( 1.000000000000000082E-05 ), #1738, 'distance_accuracy_value', 'NONE');
#337 = ORIENTED_EDGE ( 'NONE', *, *, #1094, .F. ) ;
#338 = CIRCLE ( 'NONE', #208, 3.799999999999999378 ) ;
#339 = CARTESIAN_POINT ( 'NONE',  ( -9.500000000000000000, 2.200000000000000178, -9.500000000000000000 ) ) ;
#340 = LINE ( 'NONE', #446, #1089 ) ;
#341 = ORIENTED_EDGE ( 'NONE', *, *, #1330, .F. ) ;
#342 = VECTOR ( 'NONE', #929, 1000.000000000000000 ) ;
#343 = CARTESIAN_POINT ( 'NONE',  ( 8.000000000000001776, 2.000000000000000000, -9.500000000000001776 ) ) ;
#344 = CIRCLE ( 'NONE', #1343, 0.4000000000000001887 ) ;
#345 = CIRCLE ( 'NONE', #305, 1.263798795594197388 ) ;
#346 = CARTESIAN_POINT ( 'NONE',  ( -12.00000000000000000, 34.44112549695427816, 8.699999999999977973 ) ) ;
#347 = CARTESIAN_POINT ( 'NONE',  ( 9.500000000000001776, 2.200000000000000178, 9.500000000000001776 ) ) ;
#348 = FACE_OUTER_BOUND ( 'NONE', #1233, .T. ) ;
#349 = CARTESIAN_POINT ( 'NONE',  ( -9.500000000000000000, 2.000000000000000000, 8.000000000000001776 ) ) ;
#350 = ORIENTED_EDGE ( 'NONE', *, *, #891, .F. ) ;
#351 = CYLINDRICAL_SURFACE ( 'NONE', #294, 3.799999999999999378 ) ;
#352 = AXIS2_PLACEMENT_3D ( 'NONE', #935, #420, #384 ) ;
#353 = CARTESIAN_POINT ( 'NONE',  ( 0.000000000000000000, 0.000000000000000000, 2.500000000000000000 ) ) ;
#354 = FACE_OUTER_BOUND ( 'NONE', #262, .T. ) ;
#355 = CARTESIAN_POINT ( 'NONE',  ( 8.699999999999974420, 34.44112549695427816, -12.00000000000000000 ) ) ;
#356 = ORIENTED_EDGE ( 'NONE', *, *, #498, .T. ) ;
#357 = DIRECTION ( 'NONE',  ( 0.000000000000000000, 0.000000000000000000, 1.000000000000000000 ) ) ;
#358 = LINE ( 'NONE', #463, #273 ) ;
#359 = AXIS2_PLACEMENT_3D ( 'NONE', #770, #1975, #1484 ) ;
#360 = ORIENTED_EDGE ( 'NONE', *, *, #2154, .T. ) ;
#361 = CONICAL_SURFACE ( 'NONE', #1586, 1.699999999999999734, 1.107439410872686825 ) ;
#362 = EDGE_CURVE ( 'NONE', #1926, #363, #1655, .T. ) ;
#363 = VERTEX_POINT ( 'NONE', #1462 ) ;
#364 = ORIENTED_EDGE ( 'NONE', *, *, #1912, .T. ) ;
#365 = VERTEX_POINT ( 'NONE', #26 ) ;
#366 = EDGE_CURVE ( 'NONE', #487, #1367, #184, .T. ) ;
#367 = DIRECTION ( 'NONE',  ( 1.000000000000000000, -0.000000000000000000, 9.912705577010328015E-17 ) ) ;
#368 = COLOUR_RGB ( '',0.7921568627450980005, 0.8196078431372548767, 0.9333333333333333481 ) ;
#369 = APPLICATION_PROTOCOL_DEFINITION ( 'draft international standard', 'automotive_design', 1998, #194 ) ;
#370 = CARTESIAN_POINT ( 'NONE',  ( 8.699999999999972644, 0.000000000000000000, -12.34999999999999964 ) ) ;
#371 = CARTESIAN_POINT ( 'NONE',  ( 8.699999999999974420, 0.5000000000000000000, -12.00000000000000000 ) ) ;
#372 = ORIENTED_EDGE ( 'NONE', *, *, #418, .T. ) ;
#373 = CARTESIAN_POINT ( 'NONE',  ( 12.50000000000000000, 2.049999999999999378, 8.699999999999972644 ) ) ;
#374 = VERTEX_POINT ( 'NONE', #133 ) ;
#375 = ADVANCED_FACE ( 'NONE', ( #186 ), #1672, .T. ) ;
#376 = EDGE_LOOP ( 'NONE', ( #1294, #2018, #1566, #682 ) ) ;
#377 = CARTESIAN_POINT ( 'NONE',  ( -8.700000000000001066, 0.000000000000000000, -8.700000000000001066 ) ) ;
#378 = AXIS2_PLACEMENT_3D ( 'NONE', #1112, #805, #1278 ) ;
#379 = ORIENTED_EDGE ( 'NONE', *, *, #498, .F. ) ;
#380 = AXIS2_PLACEMENT_3D ( 'NONE', #900, #393, #531 ) ;
#381 = PLANE ( 'NONE',  #1745 ) ;
#382 = EDGE_LOOP ( 'NONE', ( #1654, #477, #835, #1191, #134, #966 ) ) ;
#383 =( NAMED_UNIT ( * ) PLANE_ANGLE_UNIT ( ) SI_UNIT ( $, .RADIAN. ) );
#384 = DIRECTION ( 'NONE',  ( 0.000000000000000000, 0.000000000000000000, -1.000000000000000000 ) ) ;
#385 = AXIS2_PLACEMENT_3D ( 'NONE', #436, #394, #547 ) ;
#386 = CARTESIAN_POINT ( 'NONE',  ( 0.000000000000000000, 0.000000000000000000, 2.500000000000000000 ) ) ;
#387 = EDGE_CURVE ( 'NONE', #1864, #1976, #190, .T. ) ;
#388 = DIRECTION ( 'NONE',  ( 0.000000000000000000, 0.7071067811865526798, 0.7071067811865424657 ) ) ;
#389 = CARTESIAN_POINT ( 'NONE',  ( 8.700000000000001066, 0.5000000000000000000, -8.700000000000001066 ) ) ;
#390 = EDGE_CURVE ( 'NONE', #1328, #471, #944, .T. ) ;
#391 = DIRECTION ( 'NONE',  ( 0.000000000000000000, 0.000000000000000000, -1.000000000000000000 ) ) ;
#392 = VERTEX_POINT ( 'NONE', #2110 ) ;
#393 = DIRECTION ( 'NONE',  ( -0.000000000000000000, 1.000000000000000000, -0.000000000000000000 ) ) ;
#394 = DIRECTION ( 'NONE',  ( 0.000000000000000000, -1.000000000000000000, 0.000000000000000000 ) ) ;
#395 = DIRECTION ( 'NONE',  ( -0.000000000000000000, -0.000000000000000000, 1.000000000000000000 ) ) ;
#396 = EDGE_LOOP ( 'NONE', ( #1561, #798, #1309, #1553 ) ) ;
#397 = CARTESIAN_POINT ( 'NONE',  ( -12.50000000000000000, 2.049999999999999378, 8.699999999999972644 ) ) ;
#398 = EDGE_LOOP ( 'NONE', ( #1550, #74, #2042, #1732 ) ) ;
#399 = DIRECTION ( 'NONE',  ( 0.000000000000000000, 0.000000000000000000, 1.000000000000000000 ) ) ;
#400 = AXIS2_PLACEMENT_3D ( 'NONE', #282, #1612, #115 ) ;
#401 = DIRECTION ( 'NONE',  ( -0.000000000000000000, -1.000000000000000000, -0.000000000000000000 ) ) ;
#402 = PLANE ( 'NONE',  #811 ) ;
#403 = ADVANCED_FACE ( 'NONE', ( #197 ), #651, .T. ) ;
#404 = ADVANCED_FACE ( 'NONE', ( #199 ), #1670, .T. ) ;
#405 = AXIS2_PLACEMENT_3D ( 'NONE', #1662, #453, #1861 ) ;
#406 = CARTESIAN_POINT ( 'NONE',  ( 8.699999999999977973, 34.44112549695427816, 12.00000000000000000 ) ) ;
#407 = DIRECTION ( 'NONE',  ( 0.000000000000000000, 0.000000000000000000, 1.000000000000000000 ) ) ;
#408 = EDGE_CURVE ( 'NONE', #697, #224, #1693, .T. ) ;
#409 = ORIENTED_EDGE ( 'NONE', *, *, #1420, .T. ) ;
#410 = DIRECTION ( 'NONE',  ( 0.000000000000000000, 0.000000000000000000, -1.000000000000000000 ) ) ;
#411 = AXIS2_PLACEMENT_3D ( 'NONE', #987, #643, #137 ) ;
#412 = EDGE_CURVE ( 'NONE', #753, #1982, #1068, .T. ) ;
#413 = CARTESIAN_POINT ( 'NONE',  ( -8.700000000000001066, 0.1500000000000029921, -8.700000000000001066 ) ) ;
#414 = CARTESIAN_POINT ( 'NONE',  ( -8.700000000000001066, 0.1500000000000029921, 8.700000000000001066 ) ) ;
#415 = PLANE ( 'NONE',  #2014 ) ;
#416 = ORIENTED_EDGE ( 'NONE', *, *, #1514, .T. ) ;
#417 = DIRECTION ( 'NONE',  ( -0.000000000000000000, 1.000000000000000000, -0.000000000000000000 ) ) ;
#418 = EDGE_CURVE ( 'NONE', #1437, #1020, #318, .T. ) ;
#419 = ORIENTED_EDGE ( 'NONE', *, *, #2154, .F. ) ;
#420 = DIRECTION ( 'NONE',  ( 0.000000000000000000, -1.000000000000000000, 0.000000000000000000 ) ) ;
#421 = EDGE_LOOP ( 'NONE', ( #600, #1135, #1809, #1091 ) ) ;
#422 = ADVANCED_FACE ( 'NONE', ( #300 ), #316, .T. ) ;
#423 = DIRECTION ( 'NONE',  ( 1.577021341797097807E-15, 0.000000000000000000, -1.000000000000000000 ) ) ;
#424 = ORIENTED_EDGE ( 'NONE', *, *, #328, .T. ) ;
#425 = COLOUR_RGB ( '',0.7921568627450980005, 0.8196078431372548767, 0.9333333333333333481 ) ;
#426 = CARTESIAN_POINT ( 'NONE',  ( 0.000000000000000000, 2.200000000000000178, 0.000000000000000000 ) ) ;
#427 = DIRECTION ( 'NONE',  ( 0.000000000000000000, 0.000000000000000000, -1.000000000000000000 ) ) ;
#428 = PRESENTATION_LAYER_ASSIGNMENT (  '', '', ( #649 ) ) ;
#429 = ORIENTED_EDGE ( 'NONE', *, *, #247, .F. ) ;
#430 = AXIS2_PLACEMENT_3D ( 'NONE', #1879, #401, #1801 ) ;
#431 = ORIENTED_EDGE ( 'NONE', *, *, #2102, .T. ) ;
#432 = CIRCLE ( 'NONE', #5, 3.299999999999998934 ) ;
#433 = MANIFOLD_SOLID_BREP ( 'Boss-Extrude2', #559 ) ;
#434 = EDGE_CURVE ( 'NONE', #130, #251, #1768, .T. ) ;
#435 = PLANE ( 'NONE',  #1229 ) ;
#436 = CARTESIAN_POINT ( 'NONE',  ( 0.000000000000000000, 0.000000000000000000, 2.500000000000000000 ) ) ;
#437 = ORIENTED_EDGE ( 'NONE', *, *, #1011, .T. ) ;
#438 = FACE_OUTER_BOUND ( 'NONE', #1338, .T. ) ;
#439 = CARTESIAN_POINT ( 'NONE',  ( 1.530808498934192064E-16, 34.44112549695427816, 3.750000000000000888 ) ) ;
#440 = EDGE_CURVE ( 'NONE', #901, #97, #1733, .T. ) ;
#441 = ORIENTED_EDGE ( 'NONE', *, *, #7, .F. ) ;
#442 = SURFACE_STYLE_FILL_AREA ( #58 ) ;
#443 = ADVANCED_FACE ( 'NONE', ( #1805 ), #1040, .T. ) ;
#444 = DIRECTION ( 'NONE',  ( -0.000000000000000000, 1.000000000000000000, -0.000000000000000000 ) ) ;
#445 = ORIENTED_EDGE ( 'NONE', *, *, #1140, .F. ) ;
#446 = CARTESIAN_POINT ( 'NONE',  ( -9.500000000000000000, 2.200000000000000178, -9.500000000000001776 ) ) ;
#447 = VECTOR ( 'NONE', #1386, 1000.000000000000000 ) ;
#448 = DIRECTION ( 'NONE',  ( 8.177564888977891274E-15, 0.7071067811865526798, 0.7071067811865424657 ) ) ;
#449 =( NAMED_UNIT ( * ) SI_UNIT ( $, .STERADIAN. ) SOLID_ANGLE_UNIT ( ) );
#450 = ORIENTED_EDGE ( 'NONE', *, *, #983, .T. ) ;
#451 = CIRCLE ( 'NONE', #405, 3.649999999999995470 ) ;
#452 = CARTESIAN_POINT ( 'NONE',  ( 0.000000000000000000, 0.000000000000000000, 2.500000000000000000 ) ) ;
#453 = DIRECTION ( 'NONE',  ( 0.000000000000000000, 1.000000000000000000, 0.000000000000000000 ) ) ;
#454 = DIRECTION ( 'NONE',  ( 0.000000000000000000, 0.000000000000000000, 1.000000000000000000 ) ) ;
#455 = PLANE ( 'NONE',  #1536 ) ;
#456 = LINE ( 'NONE', #1734, #1955 ) ;
#457 = CARTESIAN_POINT ( 'NONE',  ( -8.699999999999974420, 0.5000000000000004441, -12.00000000000000000 ) ) ;
#458 = ORIENTED_EDGE ( 'NONE', *, *, #1666, .T. ) ;
#459 = FACE_OUTER_BOUND ( 'NONE', #120, .T. ) ;
#460 = DIRECTION ( 'NONE',  ( 0.000000000000000000, 0.000000000000000000, -1.000000000000000000 ) ) ;
#461 = MECHANICAL_DESIGN_GEOMETRIC_PRESENTATION_REPRESENTATION (  '', ( #158 ), #1987 ) ;
#462 = FILL_AREA_STYLE ('',( #18 ) ) ;
#463 = CARTESIAN_POINT ( 'NONE',  ( 12.34999999999999609, 2.200000000000000178, 8.699999999999972644 ) ) ;
#464 = VECTOR ( 'NONE', #937, 1000.000000000000000 ) ;
#465 = ORIENTED_EDGE ( 'NONE', *, *, #1992, .T. ) ;
#466 = STYLED_ITEM ( 'NONE', ( #307 ), #433 ) ;
#467 = DIRECTION ( 'NONE',  ( 0.000000000000000000, 0.000000000000000000, -1.000000000000000000 ) ) ;
#468 = CARTESIAN_POINT ( 'NONE',  ( -8.700000000000001066, 0.000000000000000000, 8.700000000000001066 ) ) ;
#469 = EDGE_CURVE ( 'NONE', #802, #711, #1026, .T. ) ;
#470 = DIRECTION ( 'NONE',  ( 0.000000000000000000, 0.000000000000000000, -1.000000000000000000 ) ) ;
#471 = VERTEX_POINT ( 'NONE', #102 ) ;
#472 = CIRCLE ( 'NONE', #1207, 3.649999999999998579 ) ;
#473 = PLANE ( 'NONE',  #1032 ) ;
#474 =( NAMED_UNIT ( * ) SI_UNIT ( $, .STERADIAN. ) SOLID_ANGLE_UNIT ( ) );
#475 = CARTESIAN_POINT ( 'NONE',  ( -12.00000000000000000, 0.5000000000000000000, 8.699999999999977973 ) ) ;
#476 = CARTESIAN_POINT ( 'NONE',  ( 12.34999999999999787, 0.000000000000000000, 8.700000000000001066 ) ) ;
#477 = ORIENTED_EDGE ( 'NONE', *, *, #1402, .T. ) ;
#478 = PRESENTATION_STYLE_ASSIGNMENT (( #750 ) ) ;
#479 = DIRECTION ( 'NONE',  ( 0.000000000000000000, 0.000000000000000000, -1.000000000000000000 ) ) ;
#480 = CARTESIAN_POINT ( 'NONE',  ( 1.530808498934191817E-16, 0.5000000000000000000, 3.750000000000000888 ) ) ;
#481 = DIRECTION ( 'NONE',  ( 0.000000000000000000, -1.000000000000000000, 0.000000000000000000 ) ) ;
#482 = CARTESIAN_POINT ( 'NONE',  ( 12.34999999999999787, 2.200000000000000178, -8.699999999999976197 ) ) ;
#483 = AXIS2_PLACEMENT_3D ( 'NONE', #389, #912, #2114 ) ;
#484 = ORIENTED_EDGE ( 'NONE', *, *, #1015, .F. ) ;
#485 = LINE ( 'NONE', #1400, #504 ) ;
#486 = DIRECTION ( 'NONE',  ( 0.000000000000000000, 0.000000000000000000, -1.000000000000000000 ) ) ;
#487 = VERTEX_POINT ( 'NONE', #960 ) ;
#488 = AXIS2_PLACEMENT_3D ( 'NONE', #1899, #1721, #2224 ) ;
#489 = ORIENTED_EDGE ( 'NONE', *, *, #1689, .F. ) ;
#490 = ORIENTED_EDGE ( 'NONE', *, *, #819, .T. ) ;
#491 = DIRECTION ( 'NONE',  ( -0.000000000000000000, -1.000000000000000000, 8.503546450866700815E-17 ) ) ;
#492 = CIRCLE ( 'NONE', #512, 1.250000000000000444 ) ;
#493 = DIRECTION ( 'NONE',  ( -0.000000000000000000, -0.000000000000000000, 1.000000000000000000 ) ) ;
#494 = EDGE_CURVE ( 'NONE', #709, #2094, #292, .T. ) ;
#495 = CARTESIAN_POINT ( 'NONE',  ( -12.50000000000000000, 2.049999999999999378, -8.699999999999974420 ) ) ;
#496 = ORIENTED_EDGE ( 'NONE', *, *, #494, .T. ) ;
#497 = PLANE ( 'NONE',  #1962 ) ;
#498 = EDGE_CURVE ( 'NONE', #1461, #153, #288, .T. ) ;
#499 = CARTESIAN_POINT ( 'NONE',  ( -8.700000000000001066, 2.200000000000000178, -8.700000000000001066 ) ) ;
#500 = ORIENTED_EDGE ( 'NONE', *, *, #708, .T. ) ;
#501 = LINE ( 'NONE', #1784, #1989 ) ;
#502 = EDGE_LOOP ( 'NONE', ( #350, #1316 ) ) ;
#503 = ORIENTED_EDGE ( 'NONE', *, *, #216, .T. ) ;
#504 = VECTOR ( 'NONE', #1590, 1000.000000000000000 ) ;
#505 = ORIENTED_EDGE ( 'NONE', *, *, #191, .T. ) ;
#506 = EDGE_LOOP ( 'NONE', ( #1825, #1468 ) ) ;
#507 = CIRCLE ( 'NONE', #385, 0.4000000000000001887 ) ;
#508 = AXIS2_PLACEMENT_3D ( 'NONE', #955, #573, #2144 ) ;
#509 = PRODUCT_DEFINITION ( 'UNKNOWN', '', #1254, #1562 ) ;
#510 = ORIENTED_EDGE ( 'NONE', *, *, #949, .T. ) ;
#511 = CARTESIAN_POINT ( 'NONE',  ( 0.000000000000000000, 2.200000000000000622, 0.4999999999999994449 ) ) ;
#512 = AXIS2_PLACEMENT_3D ( 'NONE', #618, #1279, #1577 ) ;
#513 = EDGE_CURVE ( 'NONE', #333, #541, #1810, .T. ) ;
#514 = AXIS2_PLACEMENT_3D ( 'NONE', #515, #1910, #683 ) ;
#515 = CARTESIAN_POINT ( 'NONE',  ( 0.000000000000000000, 2.450254319486485866, 2.500000000000000444 ) ) ;
#516 = DIRECTION ( 'NONE',  ( 0.000000000000000000, 0.000000000000000000, -1.000000000000000000 ) ) ;
#517 = ORIENTED_EDGE ( 'NONE', *, *, #1451, .T. ) ;
#518 = EDGE_CURVE ( 'NONE', #153, #1377, #322, .T. ) ;
#519 = DIRECTION ( 'NONE',  ( 1.000000000000000000, 0.000000000000000000, 0.000000000000000000 ) ) ;
#520 = CARTESIAN_POINT ( 'NONE',  ( 12.00000000000000000, 0.5000000000000000000, 8.699999999999972644 ) ) ;
#521 = EDGE_CURVE ( 'NONE', #1728, #753, #1748, .T. ) ;
#522 = EDGE_LOOP ( 'NONE', ( #1515, #2119, #776, #2059 ) ) ;
#523 = CARTESIAN_POINT ( 'NONE',  ( 8.700000000000001066, 0.5000000000000000000, -8.700000000000001066 ) ) ;
#524 = LINE ( 'NONE', #1031, #2037 ) ;
#525 = CARTESIAN_POINT ( 'NONE',  ( -12.34999999999999609, 2.200000000000000178, 8.699999999999972644 ) ) ;
#526 = CARTESIAN_POINT ( 'NONE',  ( -8.700000000000001066, 0.1500000000000029921, -12.50000000000000000 ) ) ;
#527 = ORIENTED_EDGE ( 'NONE', *, *, #1610, .F. ) ;
#528 = VECTOR ( 'NONE', #590, 1000.000000000000000 ) ;
#529 = CARTESIAN_POINT ( 'NONE',  ( 9.500000000000001776, -24.87005768508881332, 9.500000000000001776 ) ) ;
#530 = ORIENTED_EDGE ( 'NONE', *, *, #1188, .F. ) ;
#531 = DIRECTION ( 'NONE',  ( 0.000000000000000000, 0.000000000000000000, 1.000000000000000000 ) ) ;
#532 = CARTESIAN_POINT ( 'NONE',  ( 8.699999999999972644, 0.000000000000000000, 12.34999999999999964 ) ) ;
#533 = AXIS2_PLACEMENT_3D ( 'NONE', #204, #1243, #1414 ) ;
#534 = DIRECTION ( 'NONE',  ( -0.000000000000000000, -1.000000000000000000, -0.000000000000000000 ) ) ;
#535 = ORIENTED_EDGE ( 'NONE', *, *, #166, .F. ) ;
#536 = DIRECTION ( 'NONE',  ( 0.000000000000000000, -1.000000000000000000, 0.000000000000000000 ) ) ;
#537 = ORIENTED_EDGE ( 'NONE', *, *, #244, .F. ) ;
#538 = LINE ( 'NONE', #1741, #549 ) ;
#539 = AXIS2_PLACEMENT_3D ( 'NONE', #1456, #1625, #1811 ) ;
#540 = DIRECTION ( 'NONE',  ( 0.000000000000000000, -0.000000000000000000, -1.000000000000000000 ) ) ;
#541 = VERTEX_POINT ( 'NONE', #1122 ) ;
#542 = EDGE_CURVE ( 'NONE', #1223, #1020, #1048, .T. ) ;
#543 = EDGE_LOOP ( 'NONE', ( #530, #956, #154, #124 ) ) ;
#544 = ADVANCED_FACE ( 'NONE', ( #264 ), #1042, .F. ) ;
#545 = LINE ( 'NONE', #239, #528 ) ;
#546 = DIRECTION ( 'NONE',  ( -0.7071067811865424657, 0.7071067811865526798, 8.177564888977891274E-15 ) ) ;
#547 = DIRECTION ( 'NONE',  ( 0.000000000000000000, 0.000000000000000000, -1.000000000000000000 ) ) ;
#548 = PLANE ( 'NONE',  #1003 ) ;
#549 = VECTOR ( 'NONE', #1554, 1000.000000000000000 ) ;
#550 = EDGE_LOOP ( 'NONE', ( #825, #837, #296, #1274 ) ) ;
#551 = DIRECTION ( 'NONE',  ( 0.000000000000000000, 0.000000000000000000, 1.000000000000000000 ) ) ;
#552 = PLANE ( 'NONE',  #57 ) ;
#553 = CARTESIAN_POINT ( 'NONE',  ( -8.699999999999974420, 0.000000000000000000, -12.00000000000000000 ) ) ;
#554 = SURFACE_STYLE_FILL_AREA ( #853 ) ;
#555 = EDGE_LOOP ( 'NONE', ( #1370, #152, #1988, #1237, #2181, #450, #150, #1449 ) ) ;
#556 = SURFACE_SIDE_STYLE ('',( #990 ) ) ;
#557 = ORIENTED_EDGE ( 'NONE', *, *, #1918, .T. ) ;
#558 = AXIS2_PLACEMENT_3D ( 'NONE', #1961, #2022, #1884 ) ;
#559 = CLOSED_SHELL ( 'NONE', ( #218, #925, #1287, #1057, #227, #64, #1795, #404, #1770, #1079, #544, #1244 ) ) ;
#560 = ADVANCED_FACE ( 'NONE', ( #1794 ), #1874, .T. ) ;
#561 = DIRECTION ( 'NONE',  ( 0.000000000000000000, -1.000000000000000000, 0.000000000000000000 ) ) ;
#562 = ORIENTED_EDGE ( 'NONE', *, *, #848, .F. ) ;
#563 = DIRECTION ( 'NONE',  ( 0.7071067811865556774, 0.7071067811865393571, 0.000000000000000000 ) ) ;
#564 = CARTESIAN_POINT ( 'NONE',  ( 8.700000000000001066, 0.1500000000000029921, -8.700000000000001066 ) ) ;
#565 = EDGE_CURVE ( 'NONE', #1592, #374, #1014, .T. ) ;
#566 = DIRECTION ( 'NONE',  ( 0.000000000000000000, 0.000000000000000000, -1.000000000000000000 ) ) ;
#567 = ORIENTED_EDGE ( 'NONE', *, *, #790, .F. ) ;
#568 = SURFACE_SIDE_STYLE ('',( #442 ) ) ;
#569 = ORIENTED_EDGE ( 'NONE', *, *, #1144, .F. ) ;
#570 =( NAMED_UNIT ( * ) SI_UNIT ( $, .STERADIAN. ) SOLID_ANGLE_UNIT ( ) );
#571 = ORIENTED_EDGE ( 'NONE', *, *, #2149, .F. ) ;
#572 = ADVANCED_FACE ( 'NONE', ( #1074, #1729 ), #2032, .T. ) ;
#573 = DIRECTION ( 'NONE',  ( -0.7071067811865475727, 0.000000000000000000, 0.7071067811865475727 ) ) ;
#574 = VECTOR ( 'NONE', #1046, 1000.000000000000000 ) ;
#575 = ORIENTED_EDGE ( 'NONE', *, *, #387, .T. ) ;
#576 = DIRECTION ( 'NONE',  ( 0.000000000000000000, 0.000000000000000000, 1.000000000000000000 ) ) ;
#577 = ADVANCED_FACE ( 'NONE', ( #1001 ), #256, .T. ) ;
#578 = ORIENTED_EDGE ( 'NONE', *, *, #1538, .F. ) ;
#579 = DIRECTION ( 'NONE',  ( -0.000000000000000000, -1.000000000000000000, -0.000000000000000000 ) ) ;
#580 = ADVANCED_FACE ( 'NONE', ( #1776 ), #1029, .T. ) ;
#581 = LINE ( 'NONE', #660, #650 ) ;
#582 = CARTESIAN_POINT ( 'NONE',  ( 0.000000000000000000, 34.44112549695427816, 2.500000000000000000 ) ) ;
#583 = ORIENTED_EDGE ( 'NONE', *, *, #1518, .F. ) ;
#584 = PLANE ( 'NONE',  #263 ) ;
#585 = AXIS2_PLACEMENT_3D ( 'NONE', #1847, #561, #410 ) ;
#586 = DIRECTION ( 'NONE',  ( 0.000000000000000000, -1.000000000000000000, 0.000000000000000000 ) ) ;
#587 = AXIS2_PLACEMENT_3D ( 'NONE', #257, #1182, #467 ) ;
#588 = LINE ( 'NONE', #520, #2138 ) ;
#589 = LINE ( 'NONE', #1399, #2087 ) ;
#590 = DIRECTION ( 'NONE',  ( -0.7071067811865479058, -0.000000000000000000, -0.7071067811865471286 ) ) ;
#591 = ORIENTED_EDGE ( 'NONE', *, *, #1727, .T. ) ;
#592 = FACE_OUTER_BOUND ( 'NONE', #1624, .T. ) ;
#593 = AXIS2_PLACEMENT_3D ( 'NONE', #1327, #2017, #311 ) ;
#594 = CARTESIAN_POINT ( 'NONE',  ( 12.00000000000000000, 34.44112549695427816, 8.699999999999972644 ) ) ;
#595 = DIRECTION ( 'NONE',  ( -0.000000000000000000, -1.000000000000000000, -0.000000000000000000 ) ) ;
#596 = ORIENTED_EDGE ( 'NONE', *, *, #1458, .T. ) ;
#597 = CARTESIAN_POINT ( 'NONE',  ( 8.699999999999977973, 0.5000000000000004441, 12.00000000000000000 ) ) ;
#598 = LINE ( 'NONE', #857, #613 ) ;
#599 = AXIS2_PLACEMENT_3D ( 'NONE', #452, #669, #470 ) ;
#600 = ORIENTED_EDGE ( 'NONE', *, *, #1918, .F. ) ;
#601 = EDGE_CURVE ( 'NONE', #1651, #1849, #1764, .T. ) ;
#602 = DIRECTION ( 'NONE',  ( 0.000000000000000000, -0.000000000000000000, 1.000000000000000000 ) ) ;
#603 = VECTOR ( 'NONE', #1024, 1000.000000000000000 ) ;
#604 = DIRECTION ( 'NONE',  ( 1.000000000000000000, 0.000000000000000000, 0.000000000000000000 ) ) ;
#605 = VERTEX_POINT ( 'NONE', #1325 ) ;
#606 = DIRECTION ( 'NONE',  ( 0.000000000000000000, 0.000000000000000000, 1.000000000000000000 ) ) ;
#607 = EDGE_CURVE ( 'NONE', #1592, #2007, #1782, .T. ) ;
#608 = ADVANCED_FACE ( 'NONE', ( #1054 ), #1502, .F. ) ;
#609 = FACE_OUTER_BOUND ( 'NONE', #1023, .T. ) ;
#610 = CARTESIAN_POINT ( 'NONE',  ( -8.700000000000001066, 0.000000000000000000, -8.700000000000001066 ) ) ;
#611 = VERTEX_POINT ( 'NONE', #1304 ) ;
#612 = DIRECTION ( 'NONE',  ( 1.000000000000000000, -1.041384094245474023E-32, -1.224646799147353207E-16 ) ) ;
#613 = VECTOR ( 'NONE', #1170, 1000.000000000000000 ) ;
#614 = DIRECTION ( 'NONE',  ( 1.000000000000000000, 0.000000000000000000, 0.000000000000000000 ) ) ;
#615 = DIRECTION ( 'NONE',  ( 0.000000000000000000, 0.000000000000000000, -1.000000000000000000 ) ) ;
#616 = ORIENTED_EDGE ( 'NONE', *, *, #1541, .T. ) ;
#617 = DIRECTION ( 'NONE',  ( 0.000000000000000000, -1.000000000000000000, 0.000000000000000000 ) ) ;
#618 = CARTESIAN_POINT ( 'NONE',  ( 0.000000000000000000, 0.000000000000000000, 2.500000000000000000 ) ) ;
#619 = ADVANCED_FACE ( 'NONE', ( #1789 ), #1858, .T. ) ;
#620 = EDGE_LOOP ( 'NONE', ( #1615, #8, #1303, #914 ) ) ;
#621 = CARTESIAN_POINT ( 'NONE',  ( 0.000000000000000000, 2.000000000000000000, 0.000000000000000000 ) ) ;
#622 = DIRECTION ( 'NONE',  ( -0.000000000000000000, 1.000000000000000000, -0.000000000000000000 ) ) ;
#623 = EDGE_LOOP ( 'NONE', ( #748, #145, #429, #1493 ) ) ;
#624 = AXIS2_PLACEMENT_3D ( 'NONE', #1570, #1739, #919 ) ;
#625 = DIRECTION ( 'NONE',  ( 0.000000000000000000, -1.000000000000000000, 0.000000000000000000 ) ) ;
#626 = DIRECTION ( 'NONE',  ( -0.000000000000000000, 1.000000000000000000, -0.000000000000000000 ) ) ;
#627 = EDGE_LOOP ( 'NONE', ( #839, #136, #892, #898 ) ) ;
#628 = AXIS2_PLACEMENT_3D ( 'NONE', #426, #1777, #602 ) ;
#629 = DIRECTION ( 'NONE',  ( -0.000000000000000000, 1.000000000000000000, -0.000000000000000000 ) ) ;
#630 = EDGE_CURVE ( 'NONE', #1130, #1974, #1103, .T. ) ;
#631 = DIRECTION ( 'NONE',  ( -0.000000000000000000, 1.000000000000000000, -0.000000000000000000 ) ) ;
#632 = ORIENTED_EDGE ( 'NONE', *, *, #1354, .F. ) ;
#633 = AXIS2_PLACEMENT_3D ( 'NONE', #1398, #1576, #1627 ) ;
#634 = CARTESIAN_POINT ( 'NONE',  ( -8.700000000000001066, 0.000000000000000000, 8.700000000000001066 ) ) ;
#635 = EDGE_CURVE ( 'NONE', #2067, #2173, #1853, .T. ) ;
#636 = ORIENTED_EDGE ( 'NONE', *, *, #1140, .T. ) ;
#637 =( LENGTH_UNIT ( ) NAMED_UNIT ( * ) SI_UNIT ( .MILLI., .METRE. ) );
#638 = ORIENTED_EDGE ( 'NONE', *, *, #1197, .T. ) ;
#639 = DIRECTION ( 'NONE',  ( 0.000000000000000000, 0.000000000000000000, 1.000000000000000000 ) ) ;
#640 = FILL_AREA_STYLE_COLOUR ( '', #2044 ) ;
#641 = ORIENTED_EDGE ( 'NONE', *, *, #765, .F. ) ;
#642 = ORIENTED_EDGE ( 'NONE', *, *, #661, .T. ) ;
#643 = DIRECTION ( 'NONE',  ( 0.000000000000000000, -1.000000000000000000, 0.000000000000000000 ) ) ;
#644 = ORIENTED_EDGE ( 'NONE', *, *, #1541, .F. ) ;
#645 = CARTESIAN_POINT ( 'NONE',  ( -8.000000000000000000, 2.000000000000001776, 9.500000000000001776 ) ) ;
#646 = CARTESIAN_POINT ( 'NONE',  ( 8.700000000000001066, 2.200000000000000178, 8.700000000000001066 ) ) ;
#647 = ORIENTED_EDGE ( 'NONE', *, *, #37, .T. ) ;
#648 = CARTESIAN_POINT ( 'NONE',  ( 8.699999999999976197, 0.5000000000000004441, 12.00000000000000000 ) ) ;
#649 = STYLED_ITEM ( 'NONE', ( #1878 ), #1999 ) ;
#650 = VECTOR ( 'NONE', #1007, 1000.000000000000000 ) ;
#651 = PLANE ( 'NONE',  #1424 ) ;
#652 = CARTESIAN_POINT ( 'NONE',  ( 8.700000000000001066, 2.200000000000000178, -8.700000000000001066 ) ) ;
#653 = DIRECTION ( 'NONE',  ( 0.000000000000000000, 0.000000000000000000, -1.000000000000000000 ) ) ;
#654 = ORIENTED_EDGE ( 'NONE', *, *, #1165, .T. ) ;
#655 = ADVANCED_FACE ( 'NONE', ( #1107 ), #361, .T. ) ;
#656 = DIRECTION ( 'NONE',  ( 0.000000000000000000, -1.000000000000000000, 8.503546450866700815E-17 ) ) ;
#657 = CARTESIAN_POINT ( 'NONE',  ( 9.500000000000001776, 2.000000000000000000, 9.500000000000001776 ) ) ;
#658 = LINE ( 'NONE', #495, #2158 ) ;
#659 = DIRECTION ( 'NONE',  ( 0.000000000000000000, 0.000000000000000000, -1.000000000000000000 ) ) ;
#660 = CARTESIAN_POINT ( 'NONE',  ( 8.699999999999976197, 0.5000000000000000000, 12.00000000000000000 ) ) ;
#661 = EDGE_CURVE ( 'NONE', #1873, #1195, #345, .T. ) ;
#662 = DIRECTION ( 'NONE',  ( 0.000000000000000000, -1.000000000000000000, 0.000000000000000000 ) ) ;
#663 = FACE_OUTER_BOUND ( 'NONE', #502, .T. ) ;
#664 = PLANE ( 'NONE',  #31 ) ;
#665 = LINE ( 'NONE', #927, #2165 ) ;
#666 = CIRCLE ( 'NONE', #1133, 1.249999999999999778 ) ;
#667 = FACE_OUTER_BOUND ( 'NONE', #396, .T. ) ;
#668 = DIRECTION ( 'NONE',  ( -0.000000000000000000, 1.000000000000000000, -0.000000000000000000 ) ) ;
#669 = DIRECTION ( 'NONE',  ( 0.000000000000000000, -1.000000000000000000, 0.000000000000000000 ) ) ;
#670 = LINE ( 'NONE', #854, #2074 ) ;
#671 = AXIS2_PLACEMENT_3D ( 'NONE', #739, #595, #1979 ) ;
#672 = ORIENTED_EDGE ( 'NONE', *, *, #162, .T. ) ;
#673 = AXIS2_PLACEMENT_3D ( 'NONE', #413, #1270, #1616 ) ;
#674 = CIRCLE ( 'NONE', #214, 1.250000000000000444 ) ;
#675 = EDGE_CURVE ( 'NONE', #1982, #1321, #1080, .T. ) ;
#676 = VECTOR ( 'NONE', #2058, 1000.000000000000000 ) ;
#677 = CARTESIAN_POINT ( 'NONE',  ( 8.000000000000001776, 2.000000000000001776, -9.500000000000001776 ) ) ;
#678 = EDGE_CURVE ( 'NONE', #1480, #1686, #1823, .T. ) ;
#679 = CARTESIAN_POINT ( 'NONE',  ( -8.700000000000001066, 2.200000000000000178, 8.700000000000001066 ) ) ;
#680 = LINE ( 'NONE', #1522, #2169 ) ;
#681 = EDGE_CURVE ( 'NONE', #1697, #2122, #1078, .T. ) ;
#682 = ORIENTED_EDGE ( 'NONE', *, *, #607, .F. ) ;
#683 = DIRECTION ( 'NONE',  ( 0.000000000000000000, 0.000000000000000000, -1.000000000000000000 ) ) ;
#684 = DIRECTION ( 'NONE',  ( 1.000000000000000000, 0.000000000000000000, 0.000000000000000000 ) ) ;
#685 = LINE ( 'NONE', #397, #1430 ) ;
#686 = ORIENTED_EDGE ( 'NONE', *, *, #983, .F. ) ;
#687 = FACE_OUTER_BOUND ( 'NONE', #1114, .T. ) ;
#688 = ORIENTED_EDGE ( 'NONE', *, *, #2052, .F. ) ;
#689 = CARTESIAN_POINT ( 'NONE',  ( 8.700000000000001066, 0.000000000000000000, -8.700000000000001066 ) ) ;
#690 = DIRECTION ( 'NONE',  ( -0.000000000000000000, 1.000000000000000000, -0.000000000000000000 ) ) ;
#691 = VECTOR ( 'NONE', #2179, 1000.000000000000000 ) ;
#692 = CARTESIAN_POINT ( 'NONE',  ( 0.000000000000000000, 34.44112549695427816, 2.500000000000000000 ) ) ;
#693 = ORIENTED_EDGE ( 'NONE', *, *, #1996, .F. ) ;
#694 = AXIS2_PLACEMENT_3D ( 'NONE', #610, #1286, #1822 ) ;
#695 = AXIS2_PLACEMENT_3D ( 'NONE', #692, #870, #1052 ) ;
#696 = CONICAL_SURFACE ( 'NONE', #533, 3.799999999999999378, 0.7853981633974410625 ) ;
#697 = VERTEX_POINT ( 'NONE', #1815 ) ;
#698 = EDGE_LOOP ( 'NONE', ( #320, #1866 ) ) ;
#699 = VECTOR ( 'NONE', #395, 1000.000000000000000 ) ;
#700 = ORIENTED_EDGE ( 'NONE', *, *, #1814, .F. ) ;
#701 = EDGE_CURVE ( 'NONE', #717, #1450, #1826, .T. ) ;
#702 = CARTESIAN_POINT ( 'NONE',  ( -9.500000000000000000, 2.200000000000000178, 8.000000000000001776 ) ) ;
#703 = ORIENTED_EDGE ( 'NONE', *, *, #366, .F. ) ;
#704 = VECTOR ( 'NONE', #1593, 1000.000000000000000 ) ;
#705 = ADVANCED_FACE ( 'NONE', ( #354 ), #54, .F. ) ;
#706 = CARTESIAN_POINT ( 'NONE',  ( 1.530808498934191817E-16, 0.000000000000000000, 3.750000000000000888 ) ) ;
#707 = ORIENTED_EDGE ( 'NONE', *, *, #1996, .T. ) ;
#708 = EDGE_CURVE ( 'NONE', #2007, #157, #338, .T. ) ;
#709 = VERTEX_POINT ( 'NONE', #1559 ) ;
#710 = DIRECTION ( 'NONE',  ( -0.000000000000000000, 1.000000000000000000, 0.000000000000000000 ) ) ;
#711 = VERTEX_POINT ( 'NONE', #1281 ) ;
#712 = DIRECTION ( 'NONE',  ( 0.000000000000000000, 0.000000000000000000, 1.000000000000000000 ) ) ;
#713 = EDGE_LOOP ( 'NONE', ( #1448, #2115, #1034, #2046 ) ) ;
#714 = DIRECTION ( 'NONE',  ( 0.000000000000000000, 0.000000000000000000, -1.000000000000000000 ) ) ;
#715 = CARTESIAN_POINT ( 'NONE',  ( 12.34999999999999787, 2.200000000000000178, 8.700000000000001066 ) ) ;
#716 = ORIENTED_EDGE ( 'NONE', *, *, #1619, .F. ) ;
#717 = VERTEX_POINT ( 'NONE', #1253 ) ;
#718 = CARTESIAN_POINT ( 'NONE',  ( 2.081899558550500033E-16, 2.450254319486485866, 4.200000000000000178 ) ) ;
#719 = CARTESIAN_POINT ( 'NONE',  ( 12.00000000000000000, 0.5000000000000000000, -8.699999999999977973 ) ) ;
#720 = AXIS2_PLACEMENT_3D ( 'NONE', #1963, #84, #423 ) ;
#721 = MECHANICAL_DESIGN_GEOMETRIC_PRESENTATION_REPRESENTATION (  '', ( #649 ), #1929 ) ;
#722 = FACE_OUTER_BOUND ( 'NONE', #713, .T. ) ;
#723 = PLANE ( 'NONE',  #146 ) ;
#724 = ORIENTED_EDGE ( 'NONE', *, *, #128, .F. ) ;
#725 = ORIENTED_EDGE ( 'NONE', *, *, #244, .T. ) ;
#726 = ADVANCED_FACE ( 'NONE', ( #1085 ), #1600, .T. ) ;
#727 = ORIENTED_EDGE ( 'NONE', *, *, #869, .F. ) ;
#728 = AXIS2_PLACEMENT_3D ( 'NONE', #138, #1516, #1341 ) ;
#729 = DIRECTION ( 'NONE',  ( 0.000000000000000000, 0.000000000000000000, -1.000000000000000000 ) ) ;
#730 = EDGE_CURVE ( 'NONE', #365, #1480, #329, .T. ) ;
#731 = DIRECTION ( 'NONE',  ( -1.224646799147353207E-16, 0.000000000000000000, -1.000000000000000000 ) ) ;
#732 = FACE_OUTER_BOUND ( 'NONE', #920, .T. ) ;
#733 = ORIENTED_EDGE ( 'NONE', *, *, #1969, .F. ) ;
#734 = CLOSED_SHELL ( 'NONE', ( #1098, #940, #255, #749, #1953, #1994, #1442, #934, #1665, #572, #952, #1277, #885, #2104, #2143, #1816, #1261, #1622, #1587, #1930, #619, #443, #1297, #1613, #1638, #580, #922, #899, #1971, #1946, #1453, #1404, #1411, #1759, #65, #1333, #1387, #1602, #752, #917, #963, #1986, #778, #608, #1751 ) ) ;
#735 = EDGE_CURVE ( 'NONE', #1450, #1025, #1111, .T. ) ;
#736 = CIRCLE ( 'NONE', #2038, 2.000000000000001332 ) ;
#737 = ORIENTED_EDGE ( 'NONE', *, *, #1594, .F. ) ;
#738 = SURFACE_STYLE_USAGE ( .BOTH. , #556 ) ;
#739 = CARTESIAN_POINT ( 'NONE',  ( -8.700000000000001066, 0.5000000000000000000, -8.700000000000001066 ) ) ;
#740 = CLOSED_SHELL ( 'NONE', ( #760, #1258, #403, #96, #76, #88, #726, #705 ) ) ;
#741 = CYLINDRICAL_SURFACE ( 'NONE', #999, 3.299999999999998934 ) ;
#742 = CARTESIAN_POINT ( 'NONE',  ( -9.500000000000000000, 2.200000000000000178, -9.500000000000001776 ) ) ;
#743 = VERTEX_POINT ( 'NONE', #1441 ) ;
#744 = EDGE_LOOP ( 'NONE', ( #1508, #1464, #1305, #1470 ) ) ;
#745 = CARTESIAN_POINT ( 'NONE',  ( 12.00000000000000000, 0.000000000000000000, -8.699999999999977973 ) ) ;
#746 = LINE ( 'NONE', #1148, #1520 ) ;
#747 = ORIENTED_EDGE ( 'NONE', *, *, #162, .F. ) ;
#748 = ORIENTED_EDGE ( 'NONE', *, *, #1427, .T. ) ;
#749 = ADVANCED_FACE ( 'NONE', ( #1092 ), #1097, .T. ) ;
#750 = SURFACE_STYLE_USAGE ( .BOTH. , #568 ) ;
#751 = CARTESIAN_POINT ( 'NONE',  ( -8.700000000000001066, 0.000000000000000000, 8.700000000000001066 ) ) ;
#752 = ADVANCED_FACE ( 'NONE', ( #1844 ), #473, .F. ) ;
#753 = VERTEX_POINT ( 'NONE', #1494 ) ;
#754 = TOROIDAL_SURFACE ( 'NONE', #840, 1.320089463107627425, 0.8500000000000005329 ) ;
#755 = ORIENTED_EDGE ( 'NONE', *, *, #2111, .F. ) ;
#756 = ORIENTED_EDGE ( 'NONE', *, *, #1065, .T. ) ;
#757 = VECTOR ( 'NONE', #2021, 1000.000000000000000 ) ;
#758 = CARTESIAN_POINT ( 'NONE',  ( 0.000000000000000000, 2.450254319486485866, 0.8000000000000008216 ) ) ;
#759 = EDGE_LOOP ( 'NONE', ( #1436, #1501, #700, #575 ) ) ;
#760 = ADVANCED_FACE ( 'NONE', ( #348 ), #799, .T. ) ;
#761 = ORIENTED_EDGE ( 'NONE', *, *, #635, .T. ) ;
#762 = DIRECTION ( 'NONE',  ( 0.000000000000000000, 0.000000000000000000, 1.000000000000000000 ) ) ;
#763 = DIRECTION ( 'NONE',  ( -1.000000000000000000, -0.000000000000000000, 0.000000000000000000 ) ) ;
#764 = VERTEX_POINT ( 'NONE', #948 ) ;
#765 = EDGE_CURVE ( 'NONE', #827, #173, #1249, .T. ) ;
#766 = ORIENTED_EDGE ( 'NONE', *, *, #1351, .T. ) ;
#767 = DIRECTION ( 'NONE',  ( 0.000000000000000000, -0.000000000000000000, -1.000000000000000000 ) ) ;
#768 = CONICAL_SURFACE ( 'NONE', #1110, 3.649999999999995470, 0.7853981633974598253 ) ;
#769 = EDGE_CURVE ( 'NONE', #1788, #764, #545, .T. ) ;
#770 = CARTESIAN_POINT ( 'NONE',  ( 0.000000000000000000, 0.000000000000000000, 2.500000000000000000 ) ) ;
#771 = LINE ( 'NONE', #2140, #1542 ) ;
#772 = ORIENTED_EDGE ( 'NONE', *, *, #1659, .T. ) ;
#773 = VECTOR ( 'NONE', #668, 1000.000000000000000 ) ;
#774 = CARTESIAN_POINT ( 'NONE',  ( 8.699999999999972644, 0.1500000000000029921, -12.50000000000000000 ) ) ;
#775 = DIRECTION ( 'NONE',  ( 0.000000000000000000, -1.000000000000000000, 0.000000000000000000 ) ) ;
#776 = ORIENTED_EDGE ( 'NONE', *, *, #1217, .F. ) ;
#777 = DIRECTION ( 'NONE',  ( 0.000000000000000000, -1.000000000000000000, 0.000000000000000000 ) ) ;
#778 = ADVANCED_FACE ( 'NONE', ( #2013 ), #252, .F. ) ;
#779 = DIRECTION ( 'NONE',  ( 0.000000000000000000, 1.000000000000000000, 0.000000000000000000 ) ) ;
#780 = FACE_OUTER_BOUND ( 'NONE', #864, .T. ) ;
#781 = ORIENTED_EDGE ( 'NONE', *, *, #1239, .F. ) ;
#782 = CARTESIAN_POINT ( 'NONE',  ( -8.699999999999974420, 2.200000000000000178, -12.50000000000000000 ) ) ;
#783 = LINE ( 'NONE', #355, #1527 ) ;
#784 = ORIENTED_EDGE ( 'NONE', *, *, #222, .F. ) ;
#785 = AXIS2_PLACEMENT_3D ( 'NONE', #468, #1894, #1519 ) ;
#786 = DIRECTION ( 'NONE',  ( 0.000000000000000000, 0.000000000000000000, 1.000000000000000000 ) ) ;
#787 = PLANE ( 'NONE',  #815 ) ;
#788 = ORIENTED_EDGE ( 'NONE', *, *, #123, .F. ) ;
#789 = AXIS2_PLACEMENT_3D ( 'NONE', #1642, #1055, #265 ) ;
#790 = EDGE_CURVE ( 'NONE', #2101, #997, #1280, .T. ) ;
#791 = VECTOR ( 'NONE', #1664, 1000.000000000000000 ) ;
#792 = ORIENTED_EDGE ( 'NONE', *, *, #313, .T. ) ;
#793 = MANIFOLD_SOLID_BREP ( 'Cut-Extrude2', #734 ) ;
#794 = CARTESIAN_POINT ( 'NONE',  ( 0.000000000000000000, 2.450254319486485866, 2.500000000000000444 ) ) ;
#795 = CARTESIAN_POINT ( 'NONE',  ( -8.700000000000001066, 2.200000000000000178, -12.50000000000000000 ) ) ;
#796 = EDGE_CURVE ( 'NONE', #1437, #1804, #2025, .T. ) ;
#797 = VECTOR ( 'NONE', #614, 1000.000000000000000 ) ;
#798 = ORIENTED_EDGE ( 'NONE', *, *, #2205, .T. ) ;
#799 = PLANE ( 'NONE',  #2195 ) ;
#800 = DIRECTION ( 'NONE',  ( 0.000000000000000000, 1.000000000000000000, 0.000000000000000000 ) ) ;
#801 = EDGE_CURVE ( 'NONE', #1870, #1864, #1273, .T. ) ;
#802 = VERTEX_POINT ( 'NONE', #371 ) ;
#803 = CARTESIAN_POINT ( 'NONE',  ( 9.500000000000001776, 2.000000000000000000, 9.500000000000001776 ) ) ;
#804 = CYLINDRICAL_SURFACE ( 'NONE', #139, 3.299999999999998934 ) ;
#805 = DIRECTION ( 'NONE',  ( -0.000000000000000000, -1.000000000000000000, -0.000000000000000000 ) ) ;
#806 = ORIENTED_EDGE ( 'NONE', *, *, #1936, .T. ) ;
#807 = DIRECTION ( 'NONE',  ( -0.000000000000000000, -1.000000000000000000, -0.000000000000000000 ) ) ;
#808 = EDGE_LOOP ( 'NONE', ( #113, #1264, #116, #1630 ) ) ;
#809 = PRODUCT_DEFINITION_SHAPE ( 'NONE', 'NONE',  #509 ) ;
#810 = CARTESIAN_POINT ( 'NONE',  ( -12.00000000000000000, 0.5000000000000000000, 8.699999999999977973 ) ) ;
#811 = AXIS2_PLACEMENT_3D ( 'NONE', #751, #1966, #25 ) ;
#812 = MANIFOLD_SOLID_BREP ( 'Boss-Extrude4', #740 ) ;
#813 = CARTESIAN_POINT ( 'NONE',  ( -9.500000000000000000, 2.000000000000000000, -9.500000000000001776 ) ) ;
#814 = EDGE_LOOP ( 'NONE', ( #510, #688, #2219, #299 ) ) ;
#815 = AXIS2_PLACEMENT_3D ( 'NONE', #1419, #953, #1406 ) ;
#816 = DIRECTION ( 'NONE',  ( -0.7071067811865424657, -0.7071067811865526798, 0.000000000000000000 ) ) ;
#817 = DIRECTION ( 'NONE',  ( 0.000000000000000000, -0.7071067811865393571, -0.7071067811865556774 ) ) ;
#818 = ORIENTED_EDGE ( 'NONE', *, *, #978, .F. ) ;
#819 = EDGE_CURVE ( 'NONE', #541, #1857, #524, .T. ) ;
#820 = CARTESIAN_POINT ( 'NONE',  ( -8.700000000000001066, 0.1500000000000029921, -12.50000000000000000 ) ) ;
#821 = DIRECTION ( 'NONE',  ( 0.000000000000000000, 1.000000000000000000, 0.000000000000000000 ) ) ;
#822 = AXIS2_PLACEMENT_3D ( 'NONE', #621, #1641, #172 ) ;
#823 = FACE_OUTER_BOUND ( 'NONE', #506, .T. ) ;
#824 = DIRECTION ( 'NONE',  ( -0.000000000000000000, -1.000000000000000000, 8.503546450866700815E-17 ) ) ;
#825 = ORIENTED_EDGE ( 'NONE', *, *, #1877, .F. ) ;
#826 = CYLINDRICAL_SURFACE ( 'NONE', #593, 3.299999999999998934 ) ;
#827 = VERTEX_POINT ( 'NONE', #532 ) ;
#828 = EDGE_CURVE ( 'NONE', #1417, #852, #538, .T. ) ;
#829 = DIRECTION ( 'NONE',  ( -0.000000000000000000, -0.000000000000000000, 1.000000000000000000 ) ) ;
#830 = CIRCLE ( 'NONE', #325, 0.7051068295760030136 ) ;
#831 = EDGE_LOOP ( 'NONE', ( #169, #858 ) ) ;
#832 = CARTESIAN_POINT ( 'NONE',  ( 12.50000000000000000, 0.1500000000000029921, 8.699999999999972644 ) ) ;
#833 = DIRECTION ( 'NONE',  ( -0.000000000000000000, 1.000000000000000000, -0.000000000000000000 ) ) ;
#834 = VECTOR ( 'NONE', #254, 1000.000000000000000 ) ;
#835 = ORIENTED_EDGE ( 'NONE', *, *, #1749, .T. ) ;
#836 = VECTOR ( 'NONE', #2099, 1000.000000000000000 ) ;
#837 = ORIENTED_EDGE ( 'NONE', *, *, #1420, .F. ) ;
#838 = LINE ( 'NONE', #1230, #836 ) ;
#839 = ORIENTED_EDGE ( 'NONE', *, *, #494, .F. ) ;
#840 = AXIS2_PLACEMENT_3D ( 'NONE', #1157, #1293, #1358 ) ;
#841 = DIRECTION ( 'NONE',  ( -0.000000000000000000, 1.000000000000000000, -0.000000000000000000 ) ) ;
#842 = VERTEX_POINT ( 'NONE', #1019 ) ;
#843 = SURFACE_STYLE_USAGE ( .BOTH. , #35 ) ;
#844 = AXIS2_PLACEMENT_3D ( 'NONE', #887, #1072, #1925 ) ;
#845 = EDGE_CURVE ( 'NONE', #2113, #709, #2008, .T. ) ;
#846 = PLANE ( 'NONE',  #2066 ) ;
#847 = EDGE_LOOP ( 'NONE', ( #562, #567, #1447, #747, #578, #1581, #1314, #1556 ) ) ;
#848 = EDGE_CURVE ( 'NONE', #997, #711, #1259, .T. ) ;
#849 = ORIENTED_EDGE ( 'NONE', *, *, #191, .F. ) ;
#850 = VECTOR ( 'NONE', #817, 1000.000000000000000 ) ;
#851 = EDGE_LOOP ( 'NONE', ( #337, #1868, #2190, #2073 ) ) ;
#852 = VERTEX_POINT ( 'NONE', #2208 ) ;
#853 = FILL_AREA_STYLE ('',( #181 ) ) ;
#854 = CARTESIAN_POINT ( 'NONE',  ( -8.699999999999974420, 0.5000000000000000000, -12.00000000000000000 ) ) ;
#855 = ORIENTED_EDGE ( 'NONE', *, *, #518, .F. ) ;
#856 = CARTESIAN_POINT ( 'NONE',  ( -9.500000000000000000, 2.000000000000000000, 8.000000000000001776 ) ) ;
#857 = CARTESIAN_POINT ( 'NONE',  ( -12.00000000000000000, 0.000000000000000000, 8.699999999999977973 ) ) ;
#858 = ORIENTED_EDGE ( 'NONE', *, *, #1397, .T. ) ;
#859 = CARTESIAN_POINT ( 'NONE',  ( -12.50000000000000000, 2.200000000000000178, -8.699999999999974420 ) ) ;
#860 = AXIS2_PLACEMENT_3D ( 'NONE', #646, #821, #992 ) ;
#861 = ORIENTED_EDGE ( 'NONE', *, *, #678, .T. ) ;
#862 =( NAMED_UNIT ( * ) PLANE_ANGLE_UNIT ( ) SI_UNIT ( $, .RADIAN. ) );
#863 = CARTESIAN_POINT ( 'NONE',  ( 0.000000000000000000, 0.000000000000000000, 0.000000000000000000 ) ) ;
#864 = EDGE_LOOP ( 'NONE', ( #1495, #2040, #1712, #1752 ) ) ;
#865 = MECHANICAL_DESIGN_GEOMETRIC_PRESENTATION_REPRESENTATION (  '', ( #466 ), #2023 ) ;
#866 = DIRECTION ( 'NONE',  ( 0.000000000000000000, -0.000000000000000000, -1.000000000000000000 ) ) ;
#867 = ORIENTED_EDGE ( 'NONE', *, *, #1820, .T. ) ;
#868 = CARTESIAN_POINT ( 'NONE',  ( -9.500000000000000000, 2.000000000000000000, -9.500000000000001776 ) ) ;
#869 = EDGE_CURVE ( 'NONE', #980, #2206, #1246, .T. ) ;
#870 = DIRECTION ( 'NONE',  ( 0.000000000000000000, -1.000000000000000000, 0.000000000000000000 ) ) ;
#871 = ORIENTED_EDGE ( 'NONE', *, *, #1840, .T. ) ;
#872 = CARTESIAN_POINT ( 'NONE',  ( 9.500000000000003553, 2.000000000000000000, -8.000000000000001776 ) ) ;
#873 = ORIENTED_EDGE ( 'NONE', *, *, #1594, .T. ) ;
#874 = DIRECTION ( 'NONE',  ( -0.7071067811865479058, -0.000000000000000000, -0.7071067811865471286 ) ) ;
#875 = CARTESIAN_POINT ( 'NONE',  ( 9.500000000000003553, -24.87005768508881332, -8.000000000000001776 ) ) ;
#876 = ORIENTED_EDGE ( 'NONE', *, *, #845, .F. ) ;
#877 = ORIENTED_EDGE ( 'NONE', *, *, #1912, .F. ) ;
#878 = AXIS2_PLACEMENT_3D ( 'NONE', #863, #2117, #178 ) ;
#879 = DIRECTION ( 'NONE',  ( -0.000000000000000000, -1.000000000000000000, -0.000000000000000000 ) ) ;
#880 = DIRECTION ( 'NONE',  ( 0.000000000000000000, -1.000000000000000000, 0.000000000000000000 ) ) ;
#881 = DIRECTION ( 'NONE',  ( 0.000000000000000000, 0.000000000000000000, -1.000000000000000000 ) ) ;
#882 = ORIENTED_EDGE ( 'NONE', *, *, #2149, .T. ) ;
#883 = AXIS2_PLACEMENT_3D ( 'NONE', #1797, #807, #118 ) ;
#884 = DIRECTION ( 'NONE',  ( 1.000000000000000000, -1.041384094245474023E-32, -1.224646799147353207E-16 ) ) ;
#885 = ADVANCED_FACE ( 'NONE', ( #2020 ), #1206, .F. ) ;
#886 = ORIENTED_EDGE ( 'NONE', *, *, #2028, .F. ) ;
#887 = CARTESIAN_POINT ( 'NONE',  ( 8.700000000000001066, 0.000000000000000000, 8.700000000000001066 ) ) ;
#888 = EDGE_CURVE ( 'NONE', #1321, #374, #2031, .T. ) ;
#889 = EDGE_LOOP ( 'NONE', ( #1401, #1423, #972, #2194 ) ) ;
#890 = CARTESIAN_POINT ( 'NONE',  ( 8.699999999999976197, 34.44112549695427816, 12.00000000000000000 ) ) ;
#891 = EDGE_CURVE ( 'NONE', #2173, #2067, #507, .T. ) ;
#892 = ORIENTED_EDGE ( 'NONE', *, *, #1848, .F. ) ;
#893 = DIRECTION ( 'NONE',  ( -0.000000000000000000, -1.000000000000000000, -0.000000000000000000 ) ) ;
#894 = ORIENTED_EDGE ( 'NONE', *, *, #801, .F. ) ;
#895 = DIRECTION ( 'NONE',  ( 0.000000000000000000, 1.000000000000000000, 0.000000000000000000 ) ) ;
#896 = CARTESIAN_POINT ( 'NONE',  ( 8.699999999999972644, 0.1500000000000029921, 12.50000000000000000 ) ) ;
#897 = CARTESIAN_POINT ( 'NONE',  ( 12.50000000000000000, 0.1500000000000029921, 8.699999999999972644 ) ) ;
#898 = ORIENTED_EDGE ( 'NONE', *, *, #1787, .F. ) ;
#899 = ADVANCED_FACE ( 'NONE', ( #2034 ), #1993, .F. ) ;
#900 = CARTESIAN_POINT ( 'NONE',  ( 0.000000000000000000, -2.299999999999999822, 2.500000000000000000 ) ) ;
#901 = VERTEX_POINT ( 'NONE', #1928 ) ;
#902 = AXIS2_PLACEMENT_3D ( 'NONE', #2163, #625, #304 ) ;
#903 = CARTESIAN_POINT ( 'NONE',  ( -12.00000000000000000, 0.5000000000000004441, -8.699999999999974420 ) ) ;
#904 = CARTESIAN_POINT ( 'NONE',  ( 8.699999999999976197, 0.000000000000000000, 12.00000000000000000 ) ) ;
#905 = VECTOR ( 'NONE', #1922, 1000.000000000000000 ) ;
#906 = AXIS2_PLACEMENT_3D ( 'NONE', #782, #2153, #946 ) ;
#907 = DIRECTION ( 'NONE',  ( -0.000000000000000000, -1.000000000000000000, 8.503546450866700815E-17 ) ) ;
#908 = EDGE_CURVE ( 'NONE', #2033, #2173, #1288, .T. ) ;
#909 = DIRECTION ( 'NONE',  ( 0.7071067811865471286, 0.000000000000000000, -0.7071067811865479058 ) ) ;
#910 = VECTOR ( 'NONE', #995, 1000.000000000000000 ) ;
#911 =( NAMED_UNIT ( * ) PLANE_ANGLE_UNIT ( ) SI_UNIT ( $, .RADIAN. ) );
#912 = DIRECTION ( 'NONE',  ( 0.000000000000000000, -1.000000000000000000, 0.000000000000000000 ) ) ;
#913 = CARTESIAN_POINT ( 'NONE',  ( -9.500000000000000000, -24.87005768508881332, -9.500000000000001776 ) ) ;
#914 = ORIENTED_EDGE ( 'NONE', *, *, #2055, .F. ) ;
#915 = CIRCLE ( 'NONE', #633, 1.263798795594197388 ) ;
#916 = EDGE_CURVE ( 'NONE', #2033, #1106, #2131, .T. ) ;
#917 = ADVANCED_FACE ( 'NONE', ( #2076 ), #787, .F. ) ;
#918 = DIRECTION ( 'NONE',  ( 0.000000000000000000, 0.000000000000000000, -1.000000000000000000 ) ) ;
#919 = DIRECTION ( 'NONE',  ( 0.000000000000000000, 0.000000000000000000, -1.000000000000000000 ) ) ;
#920 = EDGE_LOOP ( 'NONE', ( #360, #306, #2092, #1067 ) ) ;
#921 = DIRECTION ( 'NONE',  ( -0.000000000000000000, 1.000000000000000000, -0.000000000000000000 ) ) ;
#922 = ADVANCED_FACE ( 'NONE', ( #2128 ), #2105, .T. ) ;
#923 = LINE ( 'NONE', #2137, #195 ) ;
#924 = EDGE_CURVE ( 'NONE', #1461, #1828, #2070, .T. ) ;
#925 = ADVANCED_FACE ( 'NONE', ( #2125 ), #1435, .T. ) ;
#926 = DIRECTION ( 'NONE',  ( -1.000000000000000000, -0.000000000000000000, -0.000000000000000000 ) ) ;
#927 = CARTESIAN_POINT ( 'NONE',  ( 8.699999999999972644, 0.1500000000000029921, -12.50000000000000000 ) ) ;
#928 = VECTOR ( 'NONE', #1283, 1000.000000000000000 ) ;
#929 = DIRECTION ( 'NONE',  ( -9.912705577010328015E-17, 0.000000000000000000, 1.000000000000000000 ) ) ;
#930 = DIRECTION ( 'NONE',  ( 0.000000000000000000, -1.000000000000000000, 0.000000000000000000 ) ) ;
#931 = LINE ( 'NONE', #1762, #170 ) ;
#932 = DIRECTION ( 'NONE',  ( 0.000000000000000000, 1.000000000000000000, -8.503546450866700815E-17 ) ) ;
#933 = DIRECTION ( 'NONE',  ( -1.000000000000000000, 0.000000000000000000, -0.000000000000000000 ) ) ;
#934 = ADVANCED_FACE ( 'NONE', ( #1380 ), #1346, .T. ) ;
#935 = CARTESIAN_POINT ( 'NONE',  ( 0.000000000000000000, 0.5000000000000000000, 2.500000000000000000 ) ) ;
#936 = AXIS2_PLACEMENT_3D ( 'NONE', #1792, #180, #2118 ) ;
#937 = DIRECTION ( 'NONE',  ( -8.177564888977854986E-15, -0.7071067811865393571, 0.7071067811865556774 ) ) ;
#938 = AXIS2_PLACEMENT_3D ( 'NONE', #979, #622, #1152 ) ;
#939 = VECTOR ( 'NONE', #444, 1000.000000000000000 ) ;
#940 = ADVANCED_FACE ( 'NONE', ( #1350 ), #2079, .T. ) ;
#941 = AXIS2_PLACEMENT_3D ( 'NONE', #2184, #315, #486 ) ;
#942 = VECTOR ( 'NONE', #2129, 1000.000000000000000 ) ;
#943 = CARTESIAN_POINT ( 'NONE',  ( -9.500000000000000000, 1.999999999999994893, 8.000000000000001776 ) ) ;
#944 = LINE ( 'NONE', #1443, #1679 ) ;
#945 = CARTESIAN_POINT ( 'NONE',  ( 0.000000000000000000, 0.000000000000000000, 1.249999999999999556 ) ) ;
#946 = DIRECTION ( 'NONE',  ( 1.000000000000000000, 0.000000000000000000, -0.000000000000000000 ) ) ;
#947 = CYLINDRICAL_SURFACE ( 'NONE', #624, 3.299999999999998934 ) ;
#948 = CARTESIAN_POINT ( 'NONE',  ( 8.000000000000001776, 2.200000000000000178, -9.500000000000001776 ) ) ;
#949 = EDGE_CURVE ( 'NONE', #97, #2101, #598, .T. ) ;
#950 = TOROIDAL_SURFACE ( 'NONE', #29, 1.320089463107627425, 0.8500000000000005329 ) ;
#951 = DIRECTION ( 'NONE',  ( 0.7071067811865526798, 0.7071067811865424657, 0.000000000000000000 ) ) ;
#952 = ADVANCED_FACE ( 'NONE', ( #2090, #1336 ), #1345, .F. ) ;
#953 = DIRECTION ( 'NONE',  ( 0.7071067811865471286, 0.000000000000000000, -0.7071067811865479058 ) ) ;
#954 = LINE ( 'NONE', #457, #1669 ) ;
#955 = CARTESIAN_POINT ( 'NONE',  ( -8.000000000000000000, -24.87005768508881332, 9.500000000000001776 ) ) ;
#956 = ORIENTED_EDGE ( 'NONE', *, *, #1087, .T. ) ;
#957 = LINE ( 'NONE', #55, #230 ) ;
#958 = CARTESIAN_POINT ( 'NONE',  ( 8.700000000000001066, 0.5000000000000000000, 8.700000000000001066 ) ) ;
#959 = CIRCLE ( 'NONE', #352, 1.250000000000000444 ) ;
#960 = CARTESIAN_POINT ( 'NONE',  ( 12.50000000000000000, 2.049999999999999378, 8.699999999999972644 ) ) ;
#961 = ORIENTED_EDGE ( 'NONE', *, *, #1296, .T. ) ;
#962 = CARTESIAN_POINT ( 'NONE',  ( -8.699999999999974420, 0.5000000000000000000, -12.00000000000000000 ) ) ;
#963 = ADVANCED_FACE ( 'NONE', ( #592 ), #455, .F. ) ;
#964 = CARTESIAN_POINT ( 'NONE',  ( 8.699999999999976197, 0.5000000000000000000, 12.00000000000000000 ) ) ;
#965 = DIRECTION ( 'NONE',  ( 0.000000000000000000, 0.000000000000000000, -1.000000000000000000 ) ) ;
#966 = ORIENTED_EDGE ( 'NONE', *, *, #769, .T. ) ;
#967 = CIRCLE ( 'NONE', #720, 3.299999999999998934 ) ;
#968 = DIRECTION ( 'NONE',  ( 0.000000000000000000, 0.000000000000000000, -1.000000000000000000 ) ) ;
#969 = DIRECTION ( 'NONE',  ( -0.000000000000000000, 1.000000000000000000, -0.000000000000000000 ) ) ;
#970 = AXIS2_PLACEMENT_3D ( 'NONE', #1160, #231, #2146 ) ;
#971 = CARTESIAN_POINT ( 'NONE',  ( 8.700000000000001066, 2.200000000000000178, -8.700000000000001066 ) ) ;
#972 = ORIENTED_EDGE ( 'NONE', *, *, #828, .F. ) ;
#973 = LINE ( 'NONE', #1746, #905 ) ;
#974 = DIRECTION ( 'NONE',  ( 0.7071067811865515695, -0.7071067811865434649, 8.177564888977902318E-15 ) ) ;
#975 = LINE ( 'NONE', #406, #1706 ) ;
#976 = ORIENTED_EDGE ( 'NONE', *, *, #166, .T. ) ;
#977 = CIRCLE ( 'NONE', #378, 3.649999999999998579 ) ;
#978 = EDGE_CURVE ( 'NONE', #2011, #392, #2083, .T. ) ;
#979 = CARTESIAN_POINT ( 'NONE',  ( 8.700000000000001066, 0.5000000000000004441, -8.700000000000001066 ) ) ;
#980 = VERTEX_POINT ( 'NONE', #1650 ) ;
#981 = VECTOR ( 'NONE', #1799, 1000.000000000000000 ) ;
#982 = DIRECTION ( 'NONE',  ( -1.000000000000000000, -0.000000000000000000, -0.000000000000000000 ) ) ;
#983 = EDGE_CURVE ( 'NONE', #1450, #1651, #581, .T. ) ;
#984 = LINE ( 'NONE', #1583, #1717 ) ;
#985 = SURFACE_SIDE_STYLE ('',( #1252 ) ) ;
#986 = CYLINDRICAL_SURFACE ( 'NONE', #695, 1.250000000000000444 ) ;
#987 = CARTESIAN_POINT ( 'NONE',  ( -8.700000000000001066, 2.200000000000000178, -8.700000000000001066 ) ) ;
#988 = DIRECTION ( 'NONE',  ( 0.000000000000000000, 0.000000000000000000, -1.000000000000000000 ) ) ;
#989 = DIRECTION ( 'NONE',  ( 0.000000000000000000, 0.000000000000000000, 1.000000000000000000 ) ) ;
#990 = SURFACE_STYLE_FILL_AREA ( #210 ) ;
#991 = CARTESIAN_POINT ( 'NONE',  ( -12.50000000000000000, 0.1500000000000029921, 8.699999999999972644 ) ) ;
#992 = DIRECTION ( 'NONE',  ( 0.000000000000000000, 0.000000000000000000, 1.000000000000000000 ) ) ;
#993 = ORIENTED_EDGE ( 'NONE', *, *, #978, .T. ) ;
#994 = FACE_OUTER_BOUND ( 'NONE', #1535, .T. ) ;
#995 = DIRECTION ( 'NONE',  ( 1.000000000000000000, 0.000000000000000000, -0.000000000000000000 ) ) ;
#996 = VECTOR ( 'NONE', #1927, 1000.000000000000000 ) ;
#997 = VERTEX_POINT ( 'NONE', #1676 ) ;
#998 = DIRECTION ( 'NONE',  ( 9.912705577010328015E-17, 0.000000000000000000, -1.000000000000000000 ) ) ;
#999 = AXIS2_PLACEMENT_3D ( 'NONE', #523, #879, #1892 ) ;
#1000 = VERTEX_POINT ( 'NONE', #1533 ) ;
#1001 = FACE_OUTER_BOUND ( 'NONE', #164, .T. ) ;
#1002 = DIRECTION ( 'NONE',  ( -0.000000000000000000, -1.000000000000000000, -0.000000000000000000 ) ) ;
#1003 = AXIS2_PLACEMENT_3D ( 'NONE', #719, #684, #516 ) ;
#1004 = UNCERTAINTY_MEASURE_WITH_UNIT (LENGTH_MEASURE( 1.000000000000000082E-05 ), #1390, 'distance_accuracy_value', 'NONE');
#1005 = CIRCLE ( 'NONE', #1867, 3.299999999999998934 ) ;
#1006 = CARTESIAN_POINT ( 'NONE',  ( 9.500000000000001776, 2.200000000000000178, 9.500000000000001776 ) ) ;
#1007 = DIRECTION ( 'NONE',  ( -1.000000000000000000, 0.000000000000000000, 0.000000000000000000 ) ) ;
#1008 = ORIENTED_EDGE ( 'NONE', *, *, #1351, .F. ) ;
#1009 = CARTESIAN_POINT ( 'NONE',  ( 8.700000000000001066, 2.049999999999999378, -8.700000000000001066 ) ) ;
#1010 = FACE_OUTER_BOUND ( 'NONE', #814, .T. ) ;
#1011 = EDGE_CURVE ( 'NONE', #2116, #1954, #1339, .T. ) ;
#1012 = CARTESIAN_POINT ( 'NONE',  ( -12.00000000000000000, 34.44112549695427816, 8.699999999999977973 ) ) ;
#1013 = ORIENTED_EDGE ( 'NONE', *, *, #308, .F. ) ;
#1014 = LINE ( 'NONE', #1647, #249 ) ;
#1015 = EDGE_CURVE ( 'NONE', #1597, #22, #589, .T. ) ;
#1016 = ORIENTED_EDGE ( 'NONE', *, *, #2052, .T. ) ;
#1017 = VECTOR ( 'NONE', #177, 1000.000000000000000 ) ;
#1018 = CARTESIAN_POINT ( 'NONE',  ( 12.00000000000000000, 0.5000000000000004441, 8.699999999999970868 ) ) ;
#1019 = CARTESIAN_POINT ( 'NONE',  ( 12.00000000000000000, 0.5000000000000000000, -8.699999999999977973 ) ) ;
#1020 = VERTEX_POINT ( 'NONE', #1699 ) ;
#1021 = CARTESIAN_POINT ( 'NONE',  ( -8.699999999999974420, 0.5000000000000000000, -12.00000000000000000 ) ) ;
#1022 = COLOUR_RGB ( '',0.7529411764705882248, 0.7529411764705882248, 0.7529411764705882248 ) ;
#1023 = EDGE_LOOP ( 'NONE', ( #876, #806, #537, #1637 ) ) ;
#1024 = DIRECTION ( 'NONE',  ( 0.000000000000000000, -0.7071067811865485719, 0.7071067811865465735 ) ) ;
#1025 = VERTEX_POINT ( 'NONE', #1202 ) ;
#1026 = LINE ( 'NONE', #2150, #1062 ) ;
#1027 = AXIS2_PLACEMENT_3D ( 'NONE', #2096, #92, #551 ) ;
#1028 = LINE ( 'NONE', #2207, #1830 ) ;
#1029 = CONICAL_SURFACE ( 'NONE', #411, 3.649999999999995470, 0.7853981633974598253 ) ;
#1030 = VECTOR ( 'NONE', #135, 1000.000000000000000 ) ;
#1031 = CARTESIAN_POINT ( 'NONE',  ( -9.500000000000000000, 2.000000000000001776, -9.500000000000001776 ) ) ;
#1032 = AXIS2_PLACEMENT_3D ( 'NONE', #284, #460, #1151 ) ;
#1033 = UNCERTAINTY_MEASURE_WITH_UNIT (LENGTH_MEASURE( 1.000000000000000082E-05 ), #1142, 'distance_accuracy_value', 'NONE');
#1034 = ORIENTED_EDGE ( 'NONE', *, *, #701, .F. ) ;
#1035 = EDGE_CURVE ( 'NONE', #1697, #753, #1376, .T. ) ;
#1036 = VECTOR ( 'NONE', #1834, 1000.000000000000000 ) ;
#1037 = DIRECTION ( 'NONE',  ( 1.000000000000000000, 0.000000000000000000, 0.000000000000000000 ) ) ;
#1038 = AXIS2_PLACEMENT_3D ( 'NONE', #346, #285, #1163 ) ;
#1039 = ORIENTED_EDGE ( 'NONE', *, *, #1267, .F. ) ;
#1040 = CONICAL_SURFACE ( 'NONE', #789, 3.649999999999995470, 0.7853981633974598253 ) ;
#1041 = ORIENTED_EDGE ( 'NONE', *, *, #1891, .T. ) ;
#1042 = CYLINDRICAL_SURFACE ( 'NONE', #241, 1.250000000000000444 ) ;
#1043 = ORIENTED_EDGE ( 'NONE', *, *, #390, .F. ) ;
#1044 = VECTOR ( 'NONE', #1998, 1000.000000000000000 ) ;
#1045 = VECTOR ( 'NONE', #829, 1000.000000000000000 ) ;
#1046 = DIRECTION ( 'NONE',  ( 1.000000000000000000, 0.000000000000000000, 0.000000000000000000 ) ) ;
#1047 = ORIENTED_EDGE ( 'NONE', *, *, #149, .T. ) ;
#1048 = CIRCLE ( 'NONE', #359, 1.250000000000000444 ) ;
#1049 = DIRECTION ( 'NONE',  ( -8.177564888977854986E-15, 0.7071067811865393571, -0.7071067811865556774 ) ) ;
#1050 = ORIENTED_EDGE ( 'NONE', *, *, #521, .F. ) ;
#1051 = VECTOR ( 'NONE', #968, 1000.000000000000000 ) ;
#1052 = DIRECTION ( 'NONE',  ( 0.000000000000000000, 0.000000000000000000, -1.000000000000000000 ) ) ;
#1053 = AXIS2_PLACEMENT_3D ( 'NONE', #1139, #1129, #1684 ) ;
#1054 = FACE_OUTER_BOUND ( 'NONE', #1920, .T. ) ;
#1055 = DIRECTION ( 'NONE',  ( 0.000000000000000000, -1.000000000000000000, 0.000000000000000000 ) ) ;
#1056 = VECTOR ( 'NONE', #1335, 1000.000000000000000 ) ;
#1057 = ADVANCED_FACE ( 'NONE', ( #609 ), #1216, .T. ) ;
#1058 = FILL_AREA_STYLE_COLOUR ( '', #1022 ) ;
#1059 =( NAMED_UNIT ( * ) PLANE_ANGLE_UNIT ( ) SI_UNIT ( $, .RADIAN. ) );
#1060 = EDGE_CURVE ( 'NONE', #173, #2011, #472, .T. ) ;
#1061 = EDGE_LOOP ( 'NONE', ( #356, #2029, #716, #1302 ) ) ;
#1062 = VECTOR ( 'NONE', #1219, 1000.000000000000000 ) ;
#1063 = CIRCLE ( 'NONE', #902, 3.299999999999998934 ) ;
#1064 = CARTESIAN_POINT ( 'NONE',  ( -8.000000000000000000, 2.000000000000000000, 9.500000000000001776 ) ) ;
#1065 = EDGE_CURVE ( 'NONE', #1113, #1526, #1924, .T. ) ;
#1066 = DIRECTION ( 'NONE',  ( 0.000000000000000000, -0.000000000000000000, -1.000000000000000000 ) ) ;
#1067 = ORIENTED_EDGE ( 'NONE', *, *, #1539, .F. ) ;
#1068 = LINE ( 'NONE', #1737, #1760 ) ;
#1069 = CARTESIAN_POINT ( 'NONE',  ( -12.00000000000000000, 34.44112549695427816, -8.699999999999976197 ) ) ;
#1070 = VERTEX_POINT ( 'NONE', #1715 ) ;
#1071 = VECTOR ( 'NONE', #918, 1000.000000000000000 ) ;
#1072 = DIRECTION ( 'NONE',  ( 0.000000000000000000, -1.000000000000000000, 0.000000000000000000 ) ) ;
#1073 = ORIENTED_EDGE ( 'NONE', *, *, #362, .F. ) ;
#1074 = FACE_BOUND ( 'NONE', #1248, .T. ) ;
#1075 = CARTESIAN_POINT ( 'NONE',  ( -8.699999999999972644, 2.049999999999999378, 12.50000000000000000 ) ) ;
#1076 = DIRECTION ( 'NONE',  ( 0.000000000000000000, -1.000000000000000000, 0.000000000000000000 ) ) ;
#1077 = EDGE_LOOP ( 'NONE', ( #2051, #441, #571, #591 ) ) ;
#1078 = CIRCLE ( 'NONE', #673, 3.799999999999999378 ) ;
#1079 = ADVANCED_FACE ( 'NONE', ( #1965, #1211 ), #1897, .T. ) ;
#1080 = CIRCLE ( 'NONE', #1320, 3.649999999999998579 ) ;
#1081 = DIRECTION ( 'NONE',  ( 0.000000000000000000, -1.000000000000000000, 0.000000000000000000 ) ) ;
#1082 = AXIS2_PLACEMENT_3D ( 'NONE', #679, #2050, #160 ) ;
#1083 = DIRECTION ( 'NONE',  ( -1.000000000000000000, 0.000000000000000000, 0.000000000000000000 ) ) ;
#1084 = ORIENTED_EDGE ( 'NONE', *, *, #434, .T. ) ;
#1085 = FACE_OUTER_BOUND ( 'NONE', #382, .T. ) ;
#1086 = VECTOR ( 'NONE', #1002, 1000.000000000000000 ) ;
#1087 = EDGE_CURVE ( 'NONE', #251, #1417, #1970, .T. ) ;
#1088 =( NAMED_UNIT ( * ) PLANE_ANGLE_UNIT ( ) SI_UNIT ( $, .RADIAN. ) );
#1089 = VECTOR ( 'NONE', #982, 1000.000000000000000 ) ;
#1090 = CARTESIAN_POINT ( 'NONE',  ( 0.000000000000000000, -2.299999999999999822, 2.900000000000000355 ) ) ;
#1091 = ORIENTED_EDGE ( 'NONE', *, *, #211, .F. ) ;
#1092 = FACE_OUTER_BOUND ( 'NONE', #744, .T. ) ;
#1093 = DIRECTION ( 'NONE',  ( 0.000000000000000000, 0.000000000000000000, -1.000000000000000000 ) ) ;
#1094 = EDGE_CURVE ( 'NONE', #1106, #2067, #1984, .T. ) ;
#1095 = FACE_OUTER_BOUND ( 'NONE', #39, .T. ) ;
#1096 = DIRECTION ( 'NONE',  ( -1.000000000000000000, 0.000000000000000000, 0.000000000000000000 ) ) ;
#1097 = CYLINDRICAL_SURFACE ( 'NONE', #883, 3.799999999999999378 ) ;
#1098 = ADVANCED_FACE ( 'NONE', ( #1943 ), #1921, .T. ) ;
#1099 = EDGE_CURVE ( 'NONE', #1651, #901, #1196, .T. ) ;
#1100 = CIRCLE ( 'NONE', #1802, 3.799999999999999378 ) ;
#1101 =( NAMED_UNIT ( * ) SI_UNIT ( $, .STERADIAN. ) SOLID_ANGLE_UNIT ( ) );
#1102 = ORIENTED_EDGE ( 'NONE', *, *, #61, .T. ) ;
#1103 = LINE ( 'NONE', #109, #334 ) ;
#1104 = DIRECTION ( 'NONE',  ( -1.000000000000000000, 0.000000000000000000, 0.000000000000000000 ) ) ;
#1105 = CARTESIAN_POINT ( 'NONE',  ( 1.616643335582903638E-16, 1.689880737647827758, 3.820089463107627648 ) ) ;
#1106 = VERTEX_POINT ( 'NONE', #1313 ) ;
#1107 = FACE_OUTER_BOUND ( 'NONE', #421, .T. ) ;
#1108 = DIRECTION ( 'NONE',  ( -0.000000000000000000, 0.000000000000000000, 1.000000000000000000 ) ) ;
#1109 = ORIENTED_EDGE ( 'NONE', *, *, #362, .T. ) ;
#1110 = AXIS2_PLACEMENT_3D ( 'NONE', #971, #1131, #1168 ) ;
#1111 = LINE ( 'NONE', #71, #1829 ) ;
#1112 = CARTESIAN_POINT ( 'NONE',  ( 8.700000000000001066, 0.000000000000000000, 8.700000000000001066 ) ) ;
#1113 = VERTEX_POINT ( 'NONE', #131 ) ;
#1114 = EDGE_LOOP ( 'NONE', ( #101, #1050, #1041, #2053 ) ) ;
#1115 =( GEOMETRIC_REPRESENTATION_CONTEXT ( 3 ) GLOBAL_UNCERTAINTY_ASSIGNED_CONTEXT ( ( #1033 ) ) GLOBAL_UNIT_ASSIGNED_CONTEXT ( ( #1142, #271, #449 ) ) REPRESENTATION_CONTEXT ( 'NONE', 'WORKASPACE' ) );
#1116 = ORIENTED_EDGE ( 'NONE', *, *, #119, .F. ) ;
#1117 = DIRECTION ( 'NONE',  ( 0.000000000000000000, -1.000000000000000000, 0.000000000000000000 ) ) ;
#1118 = CARTESIAN_POINT ( 'NONE',  ( 12.50000000000000000, 0.1500000000000029921, -8.699999999999974420 ) ) ;
#1119 = EDGE_LOOP ( 'NONE', ( #1383, #1767, #1800, #725, #756, #1372, #1499, #1504 ) ) ;
#1120 = DIRECTION ( 'NONE',  ( -0.7071067811865475727, 0.000000000000000000, 0.7071067811865475727 ) ) ;
#1121 = EDGE_CURVE ( 'NONE', #2116, #1367, #1939, .T. ) ;
#1122 = CARTESIAN_POINT ( 'NONE',  ( -9.500000000000000000, 2.000000000000001776, -9.500000000000000000 ) ) ;
#1123 = DIRECTION ( 'NONE',  ( 1.095516556652842895E-16, -0.4469535728145619946, 0.8945571551042995617 ) ) ;
#1124 = CARTESIAN_POINT ( 'NONE',  ( -8.700000000000001066, 2.200000000000000178, -12.34999999999999787 ) ) ;
#1125 = EDGE_CURVE ( 'NONE', #2206, #19, #492, .T. ) ;
#1126 = DIRECTION ( 'NONE',  ( 0.000000000000000000, -1.000000000000000000, 0.000000000000000000 ) ) ;
#1127 = ADVANCED_FACE ( 'NONE', ( #438 ), #552, .T. ) ;
#1128 = CARTESIAN_POINT ( 'NONE',  ( -8.699999999999972644, 2.200000000000000178, 12.50000000000000000 ) ) ;
#1129 = DIRECTION ( 'NONE',  ( 0.000000000000000000, 1.000000000000000000, 0.000000000000000000 ) ) ;
#1130 = VERTEX_POINT ( 'NONE', #1937 ) ;
#1131 = DIRECTION ( 'NONE',  ( 0.000000000000000000, -1.000000000000000000, 0.000000000000000000 ) ) ;
#1132 = DIRECTION ( 'NONE',  ( 1.000000000000000000, 0.000000000000000000, 0.000000000000000000 ) ) ;
#1133 = AXIS2_PLACEMENT_3D ( 'NONE', #1425, #2121, #576 ) ;
#1134 = DIRECTION ( 'NONE',  ( 0.000000000000000000, 0.000000000000000000, 1.000000000000000000 ) ) ;
#1135 = ORIENTED_EDGE ( 'NONE', *, *, #332, .T. ) ;
#1136 = AXIS2_PLACEMENT_3D ( 'NONE', #1194, #1362, #1702 ) ;
#1137 = EDGE_CURVE ( 'NONE', #2007, #1321, #1909, .T. ) ;
#1138 = DIRECTION ( 'NONE',  ( -0.000000000000000000, -1.000000000000000000, 8.503546450866700815E-17 ) ) ;
#1139 = CARTESIAN_POINT ( 'NONE',  ( -8.700000000000001066, 2.200000000000000178, -8.700000000000001066 ) ) ;
#1140 = EDGE_CURVE ( 'NONE', #1723, #157, #485, .T. ) ;
#1141 = DIRECTION ( 'NONE',  ( 0.000000000000000000, -0.000000000000000000, 1.000000000000000000 ) ) ;
#1142 =( LENGTH_UNIT ( ) NAMED_UNIT ( * ) SI_UNIT ( .MILLI., .METRE. ) );
#1143 = ORIENTED_EDGE ( 'NONE', *, *, #222, .T. ) ;
#1144 = EDGE_CURVE ( 'NONE', #611, #1195, #1215, .T. ) ;
#1145 = DIRECTION ( 'NONE',  ( -0.000000000000000000, 0.000000000000000000, 1.000000000000000000 ) ) ;
#1146 = CARTESIAN_POINT ( 'NONE',  ( 12.00000000000000000, 34.44112549695427816, -8.699999999999977973 ) ) ;
#1147 = VERTEX_POINT ( 'NONE', #896 ) ;
#1148 = CARTESIAN_POINT ( 'NONE',  ( -8.000000000000000000, 2.200000000000000178, 9.500000000000001776 ) ) ;
#1149 = PLANE ( 'NONE',  #400 ) ;
#1150 = EDGE_LOOP ( 'NONE', ( #855, #1887, #1348, #583 ) ) ;
#1151 = DIRECTION ( 'NONE',  ( -1.000000000000000000, 0.000000000000000000, -0.000000000000000000 ) ) ;
#1152 = DIRECTION ( 'NONE',  ( 2.312964634635743529E-14, 0.000000000000000000, -1.000000000000000000 ) ) ;
#1153 = DIRECTION ( 'NONE',  ( 1.000000000000000000, -0.000000000000000000, 0.000000000000000000 ) ) ;
#1154 = CARTESIAN_POINT ( 'NONE',  ( 0.000000000000000000, -2.299999999999999822, 2.500000000000000000 ) ) ;
#1155 = CARTESIAN_POINT ( 'NONE',  ( 8.699999999999972644, 2.049999999999999378, 12.50000000000000000 ) ) ;
#1156 = AXIS2_PLACEMENT_3D ( 'NONE', #1862, #1675, #2182 ) ;
#1157 = CARTESIAN_POINT ( 'NONE',  ( 0.000000000000000000, 1.689880737647827535, 2.500000000000000444 ) ) ;
#1158 = DIRECTION ( 'NONE',  ( 0.000000000000000000, 0.000000000000000000, -1.000000000000000000 ) ) ;
#1159 = EDGE_LOOP ( 'NONE', ( #672, #1747, #2006, #253 ) ) ;
#1160 = CARTESIAN_POINT ( 'NONE',  ( -8.700000000000001066, 0.5000000000000000000, 8.700000000000001066 ) ) ;
#1161 = EDGE_CURVE ( 'NONE', #1526, #1974, #1174, .T. ) ;
#1162 = UNCERTAINTY_MEASURE_WITH_UNIT (LENGTH_MEASURE( 1.000000000000000082E-05 ), #1704, 'distance_accuracy_value', 'NONE');
#1163 = DIRECTION ( 'NONE',  ( -0.000000000000000000, 0.000000000000000000, 1.000000000000000000 ) ) ;
#1164 = DIRECTION ( 'NONE',  ( 0.000000000000000000, 1.000000000000000000, 0.000000000000000000 ) ) ;
#1165 = EDGE_CURVE ( 'NONE', #1904, #1597, #501, .T. ) ;
#1166 = CARTESIAN_POINT ( 'NONE',  ( 9.500000000000003553, 2.000000000000000000, -8.000000000000001776 ) ) ;
#1167 = VERTEX_POINT ( 'NONE', #2112 ) ;
#1168 = DIRECTION ( 'NONE',  ( 0.000000000000000000, 0.000000000000000000, -1.000000000000000000 ) ) ;
#1169 = VECTOR ( 'NONE', #1349, 1000.000000000000000 ) ;
#1170 = DIRECTION ( 'NONE',  ( 0.000000000000000000, 0.000000000000000000, -1.000000000000000000 ) ) ;
#1171 = CARTESIAN_POINT ( 'NONE',  ( 0.000000000000000000, 2.450254319486485866, 0.8000000000000005995 ) ) ;
#1172 = MANIFOLD_SOLID_BREP ( 'Boss-Extrude3', #1908 ) ;
#1173 = ORIENTED_EDGE ( 'NONE', *, *, #1217, .T. ) ;
#1174 = LINE ( 'NONE', #1256, #1178 ) ;
#1175 = CARTESIAN_POINT ( 'NONE',  ( 4.898587196589414308E-17, -2.299999999999999822, 2.100000000000000089 ) ) ;
#1176 = CARTESIAN_POINT ( 'NONE',  ( -8.000000000000000000, -24.87005768508881332, 9.500000000000001776 ) ) ;
#1177 = ORIENTED_EDGE ( 'NONE', *, *, #387, .F. ) ;
#1178 = VECTOR ( 'NONE', #1083, 1000.000000000000000 ) ;
#1179 = AXIS2_PLACEMENT_3D ( 'NONE', #1756, #2106, #50 ) ;
#1180 = DIRECTION ( 'NONE',  ( 0.000000000000000000, 0.000000000000000000, -1.000000000000000000 ) ) ;
#1181 = ORIENTED_EDGE ( 'NONE', *, *, #1296, .F. ) ;
#1182 = DIRECTION ( 'NONE',  ( -0.7071067811865393571, 0.7071067811865556774, 0.000000000000000000 ) ) ;
#1183 = VECTOR ( 'NONE', #399, 1000.000000000000000 ) ;
#1184 = AXIS2_PLACEMENT_3D ( 'NONE', #1105, #612, #1260 ) ;
#1185 = DIRECTION ( 'NONE',  ( 0.000000000000000000, 0.000000000000000000, -1.000000000000000000 ) ) ;
#1186 = SHAPE_DEFINITION_REPRESENTATION ( #809, #1999 ) ;
#1187 = ORIENTED_EDGE ( 'NONE', *, *, #1267, .T. ) ;
#1188 = EDGE_CURVE ( 'NONE', #251, #1130, #432, .T. ) ;
#1189 = VECTOR ( 'NONE', #1765, 1000.000000000000000 ) ;
#1190 = DIRECTION ( 'NONE',  ( 0.000000000000000000, -1.000000000000000000, 0.000000000000000000 ) ) ;
#1191 = ORIENTED_EDGE ( 'NONE', *, *, #280, .T. ) ;
#1192 = FACE_OUTER_BOUND ( 'NONE', #2215, .T. ) ;
#1193 = EDGE_CURVE ( 'NONE', #1608, #605, #1949, .T. ) ;
#1194 = CARTESIAN_POINT ( 'NONE',  ( -8.700000000000001066, 0.5000000000000004441, -8.700000000000001066 ) ) ;
#1195 = VERTEX_POINT ( 'NONE', #2218 ) ;
#1196 = CIRCLE ( 'NONE', #970, 3.299999999999998934 ) ;
#1197 = EDGE_CURVE ( 'NONE', #1366, #697, #1209, .T. ) ;
#1198 = DIRECTION ( 'NONE',  ( -0.000000000000000000, -1.000000000000000000, -0.000000000000000000 ) ) ;
#1199 = ORIENTED_EDGE ( 'NONE', *, *, #2205, .F. ) ;
#1200 = DIRECTION ( 'NONE',  ( 0.000000000000000000, -1.000000000000000000, 0.000000000000000000 ) ) ;
#1201 = LINE ( 'NONE', #343, #1189 ) ;
#1202 = CARTESIAN_POINT ( 'NONE',  ( 8.699999999999977973, 0.000000000000000000, 12.00000000000000000 ) ) ;
#1203 = STYLED_ITEM ( 'NONE', ( #1725 ), #1980 ) ;
#1204 = ORIENTED_EDGE ( 'NONE', *, *, #1992, .F. ) ;
#1205 = CARTESIAN_POINT ( 'NONE',  ( -12.00000000000000000, 0.000000000000000000, 8.699999999999977973 ) ) ;
#1206 = PLANE ( 'NONE',  #2148 ) ;
#1207 = AXIS2_PLACEMENT_3D ( 'NONE', #144, #1735, #1680 ) ;
#1208 = ORIENTED_EDGE ( 'NONE', *, *, #1165, .F. ) ;
#1209 = LINE ( 'NONE', #872, #447 ) ;
#1210 = DIRECTION ( 'NONE',  ( 0.000000000000000000, 0.000000000000000000, 1.000000000000000000 ) ) ;
#1211 = FACE_OUTER_BOUND ( 'NONE', #1119, .T. ) ;
#1212 = UNCERTAINTY_MEASURE_WITH_UNIT (LENGTH_MEASURE( 1.000000000000000082E-05 ), #637, 'distance_accuracy_value', 'NONE');
#1213 = DIRECTION ( 'NONE',  ( 0.000000000000000000, -1.000000000000000000, 0.000000000000000000 ) ) ;
#1214 = ORIENTED_EDGE ( 'NONE', *, *, #1727, .F. ) ;
#1215 = CIRCLE ( 'NONE', #2097, 1.249999999999999778 ) ;
#1216 = PLANE ( 'NONE',  #1365 ) ;
#1217 = EDGE_CURVE ( 'NONE', #1948, #2122, #1226, .T. ) ;
#1218 = FACE_OUTER_BOUND ( 'NONE', #1708, .T. ) ;
#1219 = DIRECTION ( 'NONE',  ( -0.000000000000000000, -1.000000000000000000, -0.000000000000000000 ) ) ;
#1220 = CARTESIAN_POINT ( 'NONE',  ( -8.000000000000000000, 2.200000000000000178, 9.500000000000001776 ) ) ;
#1221 = DIRECTION ( 'NONE',  ( 0.000000000000000000, 0.000000000000000000, -1.000000000000000000 ) ) ;
#1222 = ORIENTED_EDGE ( 'NONE', *, *, #1234, .T. ) ;
#1223 = VERTEX_POINT ( 'NONE', #45 ) ;
#1224 = ORIENTED_EDGE ( 'NONE', *, *, #469, .T. ) ;
#1225 = DIRECTION ( 'NONE',  ( 0.000000000000000000, -1.000000000000000000, 0.000000000000000000 ) ) ;
#1226 = LINE ( 'NONE', #859, #1231 ) ;
#1227 = VECTOR ( 'NONE', #1228, 1000.000000000000000 ) ;
#1228 = DIRECTION ( 'NONE',  ( 0.000000000000000000, -1.000000000000000000, 0.000000000000000000 ) ) ;
#1229 = AXIS2_PLACEMENT_3D ( 'NONE', #1505, #710, #1919 ) ;
#1230 = CARTESIAN_POINT ( 'NONE',  ( -9.500000000000000000, -24.87005768508881332, 8.000000000000001776 ) ) ;
#1231 = VECTOR ( 'NONE', #163, 1000.000000000000000 ) ;
#1232 = PLANE ( 'NONE',  #2068 ) ;
#1233 = EDGE_LOOP ( 'NONE', ( #1497, #1648, #755, #1599 ) ) ;
#1234 = EDGE_CURVE ( 'NONE', #1366, #1863, #1201, .T. ) ;
#1235 = DIRECTION ( 'NONE',  ( 0.000000000000000000, -1.000000000000000000, 0.000000000000000000 ) ) ;
#1236 = DIRECTION ( 'NONE',  ( 0.000000000000000000, 0.000000000000000000, 1.000000000000000000 ) ) ;
#1237 = ORIENTED_EDGE ( 'NONE', *, *, #247, .T. ) ;
#1238 = VECTOR ( 'NONE', #1413, 1000.000000000000000 ) ;
#1239 = EDGE_CURVE ( 'NONE', #1367, #1147, #456, .T. ) ;
#1240 = CARTESIAN_POINT ( 'NONE',  ( 12.50000000000000000, 0.1500000000000029921, -8.699999999999974420 ) ) ;
#1241 = ORIENTED_EDGE ( 'NONE', *, *, #1891, .F. ) ;
#1242 = VECTOR ( 'NONE', #2075, 1000.000000000000000 ) ;
#1243 = DIRECTION ( 'NONE',  ( -0.000000000000000000, 1.000000000000000000, -0.000000000000000000 ) ) ;
#1244 = ADVANCED_FACE ( 'NONE', ( #1218, #1977 ), #584, .F. ) ;
#1245 = EDGE_LOOP ( 'NONE', ( #772, #500, #445, #596 ) ) ;
#1246 = LINE ( 'NONE', #1890, #1265 ) ;
#1247 = ORIENTED_EDGE ( 'NONE', *, *, #274, .F. ) ;
#1248 = EDGE_LOOP ( 'NONE', ( #724, #1958, #1478, #1455, #1521, #886 ) ) ;
#1249 = LINE ( 'NONE', #1786, #2062 ) ;
#1250 = DIRECTION ( 'NONE',  ( 0.000000000000000000, 0.000000000000000000, -1.000000000000000000 ) ) ;
#1251 = EDGE_LOOP ( 'NONE', ( #1817, #2082, #2186, #2109 ) ) ;
#1252 = SURFACE_STYLE_FILL_AREA ( #107 ) ;
#1253 = CARTESIAN_POINT ( 'NONE',  ( 12.00000000000000000, 0.5000000000000000000, 8.699999999999972644 ) ) ;
#1254 = PRODUCT_DEFINITION_FORMATION_WITH_SPECIFIED_SOURCE ( 'ANY', '', #1967, .NOT_KNOWN. ) ;
#1255 = PLANE ( 'NONE',  #1315 ) ;
#1256 = CARTESIAN_POINT ( 'NONE',  ( 8.699999999999976197, 0.000000000000000000, 12.00000000000000000 ) ) ;
#1257 = EDGE_LOOP ( 'NONE', ( #1173, #458, #877, #2054 ) ) ;
#1258 = ADVANCED_FACE ( 'NONE', ( #459 ), #1255, .T. ) ;
#1259 = LINE ( 'NONE', #2043, #574 ) ;
#1260 = DIRECTION ( 'NONE',  ( -1.224646799147352961E-16, 0.000000000000000000, -1.000000000000000000 ) ) ;
#1261 = ADVANCED_FACE ( 'NONE', ( #1932 ), #415, .F. ) ;
#1262 = DIRECTION ( 'NONE',  ( 1.000000000000000000, 0.000000000000000000, 0.000000000000000000 ) ) ;
#1263 = CARTESIAN_POINT ( 'NONE',  ( 0.000000000000000000, -2.299999999999999822, 2.500000000000000000 ) ) ;
#1264 = ORIENTED_EDGE ( 'NONE', *, *, #98, .T. ) ;
#1265 = VECTOR ( 'NONE', #156, 1000.000000000000000 ) ;
#1266 = DIRECTION ( 'NONE',  ( 0.000000000000000000, -8.503546450866700815E-17, -1.000000000000000000 ) ) ;
#1267 = EDGE_CURVE ( 'NONE', #1620, #1328, #451, .T. ) ;
#1268 = ORIENTED_EDGE ( 'NONE', *, *, #1563, .F. ) ;
#1269 = CARTESIAN_POINT ( 'NONE',  ( -8.700000000000001066, 2.049999999999999378, 8.700000000000001066 ) ) ;
#1270 = DIRECTION ( 'NONE',  ( -0.000000000000000000, 1.000000000000000000, -0.000000000000000000 ) ) ;
#1271 = PLANE ( 'NONE',  #2019 ) ;
#1272 = ORIENTED_EDGE ( 'NONE', *, *, #1941, .F. ) ;
#1273 = LINE ( 'NONE', #349, #2001 ) ;
#1274 = ORIENTED_EDGE ( 'NONE', *, *, #216, .F. ) ;
#1275 = CLOSED_SHELL ( 'NONE', ( #105, #422, #1422, #1127, #375, #655, #1646, #560 ) ) ;
#1276 = AXIS2_PLACEMENT_3D ( 'NONE', #1269, #70, #762 ) ;
#1277 = ADVANCED_FACE ( 'NONE', ( #1192 ), #1591, .T. ) ;
#1278 = DIRECTION ( 'NONE',  ( 2.328806858160646005E-14, 0.000000000000000000, 1.000000000000000000 ) ) ;
#1279 = DIRECTION ( 'NONE',  ( 0.000000000000000000, -1.000000000000000000, 0.000000000000000000 ) ) ;
#1280 = CIRCLE ( 'NONE', #694, 3.299999999999998934 ) ;
#1281 = CARTESIAN_POINT ( 'NONE',  ( 8.699999999999974420, 0.000000000000000000, -12.00000000000000000 ) ) ;
#1282 = PRESENTATION_LAYER_ASSIGNMENT (  '', '', ( #158 ) ) ;
#1283 = DIRECTION ( 'NONE',  ( 1.000000000000000000, 0.000000000000000000, 0.000000000000000000 ) ) ;
#1284 = DIRECTION ( 'NONE',  ( 0.000000000000000000, 0.000000000000000000, -1.000000000000000000 ) ) ;
#1285 = CARTESIAN_POINT ( 'NONE',  ( 8.699999999999977973, 0.5000000000000000000, 12.00000000000000000 ) ) ;
#1286 = DIRECTION ( 'NONE',  ( 0.000000000000000000, -1.000000000000000000, 0.000000000000000000 ) ) ;
#1287 = ADVANCED_FACE ( 'NONE', ( #1578 ), #826, .T. ) ;
#1288 = LINE ( 'NONE', #1090, #1331 ) ;
#1289 = EDGE_CURVE ( 'NONE', #709, #1528, #94, .T. ) ;
#1290 = DIRECTION ( 'NONE',  ( 0.000000000000000000, 0.7071067811865465735, 0.7071067811865485719 ) ) ;
#1291 = ORIENTED_EDGE ( 'NONE', *, *, #1458, .F. ) ;
#1292 = UNCERTAINTY_MEASURE_WITH_UNIT (LENGTH_MEASURE( 1.000000000000000082E-05 ), #1957, 'distance_accuracy_value', 'NONE');
#1293 = DIRECTION ( 'NONE',  ( -0.000000000000000000, -1.000000000000000000, 8.503546450866700815E-17 ) ) ;
#1294 = ORIENTED_EDGE ( 'NONE', *, *, #565, .T. ) ;
#1295 = PRESENTATION_STYLE_ASSIGNMENT (( #1322 ) ) ;
#1296 = EDGE_CURVE ( 'NONE', #1692, #1440, #103, .T. ) ;
#1297 = ADVANCED_FACE ( 'NONE', ( #1580 ), #381, .T. ) ;
#1298 = EDGE_LOOP ( 'NONE', ( #976, #1291, #1008, #1039 ) ) ;
#1299 = DIRECTION ( 'NONE',  ( 0.000000000000000000, 0.000000000000000000, -1.000000000000000000 ) ) ;
#1300 = ORIENTED_EDGE ( 'NONE', *, *, #149, .F. ) ;
#1301 = CARTESIAN_POINT ( 'NONE',  ( -12.50000000000000000, 0.1500000000000029921, -8.699999999999974420 ) ) ;
#1302 = ORIENTED_EDGE ( 'NONE', *, *, #924, .F. ) ;
#1303 = ORIENTED_EDGE ( 'NONE', *, *, #1402, .F. ) ;
#1304 = CARTESIAN_POINT ( 'NONE',  ( 1.205606985843952221E-16, 2.800000000000000266, 3.205106829576003680 ) ) ;
#1305 = ORIENTED_EDGE ( 'NONE', *, *, #11, .F. ) ;
#1306 = AXIS2_PLACEMENT_3D ( 'NONE', #634, #1126, #1250 ) ;
#1307 = CARTESIAN_POINT ( 'NONE',  ( -12.50000000000000000, 0.1500000000000029921, 8.699999999999972644 ) ) ;
#1308 = CARTESIAN_POINT ( 'NONE',  ( -12.34999999999999964, 0.000000000000000000, 8.699999999999972644 ) ) ;
#1309 = ORIENTED_EDGE ( 'NONE', *, *, #1749, .F. ) ;
#1310 = PRESENTATION_STYLE_ASSIGNMENT (( #843 ) ) ;
#1311 = CARTESIAN_POINT ( 'NONE',  ( 2.081899558550499787E-16, 2.450254319486485866, 4.200000000000000178 ) ) ;
#1312 = ORIENTED_EDGE ( 'NONE', *, *, #848, .T. ) ;
#1313 = CARTESIAN_POINT ( 'NONE',  ( 4.898587196589413692E-17, -2.299999999999999822, 2.100000000000000089 ) ) ;
#1314 = ORIENTED_EDGE ( 'NONE', *, *, #1427, .F. ) ;
#1315 = AXIS2_PLACEMENT_3D ( 'NONE', #1783, #909, #2124 ) ;
#1316 = ORIENTED_EDGE ( 'NONE', *, *, #635, .F. ) ;
#1317 = EDGE_CURVE ( 'NONE', #1880, #1025, #80, .T. ) ;
#1318 = DIRECTION ( 'NONE',  ( 1.000000000000000000, 0.000000000000000000, 0.000000000000000000 ) ) ;
#1319 = CARTESIAN_POINT ( 'NONE',  ( 0.000000000000000000, 2.800000000000000266, 2.500000000000000444 ) ) ;
#1320 = AXIS2_PLACEMENT_3D ( 'NONE', #1885, #1382, #2136 ) ;
#1321 = VERTEX_POINT ( 'NONE', #46 ) ;
#1322 = SURFACE_STYLE_USAGE ( .BOTH. , #985 ) ;
#1323 = EDGE_CURVE ( 'NONE', #333, #1167, #838, .T. ) ;
#1324 = VECTOR ( 'NONE', #2047, 1000.000000000000000 ) ;
#1325 = CARTESIAN_POINT ( 'NONE',  ( -12.34999999999999609, 2.200000000000000178, 8.699999999999972644 ) ) ;
#1326 = DIRECTION ( 'NONE',  ( 9.912705577010325549E-17, 0.000000000000000000, -1.000000000000000000 ) ) ;
#1327 = CARTESIAN_POINT ( 'NONE',  ( 8.700000000000001066, 34.44112549695427816, -8.700000000000001066 ) ) ;
#1328 = VERTEX_POINT ( 'NONE', #1579 ) ;
#1329 = CARTESIAN_POINT ( 'NONE',  ( 12.50000000000000000, 2.200000000000000178, -8.699999999999974420 ) ) ;
#1330 = EDGE_CURVE ( 'NONE', #611, #317, #830, .T. ) ;
#1331 = VECTOR ( 'NONE', #921, 1000.000000000000000 ) ;
#1332 = ORIENTED_EDGE ( 'NONE', *, *, #123, .T. ) ;
#1333 = ADVANCED_FACE ( 'NONE', ( #100, #1574 ), #310, .T. ) ;
#1334 = VERTEX_POINT ( 'NONE', #480 ) ;
#1335 = DIRECTION ( 'NONE',  ( 0.000000000000000000, -1.000000000000000000, 0.000000000000000000 ) ) ;
#1336 = FACE_OUTER_BOUND ( 'NONE', #13, .T. ) ;
#1337 = CARTESIAN_POINT ( 'NONE',  ( -8.000000000000000000, 2.200000000000000178, 9.500000000000001776 ) ) ;
#1338 = EDGE_LOOP ( 'NONE', ( #419, #341 ) ) ;
#1339 = CIRCLE ( 'NONE', #860, 3.649999999999995470 ) ;
#1340 = CARTESIAN_POINT ( 'NONE',  ( -9.500000000000000000, 2.000000000000000000, 8.000000000000001776 ) ) ;
#1341 = DIRECTION ( 'NONE',  ( 0.000000000000000000, -0.000000000000000000, -1.000000000000000000 ) ) ;
#1342 = EDGE_LOOP ( 'NONE', ( #6, #2024 ) ) ;
#1343 = AXIS2_PLACEMENT_3D ( 'NONE', #1479, #1643, #653 ) ;
#1344 = PLANE ( 'NONE',  #1905 ) ;
#1345 = PLANE ( 'NONE',  #785 ) ;
#1346 = CYLINDRICAL_SURFACE ( 'NONE', #1418, 3.799999999999999378 ) ;
#1347 = CARTESIAN_POINT ( 'NONE',  ( 9.500000000000001776, 2.000000000000001776, 9.500000000000001776 ) ) ;
#1348 = ORIENTED_EDGE ( 'NONE', *, *, #924, .T. ) ;
#1349 = DIRECTION ( 'NONE',  ( -0.000000000000000000, 1.000000000000000000, -0.000000000000000000 ) ) ;
#1350 = FACE_OUTER_BOUND ( 'NONE', #4, .T. ) ;
#1351 = EDGE_CURVE ( 'NONE', #1328, #1723, #1572, .T. ) ;
#1352 = ORIENTED_EDGE ( 'NONE', *, *, #1639, .T. ) ;
#1353 = CARTESIAN_POINT ( 'NONE',  ( 12.00000000000000000, 0.5000000000000000000, -8.699999999999977973 ) ) ;
#1354 = EDGE_CURVE ( 'NONE', #1804, #1437, #1565, .T. ) ;
#1355 = ORIENTED_EDGE ( 'NONE', *, *, #2132, .F. ) ;
#1356 = CARTESIAN_POINT ( 'NONE',  ( 12.00000000000000000, 0.5000000000000004441, -8.699999999999977973 ) ) ;
#1357 = VERTEX_POINT ( 'NONE', #1661 ) ;
#1358 = DIRECTION ( 'NONE',  ( 0.000000000000000000, -8.503546450866700815E-17, -1.000000000000000000 ) ) ;
#1359 = DIRECTION ( 'NONE',  ( 9.912705577010326782E-17, 0.000000000000000000, -1.000000000000000000 ) ) ;
#1360 = ORIENTED_EDGE ( 'NONE', *, *, #1539, .T. ) ;
#1361 = EDGE_LOOP ( 'NONE', ( #1187, #2204, #431, #1482, #707, #503, #437, #207 ) ) ;
#1362 = DIRECTION ( 'NONE',  ( -0.000000000000000000, 1.000000000000000000, -0.000000000000000000 ) ) ;
#1363 = FILL_AREA_STYLE_COLOUR ( '', #368 ) ;
#1364 = ORIENTED_EDGE ( 'NONE', *, *, #796, .F. ) ;
#1365 = AXIS2_PLACEMENT_3D ( 'NONE', #1564, #30, #1548 ) ;
#1366 = VERTEX_POINT ( 'NONE', #1166 ) ;
#1367 = VERTEX_POINT ( 'NONE', #1155 ) ;
#1368 = DIRECTION ( 'NONE',  ( 0.000000000000000000, -0.000000000000000000, 1.000000000000000000 ) ) ;
#1369 = AXIS2_PLACEMENT_3D ( 'NONE', #1340, #2166, #1145 ) ;
#1370 = ORIENTED_EDGE ( 'NONE', *, *, #301, .T. ) ;
#1371 = EDGE_CURVE ( 'NONE', #1440, #697, #112, .T. ) ;
#1372 = ORIENTED_EDGE ( 'NONE', *, *, #1161, .T. ) ;
#1373 = EDGE_CURVE ( 'NONE', #1634, #1788, #1568, .T. ) ;
#1374 = CARTESIAN_POINT ( 'NONE',  ( -8.699999999999972644, 2.049999999999999378, 12.50000000000000000 ) ) ;
#1375 = APPLICATION_PROTOCOL_DEFINITION ( 'draft international standard', 'automotive_design', 1998, #2089 ) ;
#1376 = LINE ( 'NONE', #526, #603 ) ;
#1377 = VERTEX_POINT ( 'NONE', #1585 ) ;
#1378 = CARTESIAN_POINT ( 'NONE',  ( -9.500000000000000000, 2.000000000000000000, -9.500000000000001776 ) ) ;
#1379 = ORIENTED_EDGE ( 'NONE', *, *, #1060, .T. ) ;
#1380 = FACE_OUTER_BOUND ( 'NONE', #522, .T. ) ;
#1381 = CARTESIAN_POINT ( 'NONE',  ( 12.00000000000000000, 0.000000000000000000, 8.699999999999972644 ) ) ;
#1382 = DIRECTION ( 'NONE',  ( -0.000000000000000000, -1.000000000000000000, -0.000000000000000000 ) ) ;
#1383 = ORIENTED_EDGE ( 'NONE', *, *, #2077, .T. ) ;
#1384 = VECTOR ( 'NONE', #1843, 1000.000000000000000 ) ;
#1385 = DIRECTION ( 'NONE',  ( 9.130123557772670060E-16, 0.000000000000000000, 1.000000000000000000 ) ) ;
#1386 = DIRECTION ( 'NONE',  ( -0.000000000000000000, 1.000000000000000000, -0.000000000000000000 ) ) ;
#1387 = ADVANCED_FACE ( 'NONE', ( #1426 ), #2161, .T. ) ;
#1388 = LINE ( 'NONE', #1707, #2134 ) ;
#1389 = PRESENTATION_LAYER_ASSIGNMENT (  '', '', ( #1203 ) ) ;
#1390 =( LENGTH_UNIT ( ) NAMED_UNIT ( * ) SI_UNIT ( .MILLI., .METRE. ) );
#1391 = PRESENTATION_LAYER_ASSIGNMENT (  '', '', ( #1774 ) ) ;
#1392 = LINE ( 'NONE', #1378, #1324 ) ;
#1393 = DIRECTION ( 'NONE',  ( 0.7071067811865474617, -0.000000000000000000, 0.7071067811865474617 ) ) ;
#1394 = LINE ( 'NONE', #1551, #676 ) ;
#1395 = CARTESIAN_POINT ( 'NONE',  ( -12.34999999999999609, 2.200000000000000178, -8.699999999999976197 ) ) ;
#1396 = FACE_OUTER_BOUND ( 'NONE', #1793, .T. ) ;
#1397 = EDGE_CURVE ( 'NONE', #19, #2206, #1454, .T. ) ;
#1398 = CARTESIAN_POINT ( 'NONE',  ( 0.000000000000000000, 2.668196443880379132, 2.500000000000000444 ) ) ;
#1399 = CARTESIAN_POINT ( 'NONE',  ( -8.699999999999974420, 0.000000000000000000, -12.00000000000000000 ) ) ;
#1400 = CARTESIAN_POINT ( 'NONE',  ( 8.699999999999972644, 2.200000000000000178, -12.50000000000000000 ) ) ;
#1401 = ORIENTED_EDGE ( 'NONE', *, *, #434, .F. ) ;
#1402 = EDGE_CURVE ( 'NONE', #743, #1167, #1412, .T. ) ;
#1403 = FILL_AREA_STYLE ('',( #1363 ) ) ;
#1404 = ADVANCED_FACE ( 'NONE', ( #722 ), #2197, .F. ) ;
#1405 = CARTESIAN_POINT ( 'NONE',  ( -12.00000000000000000, 0.5000000000000000000, 8.699999999999977973 ) ) ;
#1406 = DIRECTION ( 'NONE',  ( -0.7071067811865479058, 0.000000000000000000, -0.7071067811865471286 ) ) ;
#1407 = CIRCLE ( 'NONE', #1136, 3.299999999999998934 ) ;
#1408 = LINE ( 'NONE', #1652, #2155 ) ;
#1409 = ORIENTED_EDGE ( 'NONE', *, *, #1845, .F. ) ;
#1410 = CARTESIAN_POINT ( 'NONE',  ( 0.000000000000000000, 2.800000000000000266, 1.794893170423997431 ) ) ;
#1411 = ADVANCED_FACE ( 'NONE', ( #2209 ), #548, .F. ) ;
#1412 = LINE ( 'NONE', #212, #699 ) ;
#1413 = DIRECTION ( 'NONE',  ( -0.7071067811865465735, -0.7071067811865485719, -8.177564888977843942E-15 ) ) ;
#1414 = DIRECTION ( 'NONE',  ( 0.000000000000000000, 0.000000000000000000, 1.000000000000000000 ) ) ;
#1415 = FACE_OUTER_BOUND ( 'NONE', #1644, .T. ) ;
#1416 = LINE ( 'NONE', #270, #1446 ) ;
#1417 = VERTEX_POINT ( 'NONE', #1205 ) ;
#1418 = AXIS2_PLACEMENT_3D ( 'NONE', #499, #129, #1506 ) ;
#1419 = CARTESIAN_POINT ( 'NONE',  ( 8.000000000000001776, 2.000000000000000000, -9.500000000000001776 ) ) ;
#1420 = EDGE_CURVE ( 'NONE', #1367, #1926, #2201, .T. ) ;
#1421 = VECTOR ( 'NONE', #200, 1000.000000000000000 ) ;
#1422 = ADVANCED_FACE ( 'NONE', ( #732 ), #2212, .T. ) ;
#1423 = ORIENTED_EDGE ( 'NONE', *, *, #308, .T. ) ;
#1424 = AXIS2_PLACEMENT_3D ( 'NONE', #529, #367, #998 ) ;
#1425 = CARTESIAN_POINT ( 'NONE',  ( 0.000000000000000000, 1.550000000000000488, 1.794893170423997431 ) ) ;
#1426 = FACE_OUTER_BOUND ( 'NONE', #2098, .T. ) ;
#1427 = EDGE_CURVE ( 'NONE', #2085, #1880, #1394, .T. ) ;
#1428 = ORIENTED_EDGE ( 'NONE', *, *, #1011, .F. ) ;
#1429 = CARTESIAN_POINT ( 'NONE',  ( -8.700000000000001066, 0.5000000000000000000, -8.700000000000001066 ) ) ;
#1430 = VECTOR ( 'NONE', #563, 1000.000000000000000 ) ;
#1431 = EDGE_CURVE ( 'NONE', #1904, #130, #1407, .T. ) ;
#1432 = ORIENTED_EDGE ( 'NONE', *, *, #1614, .F. ) ;
#1433 = ORIENTED_EDGE ( 'NONE', *, *, #1722, .F. ) ;
#1434 = CARTESIAN_POINT ( 'NONE',  ( -12.50000000000000000, 2.049999999999999378, -8.699999999999974420 ) ) ;
#1435 = PLANE ( 'NONE',  #558 ) ;
#1436 = ORIENTED_EDGE ( 'NONE', *, *, #95, .T. ) ;
#1437 = VERTEX_POINT ( 'NONE', #1888 ) ;
#1438 = DIRECTION ( 'NONE',  ( 0.000000000000000000, -0.7071067811865526798, 0.7071067811865424657 ) ) ;
#1439 = CIRCLE ( 'NONE', #483, 3.299999999999998934 ) ;
#1440 = VERTEX_POINT ( 'NONE', #347 ) ;
#1441 = CARTESIAN_POINT ( 'NONE',  ( -9.500000000000000000, 2.200000000000000178, -9.500000000000001776 ) ) ;
#1442 = ADVANCED_FACE ( 'NONE', ( #2192 ), #106, .F. ) ;
#1443 = CARTESIAN_POINT ( 'NONE',  ( -8.700000000000001066, 2.200000000000000178, -12.34999999999999787 ) ) ;
#1444 = CARTESIAN_POINT ( 'NONE',  ( 9.500000000000001776, -24.87005768508881332, 9.500000000000001776 ) ) ;
#1445 = AXIS2_PLACEMENT_3D ( 'NONE', #2080, #1200, #9 ) ;
#1446 = VECTOR ( 'NONE', #448, 1000.000000000000000 ) ;
#1447 = ORIENTED_EDGE ( 'NONE', *, *, #949, .F. ) ;
#1448 = ORIENTED_EDGE ( 'NONE', *, *, #1317, .T. ) ;
#1449 = ORIENTED_EDGE ( 'NONE', *, *, #2108, .T. ) ;
#1450 = VERTEX_POINT ( 'NONE', #1285 ) ;
#1451 = EDGE_CURVE ( 'NONE', #173, #363, #1416, .T. ) ;
#1452 = CARTESIAN_POINT ( 'NONE',  ( -8.699999999999974420, 0.5000000000000004441, -12.00000000000000000 ) ) ;
#1453 = ADVANCED_FACE ( 'NONE', ( #2139 ), #1631, .F. ) ;
#1454 = CIRCLE ( 'NONE', #1632, 1.250000000000000444 ) ;
#1455 = ORIENTED_EDGE ( 'NONE', *, *, #328, .F. ) ;
#1456 = CARTESIAN_POINT ( 'NONE',  ( 0.000000000000000000, 2.450254319486485866, 2.500000000000000444 ) ) ;
#1457 = EDGE_LOOP ( 'NONE', ( #424, #1181, #21, #2222 ) ) ;
#1458 = EDGE_CURVE ( 'NONE', #1723, #2012, #2180, .T. ) ;
#1459 = LINE ( 'NONE', #904, #2145 ) ;
#1460 = ORIENTED_EDGE ( 'NONE', *, *, #1489, .T. ) ;
#1461 = VERTEX_POINT ( 'NONE', #1171 ) ;
#1462 = CARTESIAN_POINT ( 'NONE',  ( -8.699999999999972644, 0.1500000000000029921, 12.50000000000000000 ) ) ;
#1463 = VECTOR ( 'NONE', #2072, 1000.000000000000000 ) ;
#1464 = ORIENTED_EDGE ( 'NONE', *, *, #2203, .T. ) ;
#1465 =( LENGTH_UNIT ( ) NAMED_UNIT ( * ) SI_UNIT ( .MILLI., .METRE. ) );
#1466 = ORIENTED_EDGE ( 'NONE', *, *, #1431, .F. ) ;
#1467 = ORIENTED_EDGE ( 'NONE', *, *, #2028, .T. ) ;
#1468 = ORIENTED_EDGE ( 'NONE', *, *, #2132, .T. ) ;
#1469 = CARTESIAN_POINT ( 'NONE',  ( -8.700000000000001066, 2.049999999999999378, -8.700000000000001066 ) ) ;
#1470 = ORIENTED_EDGE ( 'NONE', *, *, #366, .T. ) ;
#1471 = DIRECTION ( 'NONE',  ( 1.000000000000000000, 0.000000000000000000, -0.000000000000000000 ) ) ;
#1472 = ORIENTED_EDGE ( 'NONE', *, *, #888, .T. ) ;
#1473 = ORIENTED_EDGE ( 'NONE', *, *, #408, .T. ) ;
#1474 = DIRECTION ( 'NONE',  ( 0.000000000000000000, 0.000000000000000000, -1.000000000000000000 ) ) ;
#1475 = AXIS2_PLACEMENT_3D ( 'NONE', #326, #662, #1523 ) ;
#1476 = CARTESIAN_POINT ( 'NONE',  ( -9.500000000000000000, 2.000000000000001776, 8.000000000000001776 ) ) ;
#1477 = CIRCLE ( 'NONE', #1276, 3.799999999999999378 ) ;
#1478 = ORIENTED_EDGE ( 'NONE', *, *, #1371, .F. ) ;
#1479 = CARTESIAN_POINT ( 'NONE',  ( 0.000000000000000000, -2.299999999999999822, 2.500000000000000000 ) ) ;
#1480 = VERTEX_POINT ( 'NONE', #1347 ) ;
#1481 = LINE ( 'NONE', #1064, #2221 ) ;
#1482 = ORIENTED_EDGE ( 'NONE', *, *, #1193, .T. ) ;
#1483 = EDGE_CURVE ( 'NONE', #1686, #333, #680, .T. ) ;
#1484 = DIRECTION ( 'NONE',  ( 0.000000000000000000, 0.000000000000000000, -1.000000000000000000 ) ) ;
#1485 = ORIENTED_EDGE ( 'NONE', *, *, #274, .T. ) ;
#1486 = CARTESIAN_POINT ( 'NONE',  ( -8.699999999999972644, 0.5000000000000000000, 12.00000000000000000 ) ) ;
#1487 = FACE_OUTER_BOUND ( 'NONE', #1911, .T. ) ;
#1488 = ORIENTED_EDGE ( 'NONE', *, *, #7, .T. ) ;
#1489 = EDGE_CURVE ( 'NONE', #157, #1697, #2174, .T. ) ;
#1490 = DIRECTION ( 'NONE',  ( -0.000000000000000000, -1.000000000000000000, 8.503546450866700815E-17 ) ) ;
#1491 = ORIENTED_EDGE ( 'NONE', *, *, #1877, .T. ) ;
#1492 = FACE_OUTER_BOUND ( 'NONE', #1150, .T. ) ;
#1493 = ORIENTED_EDGE ( 'NONE', *, *, #2127, .T. ) ;
#1494 = CARTESIAN_POINT ( 'NONE',  ( -8.700000000000001066, 0.000000000000000000, -12.34999999999999787 ) ) ;
#1495 = ORIENTED_EDGE ( 'NONE', *, *, #1567, .T. ) ;
#1496 = SURFACE_STYLE_USAGE ( .BOTH. , #1511 ) ;
#1497 = ORIENTED_EDGE ( 'NONE', *, *, #819, .F. ) ;
#1498 = CARTESIAN_POINT ( 'NONE',  ( 8.699999999999974420, 0.5000000000000004441, -12.00000000000000000 ) ) ;
#1499 = ORIENTED_EDGE ( 'NONE', *, *, #67, .T. ) ;
#1500 = CIRCLE ( 'NONE', #2120, 3.799999999999999378 ) ;
#1501 = ORIENTED_EDGE ( 'NONE', *, *, #2081, .F. ) ;
#1502 = PLANE ( 'NONE',  #1369 ) ;
#1503 = CARTESIAN_POINT ( 'NONE',  ( 0.000000000000000000, 0.5000000000000004441, 2.500000000000000000 ) ) ;
#1504 = ORIENTED_EDGE ( 'NONE', *, *, #828, .T. ) ;
#1505 = CARTESIAN_POINT ( 'NONE',  ( 0.000000000000000000, 2.000000000000000000, 0.000000000000000000 ) ) ;
#1506 = DIRECTION ( 'NONE',  ( 0.000000000000000000, 0.000000000000000000, -1.000000000000000000 ) ) ;
#1507 = CIRCLE ( 'NONE', #1156, 2.000000000000001332 ) ;
#1508 = ORIENTED_EDGE ( 'NONE', *, *, #1239, .T. ) ;
#1509 = CIRCLE ( 'NONE', #202, 3.799999999999999378 ) ;
#1510 = AXIS2_PLACEMENT_3D ( 'NONE', #2167, #969, #989 ) ;
#1511 = SURFACE_SIDE_STYLE ('',( #277 ) ) ;
#1512 = FACE_OUTER_BOUND ( 'NONE', #831, .T. ) ;
#1513 = AXIS2_PLACEMENT_3D ( 'NONE', #794, #1138, #1299 ) ;
#1514 = EDGE_CURVE ( 'NONE', #980, #1334, #2188, .T. ) ;
#1515 = ORIENTED_EDGE ( 'NONE', *, *, #2177, .T. ) ;
#1516 = DIRECTION ( 'NONE',  ( 0.000000000000000000, -1.000000000000000000, 0.000000000000000000 ) ) ;
#1517 = CARTESIAN_POINT ( 'NONE',  ( -8.699999999999974420, 0.5000000000000000000, -12.00000000000000000 ) ) ;
#1518 = EDGE_CURVE ( 'NONE', #1377, #1828, #736, .T. ) ;
#1519 = DIRECTION ( 'NONE',  ( 0.000000000000000000, -0.000000000000000000, 1.000000000000000000 ) ) ;
#1520 = VECTOR ( 'NONE', #1883, 1000.000000000000114 ) ;
#1521 = ORIENTED_EDGE ( 'NONE', *, *, #95, .F. ) ;
#1522 = CARTESIAN_POINT ( 'NONE',  ( -8.000000000000000000, 2.000000000000001776, 9.500000000000001776 ) ) ;
#1523 = DIRECTION ( 'NONE',  ( 0.000000000000000000, 0.000000000000000000, -1.000000000000000000 ) ) ;
#1524 = UNCERTAINTY_MEASURE_WITH_UNIT (LENGTH_MEASURE( 1.000000000000000082E-05 ), #1465, 'distance_accuracy_value', 'NONE');
#1525 = FACE_OUTER_BOUND ( 'NONE', #1736, .T. ) ;
#1526 = VERTEX_POINT ( 'NONE', #1950 ) ;
#1527 = VECTOR ( 'NONE', #536, 1000.000000000000000 ) ;
#1528 = VERTEX_POINT ( 'NONE', #745 ) ;
#1529 = DIRECTION ( 'NONE',  ( 0.7071067811865556774, -0.7071067811865393571, 0.000000000000000000 ) ) ;
#1530 = ORIENTED_EDGE ( 'NONE', *, *, #1373, .F. ) ;
#1531 = AXIS2_PLACEMENT_3D ( 'NONE', #40, #24, #1210 ) ;
#1532 = DIRECTION ( 'NONE',  ( 1.000000000000000000, -0.000000000000000000, 0.000000000000000000 ) ) ;
#1533 = CARTESIAN_POINT ( 'NONE',  ( -12.00000000000000000, 0.5000000000000000000, -8.699999999999976197 ) ) ;
#1534 = LINE ( 'NONE', #991, #12 ) ;
#1535 = EDGE_LOOP ( 'NONE', ( #849, #1942, #56, #1595 ) ) ;
#1536 = AXIS2_PLACEMENT_3D ( 'NONE', #803, #2003, #1359 ) ;
#1537 = DIRECTION ( 'NONE',  ( 1.000000000000000000, 0.000000000000000000, 0.000000000000000000 ) ) ;
#1538 = EDGE_CURVE ( 'NONE', #1025, #1849, #1459, .T. ) ;
#1539 = EDGE_CURVE ( 'NONE', #317, #1873, #666, .T. ) ;
#1540 = ORIENTED_EDGE ( 'NONE', *, *, #1161, .F. ) ;
#1541 = EDGE_CURVE ( 'NONE', #1926, #1070, #1477, .T. ) ;
#1542 = VECTOR ( 'NONE', #659, 1000.000000000000000 ) ;
#1543 = ORIENTED_EDGE ( 'NONE', *, *, #630, .T. ) ;
#1544 = DIRECTION ( 'NONE',  ( -0.000000000000000000, -1.000000000000000000, -0.000000000000000000 ) ) ;
#1545 = CARTESIAN_POINT ( 'NONE',  ( 8.000000000000001776, 2.000000000000000000, -9.500000000000001776 ) ) ;
#1546 = FACE_OUTER_BOUND ( 'NONE', #1257, .T. ) ;
#1547 = ORIENTED_EDGE ( 'NONE', *, *, #708, .F. ) ;
#1548 = DIRECTION ( 'NONE',  ( -0.000000000000000000, 0.000000000000000000, -1.000000000000000000 ) ) ;
#1549 = CYLINDRICAL_SURFACE ( 'NONE', #1445, 3.299999999999998934 ) ;
#1550 = ORIENTED_EDGE ( 'NONE', *, *, #1563, .T. ) ;
#1551 = CARTESIAN_POINT ( 'NONE',  ( 12.00000000000000000, 0.000000000000000000, -8.699999999999977973 ) ) ;
#1552 = LINE ( 'NONE', #2157, #757 ) ;
#1553 = ORIENTED_EDGE ( 'NONE', *, *, #1323, .F. ) ;
#1554 = DIRECTION ( 'NONE',  ( 0.000000000000000000, 0.000000000000000000, -1.000000000000000000 ) ) ;
#1555 = FACE_OUTER_BOUND ( 'NONE', #1298, .T. ) ;
#1556 = ORIENTED_EDGE ( 'NONE', *, *, #1820, .F. ) ;
#1557 =( GEOMETRIC_REPRESENTATION_CONTEXT ( 3 ) GLOBAL_UNCERTAINTY_ASSIGNED_CONTEXT ( ( #1524 ) ) GLOBAL_UNIT_ASSIGNED_CONTEXT ( ( #1465, #1985, #2152 ) ) REPRESENTATION_CONTEXT ( 'NONE', 'WORKASPACE' ) );
#1558 = CARTESIAN_POINT ( 'NONE',  ( -12.34999999999999964, 0.000000000000000000, -8.699999999999976197 ) ) ;
#1559 = CARTESIAN_POINT ( 'NONE',  ( 12.00000000000000000, 0.5000000000000004441, -8.699999999999977973 ) ) ;
#1560 = VECTOR ( 'NONE', #481, 1000.000000000000000 ) ;
#1561 = ORIENTED_EDGE ( 'NONE', *, *, #1483, .F. ) ;
#1562 = PRODUCT_DEFINITION_CONTEXT ( 'detailed design', #194, 'design' ) ;
#1563 = EDGE_CURVE ( 'NONE', #157, #1982, #665, .T. ) ;
#1564 = CARTESIAN_POINT ( 'NONE',  ( 12.00000000000000000, 34.44112549695427816, -8.699999999999977973 ) ) ;
#1565 = CIRCLE ( 'NONE', #1907, 1.250000000000000444 ) ;
#1566 = ORIENTED_EDGE ( 'NONE', *, *, #1137, .F. ) ;
#1567 = EDGE_CURVE ( 'NONE', #1070, #605, #685, .T. ) ;
#1568 = LINE ( 'NONE', #1860, #691 ) ;
#1569 = EDGE_LOOP ( 'NONE', ( #636, #1460, #36, #2078 ) ) ;
#1570 = CARTESIAN_POINT ( 'NONE',  ( -8.700000000000001066, 0.5000000000000000000, 8.700000000000001066 ) ) ;
#1571 = CARTESIAN_POINT ( 'NONE',  ( 8.700000000000001066, 0.5000000000000000000, 8.700000000000001066 ) ) ;
#1572 = LINE ( 'NONE', #1875, #850 ) ;
#1573 = CARTESIAN_POINT ( 'NONE',  ( 8.700000000000001066, 0.000000000000000000, -8.700000000000001066 ) ) ;
#1574 = FACE_OUTER_BOUND ( 'NONE', #555, .T. ) ;
#1575 = EDGE_LOOP ( 'NONE', ( #882, #2000, #104, #871, #873, #1222 ) ) ;
#1576 = DIRECTION ( 'NONE',  ( -0.000000000000000000, -1.000000000000000000, 8.503546450866700815E-17 ) ) ;
#1577 = DIRECTION ( 'NONE',  ( 0.000000000000000000, 0.000000000000000000, -1.000000000000000000 ) ) ;
#1578 = FACE_OUTER_BOUND ( 'NONE', #627, .T. ) ;
#1579 = CARTESIAN_POINT ( 'NONE',  ( 8.699999999999972644, 2.200000000000000178, -12.34999999999999609 ) ) ;
#1580 = FACE_OUTER_BOUND ( 'NONE', #44, .T. ) ;
#1581 = ORIENTED_EDGE ( 'NONE', *, *, #1317, .F. ) ;
#1582 = PRODUCT_CONTEXT ( 'NONE', #2089, 'mechanical' ) ;
#1583 = CARTESIAN_POINT ( 'NONE',  ( -8.699999999999972644, 0.1500000000000029921, 12.50000000000000000 ) ) ;
#1584 = STYLED_ITEM ( 'NONE', ( #1295 ), #793 ) ;
#1585 = CARTESIAN_POINT ( 'NONE',  ( 2.449293598294707893E-16, 2.200000000000000622, 4.500000000000002665 ) ) ;
#1586 = AXIS2_PLACEMENT_3D ( 'NONE', #1678, #324, #1185 ) ;
#1587 = ADVANCED_FACE ( 'NONE', ( #687 ), #696, .T. ) ;
#1588 = EDGE_CURVE ( 'NONE', #802, #842, #1439, .T. ) ;
#1589 = CARTESIAN_POINT ( 'NONE',  ( 0.000000000000000000, 2.200000000000000622, 2.500000000000000444 ) ) ;
#1590 = DIRECTION ( 'NONE',  ( -0.000000000000000000, -1.000000000000000000, -0.000000000000000000 ) ) ;
#1591 = CONICAL_SURFACE ( 'NONE', #1510, 3.799999999999999378, 0.7853981633974410625 ) ;
#1592 = VERTEX_POINT ( 'NONE', #897 ) ;
#1593 = DIRECTION ( 'NONE',  ( 9.912705577010325549E-17, 0.000000000000000000, -1.000000000000000000 ) ) ;
#1594 = EDGE_CURVE ( 'NONE', #1692, #1366, #2185, .T. ) ;
#1595 = ORIENTED_EDGE ( 'NONE', *, *, #1936, .F. ) ;
#1596 = PLANE ( 'NONE',  #321 ) ;
#1597 = VERTEX_POINT ( 'NONE', #553 ) ;
#1598 = CARTESIAN_POINT ( 'NONE',  ( 0.000000000000000000, 1.689880737647827535, 2.500000000000000444 ) ) ;
#1599 = ORIENTED_EDGE ( 'NONE', *, *, #313, .F. ) ;
#1600 = PLANE ( 'NONE',  #628 ) ;
#1601 = DIRECTION ( 'NONE',  ( 0.000000000000000000, -1.000000000000000000, 0.000000000000000000 ) ) ;
#1602 = ADVANCED_FACE ( 'NONE', ( #1512 ), #402, .F. ) ;
#1603 = CARTESIAN_POINT ( 'NONE',  ( -8.700000000000001066, 0.5000000000000000000, -8.700000000000001066 ) ) ;
#1604 = CARTESIAN_POINT ( 'NONE',  ( 0.000000000000000000, 2.800000000000000266, 2.500000000000000444 ) ) ;
#1605 = ORIENTED_EDGE ( 'NONE', *, *, #469, .F. ) ;
#1606 = ADVANCED_FACE ( 'NONE', ( #823 ), #2135, .T. ) ;
#1607 = DIRECTION ( 'NONE',  ( 0.000000000000000000, 0.000000000000000000, -1.000000000000000000 ) ) ;
#1608 = VERTEX_POINT ( 'NONE', #1395 ) ;
#1609 = AXIS2_PLACEMENT_3D ( 'NONE', #2164, #1120, #1803 ) ;
#1610 = EDGE_CURVE ( 'NONE', #392, #363, #1500, .T. ) ;
#1611 = ORIENTED_EDGE ( 'NONE', *, *, #1716, .T. ) ;
#1612 = DIRECTION ( 'NONE',  ( -1.000000000000000000, 0.000000000000000000, 0.000000000000000000 ) ) ;
#1613 = ADVANCED_FACE ( 'NONE', ( #780 ), #312, .T. ) ;
#1614 = EDGE_CURVE ( 'NONE', #1954, #1620, #771, .T. ) ;
#1615 = ORIENTED_EDGE ( 'NONE', *, *, #513, .F. ) ;
#1616 = DIRECTION ( 'NONE',  ( 0.000000000000000000, 0.000000000000000000, 1.000000000000000000 ) ) ;
#1617 = DIRECTION ( 'NONE',  ( -1.000000000000000000, 0.000000000000000000, -0.000000000000000000 ) ) ;
#1618 = DIRECTION ( 'NONE',  ( 0.000000000000000000, 0.000000000000000000, -1.000000000000000000 ) ) ;
#1619 = EDGE_CURVE ( 'NONE', #1828, #1377, #1507, .T. ) ;
#1620 = VERTEX_POINT ( 'NONE', #482 ) ;
#1621 = ORIENTED_EDGE ( 'NONE', *, *, #1371, .T. ) ;
#1622 = ADVANCED_FACE ( 'NONE', ( #3 ), #497, .F. ) ;
#1623 = CARTESIAN_POINT ( 'NONE',  ( 12.34999999999999609, 2.200000000000000178, 8.699999999999972644 ) ) ;
#1624 = EDGE_LOOP ( 'NONE', ( #1621, #2213, #737, #961 ) ) ;
#1625 = DIRECTION ( 'NONE',  ( -0.000000000000000000, -1.000000000000000000, 8.503546450866700815E-17 ) ) ;
#1626 = ORIENTED_EDGE ( 'NONE', *, *, #730, .T. ) ;
#1627 = DIRECTION ( 'NONE',  ( 0.000000000000000000, 0.000000000000000000, -1.000000000000000000 ) ) ;
#1628 = AXIS2_PLACEMENT_3D ( 'NONE', #1319, #491, #1284 ) ;
#1629 = CARTESIAN_POINT ( 'NONE',  ( 4.898587196589413692E-17, 0.000000000000000000, 2.100000000000000089 ) ) ;
#1630 = ORIENTED_EDGE ( 'NONE', *, *, #418, .F. ) ;
#1631 = PLANE ( 'NONE',  #1807 ) ;
#1632 = AXIS2_PLACEMENT_3D ( 'NONE', #2091, #1235, #1915 ) ;
#1633 = CARTESIAN_POINT ( 'NONE',  ( -8.700000000000001066, 0.000000000000000000, -8.700000000000001066 ) ) ;
#1634 = VERTEX_POINT ( 'NONE', #1006 ) ;
#1635 = EDGE_CURVE ( 'NONE', #1948, #1608, #1552, .T. ) ;
#1636 = DIRECTION ( 'NONE',  ( 0.000000000000000000, -1.000000000000000000, 0.000000000000000000 ) ) ;
#1637 = ORIENTED_EDGE ( 'NONE', *, *, #1289, .F. ) ;
#1638 = ADVANCED_FACE ( 'NONE', ( #1555 ), #768, .T. ) ;
#1639 = EDGE_CURVE ( 'NONE', #1334, #19, #47, .T. ) ;
#1640 = ORIENTED_EDGE ( 'NONE', *, *, #1893, .F. ) ;
#1641 = DIRECTION ( 'NONE',  ( -0.000000000000000000, 1.000000000000000000, 0.000000000000000000 ) ) ;
#1642 = CARTESIAN_POINT ( 'NONE',  ( -8.700000000000001066, 2.200000000000000178, 8.700000000000001066 ) ) ;
#1643 = DIRECTION ( 'NONE',  ( 0.000000000000000000, -1.000000000000000000, 0.000000000000000000 ) ) ;
#1644 = EDGE_LOOP ( 'NONE', ( #60, #465, #81, #1199 ) ) ;
#1645 = LINE ( 'NONE', #2095, #981 ) ;
#1646 = ADVANCED_FACE ( 'NONE', ( #1492 ), #754, .T. ) ;
#1647 = CARTESIAN_POINT ( 'NONE',  ( 12.50000000000000000, 0.1500000000000029921, 8.699999999999972644 ) ) ;
#1648 = ORIENTED_EDGE ( 'NONE', *, *, #2055, .T. ) ;
#1649 = CYLINDRICAL_SURFACE ( 'NONE', #941, 3.299999999999998934 ) ;
#1650 = CARTESIAN_POINT ( 'NONE',  ( 0.000000000000000000, 0.5000000000000000000, 1.249999999999999556 ) ) ;
#1651 = VERTEX_POINT ( 'NONE', #1486 ) ;
#1652 = CARTESIAN_POINT ( 'NONE',  ( -8.000000000000000000, 2.200000000000000178, 9.500000000000001776 ) ) ;
#1653 = VECTOR ( 'NONE', #1896, 1000.000000000000000 ) ;
#1654 = ORIENTED_EDGE ( 'NONE', *, *, #2111, .T. ) ;
#1655 = LINE ( 'NONE', #1128, #1667 ) ;
#1656 = DIRECTION ( 'NONE',  ( -0.000000000000000000, 1.000000000000000000, -0.000000000000000000 ) ) ;
#1657 = CARTESIAN_POINT ( 'NONE',  ( 0.000000000000000000, 0.5000000000000004441, 2.500000000000000000 ) ) ;
#1658 = VECTOR ( 'NONE', #1827, 1000.000000000000000 ) ;
#1659 = EDGE_CURVE ( 'NONE', #2012, #2007, #16, .T. ) ;
#1660 = CARTESIAN_POINT ( 'NONE',  ( 8.700000000000001066, 2.200000000000000178, 8.700000000000001066 ) ) ;
#1661 = CARTESIAN_POINT ( 'NONE',  ( -8.700000000000001066, 2.049999999999999378, -12.50000000000000000 ) ) ;
#1662 = CARTESIAN_POINT ( 'NONE',  ( 8.700000000000001066, 2.200000000000000178, -8.700000000000001066 ) ) ;
#1663 = FACE_OUTER_BOUND ( 'NONE', #1061, .T. ) ;
#1664 = DIRECTION ( 'NONE',  ( -0.000000000000000000, -1.000000000000000000, -0.000000000000000000 ) ) ;
#1665 = ADVANCED_FACE ( 'NONE', ( #1546 ), #1344, .F. ) ;
#1666 = EDGE_CURVE ( 'NONE', #2122, #392, #1534, .T. ) ;
#1667 = VECTOR ( 'NONE', #893, 1000.000000000000000 ) ;
#1668 = CARTESIAN_POINT ( 'NONE',  ( 8.699999999999974420, 2.200000000000000178, 12.34999999999999609 ) ) ;
#1669 = VECTOR ( 'NONE', #1947, 1000.000000000000000 ) ;
#1670 = PLANE ( 'NONE',  #1038 ) ;
#1671 = DIRECTION ( 'NONE',  ( 0.000000000000000000, 0.7071067811865424657, -0.7071067811865526798 ) ) ;
#1672 = TOROIDAL_SURFACE ( 'NONE', #1940, 0.7051068295760031246, 1.249999999999999778 ) ;
#1673 = DIRECTION ( 'NONE',  ( 0.000000000000000000, -1.000000000000000000, 0.000000000000000000 ) ) ;
#1674 = LINE ( 'NONE', #1981, #1653 ) ;
#1675 = DIRECTION ( 'NONE',  ( -0.000000000000000000, -1.000000000000000000, 8.503546450866700815E-17 ) ) ;
#1676 = CARTESIAN_POINT ( 'NONE',  ( -8.699999999999974420, 0.000000000000000000, -12.00000000000000178 ) ) ;
#1677 = FACE_OUTER_BOUND ( 'NONE', #550, .T. ) ;
#1678 = CARTESIAN_POINT ( 'NONE',  ( 0.000000000000000000, 2.450254319486485866, 2.500000000000000444 ) ) ;
#1679 = VECTOR ( 'NONE', #42, 1000.000000000000000 ) ;
#1680 = DIRECTION ( 'NONE',  ( 0.000000000000000000, 0.000000000000000000, 1.000000000000000000 ) ) ;
#1681 = AXIS2_PLACEMENT_3D ( 'NONE', #1263, #1076, #615 ) ;
#1682 = FACE_OUTER_BOUND ( 'NONE', #851, .T. ) ;
#1683 = VECTOR ( 'NONE', #926, 1000.000000000000000 ) ;
#1684 = DIRECTION ( 'NONE',  ( 0.000000000000000000, 0.000000000000000000, 1.000000000000000000 ) ) ;
#1685 = VECTOR ( 'NONE', #546, 1000.000000000000000 ) ;
#1686 = VERTEX_POINT ( 'NONE', #645 ) ;
#1687 =( NAMED_UNIT ( * ) SI_UNIT ( $, .STERADIAN. ) SOLID_ANGLE_UNIT ( ) );
#1688 = FACE_OUTER_BOUND ( 'NONE', #808, .T. ) ;
#1689 = EDGE_CURVE ( 'NONE', #2202, #802, #59, .T. ) ;
#1690 = CYLINDRICAL_SURFACE ( 'NONE', #380, 0.4000000000000001887 ) ;
#1691 = CARTESIAN_POINT ( 'NONE',  ( 8.699999999999974420, 0.000000000000000000, -12.00000000000000000 ) ) ;
#1692 = VERTEX_POINT ( 'NONE', #2199 ) ;
#1693 = LINE ( 'NONE', #2175, #1818 ) ;
#1694 = EDGE_CURVE ( 'NONE', #1948, #1357, #1509, .T. ) ;
#1695 = CONICAL_SURFACE ( 'NONE', #1531, 3.799999999999999378, 0.7853981633974410625 ) ;
#1696 = CARTESIAN_POINT ( 'NONE',  ( 0.000000000000000000, 2.668196443880379132, 2.500000000000000444 ) ) ;
#1697 = VERTEX_POINT ( 'NONE', #820 ) ;
#1698 = LINE ( 'NONE', #2159, #1705 ) ;
#1699 = CARTESIAN_POINT ( 'NONE',  ( 0.000000000000000000, 0.000000000000000000, 1.249999999999999556 ) ) ;
#1700 = ORIENTED_EDGE ( 'NONE', *, *, #1666, .F. ) ;
#1701 = CIRCLE ( 'NONE', #539, 1.699999999999999734 ) ;
#1702 = DIRECTION ( 'NONE',  ( 0.000000000000000000, 0.000000000000000000, -1.000000000000000000 ) ) ;
#1703 = LINE ( 'NONE', #875, #942 ) ;
#1704 =( LENGTH_UNIT ( ) NAMED_UNIT ( * ) SI_UNIT ( .MILLI., .METRE. ) );
#1705 = VECTOR ( 'NONE', #1093, 1000.000000000000000 ) ;
#1706 = VECTOR ( 'NONE', #1913, 1000.000000000000000 ) ;
#1707 = CARTESIAN_POINT ( 'NONE',  ( 12.50000000000000000, 2.200000000000000178, 8.699999999999972644 ) ) ;
#1708 = EDGE_LOOP ( 'NONE', ( #2088, #1084, #10, #1143, #505, #314, #496, #1332 ) ) ;
#1709 = VECTOR ( 'NONE', #617, 1000.000000000000000 ) ;
#1710 = CARTESIAN_POINT ( 'NONE',  ( -8.699999999999972644, 2.049999999999999378, 12.50000000000000000 ) ) ;
#1711 = LINE ( 'NONE', #373, #1731 ) ;
#1712 = ORIENTED_EDGE ( 'NONE', *, *, #1635, .F. ) ;
#1713 = MECHANICAL_DESIGN_GEOMETRIC_PRESENTATION_REPRESENTATION (  '', ( #1584 ), #1115 ) ;
#1714 = CIRCLE ( 'NONE', #1306, 3.299999999999998934 ) ;
#1715 = CARTESIAN_POINT ( 'NONE',  ( -12.50000000000000000, 2.049999999999999378, 8.699999999999972644 ) ) ;
#1716 = EDGE_CURVE ( 'NONE', #1857, #365, #77, .T. ) ;
#1717 = VECTOR ( 'NONE', #1754, 1000.000000000000000 ) ;
#1718 = ORIENTED_EDGE ( 'NONE', *, *, #2203, .F. ) ;
#1719 = CIRCLE ( 'NONE', #122, 3.299999999999998934 ) ;
#1720 = AXIS2_PLACEMENT_3D ( 'NONE', #1660, #275, #479 ) ;
#1721 = DIRECTION ( 'NONE',  ( -0.000000000000000000, -1.000000000000000000, 8.503546450866700815E-17 ) ) ;
#1722 = EDGE_CURVE ( 'NONE', #1357, #1723, #68, .T. ) ;
#1723 = VERTEX_POINT ( 'NONE', #151 ) ;
#1724 = LINE ( 'NONE', #1069, #179 ) ;
#1725 = PRESENTATION_STYLE_ASSIGNMENT (( #738 ) ) ;
#1726 = PLANE ( 'NONE',  #2123 ) ;
#1727 = EDGE_CURVE ( 'NONE', #1863, #224, #27, .T. ) ;
#1728 = VERTEX_POINT ( 'NONE', #1990 ) ;
#1729 = FACE_OUTER_BOUND ( 'NONE', #1361, .T. ) ;
#1730 = DIRECTION ( 'NONE',  ( 0.000000000000000000, 0.000000000000000000, -1.000000000000000000 ) ) ;
#1731 = VECTOR ( 'NONE', #1368, 1000.000000000000000 ) ;
#1732 = ORIENTED_EDGE ( 'NONE', *, *, #1489, .F. ) ;
#1733 = LINE ( 'NONE', #810, #1017 ) ;
#1734 = CARTESIAN_POINT ( 'NONE',  ( 8.699999999999972644, 2.200000000000000178, 12.50000000000000000 ) ) ;
#1735 = DIRECTION ( 'NONE',  ( -0.000000000000000000, -1.000000000000000000, -0.000000000000000000 ) ) ;
#1736 = EDGE_LOOP ( 'NONE', ( #1466, #654, #2211, #1013 ) ) ;
#1737 = CARTESIAN_POINT ( 'NONE',  ( -8.700000000000001066, 0.000000000000000000, -12.34999999999999787 ) ) ;
#1738 =( LENGTH_UNIT ( ) NAMED_UNIT ( * ) SI_UNIT ( .MILLI., .METRE. ) );
#1739 = DIRECTION ( 'NONE',  ( -0.000000000000000000, -1.000000000000000000, -0.000000000000000000 ) ) ;
#1740 = ORIENTED_EDGE ( 'NONE', *, *, #1694, .F. ) ;
#1741 = CARTESIAN_POINT ( 'NONE',  ( -12.00000000000000000, 0.000000000000000000, 8.699999999999977973 ) ) ;
#1742 = DIRECTION ( 'NONE',  ( -0.000000000000000000, -1.000000000000000000, -0.000000000000000000 ) ) ;
#1743 = ORIENTED_EDGE ( 'NONE', *, *, #1060, .F. ) ;
#1744 = DIRECTION ( 'NONE',  ( 0.000000000000000000, 0.000000000000000000, -1.000000000000000000 ) ) ;
#1745 = AXIS2_PLACEMENT_3D ( 'NONE', #715, #32, #192 ) ;
#1746 = CARTESIAN_POINT ( 'NONE',  ( 12.00000000000000000, 0.000000000000000000, -8.699999999999977973 ) ) ;
#1747 = ORIENTED_EDGE ( 'NONE', *, *, #440, .F. ) ;
#1748 = CIRCLE ( 'NONE', #2172, 3.649999999999998579 ) ;
#1749 = EDGE_CURVE ( 'NONE', #1167, #2027, #746, .T. ) ;
#1750 = VECTOR ( 'NONE', #1123, 1000.000000000000227 ) ;
#1751 = ADVANCED_FACE ( 'NONE', ( #2217 ), #435, .T. ) ;
#1752 = ORIENTED_EDGE ( 'NONE', *, *, #15, .F. ) ;
#1753 = LINE ( 'NONE', #594, #260 ) ;
#1754 = DIRECTION ( 'NONE',  ( 1.000000000000000000, 0.000000000000000000, 0.000000000000000000 ) ) ;
#1755 = EDGE_LOOP ( 'NONE', ( #569, #1842, #1360, #323 ) ) ;
#1756 = CARTESIAN_POINT ( 'NONE',  ( 0.000000000000000000, 0.5000000000000000000, 2.500000000000000000 ) ) ;
#1757 = LINE ( 'NONE', #1710, #189 ) ;
#1758 = ORIENTED_EDGE ( 'NONE', *, *, #37, .F. ) ;
#1759 = ADVANCED_FACE ( 'NONE', ( #33 ), #741, .F. ) ;
#1760 = VECTOR ( 'NONE', #1318, 1000.000000000000000 ) ;
#1761 = VECTOR ( 'NONE', #1656, 1000.000000000000000 ) ;
#1762 = CARTESIAN_POINT ( 'NONE',  ( -8.000000000000000000, 2.200000000000000178, 9.500000000000001776 ) ) ;
#1763 = ORIENTED_EDGE ( 'NONE', *, *, #675, .T. ) ;
#1764 = LINE ( 'NONE', #1838, #1044 ) ;
#1765 = DIRECTION ( 'NONE',  ( -0.7071067811865479058, -0.000000000000000000, -0.7071067811865471286 ) ) ;
#1766 = FILL_AREA_STYLE_COLOUR ( '', #425 ) ;
#1767 = ORIENTED_EDGE ( 'NONE', *, *, #1015, .T. ) ;
#1768 = LINE ( 'NONE', #1898, #269 ) ;
#1769 = LINE ( 'NONE', #813, #1036 ) ;
#1770 = ADVANCED_FACE ( 'NONE', ( #1525 ), #804, .T. ) ;
#1771 = DIRECTION ( 'NONE',  ( 0.000000000000000000, 0.7071067811865556774, 0.7071067811865393571 ) ) ;
#1772 = ORIENTED_EDGE ( 'NONE', *, *, #1635, .T. ) ;
#1773 = DIRECTION ( 'NONE',  ( 0.000000000000000000, 0.7071067811865515695, -0.7071067811865434649 ) ) ;
#1774 = STYLED_ITEM ( 'NONE', ( #478 ), #1172 ) ;
#1775 = CARTESIAN_POINT ( 'NONE',  ( 12.34999999999999787, 2.200000000000000178, -8.699999999999976197 ) ) ;
#1776 = FACE_OUTER_BOUND ( 'NONE', #2005, .T. ) ;
#1777 = DIRECTION ( 'NONE',  ( -0.000000000000000000, 1.000000000000000000, 0.000000000000000000 ) ) ;
#1778 = LINE ( 'NONE', #121, #1761 ) ;
#1779 = PRESENTATION_LAYER_ASSIGNMENT (  '', '', ( #466 ) ) ;
#1780 = CARTESIAN_POINT ( 'NONE',  ( 8.000000000000001776, -24.87005768508881332, -9.500000000000001776 ) ) ;
#1781 = ORIENTED_EDGE ( 'NONE', *, *, #98, .F. ) ;
#1782 = LINE ( 'NONE', #832, #1051 ) ;
#1783 = CARTESIAN_POINT ( 'NONE',  ( 8.000000000000001776, -24.87005768508881332, -9.500000000000001776 ) ) ;
#1784 = CARTESIAN_POINT ( 'NONE',  ( -8.699999999999974420, 34.44112549695427816, -12.00000000000000000 ) ) ;
#1785 = LINE ( 'NONE', #795, #1086 ) ;
#1786 = CARTESIAN_POINT ( 'NONE',  ( -8.700000000000001066, 0.000000000000000000, 12.34999999999999964 ) ) ;
#1787 = EDGE_CURVE ( 'NONE', #2094, #22, #783, .T. ) ;
#1788 = VERTEX_POINT ( 'NONE', #2093 ) ;
#1789 = FACE_OUTER_BOUND ( 'NONE', #161, .T. ) ;
#1790 = DIRECTION ( 'NONE',  ( -0.000000000000000000, -1.000000000000000000, -0.000000000000000000 ) ) ;
#1791 = CIRCLE ( 'NONE', #1053, 3.649999999999995470 ) ;
#1792 = CARTESIAN_POINT ( 'NONE',  ( 12.50000000000000000, 2.200000000000000178, 8.699999999999972644 ) ) ;
#1793 = EDGE_LOOP ( 'NONE', ( #784, #1543, #1540, #1272 ) ) ;
#1794 = FACE_OUTER_BOUND ( 'NONE', #698, .T. ) ;
#1795 = ADVANCED_FACE ( 'NONE', ( #43 ), #1549, .T. ) ;
#1796 = DIRECTION ( 'NONE',  ( 0.7071067811865474617, -0.000000000000000000, 0.7071067811865474617 ) ) ;
#1797 = CARTESIAN_POINT ( 'NONE',  ( 8.700000000000001066, 2.200000000000000178, 8.700000000000001066 ) ) ;
#1798 = LINE ( 'NONE', #267, #335 ) ;
#1799 = DIRECTION ( 'NONE',  ( 0.000000000000000000, 0.7071067811865393571, 0.7071067811865556774 ) ) ;
#1800 = ORIENTED_EDGE ( 'NONE', *, *, #1848, .T. ) ;
#1801 = DIRECTION ( 'NONE',  ( 0.000000000000000000, 0.000000000000000000, -1.000000000000000000 ) ) ;
#1802 = AXIS2_PLACEMENT_3D ( 'NONE', #148, #841, #606 ) ;
#1803 = DIRECTION ( 'NONE',  ( 0.7071067811865474617, 0.000000000000000000, 0.7071067811865474617 ) ) ;
#1804 = VERTEX_POINT ( 'NONE', #171 ) ;
#1805 = FACE_OUTER_BOUND ( 'NONE', #1895, .T. ) ;
#1806 = CONICAL_SURFACE ( 'NONE', #2141, 3.799999999999999378, 0.7853981633974410625 ) ;
#1807 = AXIS2_PLACEMENT_3D ( 'NONE', #964, #1141, #93 ) ;
#1808 = DIRECTION ( 'NONE',  ( 0.000000000000000000, 0.000000000000000000, 1.000000000000000000 ) ) ;
#1809 = ORIENTED_EDGE ( 'NONE', *, *, #119, .T. ) ;
#1810 = LINE ( 'NONE', #1476, #1071 ) ;
#1811 = DIRECTION ( 'NONE',  ( 0.000000000000000000, 0.000000000000000000, -1.000000000000000000 ) ) ;
#1812 = ORIENTED_EDGE ( 'NONE', *, *, #1354, .T. ) ;
#1813 = COLOUR_RGB ( '',0.7921568627450980005, 0.8196078431372548767, 0.9333333333333333481 ) ;
#1814 = EDGE_CURVE ( 'NONE', #1864, #1972, #1481, .T. ) ;
#1815 = CARTESIAN_POINT ( 'NONE',  ( 9.500000000000003553, 2.200000000000000178, -8.000000000000001776 ) ) ;
#1816 = ADVANCED_FACE ( 'NONE', ( #1487 ), #1695, .T. ) ;
#1817 = ORIENTED_EDGE ( 'NONE', *, *, #11, .T. ) ;
#1818 = VECTOR ( 'NONE', #874, 1000.000000000000000 ) ;
#1819 = CARTESIAN_POINT ( 'NONE',  ( -12.00000000000000000, 0.000000000000000000, -8.699999999999976197 ) ) ;
#1820 = EDGE_CURVE ( 'NONE', #711, #2085, #236, .T. ) ;
#1821 = LINE ( 'NONE', #1444, #330 ) ;
#1822 = DIRECTION ( 'NONE',  ( 0.000000000000000000, 0.000000000000000000, -1.000000000000000000 ) ) ;
#1823 = LINE ( 'NONE', #261, #1833 ) ;
#1824 = DIRECTION ( 'NONE',  ( 0.000000000000000000, 0.000000000000000000, 1.000000000000000000 ) ) ;
#1825 = ORIENTED_EDGE ( 'NONE', *, *, #916, .T. ) ;
#1826 = CIRCLE ( 'NONE', #1889, 3.299999999999998934 ) ;
#1827 = DIRECTION ( 'NONE',  ( 0.000000000000000000, -0.4469535728145621056, -0.8945571551042995617 ) ) ;
#1828 = VERTEX_POINT ( 'NONE', #511 ) ;
#1829 = VECTOR ( 'NONE', #579, 1000.000000000000000 ) ;
#1830 = VECTOR ( 'NONE', #331, 1000.000000000000000 ) ;
#1831 = EDGE_LOOP ( 'NONE', ( #416, #1352, #1865, #727 ) ) ;
#1832 = AXIS2_PLACEMENT_3D ( 'NONE', #1573, #185, #1744 ) ;
#1833 = VECTOR ( 'NONE', #763, 1000.000000000000000 ) ;
#1834 = DIRECTION ( 'NONE',  ( -1.000000000000000000, -0.000000000000000000, -0.000000000000000000 ) ) ;
#1835 = LINE ( 'NONE', #1353, #1030 ) ;
#1836 = EDGE_LOOP ( 'NONE', ( #642, #557, #379, #1116 ) ) ;
#1837 = MECHANICAL_DESIGN_GEOMETRIC_PRESENTATION_REPRESENTATION (  '', ( #1774 ), #298 ) ;
#1838 = CARTESIAN_POINT ( 'NONE',  ( -8.699999999999972644, 0.5000000000000000000, 12.00000000000000000 ) ) ;
#1839 = CIRCLE ( 'NONE', #1628, 0.7051068295760030136 ) ;
#1840 = EDGE_CURVE ( 'NONE', #1972, #1692, #215, .T. ) ;
#1841 = DIRECTION ( 'NONE',  ( -0.000000000000000000, 0.000000000000000000, 1.000000000000000000 ) ) ;
#1842 = ORIENTED_EDGE ( 'NONE', *, *, #1330, .T. ) ;
#1843 = DIRECTION ( 'NONE',  ( -0.7071067811865424657, 0.7071067811865526798, 0.000000000000000000 ) ) ;
#1844 = FACE_OUTER_BOUND ( 'NONE', #1077, .T. ) ;
#1845 = EDGE_CURVE ( 'NONE', #2012, #487, #1711, .T. ) ;
#1846 = LINE ( 'NONE', #1176, #297 ) ;
#1847 = CARTESIAN_POINT ( 'NONE',  ( -8.700000000000001066, 0.000000000000000000, 8.700000000000001066 ) ) ;
#1848 = EDGE_CURVE ( 'NONE', #22, #1528, #1005, .T. ) ;
#1849 = VERTEX_POINT ( 'NONE', #159 ) ;
#1850 = FACE_OUTER_BOUND ( 'NONE', #1457, .T. ) ;
#1851 = DIRECTION ( 'NONE',  ( 0.000000000000000000, -8.503546450866700815E-17, -1.000000000000000000 ) ) ;
#1852 = ORIENTED_EDGE ( 'NONE', *, *, #1973, .T. ) ;
#1853 = CIRCLE ( 'NONE', #599, 0.4000000000000001887 ) ;
#1854 = CARTESIAN_POINT ( 'NONE',  ( 0.000000000000000000, -2.299999999999999822, 2.900000000000000355 ) ) ;
#1855 = VERTEX_POINT ( 'NONE', #339 ) ;
#1856 = SURFACE_STYLE_FILL_AREA ( #1403 ) ;
#1857 = VERTEX_POINT ( 'NONE', #677 ) ;
#1858 = CONICAL_SURFACE ( 'NONE', #1720, 3.649999999999995470, 0.7853981633974598253 ) ;
#1859 = DIRECTION ( 'NONE',  ( 0.000000000000000000, -8.503546450866700815E-17, -1.000000000000000000 ) ) ;
#1860 = CARTESIAN_POINT ( 'NONE',  ( 9.500000000000001776, 2.200000000000000178, 9.500000000000001776 ) ) ;
#1861 = DIRECTION ( 'NONE',  ( 0.000000000000000000, 0.000000000000000000, 1.000000000000000000 ) ) ;
#1862 = CARTESIAN_POINT ( 'NONE',  ( 0.000000000000000000, 2.200000000000000622, 2.500000000000000444 ) ) ;
#1863 = VERTEX_POINT ( 'NONE', #1545 ) ;
#1864 = VERTEX_POINT ( 'NONE', #856 ) ;
#1865 = ORIENTED_EDGE ( 'NONE', *, *, #1125, .F. ) ;
#1866 = ORIENTED_EDGE ( 'NONE', *, *, #1518, .T. ) ;
#1867 = AXIS2_PLACEMENT_3D ( 'NONE', #689, #2049, #2214 ) ;
#1868 = ORIENTED_EDGE ( 'NONE', *, *, #916, .F. ) ;
#1869 = DIRECTION ( 'NONE',  ( 0.000000000000000000, 0.000000000000000000, -1.000000000000000000 ) ) ;
#1870 = VERTEX_POINT ( 'NONE', #868 ) ;
#1871 = ORIENTED_EDGE ( 'NONE', *, *, #908, .F. ) ;
#1872 = AXIS2_PLACEMENT_3D ( 'NONE', #188, #1081, #1935 ) ;
#1873 = VERTEX_POINT ( 'NONE', #2063 ) ;
#1874 = PLANE ( 'NONE',  #143 ) ;
#1875 = CARTESIAN_POINT ( 'NONE',  ( 8.699999999999972644, 2.200000000000000178, -12.34999999999999609 ) ) ;
#1876 = DIRECTION ( 'NONE',  ( 0.7071067811865479058, 0.000000000000000000, 0.7071067811865471286 ) ) ;
#1877 = EDGE_CURVE ( 'NONE', #1926, #1997, #1757, .T. ) ;
#1878 = PRESENTATION_STYLE_ASSIGNMENT (( #1900 ) ) ;
#1879 = CARTESIAN_POINT ( 'NONE',  ( 0.000000000000000000, 0.5000000000000000000, 2.500000000000000000 ) ) ;
#1880 = VERTEX_POINT ( 'NONE', #1381 ) ;
#1881 = CARTESIAN_POINT ( 'NONE',  ( 12.50000000000000000, 2.049999999999999378, -8.699999999999974420 ) ) ;
#1882 = ORIENTED_EDGE ( 'NONE', *, *, #1610, .T. ) ;
#1883 = DIRECTION ( 'NONE',  ( 0.7071067811865474617, -0.000000000000000000, 0.7071067811865474617 ) ) ;
#1884 = DIRECTION ( 'NONE',  ( -1.000000000000000000, 0.000000000000000000, -0.000000000000000000 ) ) ;
#1885 = CARTESIAN_POINT ( 'NONE',  ( 8.700000000000001066, 0.000000000000000000, -8.700000000000001066 ) ) ;
#1886 = AXIS2_PLACEMENT_3D ( 'NONE', #377, #1190, #540 ) ;
#1887 = ORIENTED_EDGE ( 'NONE', *, *, #211, .T. ) ;
#1888 = CARTESIAN_POINT ( 'NONE',  ( 0.000000000000000000, 0.5000000000000004441, 1.249999999999999556 ) ) ;
#1889 = AXIS2_PLACEMENT_3D ( 'NONE', #958, #775, #1474 ) ;
#1890 = CARTESIAN_POINT ( 'NONE',  ( 0.000000000000000000, 0.5000000000000000000, 1.249999999999999556 ) ) ;
#1891 = EDGE_CURVE ( 'NONE', #1728, #2122, #240, .T. ) ;
#1892 = DIRECTION ( 'NONE',  ( 0.000000000000000000, 0.000000000000000000, -1.000000000000000000 ) ) ;
#1893 = EDGE_CURVE ( 'NONE', #365, #1788, #1703, .T. ) ;
#1894 = DIRECTION ( 'NONE',  ( 0.000000000000000000, 1.000000000000000000, 0.000000000000000000 ) ) ;
#1895 = EDGE_LOOP ( 'NONE', ( #1491, #693, #243, #644 ) ) ;
#1896 = DIRECTION ( 'NONE',  ( 1.000000000000000000, 0.000000000000000000, 0.000000000000000000 ) ) ;
#1897 = PLANE ( 'NONE',  #1886 ) ;
#1898 = CARTESIAN_POINT ( 'NONE',  ( -12.00000000000000000, 0.5000000000000004441, 8.699999999999977973 ) ) ;
#1899 = CARTESIAN_POINT ( 'NONE',  ( 0.000000000000000000, 1.550000000000000488, 2.500000000000000444 ) ) ;
#1900 = SURFACE_STYLE_USAGE ( .BOTH. , #1 ) ;
#1901 = VERTEX_POINT ( 'NONE', #1220 ) ;
#1902 = DIRECTION ( 'NONE',  ( -0.7071067811865485719, 0.7071067811865465735, 0.000000000000000000 ) ) ;
#1903 = DIRECTION ( 'NONE',  ( 0.000000000000000000, -1.000000000000000000, 0.000000000000000000 ) ) ;
#1904 = VERTEX_POINT ( 'NONE', #1452 ) ;
#1905 = AXIS2_PLACEMENT_3D ( 'NONE', #278, #1532, #2170 ) ;
#1906 = CARTESIAN_POINT ( 'NONE',  ( -8.700000000000001066, 34.44112549695427816, -8.700000000000001066 ) ) ;
#1907 = AXIS2_PLACEMENT_3D ( 'NONE', #1503, #833, #988 ) ;
#1908 = CLOSED_SHELL ( 'NONE', ( #577, #1951, #1606, #48 ) ) ;
#1909 = LINE ( 'NONE', #1118, #1238 ) ;
#1910 = DIRECTION ( 'NONE',  ( -0.000000000000000000, -1.000000000000000000, 8.503546450866700815E-17 ) ) ;
#1911 = EDGE_LOOP ( 'NONE', ( #517, #527, #818, #1743 ) ) ;
#1912 = EDGE_CURVE ( 'NONE', #1070, #392, #228, .T. ) ;
#1913 = DIRECTION ( 'NONE',  ( 0.000000000000000000, -1.000000000000000000, 0.000000000000000000 ) ) ;
#1914 = DIRECTION ( 'NONE',  ( 0.000000000000000000, 0.000000000000000000, -1.000000000000000000 ) ) ;
#1915 = DIRECTION ( 'NONE',  ( 0.000000000000000000, 0.000000000000000000, -1.000000000000000000 ) ) ;
#1916 = DIRECTION ( 'NONE',  ( 0.000000000000000000, 0.000000000000000000, -1.000000000000000000 ) ) ;
#1917 = ORIENTED_EDGE ( 'NONE', *, *, #1234, .F. ) ;
#1918 = EDGE_CURVE ( 'NONE', #1195, #153, #221, .T. ) ;
#1919 = DIRECTION ( 'NONE',  ( 0.000000000000000000, -0.000000000000000000, 1.000000000000000000 ) ) ;
#1920 = EDGE_LOOP ( 'NONE', ( #1467, #1177, #894, #1488 ) ) ;
#1921 = CYLINDRICAL_SURFACE ( 'NONE', #430, 1.250000000000000444 ) ;
#1922 = DIRECTION ( 'NONE',  ( 0.000000000000000000, 0.000000000000000000, 1.000000000000000000 ) ) ;
#1923 = CARTESIAN_POINT ( 'NONE',  ( 8.635068218971904195E-17, 1.550000000000000488, 3.205106829576003680 ) ) ;
#1924 = CIRCLE ( 'NONE', #1475, 3.299999999999998934 ) ;
#1925 = DIRECTION ( 'NONE',  ( 0.000000000000000000, 0.000000000000000000, -1.000000000000000000 ) ) ;
#1926 = VERTEX_POINT ( 'NONE', #1075 ) ;
#1927 = DIRECTION ( 'NONE',  ( -0.000000000000000000, -1.000000000000000000, -0.000000000000000000 ) ) ;
#1928 = CARTESIAN_POINT ( 'NONE',  ( -12.00000000000000000, 0.5000000000000000000, 8.699999999999977973 ) ) ;
#1929 =( GEOMETRIC_REPRESENTATION_CONTEXT ( 3 ) GLOBAL_UNCERTAINTY_ASSIGNED_CONTEXT ( ( #336 ) ) GLOBAL_UNIT_ASSIGNED_CONTEXT ( ( #1738, #383, #20 ) ) REPRESENTATION_CONTEXT ( 'NONE', 'WORKASPACE' ) );
#1930 = ADVANCED_FACE ( 'NONE', ( #1677 ), #34, .T. ) ;
#1931 = DIRECTION ( 'NONE',  ( 0.000000000000000000, 0.000000000000000000, -1.000000000000000000 ) ) ;
#1932 = FACE_OUTER_BOUND ( 'NONE', #398, .T. ) ;
#1933 = AXIS2_PLACEMENT_3D ( 'NONE', #1945, #63, #407 ) ;
#1934 = ORIENTED_EDGE ( 'NONE', *, *, #513, .T. ) ;
#1935 = DIRECTION ( 'NONE',  ( 2.236880271654304234E-14, 0.000000000000000000, 1.000000000000000000 ) ) ;
#1936 = EDGE_CURVE ( 'NONE', #2113, #1113, #1753, .T. ) ;
#1937 = CARTESIAN_POINT ( 'NONE',  ( -8.699999999999972644, 0.5000000000000004441, 12.00000000000000000 ) ) ;
#1938 = ORIENTED_EDGE ( 'NONE', *, *, #1969, .T. ) ;
#1939 = LINE ( 'NONE', #1668, #464 ) ;
#1940 = AXIS2_PLACEMENT_3D ( 'NONE', #2162, #2223, #1851 ) ;
#1941 = EDGE_CURVE ( 'NONE', #203, #1526, #975, .T. ) ;
#1942 = ORIENTED_EDGE ( 'NONE', *, *, #1941, .T. ) ;
#1943 = FACE_OUTER_BOUND ( 'NONE', #1831, .T. ) ;
#1944 = DIRECTION ( 'NONE',  ( -1.000000000000000000, 0.000000000000000000, 0.000000000000000000 ) ) ;
#1945 = CARTESIAN_POINT ( 'NONE',  ( 0.000000000000000000, 1.689880737647827313, 1.179910536892373241 ) ) ;
#1946 = ADVANCED_FACE ( 'NONE', ( #266 ), #947, .F. ) ;
#1947 = DIRECTION ( 'NONE',  ( -1.000000000000000000, 0.000000000000000000, 0.000000000000000000 ) ) ;
#1948 = VERTEX_POINT ( 'NONE', #1434 ) ;
#1949 = LINE ( 'NONE', #525, #1183 ) ;
#1950 = CARTESIAN_POINT ( 'NONE',  ( 8.699999999999977973, 0.000000000000000000, 12.00000000000000000 ) ) ;
#1951 = ADVANCED_FACE ( 'NONE', ( #1682 ), #1690, .T. ) ;
#1952 = CARTESIAN_POINT ( 'NONE',  ( 9.500000000000001776, 2.000000000000001776, 9.500000000000001776 ) ) ;
#1953 = ADVANCED_FACE ( 'NONE', ( #206 ), #245, .F. ) ;
#1954 = VERTEX_POINT ( 'NONE', #1623 ) ;
#1955 = VECTOR ( 'NONE', #2084, 1000.000000000000000 ) ;
#1956 = CARTESIAN_POINT ( 'NONE',  ( -8.699999999999974420, 0.1500000000000029921, -12.50000000000000000 ) ) ;
#1957 =( LENGTH_UNIT ( ) NAMED_UNIT ( * ) SI_UNIT ( .MILLI., .METRE. ) );
#1958 = ORIENTED_EDGE ( 'NONE', *, *, #408, .F. ) ;
#1959 = ORIENTED_EDGE ( 'NONE', *, *, #1514, .F. ) ;
#1960 = DIRECTION ( 'NONE',  ( 0.000000000000000000, -1.000000000000000000, 0.000000000000000000 ) ) ;
#1961 = CARTESIAN_POINT ( 'NONE',  ( -8.699999999999974420, 34.44112549695427816, -12.00000000000000000 ) ) ;
#1962 = AXIS2_PLACEMENT_3D ( 'NONE', #1307, #951, #1841 ) ;
#1963 = CARTESIAN_POINT ( 'NONE',  ( 8.700000000000001066, 0.5000000000000004441, 8.700000000000001066 ) ) ;
#1964 = EDGE_LOOP ( 'NONE', ( #788, #49, #484, #1208 ) ) ;
#1965 = FACE_BOUND ( 'NONE', #1342, .T. ) ;
#1966 = DIRECTION ( 'NONE',  ( 0.000000000000000000, 1.000000000000000000, 0.000000000000000000 ) ) ;
#1967 = PRODUCT ( 'YFGC025WWA', 'YFGC025WWA', '', ( #1582 ) ) ;
#1968 = ORIENTED_EDGE ( 'NONE', *, *, #1639, .F. ) ;
#1969 = EDGE_CURVE ( 'NONE', #1334, #980, #959, .T. ) ;
#1970 = LINE ( 'NONE', #1012, #1227 ) ;
#1971 = ADVANCED_FACE ( 'NONE', ( #1010 ), #1232, .F. ) ;
#1972 = VERTEX_POINT ( 'NONE', #1978 ) ;
#1973 = EDGE_CURVE ( 'NONE', #363, #1147, #984, .T. ) ;
#1974 = VERTEX_POINT ( 'NONE', #2103 ) ;
#1975 = DIRECTION ( 'NONE',  ( 0.000000000000000000, -1.000000000000000000, 0.000000000000000000 ) ) ;
#1976 = VERTEX_POINT ( 'NONE', #702 ) ;
#1977 = FACE_BOUND ( 'NONE', #2060, .T. ) ;
#1978 = CARTESIAN_POINT ( 'NONE',  ( -8.000000000000000000, 2.000000000000000000, 9.500000000000001776 ) ) ;
#1979 = DIRECTION ( 'NONE',  ( 0.000000000000000000, 0.000000000000000000, -1.000000000000000000 ) ) ;
#1980 = MANIFOLD_SOLID_BREP ( 'Revolve1', #1275 ) ;
#1981 = CARTESIAN_POINT ( 'NONE',  ( 8.699999999999972644, 2.200000000000000178, 12.34999999999999609 ) ) ;
#1982 = VERTEX_POINT ( 'NONE', #370 ) ;
#1983 = EDGE_LOOP ( 'NONE', ( #2004, #1758, #2171, #1016 ) ) ;
#1984 = LINE ( 'NONE', #1175, #1169 ) ;
#1985 =( NAMED_UNIT ( * ) PLANE_ANGLE_UNIT ( ) SI_UNIT ( $, .RADIAN. ) );
#1986 = ADVANCED_FACE ( 'NONE', ( #1850 ), #1596, .F. ) ;
#1987 =( GEOMETRIC_REPRESENTATION_CONTEXT ( 3 ) GLOBAL_UNCERTAINTY_ASSIGNED_CONTEXT ( ( #1162 ) ) GLOBAL_UNIT_ASSIGNED_CONTEXT ( ( #1704, #1059, #1687 ) ) REPRESENTATION_CONTEXT ( 'NONE', 'WORKASPACE' ) );
#1988 = ORIENTED_EDGE ( 'NONE', *, *, #1588, .T. ) ;
#1989 = VECTOR ( 'NONE', #586, 1000.000000000000000 ) ;
#1990 = CARTESIAN_POINT ( 'NONE',  ( -12.34999999999999964, 0.000000000000000000, -8.699999999999976197 ) ) ;
#1991 = CARTESIAN_POINT ( 'NONE',  ( -8.699999999999974420, 0.000000000000000000, 12.34999999999999964 ) ) ;
#1992 = EDGE_CURVE ( 'NONE', #1480, #1634, #1821, .T. ) ;
#1993 = CYLINDRICAL_SURFACE ( 'NONE', #671, 3.299999999999998934 ) ;
#1994 = ADVANCED_FACE ( 'NONE', ( #327 ), #351, .T. ) ;
#1995 = CARTESIAN_POINT ( 'NONE',  ( -9.500000000000000000, 2.200000000000000178, 8.000000000000001776 ) ) ;
#1996 = EDGE_CURVE ( 'NONE', #605, #1997, #303, .T. ) ;
#1997 = VERTEX_POINT ( 'NONE', #2151 ) ;
#1998 = DIRECTION ( 'NONE',  ( -0.000000000000000000, -1.000000000000000000, -0.000000000000000000 ) ) ;
#1999 = ADVANCED_BREP_SHAPE_REPRESENTATION ( 'YFGC025WWA', ( #433, #1172, #1980, #793, #812, #878 ), #1557 ) ;
#2000 = ORIENTED_EDGE ( 'NONE', *, *, #801, .T. ) ;
#2001 = VECTOR ( 'NONE', #493, 1000.000000000000000 ) ;
#2002 = DIRECTION ( 'NONE',  ( -0.000000000000000000, -1.000000000000000000, -0.000000000000000000 ) ) ;
#2003 = DIRECTION ( 'NONE',  ( 1.000000000000000000, 0.000000000000000000, 9.912705577010326782E-17 ) ) ;
#2004 = ORIENTED_EDGE ( 'NONE', *, *, #790, .T. ) ;
#2005 = EDGE_LOOP ( 'NONE', ( #1772, #14, #1247, #1740 ) ) ;
#2006 = ORIENTED_EDGE ( 'NONE', *, *, #1099, .F. ) ;
#2007 = VERTEX_POINT ( 'NONE', #1240 ) ;
#2008 = LINE ( 'NONE', #1356, #2048 ) ;
#2009 = CARTESIAN_POINT ( 'NONE',  ( -9.500000000000000000, 2.000000000000000000, 8.000000000000001776 ) ) ;
#2010 = AXIS2_PLACEMENT_3D ( 'NONE', #1009, #1213, #1385 ) ;
#2011 = VERTEX_POINT ( 'NONE', #2041 ) ;
#2012 = VERTEX_POINT ( 'NONE', #1881 ) ;
#2013 = FACE_OUTER_BOUND ( 'NONE', #759, .T. ) ;
#2014 = AXIS2_PLACEMENT_3D ( 'NONE', #126, #1290, #110 ) ;
#2015 = CARTESIAN_POINT ( 'NONE',  ( -8.700000000000001066, 2.200000000000000178, 8.700000000000001066 ) ) ;
#2016 = CARTESIAN_POINT ( 'NONE',  ( 9.500000000000001776, 2.200000000000000178, 9.500000000000001776 ) ) ;
#2017 = DIRECTION ( 'NONE',  ( 0.000000000000000000, -1.000000000000000000, 0.000000000000000000 ) ) ;
#2018 = ORIENTED_EDGE ( 'NONE', *, *, #888, .F. ) ;
#2019 = AXIS2_PLACEMENT_3D ( 'NONE', #90, #881, #1617 ) ;
#2020 = FACE_OUTER_BOUND ( 'NONE', #376, .T. ) ;
#2021 = DIRECTION ( 'NONE',  ( 0.7071067811865556774, 0.7071067811865393571, -8.177564888977854986E-15 ) ) ;
#2022 = DIRECTION ( 'NONE',  ( 0.000000000000000000, 0.000000000000000000, -1.000000000000000000 ) ) ;
#2023 =( GEOMETRIC_REPRESENTATION_CONTEXT ( 3 ) GLOBAL_UNCERTAINTY_ASSIGNED_CONTEXT ( ( #1212 ) ) GLOBAL_UNIT_ASSIGNED_CONTEXT ( ( #637, #862, #474 ) ) REPRESENTATION_CONTEXT ( 'NONE', 'WORKASPACE' ) );
#2024 = ORIENTED_EDGE ( 'NONE', *, *, #542, .F. ) ;
#2025 = CIRCLE ( 'NONE', #182, 1.250000000000000444 ) ;
#2026 = EDGE_CURVE ( 'NONE', #1954, #487, #358, .T. ) ;
#2027 = VERTEX_POINT ( 'NONE', #1337 ) ;
#2028 = EDGE_CURVE ( 'NONE', #1855, #1976, #309, .T. ) ;
#2029 = ORIENTED_EDGE ( 'NONE', *, *, #518, .T. ) ;
#2030 = CARTESIAN_POINT ( 'NONE',  ( 8.700000000000001066, 0.1500000000000029921, -8.700000000000001066 ) ) ;
#2031 = LINE ( 'NONE', #476, #1242 ) ;
#2032 = PLANE ( 'NONE',  #2100 ) ;
#2033 = VERTEX_POINT ( 'NONE', #1854 ) ;
#2034 = FACE_OUTER_BOUND ( 'NONE', #1983, .T. ) ;
#2035 = CARTESIAN_POINT ( 'NONE',  ( 8.699999999999972644, 2.049999999999999378, -12.50000000000000000 ) ) ;
#2036 = EDGE_LOOP ( 'NONE', ( #141, #108, #1530, #1204 ) ) ;
#2037 = VECTOR ( 'NONE', #519, 1000.000000000000000 ) ;
#2038 = AXIS2_PLACEMENT_3D ( 'NONE', #1589, #907, #566 ) ;
#2039 = ORIENTED_EDGE ( 'NONE', *, *, #412, .T. ) ;
#2040 = ORIENTED_EDGE ( 'NONE', *, *, #1193, .F. ) ;
#2041 = CARTESIAN_POINT ( 'NONE',  ( -12.34999999999999964, 0.000000000000000000, 8.699999999999972644 ) ) ;
#2042 = ORIENTED_EDGE ( 'NONE', *, *, #1035, .F. ) ;
#2043 = CARTESIAN_POINT ( 'NONE',  ( -8.699999999999974420, 0.000000000000000000, -12.00000000000000000 ) ) ;
#2044 = COLOUR_RGB ( '',0.9882352941176471006, 0.7372549019607843590, 0.5176470588235293491 ) ;
#2045 = AXIS2_PLACEMENT_3D ( 'NONE', #1571, #1742, #38 ) ;
#2046 = ORIENTED_EDGE ( 'NONE', *, *, #41, .T. ) ;
#2047 = DIRECTION ( 'NONE',  ( -0.000000000000000000, 1.000000000000000000, -0.000000000000000000 ) ) ;
#2048 = VECTOR ( 'NONE', #1221, 1000.000000000000000 ) ;
#2049 = DIRECTION ( 'NONE',  ( 0.000000000000000000, -1.000000000000000000, 0.000000000000000000 ) ) ;
#2050 = DIRECTION ( 'NONE',  ( -0.000000000000000000, -1.000000000000000000, -0.000000000000000000 ) ) ;
#2051 = ORIENTED_EDGE ( 'NONE', *, *, #128, .T. ) ;
#2052 = EDGE_CURVE ( 'NONE', #1000, #2101, #1028, .T. ) ;
#2053 = ORIENTED_EDGE ( 'NONE', *, *, #681, .F. ) ;
#2054 = ORIENTED_EDGE ( 'NONE', *, *, #15, .T. ) ;
#2055 = EDGE_CURVE ( 'NONE', #541, #743, #1798, .T. ) ;
#2056 = ORIENTED_EDGE ( 'NONE', *, *, #1137, .T. ) ;
#2057 = COLOUR_RGB ( '',1.000000000000000000, 1.000000000000000000, 1.000000000000000000 ) ;
#2058 = DIRECTION ( 'NONE',  ( 0.000000000000000000, 0.000000000000000000, 1.000000000000000000 ) ) ;
#2059 = ORIENTED_EDGE ( 'NONE', *, *, #1694, .T. ) ;
#2060 = EDGE_LOOP ( 'NONE', ( #1364, #632 ) ) ;
#2061 = ORIENTED_EDGE ( 'NONE', *, *, #565, .F. ) ;
#2062 = VECTOR ( 'NONE', #1104, 1000.000000000000000 ) ;
#2063 = CARTESIAN_POINT ( 'NONE',  ( 0.000000000000000000, 2.668196443880379132, 1.236201204405803500 ) ) ;
#2064 = EDGE_LOOP ( 'NONE', ( #1473, #1214, #1917, #638 ) ) ;
#2065 = EDGE_LOOP ( 'NONE', ( #217, #69, #2126, #641 ) ) ;
#2066 = AXIS2_PLACEMENT_3D ( 'NONE', #1021, #1180, #66 ) ;
#2067 = VERTEX_POINT ( 'NONE', #1629 ) ;
#2068 = AXIS2_PLACEMENT_3D ( 'NONE', #1405, #62, #1808 ) ;
#2069 = FACE_OUTER_BOUND ( 'NONE', #620, .T. ) ;
#2070 = CIRCLE ( 'NONE', #1933, 0.8500000000000005329 ) ;
#2071 = DIRECTION ( 'NONE',  ( 0.000000000000000000, 0.000000000000000000, 1.000000000000000000 ) ) ;
#2072 = DIRECTION ( 'NONE',  ( -1.000000000000000000, 0.000000000000000000, 0.000000000000000000 ) ) ;
#2073 = ORIENTED_EDGE ( 'NONE', *, *, #891, .T. ) ;
#2074 = VECTOR ( 'NONE', #1198, 1000.000000000000000 ) ;
#2075 = DIRECTION ( 'NONE',  ( 0.000000000000000000, 0.000000000000000000, 1.000000000000000000 ) ) ;
#2076 = FACE_OUTER_BOUND ( 'NONE', #2064, .T. ) ;
#2077 = EDGE_CURVE ( 'NONE', #852, #1597, #1063, .T. ) ;
#2078 = ORIENTED_EDGE ( 'NONE', *, *, #1722, .T. ) ;
#2079 = CYLINDRICAL_SURFACE ( 'NONE', #1082, 3.799999999999999378 ) ;
#2080 = CARTESIAN_POINT ( 'NONE',  ( -8.700000000000001066, 34.44112549695427816, 8.700000000000001066 ) ) ;
#2081 = EDGE_CURVE ( 'NONE', #1972, #1901, #1778, .T. ) ;
#2082 = ORIENTED_EDGE ( 'NONE', *, *, #607, .T. ) ;
#2083 = LINE ( 'NONE', #1308, #1384 ) ;
#2084 = DIRECTION ( 'NONE',  ( -0.000000000000000000, -1.000000000000000000, -0.000000000000000000 ) ) ;
#2085 = VERTEX_POINT ( 'NONE', #319 ) ;
#2086 = DIRECTION ( 'NONE',  ( -0.000000000000000000, -1.000000000000000000, 8.503546450866700815E-17 ) ) ;
#2087 = VECTOR ( 'NONE', #1537, 1000.000000000000000 ) ;
#2088 = ORIENTED_EDGE ( 'NONE', *, *, #1431, .T. ) ;
#2089 = APPLICATION_CONTEXT ( 'automotive_design' ) ;
#2090 = FACE_BOUND ( 'NONE', #847, .T. ) ;
#2091 = CARTESIAN_POINT ( 'NONE',  ( 0.000000000000000000, 0.000000000000000000, 2.500000000000000000 ) ) ;
#2092 = ORIENTED_EDGE ( 'NONE', *, *, #661, .F. ) ;
#2093 = CARTESIAN_POINT ( 'NONE',  ( 9.500000000000003553, 2.200000000000000178, -8.000000000000001776 ) ) ;
#2094 = VERTEX_POINT ( 'NONE', #1498 ) ;
#2095 = CARTESIAN_POINT ( 'NONE',  ( -8.700000000000001066, 2.049999999999999378, -12.50000000000000000 ) ) ;
#2096 = CARTESIAN_POINT ( 'NONE',  ( -8.700000000000001066, 2.200000000000000178, 8.700000000000001066 ) ) ;
#2097 = AXIS2_PLACEMENT_3D ( 'NONE', #1923, #884, #731 ) ;
#2098 = EDGE_LOOP ( 'NONE', ( #1968, #1938, #17, #2198 ) ) ;
#2099 = DIRECTION ( 'NONE',  ( 0.000000000000000000, 1.000000000000000000, 0.000000000000000000 ) ) ;
#2100 = AXIS2_PLACEMENT_3D ( 'NONE', #2015, #800, #2156 ) ;
#2101 = VERTEX_POINT ( 'NONE', #1819 ) ;
#2102 = EDGE_CURVE ( 'NONE', #471, #1608, #1791, .T. ) ;
#2103 = CARTESIAN_POINT ( 'NONE',  ( -8.699999999999972644, 0.000000000000000000, 12.00000000000000000 ) ) ;
#2104 = ADVANCED_FACE ( 'NONE', ( #279 ), #664, .F. ) ;
#2105 = PLANE ( 'NONE',  #89 ) ;
#2106 = DIRECTION ( 'NONE',  ( -0.000000000000000000, -1.000000000000000000, -0.000000000000000000 ) ) ;
#2107 = EDGE_LOOP ( 'NONE', ( #1781, #1812, #372, #1102 ) ) ;
#2108 = EDGE_CURVE ( 'NONE', #901, #1000, #289, .T. ) ;
#2109 = ORIENTED_EDGE ( 'NONE', *, *, #1845, .T. ) ;
#2110 = CARTESIAN_POINT ( 'NONE',  ( -12.50000000000000000, 0.1500000000000029921, 8.699999999999972644 ) ) ;
#2111 = EDGE_CURVE ( 'NONE', #764, #743, #340, .T. ) ;
#2112 = CARTESIAN_POINT ( 'NONE',  ( -9.500000000000000000, 2.200000000000000178, 8.000000000000001776 ) ) ;
#2113 = VERTEX_POINT ( 'NONE', #1018 ) ;
#2114 = DIRECTION ( 'NONE',  ( 0.000000000000000000, 0.000000000000000000, -1.000000000000000000 ) ) ;
#2115 = ORIENTED_EDGE ( 'NONE', *, *, #735, .F. ) ;
#2116 = VERTEX_POINT ( 'NONE', #286 ) ;
#2117 = DIRECTION ( 'NONE',  ( 0.000000000000000000, 0.000000000000000000, 1.000000000000000000 ) ) ;
#2118 = DIRECTION ( 'NONE',  ( 0.000000000000000000, 0.000000000000000000, 1.000000000000000000 ) ) ;
#2119 = ORIENTED_EDGE ( 'NONE', *, *, #681, .T. ) ;
#2120 = AXIS2_PLACEMENT_3D ( 'NONE', #414, #631, #786 ) ;
#2121 = DIRECTION ( 'NONE',  ( -1.000000000000000000, 0.000000000000000000, -0.000000000000000000 ) ) ;
#2122 = VERTEX_POINT ( 'NONE', #1301 ) ;
#2123 = AXIS2_PLACEMENT_3D ( 'NONE', #353, #1903, #866 ) ;
#2124 = DIRECTION ( 'NONE',  ( -0.7071067811865479058, 0.000000000000000000, -0.7071067811865471286 ) ) ;
#2125 = FACE_OUTER_BOUND ( 'NONE', #1964, .T. ) ;
#2126 = ORIENTED_EDGE ( 'NONE', *, *, #1451, .F. ) ;
#2127 = EDGE_CURVE ( 'NONE', #842, #2085, #1835, .T. ) ;
#2128 = FACE_OUTER_BOUND ( 'NONE', #28, .T. ) ;
#2129 = DIRECTION ( 'NONE',  ( 0.000000000000000000, 1.000000000000000000, 0.000000000000000000 ) ) ;
#2130 = ORIENTED_EDGE ( 'NONE', *, *, #2026, .F. ) ;
#2131 = CIRCLE ( 'NONE', #1681, 0.4000000000000001887 ) ;
#2132 = EDGE_CURVE ( 'NONE', #1106, #2033, #344, .T. ) ;
#2133 = CARTESIAN_POINT ( 'NONE',  ( -12.00000000000000000, 0.000000000000000000, 8.699999999999977973 ) ) ;
#2134 = VECTOR ( 'NONE', #534, 1000.000000000000000 ) ;
#2135 = PLANE ( 'NONE',  #83 ) ;
#2136 = DIRECTION ( 'NONE',  ( -9.505334114941412708E-16, 0.000000000000000000, 1.000000000000000000 ) ) ;
#2137 = CARTESIAN_POINT ( 'NONE',  ( 12.00000000000000000, 0.5000000000000000000, -8.699999999999977973 ) ) ;
#2138 = VECTOR ( 'NONE', #1544, 1000.000000000000000 ) ;
#2139 = FACE_OUTER_BOUND ( 'NONE', #232, .T. ) ;
#2140 = CARTESIAN_POINT ( 'NONE',  ( 12.34999999999999787, 2.200000000000000178, -8.699999999999974420 ) ) ;
#2141 = AXIS2_PLACEMENT_3D ( 'NONE', #2030, #155, #639 ) ;
#2142 = CIRCLE ( 'NONE', #585, 3.299999999999998934 ) ;
#2143 = ADVANCED_FACE ( 'NONE', ( #1095 ), #1806, .T. ) ;
#2144 = DIRECTION ( 'NONE',  ( 0.7071067811865474617, 0.000000000000000000, 0.7071067811865474617 ) ) ;
#2145 = VECTOR ( 'NONE', #1096, 1000.000000000000000 ) ;
#2146 = DIRECTION ( 'NONE',  ( 0.000000000000000000, 0.000000000000000000, -1.000000000000000000 ) ) ;
#2147 = FACE_OUTER_BOUND ( 'NONE', #229, .T. ) ;
#2148 = AXIS2_PLACEMENT_3D ( 'NONE', #2, #1902, #1914 ) ;
#2149 = EDGE_CURVE ( 'NONE', #1863, #1870, #1769, .T. ) ;
#2150 = CARTESIAN_POINT ( 'NONE',  ( 8.699999999999974420, 0.5000000000000000000, -12.00000000000000000 ) ) ;
#2151 = CARTESIAN_POINT ( 'NONE',  ( -8.699999999999974420, 2.200000000000000178, 12.34999999999999609 ) ) ;
#2152 =( NAMED_UNIT ( * ) SI_UNIT ( $, .STERADIAN. ) SOLID_ANGLE_UNIT ( ) );
#2153 = DIRECTION ( 'NONE',  ( 0.000000000000000000, 0.000000000000000000, 1.000000000000000000 ) ) ;
#2154 = EDGE_CURVE ( 'NONE', #317, #611, #1839, .T. ) ;
#2155 = VECTOR ( 'NONE', #1796, 1000.000000000000114 ) ;
#2156 = DIRECTION ( 'NONE',  ( 0.000000000000000000, -0.000000000000000000, 1.000000000000000000 ) ) ;
#2157 = CARTESIAN_POINT ( 'NONE',  ( -12.50000000000000000, 2.049999999999999378, -8.699999999999974420 ) ) ;
#2158 = VECTOR ( 'NONE', #1916, 1000.000000000000000 ) ;
#2159 = CARTESIAN_POINT ( 'NONE',  ( -12.34999999999999964, 0.000000000000000000, 8.700000000000001066 ) ) ;
#2160 = LINE ( 'NONE', #439, #1709 ) ;
#2161 = CYLINDRICAL_SURFACE ( 'NONE', #1179, 1.250000000000000444 ) ;
#2162 = CARTESIAN_POINT ( 'NONE',  ( 0.000000000000000000, 1.550000000000000488, 2.500000000000000444 ) ) ;
#2163 = CARTESIAN_POINT ( 'NONE',  ( -8.700000000000001066, 0.000000000000000000, -8.700000000000001066 ) ) ;
#2164 = CARTESIAN_POINT ( 'NONE',  ( -8.000000000000000000, 2.000000000000000000, 9.500000000000001776 ) ) ;
#2165 = VECTOR ( 'NONE', #1438, 1000.000000000000000 ) ;
#2166 = DIRECTION ( 'NONE',  ( -1.000000000000000000, 0.000000000000000000, -0.000000000000000000 ) ) ;
#2167 = CARTESIAN_POINT ( 'NONE',  ( 8.700000000000001066, 0.1500000000000029921, 8.700000000000001066 ) ) ;
#2168 =( GEOMETRIC_REPRESENTATION_CONTEXT ( 3 ) GLOBAL_UNCERTAINTY_ASSIGNED_CONTEXT ( ( #1004 ) ) GLOBAL_UNIT_ASSIGNED_CONTEXT ( ( #1390, #1088, #570 ) ) REPRESENTATION_CONTEXT ( 'NONE', 'WORKASPACE' ) );
#2169 = VECTOR ( 'NONE', #2200, 1000.000000000000114 ) ;
#2170 = DIRECTION ( 'NONE',  ( 0.000000000000000000, 0.000000000000000000, -1.000000000000000000 ) ) ;
#2171 = ORIENTED_EDGE ( 'NONE', *, *, #301, .F. ) ;
#2172 = AXIS2_PLACEMENT_3D ( 'NONE', #1633, #1790, #242 ) ;
#2173 = VERTEX_POINT ( 'NONE', #2191 ) ;
#2174 = LINE ( 'NONE', #1956, #1421 ) ;
#2175 = CARTESIAN_POINT ( 'NONE',  ( 8.000000000000001776, 2.200000000000000178, -9.500000000000001776 ) ) ;
#2176 = CARTESIAN_POINT ( 'NONE',  ( -8.699999999999972644, 0.1500000000000029921, 12.50000000000000000 ) ) ;
#2177 = EDGE_CURVE ( 'NONE', #1357, #1697, #1785, .T. ) ;
#2178 = ORIENTED_EDGE ( 'NONE', *, *, #2026, .T. ) ;
#2179 = DIRECTION ( 'NONE',  ( 9.912705577010325549E-17, 0.000000000000000000, -1.000000000000000000 ) ) ;
#2180 = CIRCLE ( 'NONE', #2010, 3.799999999999999378 ) ;
#2181 = ORIENTED_EDGE ( 'NONE', *, *, #701, .T. ) ;
#2182 = DIRECTION ( 'NONE',  ( 0.000000000000000000, 0.000000000000000000, -1.000000000000000000 ) ) ;
#2183 = ORIENTED_EDGE ( 'NONE', *, *, #187, .F. ) ;
#2184 = CARTESIAN_POINT ( 'NONE',  ( 8.700000000000001066, 34.44112549695427816, 8.700000000000001066 ) ) ;
#2185 = LINE ( 'NONE', #223, #704 ) ;
#2186 = ORIENTED_EDGE ( 'NONE', *, *, #1659, .F. ) ;
#2187 = ORIENTED_EDGE ( 'NONE', *, *, #1538, .T. ) ;
#2188 = CIRCLE ( 'NONE', #176, 1.250000000000000444 ) ;
#2189 = ORIENTED_EDGE ( 'NONE', *, *, #2127, .F. ) ;
#2190 = ORIENTED_EDGE ( 'NONE', *, *, #908, .T. ) ;
#2191 = CARTESIAN_POINT ( 'NONE',  ( 0.000000000000000000, 0.000000000000000000, 2.900000000000000355 ) ) ;
#2192 = FACE_OUTER_BOUND ( 'NONE', #1569, .T. ) ;
#2193 = EDGE_LOOP ( 'NONE', ( #867, #2189, #2210, #1224 ) ) ;
#2194 = ORIENTED_EDGE ( 'NONE', *, *, #1087, .F. ) ;
#2195 = AXIS2_PLACEMENT_3D ( 'NONE', #913, #1607, #933 ) ;
#2196 = DIRECTION ( 'NONE',  ( 0.000000000000000000, 0.000000000000000000, 1.000000000000000000 ) ) ;
#2197 = CYLINDRICAL_SURFACE ( 'NONE', #2045, 3.299999999999998934 ) ;
#2198 = ORIENTED_EDGE ( 'NONE', *, *, #1397, .F. ) ;
#2199 = CARTESIAN_POINT ( 'NONE',  ( 9.500000000000001776, 2.000000000000000000, 9.500000000000001776 ) ) ;
#2200 = DIRECTION ( 'NONE',  ( -0.7071067811865474617, 0.000000000000000000, -0.7071067811865474617 ) ) ;
#2201 = LINE ( 'NONE', #1374, #1463 ) ;
#2202 = VERTEX_POINT ( 'NONE', #962 ) ;
#2203 = EDGE_CURVE ( 'NONE', #1147, #1592, #1100, .T. ) ;
#2204 = ORIENTED_EDGE ( 'NONE', *, *, #390, .T. ) ;
#2205 = EDGE_CURVE ( 'NONE', #1686, #2027, #1846, .T. ) ;
#2206 = VERTEX_POINT ( 'NONE', #945 ) ;
#2207 = CARTESIAN_POINT ( 'NONE',  ( -12.00000000000000000, 0.5000000000000000000, -8.699999999999976197 ) ) ;
#2208 = CARTESIAN_POINT ( 'NONE',  ( -12.00000000000000000, 0.000000000000000000, -8.699999999999976197 ) ) ;
#2209 = FACE_OUTER_BOUND ( 'NONE', #623, .T. ) ;
#2210 = ORIENTED_EDGE ( 'NONE', *, *, #1588, .F. ) ;
#2211 = ORIENTED_EDGE ( 'NONE', *, *, #2077, .F. ) ;
#2212 = TOROIDAL_SURFACE ( 'NONE', #488, 0.7051068295760031246, 1.249999999999999778 ) ;
#2213 = ORIENTED_EDGE ( 'NONE', *, *, #1197, .F. ) ;
#2214 = DIRECTION ( 'NONE',  ( 0.000000000000000000, 0.000000000000000000, -1.000000000000000000 ) ) ;
#2215 = EDGE_LOOP ( 'NONE', ( #91, #2183, #2061, #1718 ) ) ;
#2216 = DIRECTION ( 'NONE',  ( -0.000000000000000000, -1.000000000000000000, -0.000000000000000000 ) ) ;
#2217 = FACE_OUTER_BOUND ( 'NONE', #1575, .T. ) ;
#2218 = CARTESIAN_POINT ( 'NONE',  ( 1.547707149790713652E-16, 2.668196443880379132, 3.763798795594197166 ) ) ;
#2219 = ORIENTED_EDGE ( 'NONE', *, *, #2108, .F. ) ;
#2220 = PRODUCT_RELATED_PRODUCT_CATEGORY ( 'part', '', ( #1967 ) ) ;
#2221 = VECTOR ( 'NONE', #1393, 1000.000000000000114 ) ;
#2222 = ORIENTED_EDGE ( 'NONE', *, *, #2081, .T. ) ;
#2223 = DIRECTION ( 'NONE',  ( -0.000000000000000000, -1.000000000000000000, 8.503546450866700815E-17 ) ) ;
#2224 = DIRECTION ( 'NONE',  ( 0.000000000000000000, -8.503546450866700815E-17, -1.000000000000000000 ) ) ;
ENDSEC;
END-ISO-10303-21;
