ISO-10303-21;
HEADER;
FILE_DESCRIPTION (( 'STEP AP214' ),
    '1' );
FILE_NAME ('S3B-XH-A-E.STEP',
    '2024-01-04T08:16:16',
    ( '' ),
    ( '' ),
    'SwSTEP 2.0',
    'SolidWorks 2021',
    '' );
FILE_SCHEMA (( 'AUTOMOTIVE_DESIGN' ));
ENDSEC;

DATA;
#1 = CARTESIAN_POINT ( 'NONE',  ( 4.950000000000000178, 0.000000000000000000, 0.000000000000000000 ) ) ;
#2 = LINE ( 'NONE', #2254, #3575 ) ;
#3 = CARTESIAN_POINT ( 'NONE',  ( -4.099999999999999645, 5.275000000000011013, 0.000000000000000000 ) ) ;
#4 = DIRECTION ( 'NONE',  ( 0.000000000000000000, 0.000000000000000000, -1.000000000000000000 ) ) ;
#5 = VERTEX_POINT ( 'NONE', #4155 ) ;
#6 = ORIENTED_EDGE ( 'NONE', *, *, #2924, .T. ) ;
#7 = EDGE_CURVE ( 'NONE', #3151, #1135, #2881, .T. ) ;
#8 = EDGE_CURVE ( 'NONE', #1767, #837, #4174, .T. ) ;
#9 = CARTESIAN_POINT ( 'NONE',  ( -2.819999999999999396, 4.094999999999999751, 2.887878387081790343 ) ) ;
#10 = DIRECTION ( 'NONE',  ( 0.000000000000000000, 0.000000000000000000, 1.000000000000000000 ) ) ;
#11 = FACE_OUTER_BOUND ( 'NONE', #3380, .T. ) ;
#12 = PLANE ( 'NONE',  #2964 ) ;
#13 = DIRECTION ( 'NONE',  ( 1.000000000000000000, 0.000000000000000000, -0.000000000000000000 ) ) ;
#14 = DIRECTION ( 'NONE',  ( 0.000000000000000000, -0.9276100592987797100, 0.3735499670562350549 ) ) ;
#15 = EDGE_LOOP ( 'NONE', ( #86, #1786, #3290, #3069 ) ) ;
#16 = ORIENTED_EDGE ( 'NONE', *, *, #1232, .F. ) ;
#17 = CARTESIAN_POINT ( 'NONE',  ( -2.179999999999997939, 3.455000000000000071, -4.700000000000017053 ) ) ;
#18 = DIRECTION ( 'NONE',  ( -0.000000000000000000, 1.000000000000000000, -0.000000000000000000 ) ) ;
#19 = CARTESIAN_POINT ( 'NONE',  ( -2.329999999999997851, -3.399999999999999467, -5.530000000000021565 ) ) ;
#20 = CARTESIAN_POINT ( 'NONE',  ( -2.819999999999999396, -2.987878387081805975, -6.020000000000021778 ) ) ;
#21 = ORIENTED_EDGE ( 'NONE', *, *, #926, .F. ) ;
#22 = ORIENTED_EDGE ( 'NONE', *, *, #2390, .T. ) ;
#23 = EDGE_CURVE ( 'NONE', #3104, #1942, #239, .T. ) ;
#24 = EDGE_CURVE ( 'NONE', #220, #2289, #1818, .T. ) ;
#25 = CARTESIAN_POINT ( 'NONE',  ( -2.299999999999999822, 1.301022143997296432, -2.999999999999988898 ) ) ;
#26 = EDGE_CURVE ( 'NONE', #3808, #1822, #1536, .T. ) ;
#27 = LINE ( 'NONE', #1727, #4046 ) ;
#28 = CARTESIAN_POINT ( 'NONE',  ( -2.179999999999997939, -2.256834363362282048, -5.132120757304897474 ) ) ;
#29 = SURFACE_STYLE_FILL_AREA ( #2666 ) ;
#30 = VERTEX_POINT ( 'NONE', #858 ) ;
#31 = ORIENTED_EDGE ( 'NONE', *, *, #2301, .F. ) ;
#32 = CARTESIAN_POINT ( 'NONE',  ( 4.099999999999991651, 5.275000000000011013, -2.400000000000010569 ) ) ;
#33 = CARTESIAN_POINT ( 'NONE',  ( 4.099999999999995204, 4.575000000000019718, -3.100000000000001865 ) ) ;
#34 = DIRECTION ( 'NONE',  ( -1.000000000000000000, 0.000000000000000000, 0.000000000000000000 ) ) ;
#35 = LINE ( 'NONE', #1698, #4205 ) ;
#36 = ORIENTED_EDGE ( 'NONE', *, *, #887, .F. ) ;
#37 = ORIENTED_EDGE ( 'NONE', *, *, #1242, .F. ) ;
#38 = VECTOR ( 'NONE', #2397, 1000.000000000000000 ) ;
#39 = PRODUCT_DEFINITION_SHAPE ( 'NONE', 'NONE',  #4209 ) ;
#40 = EDGE_CURVE ( 'NONE', #613, #2056, #2159, .T. ) ;
#41 = AXIS2_PLACEMENT_3D ( 'NONE', #1246, #1225, #3253 ) ;
#42 = AXIS2_PLACEMENT_3D ( 'NONE', #1971, #1650, #1309 ) ;
#43 = EDGE_CURVE ( 'NONE', #3945, #4164, #2497, .T. ) ;
#44 = VECTOR ( 'NONE', #1262, 1000.000000000000000 ) ;
#45 = AXIS2_PLACEMENT_3D ( 'NONE', #1345, #474, #3071 ) ;
#46 = AXIS2_PLACEMENT_3D ( 'NONE', #1555, #3172, #1900 ) ;
#47 = FACE_OUTER_BOUND ( 'NONE', #1372, .T. ) ;
#48 = VECTOR ( 'NONE', #639, 1000.000000000000000 ) ;
#49 = EDGE_CURVE ( 'NONE', #229, #1975, #1220, .T. ) ;
#50 = CIRCLE ( 'NONE', #3450, 0.6999999999999914069 ) ;
#51 = AXIS2_PLACEMENT_3D ( 'NONE', #1847, #3146, #1111 ) ;
#52 = DIRECTION ( 'NONE',  ( 0.000000000000000000, 0.9276100592987817084, 0.3735499670562299479 ) ) ;
#53 = CARTESIAN_POINT ( 'NONE',  ( 4.099999999999999645, 1.225000000000037614, -4.700000000000000178 ) ) ;
#54 = AXIS2_PLACEMENT_3D ( 'NONE', #760, #3037, #1095 ) ;
#55 = DIRECTION ( 'NONE',  ( 0.000000000000000000, -5.421010862427523403E-17, -1.000000000000000000 ) ) ;
#56 = ORIENTED_EDGE ( 'NONE', *, *, #3107, .T. ) ;
#57 = VERTEX_POINT ( 'NONE', #3815 ) ;
#58 = EDGE_CURVE ( 'NONE', #3020, #1825, #2959, .T. ) ;
#59 = AXIS2_PLACEMENT_3D ( 'NONE', #3906, #2594, #1310 ) ;
#60 = DIRECTION ( 'NONE',  ( -0.000000000000000000, 0.000000000000000000, 1.000000000000000000 ) ) ;
#61 = LINE ( 'NONE', #712, #1193 ) ;
#62 = DIRECTION ( 'NONE',  ( -0.000000000000000000, 1.000000000000000000, -0.000000000000000000 ) ) ;
#63 = CARTESIAN_POINT ( 'NONE',  ( -3.250000000000002665, 0.000000000000000000, -6.999999999999982236 ) ) ;
#64 = EDGE_LOOP ( 'NONE', ( #2092, #3791, #3801, #4075 ) ) ;
#65 = ORIENTED_EDGE ( 'NONE', *, *, #3158, .T. ) ;
#66 = CARTESIAN_POINT ( 'NONE',  ( -2.849999999999991651, 1.301022143997296432, -0.7866025403784332459 ) ) ;
#67 = DIRECTION ( 'NONE',  ( -1.000000000000000000, -0.000000000000000000, -0.000000000000000000 ) ) ;
#68 = EDGE_CURVE ( 'NONE', #2611, #2923, #1883, .T. ) ;
#69 = CARTESIAN_POINT ( 'NONE',  ( -2.179999999999997939, -2.987878387081802423, -5.380000000000021210 ) ) ;
#70 = ADVANCED_FACE ( 'NONE', ( #2862 ), #2561, .T. ) ;
#71 = DIRECTION ( 'NONE',  ( 0.000000000000000000, 1.000000000000000000, 8.163404592832033571E-15 ) ) ;
#72 = CARTESIAN_POINT ( 'NONE',  ( -2.179999999999997939, -2.987878387081805975, -6.020000000000021778 ) ) ;
#73 = EDGE_LOOP ( 'NONE', ( #4019, #1726, #36, #347 ) ) ;
#74 = ORIENTED_EDGE ( 'NONE', *, *, #2676, .T. ) ;
#75 = EDGE_CURVE ( 'NONE', #4081, #1303, #127, .T. ) ;
#76 = CARTESIAN_POINT ( 'NONE',  ( -2.819999999999999396, 3.455000000000000071, -4.700000000000017053 ) ) ;
#77 = CARTESIAN_POINT ( 'NONE',  ( 4.099999999999999645, 1.225000000000037614, 0.000000000000000000 ) ) ;
#78 = DIRECTION ( 'NONE',  ( 1.000000000000000000, -0.000000000000000000, 0.000000000000000000 ) ) ;
#79 = ORIENTED_EDGE ( 'NONE', *, *, #4188, .F. ) ;
#80 = ORIENTED_EDGE ( 'NONE', *, *, #2503, .F. ) ;
#81 = CARTESIAN_POINT ( 'NONE',  ( -4.950000000000000178, 0.000000000000000000, 0.000000000000000000 ) ) ;
#82 = CARTESIAN_POINT ( 'NONE',  ( -2.849999999999991651, 6.100000000000000533, -0.6133974596215421293 ) ) ;
#83 = EDGE_CURVE ( 'NONE', #2889, #2202, #742, .T. ) ;
#84 = ORIENTED_EDGE ( 'NONE', *, *, #512, .F. ) ;
#85 = LINE ( 'NONE', #3977, #327 ) ;
#86 = ORIENTED_EDGE ( 'NONE', *, *, #2708, .T. ) ;
#87 = CARTESIAN_POINT ( 'NONE',  ( -2.179999999999997939, -2.987878387081805975, -5.380000000000022098 ) ) ;
#88 = DIRECTION ( 'NONE',  ( 1.000000000000000000, 0.000000000000000000, 0.000000000000000000 ) ) ;
#89 = DIRECTION ( 'NONE',  ( -1.000000000000000000, -0.000000000000000000, 0.000000000000000000 ) ) ;
#90 = FILL_AREA_STYLE_COLOUR ( '', #2922 ) ;
#91 = ORIENTED_EDGE ( 'NONE', *, *, #364, .T. ) ;
#92 = EDGE_LOOP ( 'NONE', ( #1761, #1747, #4080, #1210 ) ) ;
#93 = EDGE_CURVE ( 'NONE', #654, #1896, #1701, .T. ) ;
#94 = FILL_AREA_STYLE ('',( #2391 ) ) ;
#95 = PLANE ( 'NONE',  #1947 ) ;
#96 = DIRECTION ( 'NONE',  ( 0.000000000000000000, 1.946735479746240487E-16, -1.000000000000000000 ) ) ;
#97 = CARTESIAN_POINT ( 'NONE',  ( -2.179999999999997939, -2.987878387081805975, -6.020000000000021778 ) ) ;
#98 = ORIENTED_EDGE ( 'NONE', *, *, #3857, .F. ) ;
#99 = ORIENTED_EDGE ( 'NONE', *, *, #985, .F. ) ;
#100 = EDGE_CURVE ( 'NONE', #1401, #3652, #2677, .T. ) ;
#101 = DIRECTION ( 'NONE',  ( 0.000000000000000000, -0.000000000000000000, 1.000000000000000000 ) ) ;
#102 = LINE ( 'NONE', #3725, #3987 ) ;
#103 = ORIENTED_EDGE ( 'NONE', *, *, #3998, .F. ) ;
#104 = VERTEX_POINT ( 'NONE', #402 ) ;
#105 = EDGE_CURVE ( 'NONE', #1991, #913, #305, .T. ) ;
#106 = VECTOR ( 'NONE', #1641, 1000.000000000000000 ) ;
#107 = DIRECTION ( 'NONE',  ( -3.469446951953614978E-15, 0.000000000000000000, 1.000000000000000000 ) ) ;
#108 = AXIS2_PLACEMENT_3D ( 'NONE', #2799, #797, #2098 ) ;
#109 = AXIS2_PLACEMENT_3D ( 'NONE', #2283, #3889, #3254 ) ;
#110 = AXIS2_PLACEMENT_3D ( 'NONE', #1579, #1187, #4084 ) ;
#111 = VECTOR ( 'NONE', #1155, 1000.000000000000000 ) ;
#112 = EDGE_LOOP ( 'NONE', ( #2534, #4186, #3281, #22 ) ) ;
#113 = DIRECTION ( 'NONE',  ( 0.000000000000000000, 0.000000000000000000, 1.000000000000000000 ) ) ;
#114 = PLANE ( 'NONE',  #723 ) ;
#115 = DIRECTION ( 'NONE',  ( 0.000000000000000000, 0.5000000000000008882, 0.8660254037844380415 ) ) ;
#116 = ORIENTED_EDGE ( 'NONE', *, *, #3225, .F. ) ;
#117 =( GEOMETRIC_REPRESENTATION_CONTEXT ( 3 ) GLOBAL_UNCERTAINTY_ASSIGNED_CONTEXT ( ( #3322 ) ) GLOBAL_UNIT_ASSIGNED_CONTEXT ( ( #988, #1893, #3905 ) ) REPRESENTATION_CONTEXT ( 'NONE', 'WORKASPACE' ) );
#118 = EDGE_LOOP ( 'NONE', ( #578, #2482, #3700, #3845, #3508, #2073, #2736, #1156, #3079, #3951, #215, #3510 ) ) ;
#119 = COLOUR_RGB ( '',1.000000000000000000, 1.000000000000000000, 1.000000000000000000 ) ;
#120 = AXIS2_PLACEMENT_3D ( 'NONE', #2673, #417, #1420 ) ;
#121 = CYLINDRICAL_SURFACE ( 'NONE', #2560, 0.6999999999999914069 ) ;
#122 = LINE ( 'NONE', #2393, #3644 ) ;
#123 = LINE ( 'NONE', #3103, #2358 ) ;
#124 = VERTEX_POINT ( 'NONE', #968 ) ;
#125 = VERTEX_POINT ( 'NONE', #1743 ) ;
#126 = PRODUCT_DEFINITION ( 'UNKNOWN', '', #1009, #765 ) ;
#127 = LINE ( 'NONE', #3971, #4039 ) ;
#128 = DIRECTION ( 'NONE',  ( 0.000000000000000000, 0.000000000000000000, -1.000000000000000000 ) ) ;
#129 = EDGE_CURVE ( 'NONE', #1135, #1097, #3226, .T. ) ;
#130 = ORIENTED_EDGE ( 'NONE', *, *, #2526, .T. ) ;
#131 = EDGE_CURVE ( 'NONE', #1870, #3674, #763, .T. ) ;
#132 = DIRECTION ( 'NONE',  ( -0.000000000000000000, 5.421010862427523403E-17, 1.000000000000000000 ) ) ;
#133 = VERTEX_POINT ( 'NONE', #1606 ) ;
#134 = LINE ( 'NONE', #3473, #3315 ) ;
#135 = DIRECTION ( 'NONE',  ( 0.000000000000000000, -1.000000000000000000, 0.000000000000000000 ) ) ;
#136 = LINE ( 'NONE', #1709, #1342 ) ;
#137 = CARTESIAN_POINT ( 'NONE',  ( 0.000000000000000000, 0.000000000000000000, 3.499999999999982236 ) ) ;
#138 = ORIENTED_EDGE ( 'NONE', *, *, #1030, .T. ) ;
#139 = VERTEX_POINT ( 'NONE', #2064 ) ;
#140 = DIRECTION ( 'NONE',  ( 0.000000000000000000, 0.5000000000000008882, 0.8660254037844380415 ) ) ;
#141 = DIRECTION ( 'NONE',  ( 8.673617379881938680E-15, 0.000000000000000000, 1.000000000000000000 ) ) ;
#142 = DIRECTION ( 'NONE',  ( 0.000000000000000000, 0.000000000000000000, 1.000000000000000000 ) ) ;
#143 = DIRECTION ( 'NONE',  ( -1.000000000000000000, -0.000000000000000000, 0.000000000000000000 ) ) ;
#144 = ORIENTED_EDGE ( 'NONE', *, *, #1741, .T. ) ;
#145 = ORIENTED_EDGE ( 'NONE', *, *, #1191, .T. ) ;
#146 = EDGE_CURVE ( 'NONE', #644, #2795, #3044, .T. ) ;
#147 = PLANE ( 'NONE',  #446 ) ;
#148 = FACE_OUTER_BOUND ( 'NONE', #1230, .T. ) ;
#149 = VERTEX_POINT ( 'NONE', #2702 ) ;
#150 = EDGE_CURVE ( 'NONE', #3931, #1401, #656, .T. ) ;
#151 = CARTESIAN_POINT ( 'NONE',  ( -2.819999999999999396, -2.887878387081802334, -6.020000000000020002 ) ) ;
#152 = ADVANCED_FACE ( 'NONE', ( #1288 ), #1037, .F. ) ;
#153 = EDGE_LOOP ( 'NONE', ( #3065, #3875, #1179, #2747 ) ) ;
#154 = PLANE ( 'NONE',  #2490 ) ;
#155 = CARTESIAN_POINT ( 'NONE',  ( -4.099999999999999645, 5.275000000000011013, -4.700000000000000178 ) ) ;
#156 = DIRECTION ( 'NONE',  ( 3.469446951953614978E-15, 0.000000000000000000, -1.000000000000000000 ) ) ;
#157 = CARTESIAN_POINT ( 'NONE',  ( 2.500000000000000000, 0.000000000000000000, 0.000000000000000000 ) ) ;
#158 = ORIENTED_EDGE ( 'NONE', *, *, #1880, .F. ) ;
#159 = ORIENTED_EDGE ( 'NONE', *, *, #3456, .T. ) ;
#160 = DIRECTION ( 'NONE',  ( -1.000000000000000000, -0.000000000000000000, 0.000000000000000000 ) ) ;
#161 = DIRECTION ( 'NONE',  ( 1.000000000000000000, -0.000000000000000000, -0.000000000000000000 ) ) ;
#162 = CARTESIAN_POINT ( 'NONE',  ( -3.000000000000006217, 6.100000000000000533, 0.000000000000000000 ) ) ;
#163 = LINE ( 'NONE', #188, #461 ) ;
#164 = ORIENTED_EDGE ( 'NONE', *, *, #1304, .F. ) ;
#165 = VERTEX_POINT ( 'NONE', #3884 ) ;
#166 = ORIENTED_EDGE ( 'NONE', *, *, #3427, .T. ) ;
#167 = CARTESIAN_POINT ( 'NONE',  ( -0.7500000000000270894, 0.4000000000000000222, -2.602085213965305305E-15 ) ) ;
#168 = DIRECTION ( 'NONE',  ( 1.000000000000000000, 0.000000000000000000, 3.469446951953614978E-15 ) ) ;
#169 = VERTEX_POINT ( 'NONE', #3542 ) ;
#170 = ORIENTED_EDGE ( 'NONE', *, *, #693, .F. ) ;
#171 = EDGE_CURVE ( 'NONE', #918, #654, #2260, .T. ) ;
#172 = DIRECTION ( 'NONE',  ( -1.000000000000000000, -0.000000000000000000, 0.000000000000000000 ) ) ;
#173 = EDGE_CURVE ( 'NONE', #1720, #2222, #3017, .T. ) ;
#174 = AXIS2_PLACEMENT_3D ( 'NONE', #1053, #1721, #101 ) ;
#175 = ORIENTED_EDGE ( 'NONE', *, *, #1533, .F. ) ;
#176 = CARTESIAN_POINT ( 'NONE',  ( 3.000000000000002665, 5.275000000000011013, -0.9309401076758579974 ) ) ;
#177 = CARTESIAN_POINT ( 'NONE',  ( -2.179999999999997939, 3.454999999999999627, 2.887878387081791232 ) ) ;
#178 = AXIS2_PLACEMENT_3D ( 'NONE', #4159, #2205, #929 ) ;
#179 = VECTOR ( 'NONE', #1457, 1000.000000000000000 ) ;
#180 = EDGE_CURVE ( 'NONE', #3808, #2778, #2981, .T. ) ;
#181 = ORIENTED_EDGE ( 'NONE', *, *, #967, .T. ) ;
#182 = VECTOR ( 'NONE', #839, 1000.000000000000000 ) ;
#183 = CARTESIAN_POINT ( 'NONE',  ( 0.7499999999999742428, 0.4000000000000000222, 2.602085213965121500E-15 ) ) ;
#184 = CARTESIAN_POINT ( 'NONE',  ( -2.179999999999997939, -1.718922410801315692, -5.132120757304897474 ) ) ;
#185 = VECTOR ( 'NONE', #2579, 1000.000000000000000 ) ;
#186 = CARTESIAN_POINT ( 'NONE',  ( 4.950000000000000178, 2.549999999999999822, -11.49999999999999645 ) ) ;
#187 = EDGE_CURVE ( 'NONE', #2298, #1240, #2998, .T. ) ;
#188 = CARTESIAN_POINT ( 'NONE',  ( -2.819999999999999396, 4.094999999999999751, -9.400000000000000355 ) ) ;
#189 = ORIENTED_EDGE ( 'NONE', *, *, #2960, .T. ) ;
#190 = ORIENTED_EDGE ( 'NONE', *, *, #2466, .T. ) ;
#191 = AXIS2_PLACEMENT_3D ( 'NONE', #226, #2440, #3437 ) ;
#192 = CARTESIAN_POINT ( 'NONE',  ( -2.329999999999997851, 4.336808689942017736E-16, 3.299999999999982503 ) ) ;
#193 = DIRECTION ( 'NONE',  ( 0.000000000000000000, 1.000000000000000000, -0.000000000000000000 ) ) ;
#194 = VERTEX_POINT ( 'NONE', #720 ) ;
#195 = VECTOR ( 'NONE', #345, 1000.000000000000227 ) ;
#196 = ORIENTED_EDGE ( 'NONE', *, *, #1639, .T. ) ;
#197 = STYLED_ITEM ( 'NONE', ( #2267 ), #3341 ) ;
#198 = DIRECTION ( 'NONE',  ( 0.000000000000000000, 4.216341781888056408E-15, -1.000000000000000000 ) ) ;
#199 = CARTESIAN_POINT ( 'NONE',  ( -2.247025306722260751, -3.172028903833243429, -5.952974693277758966 ) ) ;
#200 = ADVANCED_FACE ( 'NONE', ( #2022 ), #1375, .F. ) ;
#201 = CARTESIAN_POINT ( 'NONE',  ( -2.819999999999999396, 2.774999999999997247, -6.020000000000020890 ) ) ;
#202 = CARTESIAN_POINT ( 'NONE',  ( -3.250000000000006217, 6.100000000000000533, -5.999999999999982236 ) ) ;
#203 = ORIENTED_EDGE ( 'NONE', *, *, #756, .F. ) ;
#204 = VERTEX_POINT ( 'NONE', #3655 ) ;
#205 = EDGE_CURVE ( 'NONE', #1174, #3836, #2042, .T. ) ;
#206 = LINE ( 'NONE', #2185, #1881 ) ;
#207 = CARTESIAN_POINT ( 'NONE',  ( -4.950000000000000178, 2.549999999999999822, -11.49999999999999645 ) ) ;
#208 = LINE ( 'NONE', #2207, #3311 ) ;
#209 = DIRECTION ( 'NONE',  ( 0.000000000000000000, 0.000000000000000000, 1.000000000000000000 ) ) ;
#210 = ORIENTED_EDGE ( 'NONE', *, *, #1387, .F. ) ;
#211 = ORIENTED_EDGE ( 'NONE', *, *, #3558, .F. ) ;
#212 = EDGE_CURVE ( 'NONE', #981, #30, #2809, .T. ) ;
#213 = PLANE ( 'NONE',  #2757 ) ;
#214 = DIRECTION ( 'NONE',  ( 0.000000000000000000, 0.3735499670562379970, 0.9276100592987784887 ) ) ;
#215 = ORIENTED_EDGE ( 'NONE', *, *, #3030, .T. ) ;
#216 = ORIENTED_EDGE ( 'NONE', *, *, #2243, .T. ) ;
#217 = CYLINDRICAL_SURFACE ( 'NONE', #2640, 0.1000000000000239031 ) ;
#218 = ORIENTED_EDGE ( 'NONE', *, *, #4178, .T. ) ;
#219 = DIRECTION ( 'NONE',  ( 0.000000000000000000, 1.000000000000000000, -0.000000000000000000 ) ) ;
#220 = VERTEX_POINT ( 'NONE', #3087 ) ;
#221 = CARTESIAN_POINT ( 'NONE',  ( -2.179999999999997939, 2.774999999999997247, -6.020000000000020890 ) ) ;
#222 = CARTESIAN_POINT ( 'NONE',  ( 5.000000000000000000, 0.000000000000000000, 0.000000000000000000 ) ) ;
#223 = ORIENTED_EDGE ( 'NONE', *, *, #3947, .F. ) ;
#224 = CARTESIAN_POINT ( 'NONE',  ( 3.000000000000003997, 1.301022143997296432, -0.9309401076758579974 ) ) ;
#225 = CARTESIAN_POINT ( 'NONE',  ( -2.949999999999990852, 1.301022143997296432, -0.8443375672973925106 ) ) ;
#226 = CARTESIAN_POINT ( 'NONE',  ( -2.179999999999997939, -2.887878387081802334, -6.020000000000020890 ) ) ;
#227 = CARTESIAN_POINT ( 'NONE',  ( 3.000000000000009770, 1.301022143997296432, -7.347880794884133541E-16 ) ) ;
#228 = ORIENTED_EDGE ( 'NONE', *, *, #2625, .F. ) ;
#229 = VERTEX_POINT ( 'NONE', #2484 ) ;
#230 = EDGE_CURVE ( 'NONE', #3085, #2949, #1326, .T. ) ;
#231 = LINE ( 'NONE', #1524, #1740 ) ;
#232 = DIRECTION ( 'NONE',  ( 0.9396926207859085389, -0.3420201433256685464, -6.658227477999732963E-17 ) ) ;
#233 = CARTESIAN_POINT ( 'NONE',  ( -2.819999999999999396, -2.987878387081805975, -6.020000000000021778 ) ) ;
#234 = ORIENTED_EDGE ( 'NONE', *, *, #3502, .T. ) ;
#235 = ORIENTED_EDGE ( 'NONE', *, *, #2362, .T. ) ;
#236 = ADVANCED_FACE ( 'NONE', ( #3763 ), #4036, .T. ) ;
#237 = CARTESIAN_POINT ( 'NONE',  ( -2.949999999999988187, 1.301022143997296432, -0.5556624327025834198 ) ) ;
#238 = EDGE_CURVE ( 'NONE', #2289, #260, #2767, .T. ) ;
#239 = LINE ( 'NONE', #3753, #3909 ) ;
#240 = DIRECTION ( 'NONE',  ( 0.000000000000000000, 1.000000000000000000, -2.843808977011159604E-15 ) ) ;
#241 = CARTESIAN_POINT ( 'NONE',  ( -2.179999999999997939, 4.095000000000000639, -4.700000000000017053 ) ) ;
#242 = ORIENTED_EDGE ( 'NONE', *, *, #935, .F. ) ;
#243 = VECTOR ( 'NONE', #3466, 1000.000000000000000 ) ;
#244 = AXIS2_PLACEMENT_3D ( 'NONE', #2472, #859, #517 ) ;
#245 = VECTOR ( 'NONE', #3842, 1000.000000000000000 ) ;
#246 = LINE ( 'NONE', #3435, #3704 ) ;
#247 = DIRECTION ( 'NONE',  ( -1.000000000000000000, 0.000000000000000000, 0.000000000000000000 ) ) ;
#248 = DIRECTION ( 'NONE',  ( 0.9396926207859079838, 0.000000000000000000, -0.3420201433256699342 ) ) ;
#249 = DIRECTION ( 'NONE',  ( -1.000000000000000000, 0.000000000000000000, -0.000000000000000000 ) ) ;
#250 = ORIENTED_EDGE ( 'NONE', *, *, #4044, .F. ) ;
#251 = ORIENTED_EDGE ( 'NONE', *, *, #711, .F. ) ;
#252 = VECTOR ( 'NONE', #2863, 1000.000000000000000 ) ;
#253 = VECTOR ( 'NONE', #1892, 1000.000000000000000 ) ;
#254 = AXIS2_PLACEMENT_3D ( 'NONE', #3630, #168, #491 ) ;
#255 = CARTESIAN_POINT ( 'NONE',  ( 2.949999999999994404, 1.301022143997296432, -0.8443375672973930657 ) ) ;
#256 = DIRECTION ( 'NONE',  ( 0.000000000000000000, 0.000000000000000000, -1.000000000000000000 ) ) ;
#257 = AXIS2_PLACEMENT_3D ( 'NONE', #1945, #67, #10 ) ;
#258 = ADVANCED_FACE ( 'NONE', ( #2172 ), #213, .T. ) ;
#259 = FACE_OUTER_BOUND ( 'NONE', #942, .T. ) ;
#260 = VERTEX_POINT ( 'NONE', #3406 ) ;
#261 = EDGE_LOOP ( 'NONE', ( #3897, #2171, #1809, #1281 ) ) ;
#262 = CIRCLE ( 'NONE', #1206, 0.08000000000000397071 ) ;
#263 = AXIS2_PLACEMENT_3D ( 'NONE', #2492, #1561, #1860 ) ;
#264 = ADVANCED_FACE ( 'NONE', ( #1487 ), #1505, .T. ) ;
#265 = PLANE ( 'NONE',  #600 ) ;
#266 = EDGE_LOOP ( 'NONE', ( #3105, #593, #2750, #3216 ) ) ;
#267 = EDGE_CURVE ( 'NONE', #776, #362, #4064, .T. ) ;
#268 = DIRECTION ( 'NONE',  ( -0.8660254037844574704, 0.000000000000000000, 0.4999999999999673594 ) ) ;
#269 = CARTESIAN_POINT ( 'NONE',  ( 0.000000000000000000, 3.945000000000000728, 3.299999999999982503 ) ) ;
#270 = ORIENTED_EDGE ( 'NONE', *, *, #1707, .F. ) ;
#271 = DIRECTION ( 'NONE',  ( 0.000000000000000000, -0.000000000000000000, 1.000000000000000000 ) ) ;
#272 =( NAMED_UNIT ( * ) PLANE_ANGLE_UNIT ( ) SI_UNIT ( $, .RADIAN. ) );
#273 = FACE_OUTER_BOUND ( 'NONE', #3058, .T. ) ;
#274 = DIRECTION ( 'NONE',  ( 1.000000000000000000, 0.000000000000000000, -0.000000000000000000 ) ) ;
#275 = CARTESIAN_POINT ( 'NONE',  ( -2.849999999999991651, 5.275000000000011013, -0.6133974596215421293 ) ) ;
#276 = DIRECTION ( 'NONE',  ( -1.000000000000000000, 0.000000000000000000, 0.000000000000000000 ) ) ;
#277 = EDGE_LOOP ( 'NONE', ( #3240, #2423, #4099, #958, #2832, #2126 ) ) ;
#278 = EDGE_LOOP ( 'NONE', ( #3139, #2135, #2210, #3718 ) ) ;
#279 = LINE ( 'NONE', #4166, #3720 ) ;
#280 = CARTESIAN_POINT ( 'NONE',  ( 2.180000000000000604, 3.454999999999999627, -9.400000000000000355 ) ) ;
#281 = DIRECTION ( 'NONE',  ( 0.000000000000000000, 1.000000000000000000, -0.000000000000000000 ) ) ;
#282 = CYLINDRICAL_SURFACE ( 'NONE', #392, 0.07999999999999587996 ) ;
#283 = ORIENTED_EDGE ( 'NONE', *, *, #309, .T. ) ;
#284 = ORIENTED_EDGE ( 'NONE', *, *, #3613, .T. ) ;
#285 = APPLICATION_CONTEXT ( 'automotive_design' ) ;
#286 = CARTESIAN_POINT ( 'NONE',  ( -4.099999999999999645, 4.275000000000021672, 0.000000000000000000 ) ) ;
#287 = EDGE_CURVE ( 'NONE', #4105, #2675, #3443, .T. ) ;
#288 = CARTESIAN_POINT ( 'NONE',  ( 2.820000000000002061, 3.454999999999999627, -9.400000000000000355 ) ) ;
#289 = DIRECTION ( 'NONE',  ( -1.000000000000000000, 0.000000000000000000, 0.000000000000000000 ) ) ;
#290 = FACE_OUTER_BOUND ( 'NONE', #2089, .T. ) ;
#291 = EDGE_CURVE ( 'NONE', #2889, #229, #814, .T. ) ;
#292 = LINE ( 'NONE', #1970, #2900 ) ;
#293 = DIRECTION ( 'NONE',  ( 1.000000000000000000, -0.000000000000000000, -0.000000000000000000 ) ) ;
#294 = CARTESIAN_POINT ( 'NONE',  ( -2.819999999999999396, -1.718922410801316136, -5.132120757304901026 ) ) ;
#295 = ORIENTED_EDGE ( 'NONE', *, *, #364, .F. ) ;
#296 = EDGE_LOOP ( 'NONE', ( #2890, #3136, #3289, #2688 ) ) ;
#297 = CARTESIAN_POINT ( 'NONE',  ( -2.329999999999997851, -3.399999999999999467, -5.870000000000022311 ) ) ;
#298 = PLANE ( 'NONE',  #856 ) ;
#299 = DIRECTION ( 'NONE',  ( -0.000000000000000000, 0.000000000000000000, -1.000000000000000000 ) ) ;
#300 = LINE ( 'NONE', #2174, #4062 ) ;
#301 = ORIENTED_EDGE ( 'NONE', *, *, #1527, .T. ) ;
#302 = EDGE_LOOP ( 'NONE', ( #1565, #1151, #998, #295 ) ) ;
#303 = EDGE_CURVE ( 'NONE', #3645, #3697, #2793, .T. ) ;
#304 = DIRECTION ( 'NONE',  ( 0.000000000000000000, -0.000000000000000000, -1.000000000000000000 ) ) ;
#305 = LINE ( 'NONE', #1398, #4182 ) ;
#306 = CARTESIAN_POINT ( 'NONE',  ( -2.819999999999999396, -1.356834363362291240, -5.967879242695142139 ) ) ;
#307 = DIRECTION ( 'NONE',  ( -0.000000000000000000, -1.000000000000000000, -0.000000000000000000 ) ) ;
#308 = DIRECTION ( 'NONE',  ( -0.000000000000000000, 0.9396926207859079838, -0.3420201433256699342 ) ) ;
#309 = EDGE_CURVE ( 'NONE', #3330, #1237, #3724, .T. ) ;
#310 = CARTESIAN_POINT ( 'NONE',  ( -2.329999999999997851, -3.399999999999999467, -5.380000000000022098 ) ) ;
#311 = LINE ( 'NONE', #1615, #3185 ) ;
#312 = CLOSED_SHELL ( 'NONE', ( #3516, #2132, #3484, #3099, #3980, #1995, #1584, #2134, #3476, #2537, #3332, #348, #3001, #1480, #3260, #3343, #1958, #3324, #2263, #1402, #70, #3252, #258, #2326, #533, #1908, #3769, #3678, #4104, #4162, #3072, #3206, #3540, #1562, #2867, #3963, #1646, #264, #566, #2861, #3862, #853, #2353, #236 ) ) ;
#313 = DIRECTION ( 'NONE',  ( 0.000000000000000000, 0.000000000000000000, -1.000000000000000000 ) ) ;
#314 = ORIENTED_EDGE ( 'NONE', *, *, #1172, .F. ) ;
#315 = EDGE_LOOP ( 'NONE', ( #3235, #4152, #3627, #2520, #2971, #1895 ) ) ;
#316 = VECTOR ( 'NONE', #535, 1000.000000000000000 ) ;
#317 = CARTESIAN_POINT ( 'NONE',  ( -2.849999999999991651, 5.275000000000011013, -0.7866025403784331349 ) ) ;
#318 = ADVANCED_FACE ( 'NONE', ( #876 ), #147, .F. ) ;
#319 = CARTESIAN_POINT ( 'NONE',  ( -4.950000000000000178, 4.575000000000019718, -3.100000000000001865 ) ) ;
#320 = CARTESIAN_POINT ( 'NONE',  ( 2.299999999999999822, 5.275000000000011013, -3.699999999999991740 ) ) ;
#321 = CARTESIAN_POINT ( 'NONE',  ( 2.899999999999992806, 5.275000000000011013, -0.6999999999999884093 ) ) ;
#322 = ORIENTED_EDGE ( 'NONE', *, *, #238, .T. ) ;
#323 = VECTOR ( 'NONE', #2966, 1000.000000000000000 ) ;
#324 = ORIENTED_EDGE ( 'NONE', *, *, #3145, .F. ) ;
#325 = AXIS2_PLACEMENT_3D ( 'NONE', #1093, #3376, #2392 ) ;
#326 = CIRCLE ( 'NONE', #46, 0.6800000000000034905 ) ;
#327 = VECTOR ( 'NONE', #3323, 1000.000000000000114 ) ;
#328 = AXIS2_PLACEMENT_3D ( 'NONE', #1488, #1807, #3506 ) ;
#329 = VECTOR ( 'NONE', #561, 1000.000000000000000 ) ;
#330 = AXIS2_PLACEMENT_3D ( 'NONE', #3348, #3287, #429 ) ;
#331 = LINE ( 'NONE', #3208, #3179 ) ;
#332 = CARTESIAN_POINT ( 'NONE',  ( 4.050000000000001599, 0.4000000000000000222, -6.999999999999973355 ) ) ;
#333 = VECTOR ( 'NONE', #1143, 1000.000000000000000 ) ;
#334 = EDGE_CURVE ( 'NONE', #3873, #1257, #1788, .T. ) ;
#335 = DIRECTION ( 'NONE',  ( -3.469446951953614978E-15, 0.000000000000000000, 1.000000000000000000 ) ) ;
#336 = CARTESIAN_POINT ( 'NONE',  ( -2.819999999999999396, -2.017762384446301294, -5.725791195256118016 ) ) ;
#337 = CARTESIAN_POINT ( 'NONE',  ( 2.949999999999994404, 6.100000000000000533, -0.5556624327025821986 ) ) ;
#338 =( NAMED_UNIT ( * ) PLANE_ANGLE_UNIT ( ) SI_UNIT ( $, .RADIAN. ) );
#339 = EDGE_LOOP ( 'NONE', ( #3833, #438, #1096, #730 ) ) ;
#340 = ORIENTED_EDGE ( 'NONE', *, *, #3030, .F. ) ;
#341 = ADVANCED_FACE ( 'NONE', ( #3744 ), #1806, .F. ) ;
#342 = LINE ( 'NONE', #1977, #3517 ) ;
#343 = FACE_OUTER_BOUND ( 'NONE', #4146, .T. ) ;
#344 = CARTESIAN_POINT ( 'NONE',  ( -2.179999999999997939, 3.454999999999999627, -4.700000000000017053 ) ) ;
#345 = DIRECTION ( 'NONE',  ( 0.8660254037844574704, -0.000000000000000000, -0.4999999999999672484 ) ) ;
#346 = ORIENTED_EDGE ( 'NONE', *, *, #2186, .T. ) ;
#347 = ORIENTED_EDGE ( 'NONE', *, *, #1679, .F. ) ;
#348 = ADVANCED_FACE ( 'NONE', ( #508 ), #3108, .F. ) ;
#349 = FACE_OUTER_BOUND ( 'NONE', #4094, .T. ) ;
#350 = CARTESIAN_POINT ( 'NONE',  ( -2.819999999999999396, 3.455000000000000071, -4.700000000000017053 ) ) ;
#351 = LINE ( 'NONE', #3926, #588 ) ;
#352 = PRESENTATION_STYLE_ASSIGNMENT (( #2929 ) ) ;
#353 = FACE_OUTER_BOUND ( 'NONE', #118, .T. ) ;
#354 = ORIENTED_EDGE ( 'NONE', *, *, #672, .F. ) ;
#355 = ORIENTED_EDGE ( 'NONE', *, *, #3268, .T. ) ;
#356 = CARTESIAN_POINT ( 'NONE',  ( -2.179999999999997939, -2.017762384446301294, -5.725791195256118016 ) ) ;
#357 = CARTESIAN_POINT ( 'NONE',  ( -2.179999999999997939, 3.454999999999999627, -9.400000000000000355 ) ) ;
#358 = PLANE ( 'NONE',  #1748 ) ;
#359 = EDGE_CURVE ( 'NONE', #638, #918, #2464, .T. ) ;
#360 = CARTESIAN_POINT ( 'NONE',  ( -2.179999999999997939, -2.987878387081805975, -6.020000000000021778 ) ) ;
#361 = ORIENTED_EDGE ( 'NONE', *, *, #514, .T. ) ;
#362 = VERTEX_POINT ( 'NONE', #3894 ) ;
#363 = EDGE_CURVE ( 'NONE', #124, #2232, #2, .T. ) ;
#364 = EDGE_CURVE ( 'NONE', #2949, #3234, #231, .T. ) ;
#365 = CARTESIAN_POINT ( 'NONE',  ( -2.179999999999997939, 2.774999999999997247, -6.020000000000020890 ) ) ;
#366 = FACE_OUTER_BOUND ( 'NONE', #266, .T. ) ;
#367 = LINE ( 'NONE', #53, #3178 ) ;
#368 = LINE ( 'NONE', #2052, #2427 ) ;
#369 = EDGE_LOOP ( 'NONE', ( #3668, #2682, #3782, #3658 ) ) ;
#370 = ORIENTED_EDGE ( 'NONE', *, *, #1568, .T. ) ;
#371 = FILL_AREA_STYLE_COLOUR ( '', #119 ) ;
#372 = FACE_OUTER_BOUND ( 'NONE', #3008, .T. ) ;
#373 = CARTESIAN_POINT ( 'NONE',  ( 4.050000000000001599, 0.4000000000000000222, 0.000000000000000000 ) ) ;
#374 = CARTESIAN_POINT ( 'NONE',  ( -2.179999999999997939, -1.957994389717308215, -5.725791195256119792 ) ) ;
#375 = ORIENTED_EDGE ( 'NONE', *, *, #832, .T. ) ;
#376 = ORIENTED_EDGE ( 'NONE', *, *, #2566, .T. ) ;
#377 = AXIS2_PLACEMENT_3D ( 'NONE', #556, #3385, #1462 ) ;
#378 = EDGE_CURVE ( 'NONE', #981, #3267, #598, .T. ) ;
#379 = CIRCLE ( 'NONE', #3441, 0.7000000000000027311 ) ;
#380 = DIRECTION ( 'NONE',  ( 3.469446951953614189E-15, 0.000000000000000000, -1.000000000000000000 ) ) ;
#381 = CIRCLE ( 'NONE', #325, 0.7200000000000038591 ) ;
#382 = AXIS2_PLACEMENT_3D ( 'NONE', #1023, #307, #3956 ) ;
#383 = ADVANCED_FACE ( 'NONE', ( #1254 ), #298, .F. ) ;
#384 = VECTOR ( 'NONE', #831, 1000.000000000000000 ) ;
#385 = CYLINDRICAL_SURFACE ( 'NONE', #3513, 0.7000000000000027311 ) ;
#386 = CIRCLE ( 'NONE', #460, 0.6999999999999914069 ) ;
#387 = CIRCLE ( 'NONE', #1754, 0.1000000000000028644 ) ;
#388 = EDGE_CURVE ( 'NONE', #3371, #2056, #2854, .T. ) ;
#389 = VECTOR ( 'NONE', #1291, 1000.000000000000000 ) ;
#390 = PLANE ( 'NONE',  #2976 ) ;
#391 = CARTESIAN_POINT ( 'NONE',  ( -2.819999999999999396, -1.087878387081801623, -5.380000000000021210 ) ) ;
#392 = AXIS2_PLACEMENT_3D ( 'NONE', #2214, #576, #4 ) ;
#393 = DIRECTION ( 'NONE',  ( 1.000000000000000000, -0.000000000000000000, -0.000000000000000000 ) ) ;
#394 = EDGE_LOOP ( 'NONE', ( #3430, #2764, #3692, #3168 ) ) ;
#395 = ORIENTED_EDGE ( 'NONE', *, *, #1232, .T. ) ;
#396 = CARTESIAN_POINT ( 'NONE',  ( -4.950000000000000178, 0.000000000000000000, -11.50000000000001776 ) ) ;
#397 = CARTESIAN_POINT ( 'NONE',  ( -4.049999999999998046, 0.4000000000000000222, -6.999999999999964473 ) ) ;
#398 = CARTESIAN_POINT ( 'NONE',  ( -2.179999999999997939, 3.454999999999999627, -4.700000000000000178 ) ) ;
#399 = DIRECTION ( 'NONE',  ( 1.000000000000000000, 0.000000000000000000, 0.000000000000000000 ) ) ;
#400 = EDGE_LOOP ( 'NONE', ( #284, #1201, #1189, #1415 ) ) ;
#401 = ORIENTED_EDGE ( 'NONE', *, *, #180, .F. ) ;
#402 = CARTESIAN_POINT ( 'NONE',  ( -3.250000000000002665, 0.3999999999999999112, -6.999999999999982236 ) ) ;
#403 = DIRECTION ( 'NONE',  ( 1.000000000000000000, 0.000000000000000000, 0.000000000000000000 ) ) ;
#404 = CARTESIAN_POINT ( 'NONE',  ( -2.329999999999997851, 4.336808689942017736E-16, 3.299999999999982503 ) ) ;
#405 = EDGE_CURVE ( 'NONE', #625, #362, #3485, .T. ) ;
#406 = ORIENTED_EDGE ( 'NONE', *, *, #1589, .T. ) ;
#407 = CARTESIAN_POINT ( 'NONE',  ( 2.299999999999999822, 1.301022143997296432, -3.699999999999991740 ) ) ;
#408 = DIRECTION ( 'NONE',  ( 1.000000000000000000, 0.000000000000000000, -1.070816960479510550E-15 ) ) ;
#409 = DIRECTION ( 'NONE',  ( 0.000000000000000000, 0.000000000000000000, -1.000000000000000000 ) ) ;
#410 = EDGE_CURVE ( 'NONE', #1627, #3340, #3570, .T. ) ;
#411 = VERTEX_POINT ( 'NONE', #3877 ) ;
#412 = ORIENTED_EDGE ( 'NONE', *, *, #2543, .F. ) ;
#413 = LINE ( 'NONE', #2717, #3861 ) ;
#414 = DIRECTION ( 'NONE',  ( 0.000000000000000000, 0.000000000000000000, 1.000000000000000000 ) ) ;
#415 = LINE ( 'NONE', #2672, #2424 ) ;
#416 = ADVANCED_FACE ( 'NONE', ( #2578 ), #574, .T. ) ;
#417 = DIRECTION ( 'NONE',  ( -1.000000000000000000, 0.000000000000000000, 0.000000000000000000 ) ) ;
#418 = ORIENTED_EDGE ( 'NONE', *, *, #628, .F. ) ;
#419 = ORIENTED_EDGE ( 'NONE', *, *, #1036, .F. ) ;
#420 = DIRECTION ( 'NONE',  ( 0.000000000000000000, 3.794707603699131728E-14, -1.000000000000000000 ) ) ;
#421 = FACE_OUTER_BOUND ( 'NONE', #1222, .T. ) ;
#422 = ORIENTED_EDGE ( 'NONE', *, *, #866, .T. ) ;
#423 = ORIENTED_EDGE ( 'NONE', *, *, #3749, .F. ) ;
#424 = DIRECTION ( 'NONE',  ( 0.000000000000000000, -1.946735479746240487E-16, 1.000000000000000000 ) ) ;
#425 = EDGE_LOOP ( 'NONE', ( #401, #1110, #1653, #775 ) ) ;
#426 = PRODUCT_DEFINITION ( 'UNKNOWN', '', #2782, #2726 ) ;
#427 = CARTESIAN_POINT ( 'NONE',  ( 2.299999999999999822, 6.100000000000000533, -2.999999999999989342 ) ) ;
#428 = CARTESIAN_POINT ( 'NONE',  ( -2.819999999999999396, 4.094999999999999751, -4.700000000000017053 ) ) ;
#429 = DIRECTION ( 'NONE',  ( 0.000000000000000000, 0.000000000000000000, -1.000000000000000000 ) ) ;
#430 = APPLICATION_CONTEXT ( 'automotive_design' ) ;
#431 = ORIENTED_EDGE ( 'NONE', *, *, #685, .F. ) ;
#432 = ORIENTED_EDGE ( 'NONE', *, *, #2403, .F. ) ;
#433 = EDGE_CURVE ( 'NONE', #2611, #1373, #3171, .T. ) ;
#434 = PRESENTATION_STYLE_ASSIGNMENT (( #2012 ) ) ;
#435 = DIRECTION ( 'NONE',  ( 0.000000000000000000, 0.5000000000000008882, 0.8660254037844380415 ) ) ;
#436 = DIRECTION ( 'NONE',  ( -1.000000000000000000, 0.000000000000000000, 0.000000000000000000 ) ) ;
#437 = CYLINDRICAL_SURFACE ( 'NONE', #2707, 0.6800000000000034905 ) ;
#438 = ORIENTED_EDGE ( 'NONE', *, *, #1153, .F. ) ;
#439 = ORIENTED_EDGE ( 'NONE', *, *, #3383, .F. ) ;
#440 = EDGE_CURVE ( 'NONE', #1401, #4010, #640, .T. ) ;
#441 = DIRECTION ( 'NONE',  ( 0.000000000000000000, -1.000000000000000000, 0.000000000000000000 ) ) ;
#442 = CYLINDRICAL_SURFACE ( 'NONE', #3308, 1.320000000000003393 ) ;
#443 = EDGE_LOOP ( 'NONE', ( #354, #3677, #251, #3818 ) ) ;
#444 = VECTOR ( 'NONE', #516, 1000.000000000000000 ) ;
#445 = CIRCLE ( 'NONE', #3363, 1.320000000000003393 ) ;
#446 = AXIS2_PLACEMENT_3D ( 'NONE', #1443, #2745, #490 ) ;
#447 = FACE_OUTER_BOUND ( 'NONE', #1311, .T. ) ;
#448 = AXIS2_PLACEMENT_3D ( 'NONE', #2519, #3543, #1884 ) ;
#449 = VECTOR ( 'NONE', #4160, 1000.000000000000000 ) ;
#450 = VECTOR ( 'NONE', #1054, 1000.000000000000000 ) ;
#451 = VECTOR ( 'NONE', #584, 1000.000000000000341 ) ;
#452 = ORIENTED_EDGE ( 'NONE', *, *, #1265, .T. ) ;
#453 = LINE ( 'NONE', #3304, #1052 ) ;
#454 = DIRECTION ( 'NONE',  ( 1.000000000000000000, 0.000000000000000000, 0.000000000000000000 ) ) ;
#455 = SHAPE_REPRESENTATION ( 'SxB-XH-A_3', ( #59 ), #1416 ) ;
#456 = DIRECTION ( 'NONE',  ( 0.000000000000000000, 0.3735499670562308916, 0.9276100592987813753 ) ) ;
#457 = ORIENTED_EDGE ( 'NONE', *, *, #2463, .F. ) ;
#458 = AXIS2_PLACEMENT_3D ( 'NONE', #3684, #89, #773 ) ;
#459 = ORIENTED_EDGE ( 'NONE', *, *, #173, .F. ) ;
#460 = AXIS2_PLACEMENT_3D ( 'NONE', #2219, #2558, #1239 ) ;
#461 = VECTOR ( 'NONE', #505, 1000.000000000000000 ) ;
#462 = CARTESIAN_POINT ( 'NONE',  ( -2.819999999999999396, 4.094999999999999751, -4.700000000000017053 ) ) ;
#463 = DIRECTION ( 'NONE',  ( -0.000000000000000000, -1.000000000000000000, -0.000000000000000000 ) ) ;
#464 = CARTESIAN_POINT ( 'NONE',  ( 3.249999999999995115, 0.000000000000000000, -5.999999999999982236 ) ) ;
#465 = CARTESIAN_POINT ( 'NONE',  ( -2.819999999999999396, -3.399999999999999467, -5.380000000000022098 ) ) ;
#466 = ORIENTED_EDGE ( 'NONE', *, *, #805, .T. ) ;
#467 = ORIENTED_EDGE ( 'NONE', *, *, #2437, .F. ) ;
#468 = EDGE_CURVE ( 'NONE', #1870, #2275, #658, .T. ) ;
#469 = MECHANICAL_DESIGN_GEOMETRIC_PRESENTATION_REPRESENTATION (  '', ( #197 ), #3049 ) ;
#470 = DIRECTION ( 'NONE',  ( 1.000000000000000000, 0.000000000000000000, -0.000000000000000000 ) ) ;
#471 = DIRECTION ( 'NONE',  ( -0.000000000000000000, 1.000000000000000000, -0.000000000000000000 ) ) ;
#472 = EDGE_LOOP ( 'NONE', ( #2080, #852, #452, #2763 ) ) ;
#473 = EDGE_CURVE ( 'NONE', #2202, #4171, #2875, .T. ) ;
#474 = DIRECTION ( 'NONE',  ( 0.000000000000000000, -0.8660254037844381525, 0.5000000000000009992 ) ) ;
#475 = VERTEX_POINT ( 'NONE', #2598 ) ;
#476 = CARTESIAN_POINT ( 'NONE',  ( -2.819999999999999396, 4.094999999999999751, 2.887878387081791232 ) ) ;
#477 = LINE ( 'NONE', #2455, #4123 ) ;
#478 = CARTESIAN_POINT ( 'NONE',  ( -1.750000000000005107, 0.000000000000000000, -5.999999999999982236 ) ) ;
#479 = ORIENTED_EDGE ( 'NONE', *, *, #3631, .T. ) ;
#480 = SHAPE_REPRESENTATION_RELATIONSHIP ( 'NONE' , 'NONE' ,  #1907, #1663 ) ;
#481 = VERTEX_POINT ( 'NONE', #2271 ) ;
#482 = ORIENTED_EDGE ( 'NONE', *, *, #1082, .F. ) ;
#483 = PLANE ( 'NONE',  #2690 ) ;
#484 = DIRECTION ( 'NONE',  ( 0.000000000000000000, -1.000000000000000000, 5.421010862427523403E-17 ) ) ;
#485 = LINE ( 'NONE', #3314, #2090 ) ;
#486 = LINE ( 'NONE', #3438, #2165 ) ;
#487 = ORIENTED_EDGE ( 'NONE', *, *, #2841, .F. ) ;
#488 = ORIENTED_EDGE ( 'NONE', *, *, #678, .T. ) ;
#489 = EDGE_CURVE ( 'NONE', #169, #1982, #3505, .T. ) ;
#490 = DIRECTION ( 'NONE',  ( -0.000000000000000000, 0.000000000000000000, -1.000000000000000000 ) ) ;
#491 = DIRECTION ( 'NONE',  ( 3.469446951953614978E-15, 0.000000000000000000, -1.000000000000000000 ) ) ;
#492 = ORIENTED_EDGE ( 'NONE', *, *, #1990, .T. ) ;
#493 = ORIENTED_EDGE ( 'NONE', *, *, #2238, .T. ) ;
#494 = EDGE_CURVE ( 'NONE', #881, #1896, #3199, .T. ) ;
#495 = CARTESIAN_POINT ( 'NONE',  ( -2.179999999999997939, -1.087878387081802289, -5.300000000000016698 ) ) ;
#496 = EDGE_CURVE ( 'NONE', #3470, #2461, #2918, .T. ) ;
#497 = ORIENTED_EDGE ( 'NONE', *, *, #3929, .T. ) ;
#498 = LINE ( 'NONE', #3799, #2234 ) ;
#499 = LINE ( 'NONE', #1777, #3302 ) ;
#500 =( NAMED_UNIT ( * ) PLANE_ANGLE_UNIT ( ) SI_UNIT ( $, .RADIAN. ) );
#501 = VERTEX_POINT ( 'NONE', #939 ) ;
#502 = LINE ( 'NONE', #1517, #3783 ) ;
#503 = DIRECTION ( 'NONE',  ( -1.000000000000000000, -0.000000000000000000, -0.000000000000000000 ) ) ;
#504 = DIRECTION ( 'NONE',  ( 9.376883653928708317E-16, 0.000000000000000000, 1.000000000000000000 ) ) ;
#505 = DIRECTION ( 'NONE',  ( -0.000000000000000000, -0.000000000000000000, 1.000000000000000000 ) ) ;
#506 = ORIENTED_EDGE ( 'NONE', *, *, #1871, .F. ) ;
#507 = VERTEX_POINT ( 'NONE', #3532 ) ;
#508 = FACE_OUTER_BOUND ( 'NONE', #1864, .T. ) ;
#509 = CARTESIAN_POINT ( 'NONE',  ( 2.820000000000002061, 0.000000000000000000, -5.999999999999982236 ) ) ;
#510 = EDGE_LOOP ( 'NONE', ( #1692, #2192, #1503, #1077 ) ) ;
#511 = ORIENTED_EDGE ( 'NONE', *, *, #287, .F. ) ;
#512 = EDGE_CURVE ( 'NONE', #913, #2770, #622, .T. ) ;
#513 = DIRECTION ( 'NONE',  ( 1.000000000000000000, 0.000000000000000000, -0.000000000000000000 ) ) ;
#514 = EDGE_CURVE ( 'NONE', #2796, #1822, #1298, .T. ) ;
#515 = VECTOR ( 'NONE', #680, 1000.000000000000000 ) ;
#516 = DIRECTION ( 'NONE',  ( 1.000000000000000000, -0.000000000000000000, -0.000000000000000000 ) ) ;
#517 = DIRECTION ( 'NONE',  ( 0.000000000000000000, 0.000000000000000000, 1.000000000000000000 ) ) ;
#518 = CARTESIAN_POINT ( 'NONE',  ( -1.550000000000009592, 5.275000000000011013, 0.000000000000000000 ) ) ;
#519 = VECTOR ( 'NONE', #589, 1000.000000000000000 ) ;
#520 = VECTOR ( 'NONE', #3904, 1000.000000000000000 ) ;
#521 = DIRECTION ( 'NONE',  ( 1.000000000000000000, 0.000000000000000000, 0.000000000000000000 ) ) ;
#522 = VERTEX_POINT ( 'NONE', #4190 ) ;
#523 = EDGE_CURVE ( 'NONE', #2675, #736, #960, .T. ) ;
#524 = VECTOR ( 'NONE', #1307, 1000.000000000000000 ) ;
#525 = DIRECTION ( 'NONE',  ( 0.000000000000000000, 1.000000000000000000, 0.000000000000000000 ) ) ;
#526 = CARTESIAN_POINT ( 'NONE',  ( -4.950000000000000178, 4.575000000000019718, -2.400000000000010569 ) ) ;
#527 = AXIS2_PLACEMENT_3D ( 'NONE', #1784, #2346, #1717 ) ;
#528 = PLANE ( 'NONE',  #2024 ) ;
#529 = CARTESIAN_POINT ( 'NONE',  ( -2.179999999999997939, -1.087878387081802289, -5.300000000000016698 ) ) ;
#530 = ORIENTED_EDGE ( 'NONE', *, *, #4022, .T. ) ;
#531 = ORIENTED_EDGE ( 'NONE', *, *, #1931, .T. ) ;
#532 = MECHANICAL_DESIGN_GEOMETRIC_PRESENTATION_REPRESENTATION (  '', ( #2352 ), #3449 ) ;
#533 = ADVANCED_FACE ( 'NONE', ( #1046 ), #3991, .T. ) ;
#534 = COLOUR_RGB ( '',0.7960784313725489669, 0.8235294117647058432, 0.9372549019607843146 ) ;
#535 = DIRECTION ( 'NONE',  ( 1.000000000000000000, 0.000000000000000000, 0.000000000000000000 ) ) ;
#536 = CARTESIAN_POINT ( 'NONE',  ( -1.952459014478499233, 3.227459014478501587, 2.262714667361025001 ) ) ;
#537 = ORIENTED_EDGE ( 'NONE', *, *, #3822, .T. ) ;
#538 = AXIS2_PLACEMENT_3D ( 'NONE', #3844, #3872, #2231 ) ;
#539 = EDGE_LOOP ( 'NONE', ( #2320, #1616, #833, #3673 ) ) ;
#540 =( GEOMETRIC_REPRESENTATION_CONTEXT ( 3 ) GLOBAL_UNCERTAINTY_ASSIGNED_CONTEXT ( ( #2983 ) ) GLOBAL_UNIT_ASSIGNED_CONTEXT ( ( #2435, #4074, #1710 ) ) REPRESENTATION_CONTEXT ( 'NONE', 'WORKASPACE' ) );
#541 = FACE_OUTER_BOUND ( 'NONE', #296, .T. ) ;
#542 = DIRECTION ( 'NONE',  ( 1.000000000000000000, 0.000000000000000000, 0.000000000000000000 ) ) ;
#543 = LINE ( 'NONE', #1819, #2623 ) ;
#544 = EDGE_CURVE ( 'NONE', #125, #2611, #925, .T. ) ;
#545 = DIRECTION ( 'NONE',  ( 1.000000000000000000, 0.000000000000000000, 0.000000000000000000 ) ) ;
#546 = ORIENTED_EDGE ( 'NONE', *, *, #2543, .T. ) ;
#547 = FACE_OUTER_BOUND ( 'NONE', #3765, .T. ) ;
#548 = EDGE_CURVE ( 'NONE', #2770, #3156, #3965, .T. ) ;
#549 = DIRECTION ( 'NONE',  ( -1.000000000000000000, 0.000000000000000000, 0.000000000000000000 ) ) ;
#550 = FACE_OUTER_BOUND ( 'NONE', #261, .T. ) ;
#551 = PRODUCT_DEFINITION_SHAPE ( 'NONE', 'NONE',  #4207 ) ;
#552 = DIRECTION ( 'NONE',  ( 0.000000000000000000, 0.000000000000000000, -1.000000000000000000 ) ) ;
#553 = ORIENTED_EDGE ( 'NONE', *, *, #1139, .T. ) ;
#554 = ORIENTED_EDGE ( 'NONE', *, *, #3268, .F. ) ;
#555 = EDGE_CURVE ( 'NONE', #2796, #3770, #995, .T. ) ;
#556 = CARTESIAN_POINT ( 'NONE',  ( -2.819999999999999396, -2.987878387081805975, -5.380000000000022098 ) ) ;
#557 = LINE ( 'NONE', #1856, #1620 ) ;
#558 = DIRECTION ( 'NONE',  ( 0.000000000000000000, 0.000000000000000000, -1.000000000000000000 ) ) ;
#559 = ORIENTED_EDGE ( 'NONE', *, *, #914, .T. ) ;
#560 = EDGE_LOOP ( 'NONE', ( #3439, #691, #3557, #2978 ) ) ;
#561 = DIRECTION ( 'NONE',  ( 0.000000000000000000, -0.000000000000000000, 1.000000000000000000 ) ) ;
#562 = EDGE_LOOP ( 'NONE', ( #159, #3273, #3446, #2990 ) ) ;
#563 = LINE ( 'NONE', #1587, #1742 ) ;
#564 = DIRECTION ( 'NONE',  ( 0.8660254037844574704, -0.000000000000000000, 0.4999999999999673594 ) ) ;
#565 = ORIENTED_EDGE ( 'NONE', *, *, #992, .F. ) ;
#566 = ADVANCED_FACE ( 'NONE', ( #372 ), #95, .T. ) ;
#567 = PLANE ( 'NONE',  #719 ) ;
#568 = DIRECTION ( 'NONE',  ( 0.000000000000000000, 1.946735479746240487E-16, -1.000000000000000000 ) ) ;
#569 = CARTESIAN_POINT ( 'NONE',  ( -2.819999999999999396, 4.095000000000000639, -4.700000000000017053 ) ) ;
#570 = DIRECTION ( 'NONE',  ( 3.469446951953614189E-15, 0.000000000000000000, -1.000000000000000000 ) ) ;
#571 = ORIENTED_EDGE ( 'NONE', *, *, #2489, .T. ) ;
#572 = ORIENTED_EDGE ( 'NONE', *, *, #1509, .T. ) ;
#573 = ADVANCED_FACE ( 'NONE', ( #343 ), #3935, .F. ) ;
#574 = PLANE ( 'NONE',  #4187 ) ;
#575 = PLANE ( 'NONE',  #110 ) ;
#576 = DIRECTION ( 'NONE',  ( 1.000000000000000000, 0.000000000000000000, 0.000000000000000000 ) ) ;
#577 = ORIENTED_EDGE ( 'NONE', *, *, #1148, .T. ) ;
#578 = ORIENTED_EDGE ( 'NONE', *, *, #2647, .F. ) ;
#579 = EDGE_CURVE ( 'NONE', #2232, #104, #3291, .T. ) ;
#580 = CARTESIAN_POINT ( 'NONE',  ( -1.550000000000009592, 5.275000000000011013, -3.699999999999991296 ) ) ;
#581 = PRODUCT_DEFINITION_SHAPE ( 'NONE', 'NONE',  #126 ) ;
#582 = DIRECTION ( 'NONE',  ( 0.000000000000000000, 6.377659838149993194E-16, -1.000000000000000000 ) ) ;
#583 = DIRECTION ( 'NONE',  ( 0.000000000000000000, -0.9276100592987797100, 0.3735499670562350549 ) ) ;
#584 = DIRECTION ( 'NONE',  ( -0.3236155771181856156, 0.3236155771181856156, 0.8891264907159875941 ) ) ;
#585 = ITEM_DEFINED_TRANSFORMATION ( 'NONE', 'NONE', #1966,  #59 ) ;
#586 = AXIS2_PLACEMENT_3D ( 'NONE', #830, #2128, #3423 ) ;
#587 = VECTOR ( 'NONE', #2457, 1000.000000000000341 ) ;
#588 = VECTOR ( 'NONE', #408, 1000.000000000000000 ) ;
#589 = DIRECTION ( 'NONE',  ( -0.000000000000000000, 1.000000000000000000, -0.000000000000000000 ) ) ;
#590 = DIRECTION ( 'NONE',  ( 0.000000000000000000, -0.000000000000000000, 1.000000000000000000 ) ) ;
#591 = FILL_AREA_STYLE ('',( #3824 ) ) ;
#592 = DIRECTION ( 'NONE',  ( 1.000000000000000000, -0.000000000000000000, 0.000000000000000000 ) ) ;
#593 = ORIENTED_EDGE ( 'NONE', *, *, #2728, .T. ) ;
#594 = VERTEX_POINT ( 'NONE', #2308 ) ;
#595 = AXIS2_PLACEMENT_3D ( 'NONE', #4040, #2775, #107 ) ;
#596 = VECTOR ( 'NONE', #3036, 1000.000000000000000 ) ;
#597 = CYLINDRICAL_SURFACE ( 'NONE', #1062, 0.7000000000000027311 ) ;
#598 = LINE ( 'NONE', #2530, #3776 ) ;
#599 = LINE ( 'NONE', #3787, #1202 ) ;
#600 = AXIS2_PLACEMENT_3D ( 'NONE', #1259, #2177, #3768 ) ;
#601 = EDGE_CURVE ( 'NONE', #507, #2055, #2936, .T. ) ;
#602 = DIRECTION ( 'NONE',  ( -0.000000000000000000, -0.000000000000000000, 1.000000000000000000 ) ) ;
#603 = VERTEX_POINT ( 'NONE', #1314 ) ;
#604 = ORIENTED_EDGE ( 'NONE', *, *, #857, .F. ) ;
#605 = VECTOR ( 'NONE', #456, 1000.000000000000114 ) ;
#606 = AXIS2_PLACEMENT_3D ( 'NONE', #1613, #2227, #3525 ) ;
#607 = AXIS2_PLACEMENT_3D ( 'NONE', #1440, #1075, #2373 ) ;
#608 = EDGE_CURVE ( 'NONE', #3340, #2811, #4115, .T. ) ;
#609 = CARTESIAN_POINT ( 'NONE',  ( 2.849999999999991651, 6.100000000000000533, -0.6133974596215413522 ) ) ;
#610 = VECTOR ( 'NONE', #3930, 1000.000000000000000 ) ;
#611 = ORIENTED_EDGE ( 'NONE', *, *, #1741, .F. ) ;
#612 = LINE ( 'NONE', #3248, #2085 ) ;
#613 = VERTEX_POINT ( 'NONE', #3277 ) ;
#614 = DIRECTION ( 'NONE',  ( -0.000000000000000000, 1.000000000000000000, 1.404634393503488270E-16 ) ) ;
#615 = CARTESIAN_POINT ( 'NONE',  ( -2.949999999999990852, 5.275000000000011013, -0.8443375672973925106 ) ) ;
#616 = LINE ( 'NONE', #1915, #3979 ) ;
#617 = LINE ( 'NONE', #2572, #1751 ) ;
#618 = DIRECTION ( 'NONE',  ( 0.000000000000000000, 0.000000000000000000, 1.000000000000000000 ) ) ;
#619 = EDGE_LOOP ( 'NONE', ( #3447, #2715, #2668, #3258 ) ) ;
#620 = EDGE_LOOP ( 'NONE', ( #2633, #1393, #2109, #754 ) ) ;
#621 = DIRECTION ( 'NONE',  ( 0.000000000000000000, 1.000000000000000000, 8.163404592832033571E-15 ) ) ;
#622 = LINE ( 'NONE', #1921, #3916 ) ;
#623 = LINE ( 'NONE', #373, #2632 ) ;
#624 = CARTESIAN_POINT ( 'NONE',  ( 1.749999999999972911, 0.4000000000000000222, 6.071532165918732534E-15 ) ) ;
#625 = VERTEX_POINT ( 'NONE', #33 ) ;
#626 = ORIENTED_EDGE ( 'NONE', *, *, #2021, .F. ) ;
#627 = DIRECTION ( 'NONE',  ( -0.4999999999999796274, 0.000000000000000000, 0.8660254037844504760 ) ) ;
#628 = EDGE_CURVE ( 'NONE', #1838, #1720, #2614, .T. ) ;
#629 = DIRECTION ( 'NONE',  ( 0.000000000000000000, 0.000000000000000000, 1.000000000000000000 ) ) ;
#630 = LINE ( 'NONE', #269, #999 ) ;
#631 = CARTESIAN_POINT ( 'NONE',  ( -2.329999999999997851, 3.604999999999999982, 3.299999999999982503 ) ) ;
#632 = EDGE_CURVE ( 'NONE', #894, #2448, #2952, .T. ) ;
#633 = DIRECTION ( 'NONE',  ( -1.000000000000000000, 0.000000000000000000, 0.000000000000000000 ) ) ;
#634 = DIRECTION ( 'NONE',  ( -0.9396926207859084279, -0.3420201433256686574, -6.658227477999735428E-17 ) ) ;
#635 = CARTESIAN_POINT ( 'NONE',  ( -2.819999999999999396, -2.887878387081802334, -6.020000000000020890 ) ) ;
#636 = LINE ( 'NONE', #4098, #3259 ) ;
#637 = EDGE_LOOP ( 'NONE', ( #2389, #2471, #2415, #324 ) ) ;
#638 = VERTEX_POINT ( 'NONE', #1673 ) ;
#639 = DIRECTION ( 'NONE',  ( -1.000000000000000000, -0.000000000000000000, -0.000000000000000000 ) ) ;
#640 = LINE ( 'NONE', #2236, #993 ) ;
#641 = FACE_OUTER_BOUND ( 'NONE', #2940, .T. ) ;
#642 = DIRECTION ( 'NONE',  ( -1.000000000000000000, 0.000000000000000000, 0.000000000000000000 ) ) ;
#643 = VERTEX_POINT ( 'NONE', #1978 ) ;
#644 = VERTEX_POINT ( 'NONE', #2974 ) ;
#645 = EDGE_CURVE ( 'NONE', #762, #3645, #61, .T. ) ;
#646 = PLANE ( 'NONE',  #2280 ) ;
#647 = DIRECTION ( 'NONE',  ( -1.000000000000000000, -0.000000000000000000, -0.000000000000000000 ) ) ;
#648 = ADVANCED_FACE ( 'NONE', ( #1355 ), #2656, .F. ) ;
#649 = CARTESIAN_POINT ( 'NONE',  ( -3.250000000000027089, 0.4000000000000000222, -1.127570259384934393E-14 ) ) ;
#650 = DIRECTION ( 'NONE',  ( -0.000000000000000000, 1.000000000000000000, -0.000000000000000000 ) ) ;
#651 = VECTOR ( 'NONE', #268, 1000.000000000000114 ) ;
#652 = EDGE_CURVE ( 'NONE', #1502, #603, #737, .T. ) ;
#653 = LINE ( 'NONE', #989, #610 ) ;
#654 = VERTEX_POINT ( 'NONE', #2993 ) ;
#655 = VERTEX_POINT ( 'NONE', #76 ) ;
#656 = CIRCLE ( 'NONE', #2409, 0.08000000000000281886 ) ;
#657 = LINE ( 'NONE', #1957, #2226 ) ;
#658 = LINE ( 'NONE', #4167, #3369 ) ;
#659 = FACE_OUTER_BOUND ( 'NONE', #2349, .T. ) ;
#660 = CARTESIAN_POINT ( 'NONE',  ( 0.3200000000000021161, 3.454999999999999627, -9.400000000000000355 ) ) ;
#661 = ORIENTED_EDGE ( 'NONE', *, *, #813, .F. ) ;
#662 = VECTOR ( 'NONE', #2498, 1000.000000000000000 ) ;
#663 = ORIENTED_EDGE ( 'NONE', *, *, #1427, .F. ) ;
#664 = VECTOR ( 'NONE', #2187, 1000.000000000000000 ) ;
#665 = VECTOR ( 'NONE', #2531, 1000.000000000000000 ) ;
#666 = AXIS2_PLACEMENT_3D ( 'NONE', #1863, #4176, #1514 ) ;
#667 = AXIS2_PLACEMENT_3D ( 'NONE', #1270, #3527, #2870 ) ;
#668 = CIRCLE ( 'NONE', #3924, 0.7200000000000027489 ) ;
#669 = AXIS2_PLACEMENT_3D ( 'NONE', #3463, #552, #249 ) ;
#670 = PLANE ( 'NONE',  #3922 ) ;
#671 =( GEOMETRIC_REPRESENTATION_CONTEXT ( 3 ) GLOBAL_UNCERTAINTY_ASSIGNED_CONTEXT ( ( #3746 ) ) GLOBAL_UNIT_ASSIGNED_CONTEXT ( ( #4112, #272, #1245 ) ) REPRESENTATION_CONTEXT ( 'NONE', 'WORKASPACE' ) );
#672 = EDGE_CURVE ( 'NONE', #1942, #643, #1369, .T. ) ;
#673 = DIRECTION ( 'NONE',  ( 0.000000000000000000, -1.000000000000000000, 0.000000000000000000 ) ) ;
#674 = DIRECTION ( 'NONE',  ( -0.000000000000000000, -0.000000000000000000, 1.000000000000000000 ) ) ;
#675 = SURFACE_SIDE_STYLE ('',( #29 ) ) ;
#676 = ORIENTED_EDGE ( 'NONE', *, *, #892, .F. ) ;
#677 = ORIENTED_EDGE ( 'NONE', *, *, #3654, .F. ) ;
#678 = EDGE_CURVE ( 'NONE', #1982, #1135, #1181, .T. ) ;
#679 = LINE ( 'NONE', #2253, #4061 ) ;
#680 = DIRECTION ( 'NONE',  ( -1.000000000000000000, -0.000000000000000000, -0.000000000000000000 ) ) ;
#681 = DIRECTION ( 'NONE',  ( -0.000000000000000000, -0.000000000000000000, 1.000000000000000000 ) ) ;
#682 = CARTESIAN_POINT ( 'NONE',  ( -2.299999999999999822, 6.100000000000000533, -3.699999999999991296 ) ) ;
#683 = VERTEX_POINT ( 'NONE', #3738 ) ;
#684 = EDGE_LOOP ( 'NONE', ( #2816, #1638, #3961, #235 ) ) ;
#685 = EDGE_CURVE ( 'NONE', #1839, #194, #1499, .T. ) ;
#686 = CARTESIAN_POINT ( 'NONE',  ( -2.179999999999997939, 2.774999999999996803, -4.700000000000017053 ) ) ;
#687 = CARTESIAN_POINT ( 'NONE',  ( -2.849999999999991651, 1.301022143997296432, -0.6133974596215421293 ) ) ;
#688 = CARTESIAN_POINT ( 'NONE',  ( -4.050000000000000711, 0.000000000000000000, -11.50000000000001776 ) ) ;
#689 = FACE_OUTER_BOUND ( 'NONE', #400, .T. ) ;
#690 =( NAMED_UNIT ( * ) SI_UNIT ( $, .STERADIAN. ) SOLID_ANGLE_UNIT ( ) );
#691 = ORIENTED_EDGE ( 'NONE', *, *, #3585, .F. ) ;
#692 = ORIENTED_EDGE ( 'NONE', *, *, #768, .T. ) ;
#693 = EDGE_CURVE ( 'NONE', #57, #1121, #2478, .T. ) ;
#694 = SURFACE_STYLE_FILL_AREA ( #94 ) ;
#695 = CARTESIAN_POINT ( 'NONE',  ( -2.899999999999979039, 5.275000000000011013, -0.4690598923241179330 ) ) ;
#696 = DIRECTION ( 'NONE',  ( 0.000000000000000000, 0.000000000000000000, -1.000000000000000000 ) ) ;
#697 = LINE ( 'NONE', #1996, #3727 ) ;
#698 = ORIENTED_EDGE ( 'NONE', *, *, #303, .T. ) ;
#699 = ORIENTED_EDGE ( 'NONE', *, *, #1247, .T. ) ;
#700 = EDGE_CURVE ( 'NONE', #2175, #1711, #3778, .T. ) ;
#701 = CARTESIAN_POINT ( 'NONE',  ( 1.749999999999997113, 0.000000000000000000, -6.999999999999982236 ) ) ;
#702 = EDGE_CURVE ( 'NONE', #30, #1436, #2140, .T. ) ;
#703 = DIRECTION ( 'NONE',  ( 0.000000000000000000, 0.000000000000000000, 1.000000000000000000 ) ) ;
#704 = CARTESIAN_POINT ( 'NONE',  ( 4.050000000000000711, 2.549999999999999822, -11.49999999999999645 ) ) ;
#705 = CARTESIAN_POINT ( 'NONE',  ( -2.819999999999999396, -2.256834363362282048, -5.132120757304897474 ) ) ;
#706 = DIRECTION ( 'NONE',  ( 1.000000000000000000, -0.000000000000000000, -0.000000000000000000 ) ) ;
#707 = VERTEX_POINT ( 'NONE', #2439 ) ;
#708 = EDGE_LOOP ( 'NONE', ( #1070, #1792, #1035, #2705 ) ) ;
#709 = VECTOR ( 'NONE', #3520, 1000.000000000000000 ) ;
#710 = LINE ( 'NONE', #462, #3310 ) ;
#711 = EDGE_CURVE ( 'NONE', #2407, #3104, #2058, .T. ) ;
#712 = CARTESIAN_POINT ( 'NONE',  ( 0.3200000000000021161, 0.000000000000000000, -5.999999999999982236 ) ) ;
#713 = LINE ( 'NONE', #3689, #2772 ) ;
#714 = PLANE ( 'NONE',  #120 ) ;
#715 = ORIENTED_EDGE ( 'NONE', *, *, #1153, .T. ) ;
#716 = ORIENTED_EDGE ( 'NONE', *, *, #3534, .F. ) ;
#717 = VECTOR ( 'NONE', #2293, 1000.000000000000000 ) ;
#718 = ADVANCED_FACE ( 'NONE', ( #844 ), #121, .F. ) ;
#719 = AXIS2_PLACEMENT_3D ( 'NONE', #3803, #160, #1545 ) ;
#720 = CARTESIAN_POINT ( 'NONE',  ( 4.950000000000000178, 5.275000000000011013, -2.400000000000010569 ) ) ;
#721 = DIRECTION ( 'NONE',  ( 0.000000000000000000, 3.285461128743944150E-16, -1.000000000000000000 ) ) ;
#722 = VECTOR ( 'NONE', #1801, 1000.000000000000000 ) ;
#723 = AXIS2_PLACEMENT_3D ( 'NONE', #772, #1411, #2712 ) ;
#724 = EDGE_CURVE ( 'NONE', #1436, #3267, #4096, .T. ) ;
#725 = VECTOR ( 'NONE', #3220, 1000.000000000000000 ) ;
#726 = CARTESIAN_POINT ( 'NONE',  ( -2.179999999999997939, 3.455000000000000071, 2.887878387081791232 ) ) ;
#727 = AXIS2_PLACEMENT_3D ( 'NONE', #790, #2094, #513 ) ;
#728 = SHAPE_REPRESENTATION ( 'S3B-XH-A-E', ( #3591, #2582, #3266, #3524, #1966 ), #671 ) ;
#729 = VECTOR ( 'NONE', #1593, 1000.000000000000000 ) ;
#730 = ORIENTED_EDGE ( 'NONE', *, *, #1877, .T. ) ;
#731 = DIRECTION ( 'NONE',  ( -1.000000000000000000, -0.000000000000000000, 0.000000000000000000 ) ) ;
#732 = CARTESIAN_POINT ( 'NONE',  ( -2.179999999999997939, -2.017762384446295520, -5.725791195256118016 ) ) ;
#733 = AXIS2_PLACEMENT_3D ( 'NONE', #3650, #2641, #3937 ) ;
#734 = DIRECTION ( 'NONE',  ( 0.000000000000000000, 0.000000000000000000, 1.000000000000000000 ) ) ;
#735 = EDGE_LOOP ( 'NONE', ( #2689, #412, #1832, #3398 ) ) ;
#736 = VERTEX_POINT ( 'NONE', #3061 ) ;
#737 = LINE ( 'NONE', #1390, #1051 ) ;
#738 = LINE ( 'NONE', #3012, #937 ) ;
#739 = LINE ( 'NONE', #2310, #2501 ) ;
#740 = VERTEX_POINT ( 'NONE', #2787 ) ;
#741 = ORIENTED_EDGE ( 'NONE', *, *, #4136, .T. ) ;
#742 = LINE ( 'NONE', #1928, #1733 ) ;
#743 = LINE ( 'NONE', #2043, #794 ) ;
#744 = ORIENTED_EDGE ( 'NONE', *, *, #7, .F. ) ;
#745 = CARTESIAN_POINT ( 'NONE',  ( 1.550000000000013145, 6.100000000000000533, -3.796405077356819076E-16 ) ) ;
#746 = EDGE_CURVE ( 'NONE', #4010, #2110, #2123, .T. ) ;
#747 = EDGE_CURVE ( 'NONE', #2191, #1825, #2718, .T. ) ;
#748 = EDGE_LOOP ( 'NONE', ( #3475, #1442, #4206, #459, #1582, #2812, #2017, #3144, #1699, #2581, #37, #1366, #3469, #3056, #2956, #2010, #847, #4113, #1559, #1508, #554, #3750, #467, #2950, #3021, #2190, #3112, #2556, #210, #1852, #164, #1166, #4023, #3731, #3222, #98, #2743, #3726 ) ) ;
#749 = CARTESIAN_POINT ( 'NONE',  ( -2.819999999999999396, 2.774999999999997247, -6.020000000000020002 ) ) ;
#750 = CARTESIAN_POINT ( 'NONE',  ( -4.950000000000000178, 5.148076211353326492, -6.999999999999987566 ) ) ;
#751 = SHAPE_REPRESENTATION ( 'pin^SxB-XH-A ass', ( #59 ), #540 ) ;
#752 = FACE_BOUND ( 'NONE', #1550, .T. ) ;
#753 = SURFACE_STYLE_USAGE ( .BOTH. , #1108 ) ;
#754 = ORIENTED_EDGE ( 'NONE', *, *, #105, .F. ) ;
#755 = ORIENTED_EDGE ( 'NONE', *, *, #793, .F. ) ;
#756 = EDGE_CURVE ( 'NONE', #3392, #4081, #381, .T. ) ;
#757 =( NAMED_UNIT ( * ) PLANE_ANGLE_UNIT ( ) SI_UNIT ( $, .RADIAN. ) );
#758 = DIRECTION ( 'NONE',  ( -1.000000000000000000, 0.000000000000000000, -0.000000000000000000 ) ) ;
#759 = DIRECTION ( 'NONE',  ( 0.000000000000000000, 0.000000000000000000, 1.000000000000000000 ) ) ;
#760 = CARTESIAN_POINT ( 'NONE',  ( -2.819999999999999396, -2.887878387081802778, -5.300000000000016698 ) ) ;
#761 = VERTEX_POINT ( 'NONE', #2458 ) ;
#762 = VERTEX_POINT ( 'NONE', #779 ) ;
#763 = LINE ( 'NONE', #66, #2145 ) ;
#764 = CARTESIAN_POINT ( 'NONE',  ( -1.550000000000009592, 5.275000000000011013, -3.699999999999991296 ) ) ;
#765 = PRODUCT_DEFINITION_CONTEXT ( 'detailed design', #2535, 'design' ) ;
#766 = ORIENTED_EDGE ( 'NONE', *, *, #2437, .T. ) ;
#767 = CARTESIAN_POINT ( 'NONE',  ( -2.819999999999999396, -2.987878387081805975, -5.380000000000022098 ) ) ;
#768 = EDGE_CURVE ( 'NONE', #2873, #2997, #2281, .T. ) ;
#769 = ORIENTED_EDGE ( 'NONE', *, *, #1130, .T. ) ;
#770 = FACE_OUTER_BOUND ( 'NONE', #2737, .T. ) ;
#771 = ADVANCED_FACE ( 'NONE', ( #1438 ), #2412, .T. ) ;
#772 = CARTESIAN_POINT ( 'NONE',  ( 4.050000000000000711, 0.000000000000000000, -11.50000000000001776 ) ) ;
#773 = DIRECTION ( 'NONE',  ( 0.000000000000000000, 0.000000000000000000, 1.000000000000000000 ) ) ;
#774 = SURFACE_SIDE_STYLE ('',( #2387 ) ) ;
#775 = ORIENTED_EDGE ( 'NONE', *, *, #2965, .F. ) ;
#776 = VERTEX_POINT ( 'NONE', #4031 ) ;
#777 = SURFACE_SIDE_STYLE ('',( #694 ) ) ;
#778 = EDGE_CURVE ( 'NONE', #2202, #2222, #1112, .T. ) ;
#779 = CARTESIAN_POINT ( 'NONE',  ( 0.3200000000000021161, 3.454999999999999627, -5.999999999999982236 ) ) ;
#780 = CARTESIAN_POINT ( 'NONE',  ( -2.899999999999992806, 6.100000000000000533, -0.6999999999999876321 ) ) ;
#781 = DIRECTION ( 'NONE',  ( -1.000000000000000000, 0.000000000000000000, 0.000000000000000000 ) ) ;
#782 = ORIENTED_EDGE ( 'NONE', *, *, #1901, .F. ) ;
#783 = ORIENTED_EDGE ( 'NONE', *, *, #3722, .T. ) ;
#784 = CARTESIAN_POINT ( 'NONE',  ( 2.299999999999999822, 5.275000000000011013, -2.999999999999989342 ) ) ;
#785 = DIRECTION ( 'NONE',  ( -0.8660254037844574704, 0.000000000000000000, -0.4999999999999672484 ) ) ;
#786 = VERTEX_POINT ( 'NONE', #3714 ) ;
#787 = VECTOR ( 'NONE', #3629, 1000.000000000000000 ) ;
#788 = AXIS2_PLACEMENT_3D ( 'NONE', #1157, #820, #3431 ) ;
#789 = VECTOR ( 'NONE', #88, 1000.000000000000000 ) ;
#790 = CARTESIAN_POINT ( 'NONE',  ( -1.750000000000005107, 0.000000000000000000, -5.999999999999982236 ) ) ;
#791 = VECTOR ( 'NONE', #2732, 1000.000000000000000 ) ;
#792 = CIRCLE ( 'NONE', #2905, 0.7199999999999964206 ) ;
#793 = EDGE_CURVE ( 'NONE', #1693, #2298, #808, .T. ) ;
#794 = VECTOR ( 'NONE', #3359, 1000.000000000000000 ) ;
#795 = AXIS2_PLACEMENT_3D ( 'NONE', #686, #3901, #1984 ) ;
#796 = EDGE_LOOP ( 'NONE', ( #4137, #2771, #1460, #3078 ) ) ;
#797 = DIRECTION ( 'NONE',  ( -0.000000000000000000, -0.9396926207859086499, -0.3420201433256682133 ) ) ;
#798 = PLANE ( 'NONE',  #1746 ) ;
#799 = DIRECTION ( 'NONE',  ( -0.000000000000000000, 5.421010862427523403E-17, 1.000000000000000000 ) ) ;
#800 = PRESENTATION_STYLE_ASSIGNMENT (( #2367 ) ) ;
#801 = ORIENTED_EDGE ( 'NONE', *, *, #3009, .T. ) ;
#802 = VECTOR ( 'NONE', #973, 1000.000000000000000 ) ;
#803 = ORIENTED_EDGE ( 'NONE', *, *, #1320, .T. ) ;
#804 = AXIS2_PLACEMENT_3D ( 'NONE', #3224, #1285, #304 ) ;
#805 = EDGE_CURVE ( 'NONE', #3325, #2191, #2691, .T. ) ;
#806 = AXIS2_PLACEMENT_3D ( 'NONE', #2856, #4150, #1902 ) ;
#807 = DIRECTION ( 'NONE',  ( -1.000000000000000000, -0.000000000000000000, 0.000000000000000000 ) ) ;
#808 = LINE ( 'NONE', #1783, #179 ) ;
#809 = CARTESIAN_POINT ( 'NONE',  ( -2.179999999999997939, -2.256834363362282048, -5.132120757304897474 ) ) ;
#810 = PLANE ( 'NONE',  #3452 ) ;
#811 = EDGE_LOOP ( 'NONE', ( #1021, #1637, #3729, #1251 ) ) ;
#812 = ORIENTED_EDGE ( 'NONE', *, *, #3970, .T. ) ;
#813 = EDGE_CURVE ( 'NONE', #3267, #3470, #824, .T. ) ;
#814 = LINE ( 'NONE', #167, #1878 ) ;
#815 = CARTESIAN_POINT ( 'NONE',  ( 2.299999999999999822, 1.301022143997296432, -3.699999999999991740 ) ) ;
#816 = EDGE_LOOP ( 'NONE', ( #3915, #1989, #3693, #2514 ) ) ;
#817 = EDGE_CURVE ( 'NONE', #2407, #3808, #3101, .T. ) ;
#818 = FACE_OUTER_BOUND ( 'NONE', #2379, .T. ) ;
#819 = ORIENTED_EDGE ( 'NONE', *, *, #3422, .T. ) ;
#820 = DIRECTION ( 'NONE',  ( -1.000000000000000000, 0.000000000000000000, -3.469446951953614978E-15 ) ) ;
#821 = DIRECTION ( 'NONE',  ( 1.000000000000000000, 0.000000000000000000, 0.000000000000000000 ) ) ;
#822 = EDGE_LOOP ( 'NONE', ( #2163, #1409, #3086, #1513 ) ) ;
#823 = DIRECTION ( 'NONE',  ( 0.000000000000000000, -0.3735499670562350549, -0.9276100592987797100 ) ) ;
#824 = LINE ( 'NONE', #3417, #722 ) ;
#825 = CARTESIAN_POINT ( 'NONE',  ( 4.950000000000000178, 6.100000000000000533, 0.000000000000000000 ) ) ;
#826 = LINE ( 'NONE', #3691, #2430 ) ;
#827 = EDGE_LOOP ( 'NONE', ( #2538, #3590, #2790, #3415 ) ) ;
#828 = ORIENTED_EDGE ( 'NONE', *, *, #2730, .F. ) ;
#829 = EDGE_CURVE ( 'NONE', #2275, #3530, #3231, .T. ) ;
#830 = CARTESIAN_POINT ( 'NONE',  ( -2.819999999999999396, 3.454999999999999627, -9.400000000000000355 ) ) ;
#831 = DIRECTION ( 'NONE',  ( 0.000000000000000000, 1.000000000000000000, -2.843808977011159604E-15 ) ) ;
#832 = EDGE_CURVE ( 'NONE', #4185, #57, #3460, .T. ) ;
#833 = ORIENTED_EDGE ( 'NONE', *, *, #2600, .F. ) ;
#834 = ORIENTED_EDGE ( 'NONE', *, *, #2933, .T. ) ;
#835 = ADVANCED_FACE ( 'NONE', ( #2822 ), #1518, .F. ) ;
#836 = FACE_OUTER_BOUND ( 'NONE', #4147, .T. ) ;
#837 = VERTEX_POINT ( 'NONE', #2505 ) ;
#838 = CARTESIAN_POINT ( 'NONE',  ( -2.819999999999999396, -2.987878387081802423, -5.380000000000021210 ) ) ;
#839 = DIRECTION ( 'NONE',  ( -0.000000000000000000, 5.421010862427523403E-17, 1.000000000000000000 ) ) ;
#840 = EDGE_CURVE ( 'NONE', #1257, #1659, #4117, .T. ) ;
#841 = CONTEXT_DEPENDENT_SHAPE_REPRESENTATION ( #2450, #2593 ) ;
#842 = ORIENTED_EDGE ( 'NONE', *, *, #1368, .T. ) ;
#843 = DIRECTION ( 'NONE',  ( 0.000000000000000000, 0.000000000000000000, 1.000000000000000000 ) ) ;
#844 = FACE_OUTER_BOUND ( 'NONE', #1909, .T. ) ;
#845 = DIRECTION ( 'NONE',  ( -1.000000000000000000, 0.000000000000000000, 0.000000000000000000 ) ) ;
#846 = DIRECTION ( 'NONE',  ( 0.000000000000000000, 1.000000000000000000, 0.000000000000000000 ) ) ;
#847 = ORIENTED_EDGE ( 'NONE', *, *, #2938, .F. ) ;
#848 = ORIENTED_EDGE ( 'NONE', *, *, #3822, .F. ) ;
#849 = CARTESIAN_POINT ( 'NONE',  ( -4.049999999999998046, 0.4000000000000000222, -6.999999999999964473 ) ) ;
#850 = FACE_OUTER_BOUND ( 'NONE', #3651, .T. ) ;
#851 = ORIENTED_EDGE ( 'NONE', *, *, #1707, .T. ) ;
#852 = ORIENTED_EDGE ( 'NONE', *, *, #805, .F. ) ;
#853 = ADVANCED_FACE ( 'NONE', ( #3192 ), #909, .T. ) ;
#854 = VECTOR ( 'NONE', #3491, 1000.000000000000000 ) ;
#855 = CARTESIAN_POINT ( 'NONE',  ( -2.819999999999999396, -2.887878387081802334, -6.020000000000020890 ) ) ;
#856 = AXIS2_PLACEMENT_3D ( 'NONE', #1213, #1939, #3809 ) ;
#857 = EDGE_CURVE ( 'NONE', #1981, #736, #3547, .T. ) ;
#858 = CARTESIAN_POINT ( 'NONE',  ( -2.819999999999999396, -2.987878387081802423, -6.020000000000020890 ) ) ;
#859 = DIRECTION ( 'NONE',  ( -0.000000000000000000, 1.000000000000000000, -0.000000000000000000 ) ) ;
#860 = DIRECTION ( 'NONE',  ( -1.000000000000000000, 0.000000000000000000, 0.000000000000000000 ) ) ;
#861 = CIRCLE ( 'NONE', #41, 0.08000000000000281886 ) ;
#862 = VECTOR ( 'NONE', #135, 1000.000000000000000 ) ;
#863 = DIRECTION ( 'NONE',  ( 0.000000000000000000, 0.000000000000000000, 1.000000000000000000 ) ) ;
#864 = ORIENTED_EDGE ( 'NONE', *, *, #2813, .T. ) ;
#865 = AXIS2_PLACEMENT_3D ( 'NONE', #1979, #3609, #961 ) ;
#866 = EDGE_CURVE ( 'NONE', #1822, #3104, #1205, .T. ) ;
#867 = FACE_OUTER_BOUND ( 'NONE', #919, .T. ) ;
#868 = DIRECTION ( 'NONE',  ( -0.000000000000000000, 1.000000000000000000, 0.000000000000000000 ) ) ;
#869 = VECTOR ( 'NONE', #799, 1000.000000000000000 ) ;
#870 = CARTESIAN_POINT ( 'NONE',  ( 0.000000000000000000, 3.604999999999999982, 3.299999999999982503 ) ) ;
#871 = FACE_OUTER_BOUND ( 'NONE', #3574, .T. ) ;
#872 = ORIENTED_EDGE ( 'NONE', *, *, #1368, .F. ) ;
#873 = ORIENTED_EDGE ( 'NONE', *, *, #1320, .F. ) ;
#874 = VECTOR ( 'NONE', #3934, 1000.000000000000000 ) ;
#875 = VECTOR ( 'NONE', #393, 1000.000000000000000 ) ;
#876 = FACE_OUTER_BOUND ( 'NONE', #1507, .T. ) ;
#877 = PLANE ( 'NONE',  #1955 ) ;
#878 = DIRECTION ( 'NONE',  ( 0.000000000000000000, 1.946735479746240487E-16, -1.000000000000000000 ) ) ;
#879 = ORIENTED_EDGE ( 'NONE', *, *, #2046, .F. ) ;
#880 = VECTOR ( 'NONE', #3555, 1000.000000000000000 ) ;
#881 = VERTEX_POINT ( 'NONE', #930 ) ;
#882 = DIRECTION ( 'NONE',  ( 3.469446951953614978E-15, 0.000000000000000000, -1.000000000000000000 ) ) ;
#883 = PRODUCT_RELATED_PRODUCT_CATEGORY ( 'part', '', ( #2930 ) ) ;
#884 = ORIENTED_EDGE ( 'NONE', *, *, #1172, .T. ) ;
#885 = CARTESIAN_POINT ( 'NONE',  ( -0.3199999999999995626, 4.094999999999999751, -9.400000000000000355 ) ) ;
#886 = LINE ( 'NONE', #221, #1470 ) ;
#887 = EDGE_CURVE ( 'NONE', #4015, #2222, #2869, .T. ) ;
#888 = VERTEX_POINT ( 'NONE', #3213 ) ;
#889 = CARTESIAN_POINT ( 'NONE',  ( 3.249999999999995115, 6.100000000000000533, -5.999999999999982236 ) ) ;
#890 = DIRECTION ( 'NONE',  ( 0.000000000000000000, -1.946735479746240487E-16, 1.000000000000000000 ) ) ;
#891 = DIRECTION ( 'NONE',  ( 0.000000000000000000, 0.000000000000000000, -1.000000000000000000 ) ) ;
#892 = EDGE_CURVE ( 'NONE', #133, #1145, #2909, .T. ) ;
#893 = CARTESIAN_POINT ( 'NONE',  ( -2.179999999999997939, 3.455000000000000071, 2.887878387081791232 ) ) ;
#894 = VERTEX_POINT ( 'NONE', #2645 ) ;
#895 = ORIENTED_EDGE ( 'NONE', *, *, #3405, .T. ) ;
#896 = DIRECTION ( 'NONE',  ( 1.109489537070536997E-14, 0.000000000000000000, -1.000000000000000000 ) ) ;
#897 = CARTESIAN_POINT ( 'NONE',  ( -2.179999999999997939, -1.987878387081805975, -5.800000000000017586 ) ) ;
#898 = DIRECTION ( 'NONE',  ( 1.000000000000000000, 0.000000000000000000, 0.000000000000000000 ) ) ;
#899 = ORIENTED_EDGE ( 'NONE', *, *, #4188, .T. ) ;
#900 = VERTEX_POINT ( 'NONE', #1866 ) ;
#901 = LINE ( 'NONE', #2199, #3989 ) ;
#902 = EDGE_CURVE ( 'NONE', #1853, #2487, #1269, .T. ) ;
#903 = CARTESIAN_POINT ( 'NONE',  ( -2.179999999999997939, 2.774999999999996803, -4.700000000000017053 ) ) ;
#904 = CARTESIAN_POINT ( 'NONE',  ( -0.7500000000000063283, 0.000000000000000000, -5.999999999999982236 ) ) ;
#905 = DIRECTION ( 'NONE',  ( -1.000000000000000000, 0.000000000000000000, 0.000000000000000000 ) ) ;
#906 = CONTEXT_DEPENDENT_SHAPE_REPRESENTATION ( #1083, #551 ) ;
#907 = EDGE_CURVE ( 'NONE', #2468, #1184, #1813, .T. ) ;
#908 = DIRECTION ( 'NONE',  ( 1.000000000000000000, 0.000000000000000000, -0.000000000000000000 ) ) ;
#909 = PLANE ( 'NONE',  #2088 ) ;
#910 = DIRECTION ( 'NONE',  ( 0.000000000000000000, -1.000000000000000000, 0.000000000000000000 ) ) ;
#911 = DIRECTION ( 'NONE',  ( -0.000000000000000000, 1.000000000000000000, -0.000000000000000000 ) ) ;
#912 = EDGE_LOOP ( 'NONE', ( #2710, #553, #2872, #4038 ) ) ;
#913 = VERTEX_POINT ( 'NONE', #1933 ) ;
#914 = EDGE_CURVE ( 'NONE', #1358, #3500, #2849, .T. ) ;
#915 = CARTESIAN_POINT ( 'NONE',  ( -0.7500000000000063283, 6.100000000000000533, -5.999999999999982236 ) ) ;
#916 = DIRECTION ( 'NONE',  ( -0.000000000000000000, 1.000000000000000000, -0.000000000000000000 ) ) ;
#917 = LINE ( 'NONE', #2877, #1826 ) ;
#918 = VERTEX_POINT ( 'NONE', #3526 ) ;
#919 = EDGE_LOOP ( 'NONE', ( #1903, #2508, #3611, #2807 ) ) ;
#920 = DIRECTION ( 'NONE',  ( -0.000000000000000000, 1.000000000000000000, -0.000000000000000000 ) ) ;
#921 = EDGE_LOOP ( 'NONE', ( #1430, #91, #766, #2251 ) ) ;
#922 = FACE_OUTER_BOUND ( 'NONE', #302, .T. ) ;
#923 = LINE ( 'NONE', #2161, #2290 ) ;
#924 = CONTEXT_DEPENDENT_SHAPE_REPRESENTATION ( #3478, #1531 ) ;
#925 = CIRCLE ( 'NONE', #3848, 0.1000000000000247635 ) ;
#926 = EDGE_CURVE ( 'NONE', #1853, #1097, #1226, .T. ) ;
#927 = CIRCLE ( 'NONE', #4063, 0.7200000000000027489 ) ;
#928 = VECTOR ( 'NONE', #4143, 999.9999999999998863 ) ;
#929 = DIRECTION ( 'NONE',  ( 3.469446951953614978E-15, 0.000000000000000000, -1.000000000000000000 ) ) ;
#930 = CARTESIAN_POINT ( 'NONE',  ( 0.7499999999999950040, 6.100000000000000533, -5.999999999999982236 ) ) ;
#931 = CARTESIAN_POINT ( 'NONE',  ( -3.000000000000001776, 1.301022143997296432, -0.4690598923241184881 ) ) ;
#932 = DIRECTION ( 'NONE',  ( -0.000000000000000000, 0.000000000000000000, -1.000000000000000000 ) ) ;
#933 = ORIENTED_EDGE ( 'NONE', *, *, #2586, .F. ) ;
#934 = ORIENTED_EDGE ( 'NONE', *, *, #8, .T. ) ;
#935 = EDGE_CURVE ( 'NONE', #1380, #1838, #1248, .T. ) ;
#936 = CIRCLE ( 'NONE', #2699, 0.1000000000000226541 ) ;
#937 = VECTOR ( 'NONE', #1356, 1000.000000000000227 ) ;
#938 = LINE ( 'NONE', #356, #3184 ) ;
#939 = CARTESIAN_POINT ( 'NONE',  ( 4.950000000000000178, 6.100000000000000533, 0.000000000000000000 ) ) ;
#940 = DIRECTION ( 'NONE',  ( -1.000000000000000000, 0.000000000000000000, -1.109489537070536997E-14 ) ) ;
#941 = DIRECTION ( 'NONE',  ( -1.000000000000000000, 0.000000000000000000, -0.000000000000000000 ) ) ;
#942 = EDGE_LOOP ( 'NONE', ( #1250, #3090, #1805, #3007 ) ) ;
#943 = ORIENTED_EDGE ( 'NONE', *, *, #2605, .F. ) ;
#944 = EDGE_CURVE ( 'NONE', #2756, #2401, #616, .T. ) ;
#945 = VECTOR ( 'NONE', #1987, 1000.000000000000114 ) ;
#946 = VECTOR ( 'NONE', #3454, 1000.000000000000000 ) ;
#947 = AXIS2_PLACEMENT_3D ( 'NONE', #2532, #2580, #1301 ) ;
#948 = DIRECTION ( 'NONE',  ( 0.8660254037844503650, 0.000000000000000000, 0.4999999999999795719 ) ) ;
#949 = EDGE_CURVE ( 'NONE', #133, #1377, #1592, .T. ) ;
#950 = CARTESIAN_POINT ( 'NONE',  ( -2.179999999999997939, -1.117762384446302049, -5.374208804743922485 ) ) ;
#951 = DIRECTION ( 'NONE',  ( 0.000000000000000000, 0.000000000000000000, -1.000000000000000000 ) ) ;
#952 = CARTESIAN_POINT ( 'NONE',  ( -1.952459014478499233, 3.227459014478501587, 2.262714667361025001 ) ) ;
#953 = CARTESIAN_POINT ( 'NONE',  ( 4.950000000000000178, 6.100000000000000533, 0.000000000000000000 ) ) ;
#954 = CARTESIAN_POINT ( 'NONE',  ( -1.550000000000009592, 6.100000000000000533, -3.699999999999991296 ) ) ;
#955 = FACE_OUTER_BOUND ( 'NONE', #2831, .T. ) ;
#956 = DIRECTION ( 'NONE',  ( -0.000000000000000000, 0.000000000000000000, 1.000000000000000000 ) ) ;
#957 = EDGE_LOOP ( 'NONE', ( #3015, #1876, #1808, #3628 ) ) ;
#958 = ORIENTED_EDGE ( 'NONE', *, *, #3659, .T. ) ;
#959 = LINE ( 'NONE', #1, #48 ) ;
#960 = LINE ( 'NONE', #1073, #4041 ) ;
#961 = DIRECTION ( 'NONE',  ( 1.000000000000000000, 0.000000000000000000, -0.000000000000000000 ) ) ;
#962 = EDGE_CURVE ( 'NONE', #1669, #1174, #3870, .T. ) ;
#963 = CARTESIAN_POINT ( 'NONE',  ( 4.099999999999999645, 5.275000000000011013, -4.700000000000000178 ) ) ;
#964 = ORIENTED_EDGE ( 'NONE', *, *, #2186, .F. ) ;
#965 = ORIENTED_EDGE ( 'NONE', *, *, #2985, .T. ) ;
#966 = EDGE_CURVE ( 'NONE', #740, #625, #2987, .T. ) ;
#967 = EDGE_CURVE ( 'NONE', #1602, #2509, #3617, .T. ) ;
#968 = CARTESIAN_POINT ( 'NONE',  ( -4.050000000000000711, 5.148076211353331821, -6.999999999999978684 ) ) ;
#969 = CARTESIAN_POINT ( 'NONE',  ( 4.050000000000000711, 0.000000000000000000, -11.50000000000001776 ) ) ;
#970 = FACE_OUTER_BOUND ( 'NONE', #1160, .T. ) ;
#971 = DIRECTION ( 'NONE',  ( 1.479319382760722413E-14, -0.000000000000000000, 1.000000000000000000 ) ) ;
#972 = CARTESIAN_POINT ( 'NONE',  ( -4.950000000000000178, 4.275000000000021672, -3.100000000000001865 ) ) ;
#973 = DIRECTION ( 'NONE',  ( -0.000000000000000000, -0.000000000000000000, 1.000000000000000000 ) ) ;
#974 =( NAMED_UNIT ( * ) PLANE_ANGLE_UNIT ( ) SI_UNIT ( $, .RADIAN. ) );
#975 = ORIENTED_EDGE ( 'NONE', *, *, #1387, .T. ) ;
#976 = EDGE_LOOP ( 'NONE', ( #3891, #2041, #3855, #3464 ) ) ;
#977 = DIRECTION ( 'NONE',  ( 1.000000000000000000, 0.000000000000000000, 0.000000000000000000 ) ) ;
#978 = DIRECTION ( 'NONE',  ( 1.000000000000000000, -0.000000000000000000, -0.000000000000000000 ) ) ;
#979 = LINE ( 'NONE', #1623, #2288 ) ;
#980 = CARTESIAN_POINT ( 'NONE',  ( 4.050000000000001599, 0.000000000000000000, 0.000000000000000000 ) ) ;
#981 = VERTEX_POINT ( 'NONE', #1690 ) ;
#982 = VERTEX_POINT ( 'NONE', #2005 ) ;
#983 = ADVANCED_FACE ( 'NONE', ( #987 ), #2265, .T. ) ;
#984 = CARTESIAN_POINT ( 'NONE',  ( 2.899999999999979039, 6.100000000000000533, -0.4690598923241186546 ) ) ;
#985 = EDGE_CURVE ( 'NONE', #3280, #4185, #1382, .T. ) ;
#986 = PLANE ( 'NONE',  #2417 ) ;
#987 = FACE_OUTER_BOUND ( 'NONE', #912, .T. ) ;
#988 =( LENGTH_UNIT ( ) NAMED_UNIT ( * ) SI_UNIT ( .MILLI., .METRE. ) );
#989 = CARTESIAN_POINT ( 'NONE',  ( -2.819999999999999396, 4.095000000000000639, -4.700000000000017053 ) ) ;
#990 = ORIENTED_EDGE ( 'NONE', *, *, #3229, .T. ) ;
#991 = ORIENTED_EDGE ( 'NONE', *, *, #2704, .T. ) ;
#992 = EDGE_CURVE ( 'NONE', #1049, #1919, #1952, .T. ) ;
#993 = VECTOR ( 'NONE', #3237, 1000.000000000000114 ) ;
#994 = DIRECTION ( 'NONE',  ( 0.000000000000000000, -1.000000000000000000, 2.843808977011159604E-15 ) ) ;
#995 = LINE ( 'NONE', #1655, #717 ) ;
#996 = CARTESIAN_POINT ( 'NONE',  ( 4.099999999999999645, 5.275000000000011013, 0.000000000000000000 ) ) ;
#997 = PLANE ( 'NONE',  #2299 ) ;
#998 = ORIENTED_EDGE ( 'NONE', *, *, #3016, .T. ) ;
#999 = VECTOR ( 'NONE', #289, 1000.000000000000000 ) ;
#1000 = ORIENTED_EDGE ( 'NONE', *, *, #1504, .F. ) ;
#1001 = VECTOR ( 'NONE', #1162, 1000.000000000000000 ) ;
#1002 = VECTOR ( 'NONE', #3533, 1000.000000000000000 ) ;
#1003 = AXIS2_PLACEMENT_3D ( 'NONE', #4140, #1885, #1176 ) ;
#1004 = VECTOR ( 'NONE', #3193, 1000.000000000000000 ) ;
#1005 = AXIS2_PLACEMENT_3D ( 'NONE', #3893, #977, #3569 ) ;
#1006 = VECTOR ( 'NONE', #846, 1000.000000000000000 ) ;
#1007 = DIRECTION ( 'NONE',  ( 0.000000000000000000, 0.000000000000000000, 1.000000000000000000 ) ) ;
#1008 = ADVANCED_FACE ( 'NONE', ( #2303 ), #1634, .F. ) ;
#1009 = PRODUCT_DEFINITION_FORMATION_WITH_SPECIFIED_SOURCE ( 'ANY', '', #1228, .NOT_KNOWN. ) ;
#1010 = DIRECTION ( 'NONE',  ( 0.000000000000000000, 0.3735499670562300034, -0.9276100592987818194 ) ) ;
#1011 = EDGE_CURVE ( 'NONE', #2509, #707, #3327, .T. ) ;
#1012 = LINE ( 'NONE', #3602, #1671 ) ;
#1013 = CARTESIAN_POINT ( 'NONE',  ( -2.179999999999997939, -2.618922410801314271, -5.967879242695142139 ) ) ;
#1014 = ORIENTED_EDGE ( 'NONE', *, *, #1629, .F. ) ;
#1015 = EDGE_LOOP ( 'NONE', ( #2879, #423, #2375, #2097 ) ) ;
#1016 = CARTESIAN_POINT ( 'NONE',  ( 0.7499999999999984457, 6.100000000000000533, -6.999999999999982236 ) ) ;
#1017 = EDGE_CURVE ( 'NONE', #1237, #3195, #367, .T. ) ;
#1018 = DIRECTION ( 'NONE',  ( 1.000000000000000000, 0.000000000000000000, -0.000000000000000000 ) ) ;
#1019 = DIRECTION ( 'NONE',  ( -1.000000000000000000, -0.000000000000000000, -0.000000000000000000 ) ) ;
#1020 = DIRECTION ( 'NONE',  ( -0.000000000000000000, 1.000000000000000000, -0.000000000000000000 ) ) ;
#1021 = ORIENTED_EDGE ( 'NONE', *, *, #608, .T. ) ;
#1022 = ORIENTED_EDGE ( 'NONE', *, *, #3427, .F. ) ;
#1023 = CARTESIAN_POINT ( 'NONE',  ( -2.299999999999999822, 5.275000000000011013, -2.999999999999988898 ) ) ;
#1024 = CARTESIAN_POINT ( 'NONE',  ( 4.950000000000000178, 6.100000000000000533, 0.000000000000000000 ) ) ;
#1025 = LINE ( 'NONE', #705, #2901 ) ;
#1026 = PLANE ( 'NONE',  #2973 ) ;
#1027 =( NAMED_UNIT ( * ) SI_UNIT ( $, .STERADIAN. ) SOLID_ANGLE_UNIT ( ) );
#1028 = ORIENTED_EDGE ( 'NONE', *, *, #1475, .T. ) ;
#1029 = ORIENTED_EDGE ( 'NONE', *, *, #2204, .T. ) ;
#1030 = EDGE_CURVE ( 'NONE', #3420, #1870, #3577, .T. ) ;
#1031 = DIRECTION ( 'NONE',  ( 0.000000000000000000, 1.000000000000000000, -0.000000000000000000 ) ) ;
#1032 = DIRECTION ( 'NONE',  ( 0.000000000000000000, -1.000000000000000000, 0.000000000000000000 ) ) ;
#1033 = LINE ( 'NONE', #3967, #2644 ) ;
#1034 = ORIENTED_EDGE ( 'NONE', *, *, #3080, .F. ) ;
#1035 = ORIENTED_EDGE ( 'NONE', *, *, #3211, .T. ) ;
#1036 = EDGE_CURVE ( 'NONE', #2175, #982, #2032, .T. ) ;
#1037 = PLANE ( 'NONE',  #2620 ) ;
#1038 = PLANE ( 'NONE',  #1337 ) ;
#1039 = CARTESIAN_POINT ( 'NONE',  ( 4.950000000000000178, 0.000000000000000000, 0.000000000000000000 ) ) ;
#1040 = CARTESIAN_POINT ( 'NONE',  ( -2.819999999999999396, -1.087878387081802289, -5.300000000000016698 ) ) ;
#1041 = DIRECTION ( 'NONE',  ( 0.000000000000000000, 0.000000000000000000, 1.000000000000000000 ) ) ;
#1042 = PLANE ( 'NONE',  #1477 ) ;
#1043 = EDGE_LOOP ( 'NONE', ( #2652, #1596, #755, #2529, #170, #1273, #2896, #676, #3125, #2348, #3994 ) ) ;
#1044 = VERTEX_POINT ( 'NONE', #1324 ) ;
#1045 = CARTESIAN_POINT ( 'NONE',  ( 0.3200000000000021161, 4.094999999999999751, -4.700000000000000178 ) ) ;
#1046 = FACE_OUTER_BOUND ( 'NONE', #560, .T. ) ;
#1047 = CARTESIAN_POINT ( 'NONE',  ( -2.819999999999999396, -1.957994389717305994, -5.725791195256116239 ) ) ;
#1048 = LINE ( 'NONE', #3913, #195 ) ;
#1049 = VERTEX_POINT ( 'NONE', #3958 ) ;
#1050 = ORIENTED_EDGE ( 'NONE', *, *, #3736, .T. ) ;
#1051 = VECTOR ( 'NONE', #2013, 1000.000000000000000 ) ;
#1052 = VECTOR ( 'NONE', #1985, 1000.000000000000000 ) ;
#1053 = CARTESIAN_POINT ( 'NONE',  ( 0.000000000000000000, 0.4000000000000000222, 0.000000000000000000 ) ) ;
#1054 = DIRECTION ( 'NONE',  ( -1.000000000000000000, -0.000000000000000000, -0.000000000000000000 ) ) ;
#1055 = VECTOR ( 'NONE', #1708, 1000.000000000000000 ) ;
#1056 = EDGE_CURVE ( 'NONE', #4015, #2889, #351, .T. ) ;
#1057 = ORIENTED_EDGE ( 'NONE', *, *, #1060, .F. ) ;
#1058 = AXIS2_PLACEMENT_3D ( 'NONE', #3751, #1447, #1061 ) ;
#1059 = VECTOR ( 'NONE', #256, 1000.000000000000000 ) ;
#1060 = EDGE_CURVE ( 'NONE', #1134, #1669, #1012, .T. ) ;
#1061 = DIRECTION ( 'NONE',  ( 0.000000000000000000, 0.000000000000000000, -1.000000000000000000 ) ) ;
#1062 = AXIS2_PLACEMENT_3D ( 'NONE', #2613, #2935, #2951 ) ;
#1063 = AXIS2_PLACEMENT_3D ( 'NONE', #4008, #1365, #2335 ) ;
#1064 = EDGE_LOOP ( 'NONE', ( #2548, #2324, #3089, #3038 ) ) ;
#1065 = DIRECTION ( 'NONE',  ( -1.000000000000000000, 0.000000000000000000, 0.000000000000000000 ) ) ;
#1066 = DIRECTION ( 'NONE',  ( 0.000000000000000000, -0.3735499670562298369, 0.9276100592987818194 ) ) ;
#1067 = AXIS2_PLACEMENT_3D ( 'NONE', #374, #399, #3279 ) ;
#1068 = LINE ( 'NONE', #3944, #3518 ) ;
#1069 = VERTEX_POINT ( 'NONE', #1986 ) ;
#1070 = ORIENTED_EDGE ( 'NONE', *, *, #468, .T. ) ;
#1071 = MECHANICAL_DESIGN_GEOMETRIC_PRESENTATION_REPRESENTATION (  '', ( #3728 ), #3190 ) ;
#1072 =( LENGTH_UNIT ( ) NAMED_UNIT ( * ) SI_UNIT ( .MILLI., .METRE. ) );
#1073 = CARTESIAN_POINT ( 'NONE',  ( -2.179999999999997939, 4.094999999999999751, 2.887878387081790343 ) ) ;
#1074 = LINE ( 'NONE', #2372, #1628 ) ;
#1075 = DIRECTION ( 'NONE',  ( -0.000000000000000000, 1.000000000000000000, 0.000000000000000000 ) ) ;
#1076 = EDGE_LOOP ( 'NONE', ( #2252, #626, #2305, #4071 ) ) ;
#1077 = ORIENTED_EDGE ( 'NONE', *, *, #2217, .F. ) ;
#1078 = EDGE_CURVE ( 'NONE', #1711, #149, #1025, .T. ) ;
#1079 = CARTESIAN_POINT ( 'NONE',  ( -2.819999999999999396, -2.857994389717302575, -5.374208804743922485 ) ) ;
#1080 = CARTESIAN_POINT ( 'NONE',  ( -4.050000000000000711, 2.549999999999999822, -11.49999999999999645 ) ) ;
#1081 = ORIENTED_EDGE ( 'NONE', *, *, #2754, .T. ) ;
#1082 = EDGE_CURVE ( 'NONE', #1767, #2756, #3784, .T. ) ;
#1083 =( REPRESENTATION_RELATIONSHIP ('NONE','NONE', #728, #455 ) REPRESENTATION_RELATIONSHIP_WITH_TRANSFORMATION ( #3839 )SHAPE_REPRESENTATION_RELATIONSHIP( ) );
#1084 = CARTESIAN_POINT ( 'NONE',  ( -2.179999999999997939, -1.957994389717305994, -5.725791195256116239 ) ) ;
#1085 = ADVANCED_FACE ( 'NONE', ( #3286 ), #12, .F. ) ;
#1086 = EDGE_LOOP ( 'NONE', ( #2374, #2233, #1738, #4130 ) ) ;
#1087 = DIRECTION ( 'NONE',  ( 1.000000000000000000, -0.000000000000000000, -0.000000000000000000 ) ) ;
#1088 = CARTESIAN_POINT ( 'NONE',  ( -4.950000000000000178, 5.275000000000011013, 1.925929944387235853E-31 ) ) ;
#1089 = CARTESIAN_POINT ( 'NONE',  ( 0.7499999999999950040, 0.000000000000000000, -5.999999999999982236 ) ) ;
#1090 = VERTEX_POINT ( 'NONE', #1665 ) ;
#1091 = ORIENTED_EDGE ( 'NONE', *, *, #3383, .T. ) ;
#1092 = CARTESIAN_POINT ( 'NONE',  ( 2.899999999999992806, 6.100000000000000533, -0.6999999999999884093 ) ) ;
#1093 = CARTESIAN_POINT ( 'NONE',  ( -2.179999999999997939, -2.887878387081802778, -5.300000000000016698 ) ) ;
#1094 = FACE_OUTER_BOUND ( 'NONE', #2955, .T. ) ;
#1095 = DIRECTION ( 'NONE',  ( 0.000000000000000000, 0.3735499670562326680, -0.9276100592987808202 ) ) ;
#1096 = ORIENTED_EDGE ( 'NONE', *, *, #1102, .F. ) ;
#1097 = VERTEX_POINT ( 'NONE', #2967 ) ;
#1098 = DIRECTION ( 'NONE',  ( -0.000000000000000000, 1.000000000000000000, -0.000000000000000000 ) ) ;
#1099 = CARTESIAN_POINT ( 'NONE',  ( 2.949999999999994404, 6.100000000000000533, -0.5556624327025821986 ) ) ;
#1100 = ORIENTED_EDGE ( 'NONE', *, *, #4178, .F. ) ;
#1101 = PLANE ( 'NONE',  #727 ) ;
#1102 = EDGE_CURVE ( 'NONE', #1919, #3392, #1348, .T. ) ;
#1103 = ORIENTED_EDGE ( 'NONE', *, *, #4107, .T. ) ;
#1104 = DIRECTION ( 'NONE',  ( 0.000000000000000000, 0.000000000000000000, -1.000000000000000000 ) ) ;
#1105 = CARTESIAN_POINT ( 'NONE',  ( -2.179999999999997939, -2.618922410801314271, -5.967879242695142139 ) ) ;
#1106 = PLANE ( 'NONE',  #458 ) ;
#1107 = EDGE_CURVE ( 'NONE', #4171, #881, #2609, .T. ) ;
#1108 = SURFACE_SIDE_STYLE ('',( #1779 ) ) ;
#1109 = ORIENTED_EDGE ( 'NONE', *, *, #1011, .F. ) ;
#1110 = ORIENTED_EDGE ( 'NONE', *, *, #3953, .T. ) ;
#1111 = DIRECTION ( 'NONE',  ( 0.000000000000000000, 0.000000000000000000, 1.000000000000000000 ) ) ;
#1112 = LINE ( 'NONE', #3400, #2766 ) ;
#1113 = PLANE ( 'NONE',  #3715 ) ;
#1114 = ADVANCED_FACE ( 'NONE', ( #1432 ), #798, .F. ) ;
#1115 = CARTESIAN_POINT ( 'NONE',  ( -2.819999999999999396, 3.455000000000000071, 2.887878387081791232 ) ) ;
#1116 = ORIENTED_EDGE ( 'NONE', *, *, #3233, .F. ) ;
#1117 = ORIENTED_EDGE ( 'NONE', *, *, #711, .T. ) ;
#1118 = VECTOR ( 'NONE', #3338, 1000.000000000000000 ) ;
#1119 = DIRECTION ( 'NONE',  ( 0.000000000000000000, 0.5000000000000008882, 0.8660254037844380415 ) ) ;
#1120 = LINE ( 'NONE', #2999, #3785 ) ;
#1121 = VERTEX_POINT ( 'NONE', #750 ) ;
#1122 = VECTOR ( 'NONE', #2194, 1000.000000000000000 ) ;
#1123 = AXIS2_PLACEMENT_3D ( 'NONE', #2004, #3024, #113 ) ;
#1124 = VECTOR ( 'NONE', #1848, 1000.000000000000000 ) ;
#1125 = PLANE ( 'NONE',  #595 ) ;
#1126 = AXIS2_PLACEMENT_3D ( 'NONE', #495, #172, #4069 ) ;
#1127 = VECTOR ( 'NONE', #62, 1000.000000000000000 ) ;
#1128 = STYLED_ITEM ( 'NONE', ( #434 ), #1968 ) ;
#1129 = ORIENTED_EDGE ( 'NONE', *, *, #2965, .T. ) ;
#1130 = EDGE_CURVE ( 'NONE', #1473, #2074, #477, .T. ) ;
#1131 = CARTESIAN_POINT ( 'NONE',  ( -2.819999999999999396, -2.618922410801314271, -5.967879242695142139 ) ) ;
#1132 = LINE ( 'NONE', #3733, #2018 ) ;
#1133 = FACE_OUTER_BOUND ( 'NONE', #73, .T. ) ;
#1134 = VERTEX_POINT ( 'NONE', #518 ) ;
#1135 = VERTEX_POINT ( 'NONE', #3414 ) ;
#1136 = VECTOR ( 'NONE', #1280, 1000.000000000000000 ) ;
#1137 = ORIENTED_EDGE ( 'NONE', *, *, #2115, .T. ) ;
#1138 = AXIS2_PLACEMENT_3D ( 'NONE', #2050, #3616, #2070 ) ;
#1139 = EDGE_CURVE ( 'NONE', #643, #2407, #499, .T. ) ;
#1140 = FACE_OUTER_BOUND ( 'NONE', #2583, .T. ) ;
#1141 = DIRECTION ( 'NONE',  ( 0.000000000000000000, 6.377659838149993194E-16, -1.000000000000000000 ) ) ;
#1142 = PLANE ( 'NONE',  #1547 ) ;
#1143 = DIRECTION ( 'NONE',  ( -0.000000000000000000, 1.000000000000000000, 1.404634393503488270E-16 ) ) ;
#1144 = EDGE_LOOP ( 'NONE', ( #2049, #1272, #130, #872 ) ) ;
#1145 = VERTEX_POINT ( 'NONE', #2733 ) ;
#1146 = PRESENTATION_LAYER_ASSIGNMENT (  '', '', ( #3728 ) ) ;
#1147 = APPLICATION_CONTEXT ( 'automotive_design' ) ;
#1148 = EDGE_CURVE ( 'NONE', #736, #4109, #2404, .T. ) ;
#1149 = CARTESIAN_POINT ( 'NONE',  ( -4.099999999999999645, 1.225000000000037614, -4.700000000000000178 ) ) ;
#1150 = CYLINDRICAL_SURFACE ( 'NONE', #1889, 0.1000000000000028644 ) ;
#1151 = ORIENTED_EDGE ( 'NONE', *, *, #2046, .T. ) ;
#1152 = EDGE_LOOP ( 'NONE', ( #2744, #3748, #3132, #2697 ) ) ;
#1153 = EDGE_CURVE ( 'NONE', #3392, #982, #3075, .T. ) ;
#1154 = VERTEX_POINT ( 'NONE', #1798 ) ;
#1155 = DIRECTION ( 'NONE',  ( -0.000000000000000000, 5.421010862427523403E-17, 1.000000000000000000 ) ) ;
#1156 = ORIENTED_EDGE ( 'NONE', *, *, #1905, .F. ) ;
#1157 = CARTESIAN_POINT ( 'NONE',  ( 1.749999999999993783, 0.000000000000000000, -5.999999999999982236 ) ) ;
#1158 = CARTESIAN_POINT ( 'NONE',  ( -2.669999999999999485, 4.336808689942017736E-16, 3.299999999999982503 ) ) ;
#1159 =( LENGTH_UNIT ( ) NAMED_UNIT ( * ) SI_UNIT ( .MILLI., .METRE. ) );
#1160 = EDGE_LOOP ( 'NONE', ( #3073, #2356, #3023, #2853 ) ) ;
#1161 = CARTESIAN_POINT ( 'NONE',  ( -2.819999999999999396, -1.718922410801315692, -5.132120757304897474 ) ) ;
#1162 = DIRECTION ( 'NONE',  ( 1.000000000000000000, 0.000000000000000000, 0.000000000000000000 ) ) ;
#1163 = CARTESIAN_POINT ( 'NONE',  ( -2.819999999999999396, 2.774999999999997247, -5.380000000000021210 ) ) ;
#1164 = DIRECTION ( 'NONE',  ( 1.000000000000000000, 0.000000000000000000, 0.000000000000000000 ) ) ;
#1165 = EDGE_LOOP ( 'NONE', ( #1216, #1195, #1918, #2383 ) ) ;
#1166 = ORIENTED_EDGE ( 'NONE', *, *, #2411, .F. ) ;
#1167 = EDGE_CURVE ( 'NONE', #913, #3059, #3347, .T. ) ;
#1168 = DIRECTION ( 'NONE',  ( 0.000000000000000000, 1.000000000000000000, -0.000000000000000000 ) ) ;
#1169 = CARTESIAN_POINT ( 'NONE',  ( 0.000000000000000000, 3.945000000000000728, 3.299999999999982503 ) ) ;
#1170 = ORIENTED_EDGE ( 'NONE', *, *, #3558, .T. ) ;
#1171 = ORIENTED_EDGE ( 'NONE', *, *, #817, .F. ) ;
#1172 = EDGE_CURVE ( 'NONE', #2795, #3330, #3755, .T. ) ;
#1173 = CARTESIAN_POINT ( 'NONE',  ( -4.950000000000000178, 4.575000000000019718, -3.100000000000001865 ) ) ;
#1174 = VERTEX_POINT ( 'NONE', #2137 ) ;
#1175 = DIRECTION ( 'NONE',  ( 0.4999999999999673594, 0.000000000000000000, -0.8660254037844574704 ) ) ;
#1176 = DIRECTION ( 'NONE',  ( -0.000000000000000000, 0.000000000000000000, 1.000000000000000000 ) ) ;
#1177 = EDGE_LOOP ( 'NONE', ( #1296, #3898, #2462, #301 ) ) ;
#1178 = APPLICATION_PROTOCOL_DEFINITION ( 'draft international standard', 'automotive_design', 1998, #3997 ) ;
#1179 = ORIENTED_EDGE ( 'NONE', *, *, #4004, .F. ) ;
#1180 = FACE_OUTER_BOUND ( 'NONE', #2340, .T. ) ;
#1181 = LINE ( 'NONE', #3436, #3434 ) ;
#1182 = CARTESIAN_POINT ( 'NONE',  ( -3.000000000000001776, 5.275000000000011013, -0.4690598923241184881 ) ) ;
#1183 = DIRECTION ( 'NONE',  ( -0.000000000000000000, 1.000000000000000000, -0.000000000000000000 ) ) ;
#1184 = VERTEX_POINT ( 'NONE', #428 ) ;
#1185 = ORIENTED_EDGE ( 'NONE', *, *, #2382, .F. ) ;
#1186 = CARTESIAN_POINT ( 'NONE',  ( -2.299999999999999822, 6.100000000000000533, -3.699999999999991296 ) ) ;
#1187 = DIRECTION ( 'NONE',  ( 1.000000000000000000, 0.000000000000000000, -0.000000000000000000 ) ) ;
#1188 = PRODUCT_RELATED_PRODUCT_CATEGORY ( 'part', '', ( #3541 ) ) ;
#1189 = ORIENTED_EDGE ( 'NONE', *, *, #2958, .F. ) ;
#1190 = VERTEX_POINT ( 'NONE', #2752 ) ;
#1191 = EDGE_CURVE ( 'NONE', #655, #1190, #2433, .T. ) ;
#1192 = CARTESIAN_POINT ( 'NONE',  ( -1.550000000000009592, 6.100000000000000533, 0.000000000000000000 ) ) ;
#1193 = VECTOR ( 'NONE', #1031, 1000.000000000000000 ) ;
#1194 = ADVANCED_FACE ( 'NONE', ( #4007 ), #1476, .T. ) ;
#1195 = ORIENTED_EDGE ( 'NONE', *, *, #1224, .T. ) ;
#1196 = DIRECTION ( 'NONE',  ( -0.000000000000000000, 1.000000000000000000, -0.000000000000000000 ) ) ;
#1197 = VERTEX_POINT ( 'NONE', #1757 ) ;
#1198 = LINE ( 'NONE', #3867, #3303 ) ;
#1199 = VECTOR ( 'NONE', #583, 1000.000000000000114 ) ;
#1200 = AXIS2_PLACEMENT_3D ( 'NONE', #972, #3586, #2946 ) ;
#1201 = ORIENTED_EDGE ( 'NONE', *, *, #4054, .T. ) ;
#1202 = VECTOR ( 'NONE', #2173, 1000.000000000000000 ) ;
#1203 = VECTOR ( 'NONE', #860, 1000.000000000000000 ) ;
#1204 = CARTESIAN_POINT ( 'NONE',  ( -2.819999999999999396, -1.718922410801315692, -5.132120757304897474 ) ) ;
#1205 = LINE ( 'NONE', #310, #2491 ) ;
#1206 = AXIS2_PLACEMENT_3D ( 'NONE', #3256, #3603, #3843 ) ;
#1207 = FACE_OUTER_BOUND ( 'NONE', #1015, .T. ) ;
#1208 = CARTESIAN_POINT ( 'NONE',  ( 2.849999999999991651, 1.301022143997296432, -0.6133974596215413522 ) ) ;
#1209 = VERTEX_POINT ( 'NONE', #4073 ) ;
#1210 = ORIENTED_EDGE ( 'NONE', *, *, #1619, .T. ) ;
#1211 = VECTOR ( 'NONE', #4172, 1000.000000000000227 ) ;
#1212 = VECTOR ( 'NONE', #1657, 1000.000000000000000 ) ;
#1213 = CARTESIAN_POINT ( 'NONE',  ( -2.179999999999997939, 3.454999999999999627, -9.400000000000000355 ) ) ;
#1214 = CARTESIAN_POINT ( 'NONE',  ( 2.849999999999991207, 5.275000000000011013, -0.7866025403784344672 ) ) ;
#1215 = FACE_OUTER_BOUND ( 'NONE', #1490, .T. ) ;
#1216 = ORIENTED_EDGE ( 'NONE', *, *, #388, .T. ) ;
#1217 = VERTEX_POINT ( 'NONE', #202 ) ;
#1218 = PLANE ( 'NONE',  #1552 ) ;
#1219 = EDGE_CURVE ( 'NONE', #3059, #3156, #2684, .T. ) ;
#1220 = LINE ( 'NONE', #2518, #1260 ) ;
#1221 = CARTESIAN_POINT ( 'NONE',  ( -2.819999999999999396, 4.094999999999999751, 2.887878387081790343 ) ) ;
#1222 = EDGE_LOOP ( 'NONE', ( #2130, #3567, #828, #1129 ) ) ;
#1223 = DIRECTION ( 'NONE',  ( 0.000000000000000000, 1.000000000000000000, 0.000000000000000000 ) ) ;
#1224 = EDGE_CURVE ( 'NONE', #2056, #3064, #3394, .T. ) ;
#1225 = DIRECTION ( 'NONE',  ( -1.000000000000000000, -0.000000000000000000, 0.000000000000000000 ) ) ;
#1226 = LINE ( 'NONE', #2524, #4196 ) ;
#1227 = CARTESIAN_POINT ( 'NONE',  ( 2.820000000000002061, 3.454999999999999627, -9.400000000000000355 ) ) ;
#1228 = PRODUCT ( 'SxB-XH-A_3', 'SxB-XH-A_3', '', ( #1590 ) ) ;
#1229 = DIRECTION ( 'NONE',  ( 9.376883653928708317E-16, 0.000000000000000000, 1.000000000000000000 ) ) ;
#1230 = EDGE_LOOP ( 'NONE', ( #1943, #1103, #1338, #1924 ) ) ;
#1231 = ORIENTED_EDGE ( 'NONE', *, *, #926, .T. ) ;
#1232 = EDGE_CURVE ( 'NONE', #655, #1209, #1132, .T. ) ;
#1233 = DIRECTION ( 'NONE',  ( -0.8660254037844503650, 0.000000000000000000, -0.4999999999999795719 ) ) ;
#1234 = DIRECTION ( 'NONE',  ( 0.000000000000000000, -1.946735479746240487E-16, 1.000000000000000000 ) ) ;
#1235 = CARTESIAN_POINT ( 'NONE',  ( -2.819999999999999396, -1.117762384446301605, -5.374208804743921597 ) ) ;
#1236 = ORIENTED_EDGE ( 'NONE', *, *, #3009, .F. ) ;
#1237 = VERTEX_POINT ( 'NONE', #1728 ) ;
#1238 = ADVANCED_FACE ( 'NONE', ( #3025 ), #114, .T. ) ;
#1239 = DIRECTION ( 'NONE',  ( 0.000000000000000000, 0.000000000000000000, 1.000000000000000000 ) ) ;
#1240 = VERTEX_POINT ( 'NONE', #1088 ) ;
#1241 = FACE_OUTER_BOUND ( 'NONE', #4089, .T. ) ;
#1242 = EDGE_CURVE ( 'NONE', #411, #2486, #936, .T. ) ;
#1243 = ORIENTED_EDGE ( 'NONE', *, *, #3749, .T. ) ;
#1244 = CARTESIAN_POINT ( 'NONE',  ( -2.179999999999997939, -3.399999999999999467, -5.380000000000022098 ) ) ;
#1245 =( NAMED_UNIT ( * ) SI_UNIT ( $, .STERADIAN. ) SOLID_ANGLE_UNIT ( ) );
#1246 = CARTESIAN_POINT ( 'NONE',  ( -2.819999999999999396, -1.087878387081802289, -5.300000000000016698 ) ) ;
#1247 = EDGE_CURVE ( 'NONE', #1574, #1919, #3040, .T. ) ;
#1248 = LINE ( 'NONE', #2545, #245 ) ;
#1249 = DIRECTION ( 'NONE',  ( -0.3236155771181856156, -0.3236155771181856156, -0.8891264907159875941 ) ) ;
#1250 = ORIENTED_EDGE ( 'NONE', *, *, #359, .F. ) ;
#1251 = ORIENTED_EDGE ( 'NONE', *, *, #3408, .F. ) ;
#1252 = DIRECTION ( 'NONE',  ( -0.000000000000000000, 2.843808977011159604E-15, 1.000000000000000000 ) ) ;
#1253 = EDGE_CURVE ( 'NONE', #1981, #1282, #3493, .T. ) ;
#1254 = FACE_OUTER_BOUND ( 'NONE', #3762, .T. ) ;
#1255 = DIRECTION ( 'NONE',  ( -1.000000000000000000, 0.000000000000000000, 0.000000000000000000 ) ) ;
#1256 = FACE_OUTER_BOUND ( 'NONE', #1489, .T. ) ;
#1257 = VERTEX_POINT ( 'NONE', #631 ) ;
#1258 = ORIENTED_EDGE ( 'NONE', *, *, #1378, .T. ) ;
#1259 = CARTESIAN_POINT ( 'NONE',  ( 2.820000000000002061, 3.454999999999999627, -9.400000000000000355 ) ) ;
#1260 = VECTOR ( 'NONE', #542, 1000.000000000000000 ) ;
#1261 = CARTESIAN_POINT ( 'NONE',  ( -4.950000000000000178, 4.575000000000019718, -3.100000000000001865 ) ) ;
#1262 = DIRECTION ( 'NONE',  ( -3.469446951953614189E-15, -0.000000000000000000, 1.000000000000000000 ) ) ;
#1263 = CARTESIAN_POINT ( 'NONE',  ( -4.050000000000000711, 0.000000000000000000, -11.50000000000001776 ) ) ;
#1264 = VECTOR ( 'NONE', #1554, 1000.000000000000000 ) ;
#1265 = EDGE_CURVE ( 'NONE', #3325, #3020, #2844, .T. ) ;
#1266 = VECTOR ( 'NONE', #673, 1000.000000000000000 ) ;
#1267 = VECTOR ( 'NONE', #3353, 1000.000000000000000 ) ;
#1268 = DIRECTION ( 'NONE',  ( -0.000000000000000000, 0.000000000000000000, -1.000000000000000000 ) ) ;
#1269 = LINE ( 'NONE', #3165, #3637 ) ;
#1270 = CARTESIAN_POINT ( 'NONE',  ( -4.950000000000000178, 4.275000000000021672, -3.100000000000001865 ) ) ;
#1271 = CARTESIAN_POINT ( 'NONE',  ( -2.179999999999997939, -2.887878387081802334, -6.020000000000020002 ) ) ;
#1272 = ORIENTED_EDGE ( 'NONE', *, *, #1905, .T. ) ;
#1273 = ORIENTED_EDGE ( 'NONE', *, *, #1983, .F. ) ;
#1274 = VECTOR ( 'NONE', #614, 1000.000000000000000 ) ;
#1275 = ADVANCED_FACE ( 'NONE', ( #2247 ), #1930, .F. ) ;
#1276 = VECTOR ( 'NONE', #2794, 1000.000000000000000 ) ;
#1277 = CARTESIAN_POINT ( 'NONE',  ( 2.820000000000002061, 4.094999999999999751, -5.999999999999982236 ) ) ;
#1278 = CARTESIAN_POINT ( 'NONE',  ( -2.819999999999999396, -3.399999999999999467, -5.530000000000021565 ) ) ;
#1279 = DIRECTION ( 'NONE',  ( 1.000000000000000000, 0.000000000000000000, -0.000000000000000000 ) ) ;
#1280 = DIRECTION ( 'NONE',  ( -3.469446951953614978E-15, 0.000000000000000000, 1.000000000000000000 ) ) ;
#1281 = ORIENTED_EDGE ( 'NONE', *, *, #1768, .T. ) ;
#1282 = VERTEX_POINT ( 'NONE', #3800 ) ;
#1283 = VECTOR ( 'NONE', #2546, 1000.000000000000000 ) ;
#1284 = EDGE_CURVE ( 'NONE', #1937, #613, #923, .T. ) ;
#1285 = DIRECTION ( 'NONE',  ( 0.000000000000000000, -1.000000000000000000, 0.000000000000000000 ) ) ;
#1286 = VECTOR ( 'NONE', #2008, 1000.000000000000000 ) ;
#1287 = EDGE_CURVE ( 'NONE', #4109, #1257, #2883, .T. ) ;
#1288 = FACE_OUTER_BOUND ( 'NONE', #822, .T. ) ;
#1289 = PLANE ( 'NONE',  #448 ) ;
#1290 = CARTESIAN_POINT ( 'NONE',  ( -2.819999999999999396, -1.117762384446302049, -5.374208804743922485 ) ) ;
#1291 = DIRECTION ( 'NONE',  ( -0.000000000000000000, 1.000000000000000000, -0.000000000000000000 ) ) ;
#1292 = DIRECTION ( 'NONE',  ( 0.000000000000000000, 3.285461128743944150E-16, -1.000000000000000000 ) ) ;
#1293 = LINE ( 'NONE', #2592, #802 ) ;
#1294 = DIRECTION ( 'NONE',  ( 0.000000000000000000, 0.3735499670562351104, 0.9276100592987798210 ) ) ;
#1295 = VERTEX_POINT ( 'NONE', #3142 ) ;
#1296 = ORIENTED_EDGE ( 'NONE', *, *, #700, .F. ) ;
#1297 = DIRECTION ( 'NONE',  ( -0.000000000000000000, -1.000000000000000000, -0.000000000000000000 ) ) ;
#1298 = LINE ( 'NONE', #1599, #1667 ) ;
#1299 = CARTESIAN_POINT ( 'NONE',  ( -2.819999999999999396, 3.454999999999999627, -4.700000000000000178 ) ) ;
#1300 = EDGE_CURVE ( 'NONE', #2407, #4164, #2865, .T. ) ;
#1301 = DIRECTION ( 'NONE',  ( 0.000000000000000000, -1.000000000000000000, 2.843808977011159604E-15 ) ) ;
#1302 = EDGE_LOOP ( 'NONE', ( #2755, #1100, #2442, #2443 ) ) ;
#1303 = VERTEX_POINT ( 'NONE', #3162 ) ;
#1304 = EDGE_CURVE ( 'NONE', #501, #683, #2224, .T. ) ;
#1305 = LINE ( 'NONE', #3227, #1886 ) ;
#1306 = EDGE_CURVE ( 'NONE', #3397, #2873, #2182, .T. ) ;
#1307 = DIRECTION ( 'NONE',  ( 1.000000000000000000, 0.000000000000000000, 0.000000000000000000 ) ) ;
#1308 = CYLINDRICAL_SURFACE ( 'NONE', #3978, 0.1000000000000021011 ) ;
#1309 = DIRECTION ( 'NONE',  ( 0.000000000000000000, 0.000000000000000000, -1.000000000000000000 ) ) ;
#1310 = DIRECTION ( 'NONE',  ( 1.000000000000000000, 0.000000000000000000, 0.000000000000000000 ) ) ;
#1311 = EDGE_LOOP ( 'NONE', ( #559, #1705, #3042, #933 ) ) ;
#1312 = ORIENTED_EDGE ( 'NONE', *, *, #1660, .T. ) ;
#1313 = CARTESIAN_POINT ( 'NONE',  ( -1.750000000000005107, 0.4000000000000000222, -5.999999999999982236 ) ) ;
#1314 = CARTESIAN_POINT ( 'NONE',  ( 1.550000000000009592, 6.100000000000000533, -3.699999999999991740 ) ) ;
#1315 = CARTESIAN_POINT ( 'NONE',  ( 4.950000000000000178, 0.000000000000000000, -6.999999999999964473 ) ) ;
#1316 = DIRECTION ( 'NONE',  ( -1.000000000000000000, 0.000000000000000000, 0.000000000000000000 ) ) ;
#1317 = EDGE_LOOP ( 'NONE', ( #4139, #2826, #3719, #965 ) ) ;
#1318 = ORIENTED_EDGE ( 'NONE', *, *, #608, .F. ) ;
#1319 = EDGE_CURVE ( 'NONE', #3770, #2468, #1198, .T. ) ;
#1320 = EDGE_CURVE ( 'NONE', #2289, #3295, #3209, .T. ) ;
#1321 = CARTESIAN_POINT ( 'NONE',  ( -2.819999999999999396, -2.887878387081802778, -5.300000000000016698 ) ) ;
#1322 = EDGE_CURVE ( 'NONE', #761, #4059, #886, .T. ) ;
#1323 = CARTESIAN_POINT ( 'NONE',  ( -4.950000000000000178, 6.100000000000000533, 0.000000000000000000 ) ) ;
#1324 = CARTESIAN_POINT ( 'NONE',  ( -2.179999999999997939, 4.094999999999999751, -5.999999999999982236 ) ) ;
#1325 = SURFACE_SIDE_STYLE ('',( #3214 ) ) ;
#1326 = CIRCLE ( 'NONE', #2279, 0.7000000000000027311 ) ;
#1327 = PRODUCT_DEFINITION_SHAPE ( 'NONE', 'NONE',  #426 ) ;
#1328 = ORIENTED_EDGE ( 'NONE', *, *, #1429, .T. ) ;
#1329 = ORIENTED_EDGE ( 'NONE', *, *, #1475, .F. ) ;
#1330 = VECTOR ( 'NONE', #1087, 1000.000000000000000 ) ;
#1331 = VECTOR ( 'NONE', #3147, 1000.000000000000000 ) ;
#1332 = CARTESIAN_POINT ( 'NONE',  ( -2.819999999999999396, 2.774999999999997247, -6.020000000000020890 ) ) ;
#1333 = CARTESIAN_POINT ( 'NONE',  ( 2.899999999999979039, 5.275000000000011013, -0.9309401076758579974 ) ) ;
#1334 = CARTESIAN_POINT ( 'NONE',  ( -2.179999999999997939, 3.454999999999999627, -4.700000000000000178 ) ) ;
#1335 = DIRECTION ( 'NONE',  ( 0.000000000000000000, -1.000000000000000000, 2.843808977011159604E-15 ) ) ;
#1336 = EDGE_LOOP ( 'NONE', ( #4151, #873, #322, #990 ) ) ;
#1337 = AXIS2_PLACEMENT_3D ( 'NONE', #2261, #3492, #3837 ) ;
#1338 = ORIENTED_EDGE ( 'NONE', *, *, #2002, .T. ) ;
#1339 = VECTOR ( 'NONE', #2904, 1000.000000000000114 ) ;
#1340 = VECTOR ( 'NONE', #3334, 1000.000000000000000 ) ;
#1341 = VECTOR ( 'NONE', #2837, 1000.000000000000000 ) ;
#1342 = VECTOR ( 'NONE', #706, 1000.000000000000000 ) ;
#1343 = AXIS2_PLACEMENT_3D ( 'NONE', #3849, #2270, #1577 ) ;
#1344 = VECTOR ( 'NONE', #2696, 1000.000000000000000 ) ;
#1345 = CARTESIAN_POINT ( 'NONE',  ( -4.050000000000000711, 2.549999999999999822, -11.49999999999999645 ) ) ;
#1346 = ADVANCED_FACE ( 'NONE', ( #1495 ), #3523, .F. ) ;
#1347 = LINE ( 'NONE', #1706, #1330 ) ;
#1348 = LINE ( 'NONE', #732, #2221 ) ;
#1349 = FACE_OUTER_BOUND ( 'NONE', #1385, .T. ) ;
#1350 = ADVANCED_FACE ( 'NONE', ( #2800 ), #2499, .F. ) ;
#1351 =( LENGTH_UNIT ( ) NAMED_UNIT ( * ) SI_UNIT ( .MILLI., .METRE. ) );
#1352 = ORIENTED_EDGE ( 'NONE', *, *, #291, .F. ) ;
#1353 = ORIENTED_EDGE ( 'NONE', *, *, #4004, .T. ) ;
#1354 = DIRECTION ( 'NONE',  ( -1.000000000000000000, 0.000000000000000000, -0.000000000000000000 ) ) ;
#1355 = FACE_OUTER_BOUND ( 'NONE', #2179, .T. ) ;
#1356 = DIRECTION ( 'NONE',  ( 0.8660254037844503650, 0.000000000000000000, 0.4999999999999795719 ) ) ;
#1357 = LINE ( 'NONE', #2601, #3996 ) ;
#1358 = VERTEX_POINT ( 'NONE', #3474 ) ;
#1359 = ORIENTED_EDGE ( 'NONE', *, *, #2122, .T. ) ;
#1360 = DIRECTION ( 'NONE',  ( -0.000000000000000000, 1.000000000000000000, -0.000000000000000000 ) ) ;
#1361 = ADVANCED_FACE ( 'NONE', ( #290 ), #3188, .F. ) ;
#1362 = CARTESIAN_POINT ( 'NONE',  ( -2.819999999999999396, -2.618922410801314271, -5.967879242695142139 ) ) ;
#1363 = DIRECTION ( 'NONE',  ( -1.000000000000000000, 0.000000000000000000, 0.000000000000000000 ) ) ;
#1364 = DIRECTION ( 'NONE',  ( -0.000000000000000000, -0.9276100592987817084, -0.3735499670562298924 ) ) ;
#1365 = DIRECTION ( 'NONE',  ( 0.000000000000000000, 1.000000000000000000, -5.421010862427523403E-17 ) ) ;
#1366 = ORIENTED_EDGE ( 'NONE', *, *, #3701, .F. ) ;
#1367 = ORIENTED_EDGE ( 'NONE', *, *, #3879, .F. ) ;
#1368 = EDGE_CURVE ( 'NONE', #3280, #1454, #3819, .T. ) ;
#1369 = LINE ( 'NONE', #3333, #2488 ) ;
#1370 = DIRECTION ( 'NONE',  ( -1.000000000000000000, 0.000000000000000000, -0.000000000000000000 ) ) ;
#1371 = DIRECTION ( 'NONE',  ( 1.000000000000000000, 0.000000000000000000, 0.000000000000000000 ) ) ;
#1372 = EDGE_LOOP ( 'NONE', ( #3003, #3317, #4068, #769 ) ) ;
#1373 = VERTEX_POINT ( 'NONE', #2203 ) ;
#1374 = EDGE_CURVE ( 'NONE', #1711, #1049, #1566, .T. ) ;
#1375 = PLANE ( 'NONE',  #174 ) ;
#1376 = LINE ( 'NONE', #1080, #3247 ) ;
#1377 = VERTEX_POINT ( 'NONE', #1588 ) ;
#1378 = EDGE_CURVE ( 'NONE', #3330, #1295, #2563, .T. ) ;
#1379 = DIRECTION ( 'NONE',  ( 0.000000000000000000, 0.3735499670562350549, 0.9276100592987797100 ) ) ;
#1380 = VERTEX_POINT ( 'NONE', #3579 ) ;
#1381 = LINE ( 'NONE', #1024, #2220 ) ;
#1382 = LINE ( 'NONE', #688, #2624 ) ;
#1383 = DIRECTION ( 'NONE',  ( 0.000000000000000000, 0.8660254037844381525, -0.5000000000000009992 ) ) ;
#1384 = FILL_AREA_STYLE_COLOUR ( '', #3656 ) ;
#1385 = EDGE_LOOP ( 'NONE', ( #1677, #1243, #782, #2120 ) ) ;
#1386 = ORIENTED_EDGE ( 'NONE', *, *, #3405, .F. ) ;
#1387 = EDGE_CURVE ( 'NONE', #2549, #3409, #1618, .T. ) ;
#1388 = CARTESIAN_POINT ( 'NONE',  ( -2.179999999999997939, 4.094999999999999751, -4.700000000000017053 ) ) ;
#1389 = VECTOR ( 'NONE', #1444, 1000.000000000000000 ) ;
#1390 = CARTESIAN_POINT ( 'NONE',  ( 1.550000000000009592, 1.301022143997296432, -3.699999999999991740 ) ) ;
#1391 = CARTESIAN_POINT ( 'NONE',  ( 4.050000000000000711, 5.148076211353326492, -6.999999999999987566 ) ) ;
#1392 = FACE_BOUND ( 'NONE', #2467, .T. ) ;
#1393 = ORIENTED_EDGE ( 'NONE', *, *, #2025, .T. ) ;
#1394 = EDGE_LOOP ( 'NONE', ( #3536, #1445, #355, #2481 ) ) ;
#1395 = EDGE_CURVE ( 'NONE', #2456, #3392, #2262, .T. ) ;
#1396 = VECTOR ( 'NONE', #3850, 1000.000000000000000 ) ;
#1397 = VECTOR ( 'NONE', #823, 1000.000000000000227 ) ;
#1398 = CARTESIAN_POINT ( 'NONE',  ( -2.819999999999999396, 0.000000000000000000, -5.999999999999982236 ) ) ;
#1399 = DIRECTION ( 'NONE',  ( 0.000000000000000000, 3.285461128743944150E-16, -1.000000000000000000 ) ) ;
#1400 = VECTOR ( 'NONE', #1418, 1000.000000000000000 ) ;
#1401 = VERTEX_POINT ( 'NONE', #3887 ) ;
#1402 = ADVANCED_FACE ( 'NONE', ( #349 ), #1648, .T. ) ;
#1403 = AXIS2_PLACEMENT_3D ( 'NONE', #2065, #1789, #403 ) ;
#1404 = ORIENTED_EDGE ( 'NONE', *, *, #1533, .T. ) ;
#1405 = VECTOR ( 'NONE', #3679, 1000.000000000000000 ) ;
#1406 = LINE ( 'NONE', #2452, #111 ) ;
#1407 = VECTOR ( 'NONE', #1640, 1000.000000000000000 ) ;
#1408 = VECTOR ( 'NONE', #570, 1000.000000000000000 ) ;
#1409 = ORIENTED_EDGE ( 'NONE', *, *, #4082, .T. ) ;
#1410 = LINE ( 'NONE', #3285, #4194 ) ;
#1411 = DIRECTION ( 'NONE',  ( 0.000000000000000000, 8.163404592832033571E-15, -1.000000000000000000 ) ) ;
#1412 = VECTOR ( 'NONE', #3535, 999.9999999999998863 ) ;
#1413 = CARTESIAN_POINT ( 'NONE',  ( -2.819999999999999396, -2.857994389717300798, -5.374208804743921597 ) ) ;
#1414 = ORIENTED_EDGE ( 'NONE', *, *, #3462, .F. ) ;
#1415 = ORIENTED_EDGE ( 'NONE', *, *, #747, .T. ) ;
#1416 =( GEOMETRIC_REPRESENTATION_CONTEXT ( 3 ) GLOBAL_UNCERTAINTY_ASSIGNED_CONTEXT ( ( #3360 ) ) GLOBAL_UNIT_ASSIGNED_CONTEXT ( ( #2948, #974, #1027 ) ) REPRESENTATION_CONTEXT ( 'NONE', 'WORKASPACE' ) );
#1417 = CARTESIAN_POINT ( 'NONE',  ( -2.819999999999999396, 2.774999999999997247, -6.020000000000020002 ) ) ;
#1418 = DIRECTION ( 'NONE',  ( -0.3236155771181845053, -0.8891264907159884823, 0.3236155771181846164 ) ) ;
#1419 = DIRECTION ( 'NONE',  ( -4.956352788505188906E-16, -0.000000000000000000, -1.000000000000000000 ) ) ;
#1420 = DIRECTION ( 'NONE',  ( 0.000000000000000000, 0.000000000000000000, -1.000000000000000000 ) ) ;
#1421 = ORIENTED_EDGE ( 'NONE', *, *, #473, .T. ) ;
#1422 = ORIENTED_EDGE ( 'NONE', *, *, #1976, .F. ) ;
#1423 = EDGE_CURVE ( 'NONE', #165, #1184, #2984, .T. ) ;
#1424 = CARTESIAN_POINT ( 'NONE',  ( -2.179999999999997939, -2.017762384446295520, -5.725791195256118016 ) ) ;
#1425 = CARTESIAN_POINT ( 'NONE',  ( -2.819999999999999396, 2.774999999999996803, -4.700000000000017053 ) ) ;
#1426 = ORIENTED_EDGE ( 'NONE', *, *, #3121, .F. ) ;
#1427 = EDGE_CURVE ( 'NONE', #522, #481, #1750, .T. ) ;
#1428 = LINE ( 'NONE', #3411, #3445 ) ;
#1429 = EDGE_CURVE ( 'NONE', #501, #1069, #2646, .T. ) ;
#1430 = ORIENTED_EDGE ( 'NONE', *, *, #230, .T. ) ;
#1431 = LINE ( 'NONE', #2180, #791 ) ;
#1432 = FACE_OUTER_BOUND ( 'NONE', #735, .T. ) ;
#1433 = CARTESIAN_POINT ( 'NONE',  ( -2.949999999999990852, 6.100000000000000533, -0.8443375672973925106 ) ) ;
#1434 = DIRECTION ( 'NONE',  ( 0.000000000000000000, 0.000000000000000000, 1.000000000000000000 ) ) ;
#1435 = ORIENTED_EDGE ( 'NONE', *, *, #131, .T. ) ;
#1436 = VERTEX_POINT ( 'NONE', #2944 ) ;
#1437 = SURFACE_SIDE_STYLE ('',( #3312 ) ) ;
#1438 = FACE_OUTER_BOUND ( 'NONE', #4121, .T. ) ;
#1439 = LINE ( 'NONE', #1391, #3582 ) ;
#1440 = CARTESIAN_POINT ( 'NONE',  ( 4.950000000000000178, 0.000000000000000000, 0.000000000000000000 ) ) ;
#1441 = ORIENTED_EDGE ( 'NONE', *, *, #700, .T. ) ;
#1442 = ORIENTED_EDGE ( 'NONE', *, *, #473, .F. ) ;
#1443 = CARTESIAN_POINT ( 'NONE',  ( -1.550000000000009592, 1.301022143997296432, -3.699999999999991296 ) ) ;
#1444 = DIRECTION ( 'NONE',  ( -0.000000000000000000, 1.000000000000000000, -0.000000000000000000 ) ) ;
#1445 = ORIENTED_EDGE ( 'NONE', *, *, #652, .T. ) ;
#1446 = ADVANCED_FACE ( 'NONE', ( #970 ), #670, .F. ) ;
#1447 = DIRECTION ( 'NONE',  ( 1.000000000000000000, 0.000000000000000000, -0.000000000000000000 ) ) ;
#1448 = ADVANCED_FACE ( 'NONE', ( #3615 ), #385, .F. ) ;
#1449 = ORIENTED_EDGE ( 'NONE', *, *, #866, .F. ) ;
#1450 = DIRECTION ( 'NONE',  ( -0.8660254037844574704, 0.000000000000000000, -0.4999999999999673594 ) ) ;
#1451 = CARTESIAN_POINT ( 'NONE',  ( 0.3200000000000021161, 3.454999999999999627, -4.700000000000000178 ) ) ;
#1452 = LINE ( 'NONE', #624, #1136 ) ;
#1453 = VERTEX_POINT ( 'NONE', #332 ) ;
#1454 = VERTEX_POINT ( 'NONE', #3560 ) ;
#1455 = EDGE_CURVE ( 'NONE', #2456, #1617, #3858, .T. ) ;
#1456 = CARTESIAN_POINT ( 'NONE',  ( -0.3199999999999995626, 3.454999999999999627, -4.700000000000000178 ) ) ;
#1457 = DIRECTION ( 'NONE',  ( -0.000000000000000000, -0.000000000000000000, 1.000000000000000000 ) ) ;
#1458 = LINE ( 'NONE', #2188, #1824 ) ;
#1459 = DIRECTION ( 'NONE',  ( -1.000000000000000000, 0.000000000000000000, 0.000000000000000000 ) ) ;
#1460 = ORIENTED_EDGE ( 'NONE', *, *, #3701, .T. ) ;
#1461 = ORIENTED_EDGE ( 'NONE', *, *, #2604, .T. ) ;
#1462 = DIRECTION ( 'NONE',  ( -1.000000000000000000, 0.000000000000000000, 0.000000000000000000 ) ) ;
#1463 = FACE_OUTER_BOUND ( 'NONE', #1597, .T. ) ;
#1464 = ORIENTED_EDGE ( 'NONE', *, *, #3389, .T. ) ;
#1465 = ORIENTED_EDGE ( 'NONE', *, *, #3953, .F. ) ;
#1466 = VECTOR ( 'NONE', #380, 1000.000000000000000 ) ;
#1467 = VECTOR ( 'NONE', #335, 1000.000000000000000 ) ;
#1468 = VECTOR ( 'NONE', #3054, 1000.000000000000000 ) ;
#1469 = LINE ( 'NONE', #2680, #2422 ) ;
#1470 = VECTOR ( 'NONE', #3228, 1000.000000000000000 ) ;
#1471 = VECTOR ( 'NONE', #96, 1000.000000000000000 ) ;
#1472 =( GEOMETRIC_REPRESENTATION_CONTEXT ( 3 ) GLOBAL_UNCERTAINTY_ASSIGNED_CONTEXT ( ( #1837 ) ) GLOBAL_UNIT_ASSIGNED_CONTEXT ( ( #2036, #2739, #2370 ) ) REPRESENTATION_CONTEXT ( 'NONE', 'WORKASPACE' ) );
#1473 = VERTEX_POINT ( 'NONE', #1608 ) ;
#1474 = CARTESIAN_POINT ( 'NONE',  ( -4.049999999999994493, 0.4000000000000000222, 0.000000000000000000 ) ) ;
#1475 = EDGE_CURVE ( 'NONE', #761, #707, #2622, .T. ) ;
#1476 = PLANE ( 'NONE',  #2494 ) ;
#1477 = AXIS2_PLACEMENT_3D ( 'NONE', #1729, #1383, #115 ) ;
#1478 = EDGE_LOOP ( 'NONE', ( #3196, #1529, #2631, #84 ) ) ;
#1479 = AXIS2_PLACEMENT_3D ( 'NONE', #1675, #1962, #1335 ) ;
#1480 = ADVANCED_FACE ( 'NONE', ( #47 ), #3921, .T. ) ;
#1481 = DIRECTION ( 'NONE',  ( 1.000000000000000000, 0.000000000000000000, -0.000000000000000000 ) ) ;
#1482 = PLANE ( 'NONE',  #2571 ) ;
#1483 = FACE_OUTER_BOUND ( 'NONE', #472, .T. ) ;
#1484 = VERTEX_POINT ( 'NONE', #726 ) ;
#1485 = VERTEX_POINT ( 'NONE', #2027 ) ;
#1486 = STYLED_ITEM ( 'NONE', ( #800 ), #1663 ) ;
#1487 = FACE_OUTER_BOUND ( 'NONE', #2408, .T. ) ;
#1488 = CARTESIAN_POINT ( 'NONE',  ( -2.299999999999999822, 6.100000000000000533, -2.999999999999988898 ) ) ;
#1489 = EDGE_LOOP ( 'NONE', ( #6, #3781, #2574, #1404 ) ) ;
#1490 = EDGE_LOOP ( 'NONE', ( #3597, #3709, #4193, #116 ) ) ;
#1491 = DIRECTION ( 'NONE',  ( -0.000000000000000000, 1.000000000000000000, -0.000000000000000000 ) ) ;
#1492 = EDGE_CURVE ( 'NONE', #3652, #594, #2300, .T. ) ;
#1493 = ORIENTED_EDGE ( 'NONE', *, *, #3233, .T. ) ;
#1494 = FACE_OUTER_BOUND ( 'NONE', #278, .T. ) ;
#1495 = FACE_OUTER_BOUND ( 'NONE', #1478, .T. ) ;
#1496 = SHAPE_DEFINITION_REPRESENTATION ( #581, #455 ) ;
#1497 = EDGE_LOOP ( 'NONE', ( #4009, #488, #744, #1014 ) ) ;
#1498 = CARTESIAN_POINT ( 'NONE',  ( -2.819999999999999396, 4.094999999999999751, -4.700000000000017053 ) ) ;
#1499 = LINE ( 'NONE', #4077, #1609 ) ;
#1500 = DIRECTION ( 'NONE',  ( -0.000000000000000000, -0.9396926207859086499, -0.3420201433256682133 ) ) ;
#1501 = PLANE ( 'NONE',  #2026 ) ;
#1502 = VERTEX_POINT ( 'NONE', #2607 ) ;
#1503 = ORIENTED_EDGE ( 'NONE', *, *, #205, .T. ) ;
#1504 = EDGE_CURVE ( 'NONE', #594, #3381, #2926, .T. ) ;
#1505 = PLANE ( 'NONE',  #3027 ) ;
#1506 = DIRECTION ( 'NONE',  ( -0.3236155771181856156, 0.3236155771181856156, 0.8891264907159875941 ) ) ;
#1507 = EDGE_LOOP ( 'NONE', ( #2216, #2659, #1516, #1557 ) ) ;
#1508 = ORIENTED_EDGE ( 'NONE', *, *, #2211, .F. ) ;
#1509 = EDGE_CURVE ( 'NONE', #761, #1981, #2635, .T. ) ;
#1510 = PLANE ( 'NONE',  #1753 ) ;
#1511 = ORIENTED_EDGE ( 'NONE', *, *, #494, .T. ) ;
#1512 = FACE_OUTER_BOUND ( 'NONE', #3946, .T. ) ;
#1513 = ORIENTED_EDGE ( 'NONE', *, *, #1660, .F. ) ;
#1514 = DIRECTION ( 'NONE',  ( 0.000000000000000000, 0.000000000000000000, -1.000000000000000000 ) ) ;
#1515 = ITEM_DEFINED_TRANSFORMATION ( 'NONE', 'NONE', #3524,  #59 ) ;
#1516 = ORIENTED_EDGE ( 'NONE', *, *, #962, .T. ) ;
#1517 = CARTESIAN_POINT ( 'NONE',  ( 0.7499999999999950040, 3.454999999999999627, -5.999999999999982236 ) ) ;
#1518 = PLANE ( 'NONE',  #3919 ) ;
#1519 = DIRECTION ( 'NONE',  ( -0.3236155771181846164, 0.8891264907159884823, 0.3236155771181846164 ) ) ;
#1520 = CYLINDRICAL_SURFACE ( 'NONE', #3319, 0.1000000000000247635 ) ;
#1521 = ORIENTED_EDGE ( 'NONE', *, *, #2647, .T. ) ;
#1522 = EDGE_LOOP ( 'NONE', ( #2114, #1936, #1851, #991 ) ) ;
#1523 = ADVANCED_FACE ( 'NONE', ( #3284 ), #1662, .F. ) ;
#1524 = CARTESIAN_POINT ( 'NONE',  ( 3.000000000000002665, 1.301022143997296432, -2.999999999999989786 ) ) ;
#1525 = PLANE ( 'NONE',  #2970 ) ;
#1526 = UNCERTAINTY_MEASURE_WITH_UNIT (LENGTH_MEASURE( 1.000000000000000082E-05 ), #1159, 'distance_accuracy_value', 'NONE');
#1527 = EDGE_CURVE ( 'NONE', #2110, #1711, #792, .T. ) ;
#1528 = LINE ( 'NONE', #2239, #3653 ) ;
#1529 = ORIENTED_EDGE ( 'NONE', *, *, #1219, .T. ) ;
#1530 = EDGE_LOOP ( 'NONE', ( #3612, #3742, #2117, #375 ) ) ;
#1531 = PRODUCT_DEFINITION_SHAPE ( 'NONE', 'NONE',  #4208 ) ;
#1532 = VECTOR ( 'NONE', #2327, 1000.000000000000000 ) ;
#1533 = EDGE_CURVE ( 'NONE', #1574, #4010, #1469, .T. ) ;
#1534 = LINE ( 'NONE', #1583, #1211 ) ;
#1535 = VECTOR ( 'NONE', #896, 1000.000000000000000 ) ;
#1536 = LINE ( 'NONE', #199, #3098 ) ;
#1537 = DIRECTION ( 'NONE',  ( -1.000000000000000000, 0.000000000000000000, -3.469446951953614978E-15 ) ) ;
#1538 = DIRECTION ( 'NONE',  ( -1.000000000000000000, 0.000000000000000000, 0.000000000000000000 ) ) ;
#1539 = AXIS2_PLACEMENT_3D ( 'NONE', #3885, #1564, #2539 ) ;
#1540 = VECTOR ( 'NONE', #4012, 1000.000000000000000 ) ;
#1541 = PRODUCT_CONTEXT ( 'NONE', #3694, 'mechanical' ) ;
#1542 = ORIENTED_EDGE ( 'NONE', *, *, #1594, .F. ) ;
#1543 = VECTOR ( 'NONE', #681, 1000.000000000000000 ) ;
#1544 = VECTOR ( 'NONE', #1969, 1000.000000000000000 ) ;
#1545 = DIRECTION ( 'NONE',  ( 0.000000000000000000, 0.000000000000000000, 1.000000000000000000 ) ) ;
#1546 = CARTESIAN_POINT ( 'NONE',  ( -2.819999999999999396, 2.774999999999996803, -4.700000000000017053 ) ) ;
#1547 = AXIS2_PLACEMENT_3D ( 'NONE', #4118, #845, #3129 ) ;
#1548 = CARTESIAN_POINT ( 'NONE',  ( 1.749999999999993783, 0.3999999999999999112, -5.999999999999982236 ) ) ;
#1549 = FACE_OUTER_BOUND ( 'NONE', #1394, .T. ) ;
#1550 = EDGE_LOOP ( 'NONE', ( #698, #3973, #2991, #2603 ) ) ;
#1551 = ORIENTED_EDGE ( 'NONE', *, *, #2449, .T. ) ;
#1552 = AXIS2_PLACEMENT_3D ( 'NONE', #1906, #2516, #3428 ) ;
#1553 = VECTOR ( 'NONE', #4079, 1000.000000000000000 ) ;
#1554 = DIRECTION ( 'NONE',  ( -0.000000000000000000, 1.000000000000000000, -0.000000000000000000 ) ) ;
#1555 = CARTESIAN_POINT ( 'NONE',  ( -2.819999999999999396, 2.774999999999996803, -4.700000000000017053 ) ) ;
#1556 = DIRECTION ( 'NONE',  ( 0.000000000000000000, 6.377659838149993194E-16, -1.000000000000000000 ) ) ;
#1557 = ORIENTED_EDGE ( 'NONE', *, *, #2329, .F. ) ;
#1558 = DIRECTION ( 'NONE',  ( -0.000000000000000000, -0.000000000000000000, 1.000000000000000000 ) ) ;
#1559 = ORIENTED_EDGE ( 'NONE', *, *, #962, .F. ) ;
#1560 = ADVANCED_FACE ( 'NONE', ( #818 ), #1125, .F. ) ;
#1561 = DIRECTION ( 'NONE',  ( 0.4999999999999673594, 0.000000000000000000, 0.8660254037844574704 ) ) ;
#1562 = ADVANCED_FACE ( 'NONE', ( #3730 ), #3698, .F. ) ;
#1563 = ORIENTED_EDGE ( 'NONE', *, *, #2960, .F. ) ;
#1564 = DIRECTION ( 'NONE',  ( 1.000000000000000000, 0.000000000000000000, 0.000000000000000000 ) ) ;
#1565 = ORIENTED_EDGE ( 'NONE', *, *, #2444, .T. ) ;
#1566 = LINE ( 'NONE', #4157, #3382 ) ;
#1567 = APPLICATION_PROTOCOL_DEFINITION ( 'draft international standard', 'automotive_design', 1998, #430 ) ;
#1568 = EDGE_CURVE ( 'NONE', #1209, #1484, #1406, .T. ) ;
#1569 = FACE_OUTER_BOUND ( 'NONE', #3163, .T. ) ;
#1570 = DIRECTION ( 'NONE',  ( -0.000000000000000000, -0.000000000000000000, 1.000000000000000000 ) ) ;
#1571 = DIRECTION ( 'NONE',  ( 0.000000000000000000, 0.000000000000000000, 1.000000000000000000 ) ) ;
#1572 = PRODUCT_DEFINITION_SHAPE ( 'NONE', 'NONE',  #1946 ) ;
#1573 = CARTESIAN_POINT ( 'NONE',  ( -4.950000000000000178, 4.575000000000019718, -3.100000000000001865 ) ) ;
#1574 = VERTEX_POINT ( 'NONE', #1084 ) ;
#1575 = EDGE_CURVE ( 'NONE', #1975, #881, #1794, .T. ) ;
#1576 = ORIENTED_EDGE ( 'NONE', *, *, #180, .T. ) ;
#1577 = DIRECTION ( 'NONE',  ( 0.000000000000000000, -0.000000000000000000, 1.000000000000000000 ) ) ;
#1578 = CARTESIAN_POINT ( 'NONE',  ( 0.7499999999999950040, 6.100000000000000533, -5.999999999999982236 ) ) ;
#1579 = CARTESIAN_POINT ( 'NONE',  ( -2.179999999999997939, -1.087878387081799403, -6.020000000000019114 ) ) ;
#1580 = CARTESIAN_POINT ( 'NONE',  ( -2.179999999999997939, 2.774999999999996803, -4.700000000000017053 ) ) ;
#1581 = ORIENTED_EDGE ( 'NONE', *, *, #724, .F. ) ;
#1582 = ORIENTED_EDGE ( 'NONE', *, *, #3502, .F. ) ;
#1583 = CARTESIAN_POINT ( 'NONE',  ( -2.819999999999999396, -2.017762384446295520, -5.725791195256118016 ) ) ;
#1584 = ADVANCED_FACE ( 'NONE', ( #836 ), #2748, .T. ) ;
#1585 =( REPRESENTATION_RELATIONSHIP ('NONE','NONE', #728, #751 ) REPRESENTATION_RELATIONSHIP_WITH_TRANSFORMATION ( #1515 )SHAPE_REPRESENTATION_RELATIONSHIP( ) );
#1586 = ORIENTED_EDGE ( 'NONE', *, *, #2411, .T. ) ;
#1587 = CARTESIAN_POINT ( 'NONE',  ( -4.099999999999999645, 5.275000000000011013, -3.100000000000001865 ) ) ;
#1588 = CARTESIAN_POINT ( 'NONE',  ( -4.950000000000000178, 4.275000000000021672, -3.100000000000001865 ) ) ;
#1589 = EDGE_CURVE ( 'NONE', #3403, #3470, #2381, .T. ) ;
#1590 = PRODUCT_CONTEXT ( 'NONE', #1147, 'mechanical' ) ;
#1591 = DIRECTION ( 'NONE',  ( 1.000000000000000000, -0.000000000000000000, -0.000000000000000000 ) ) ;
#1592 = LINE ( 'NONE', #2886, #1949 ) ;
#1593 = DIRECTION ( 'NONE',  ( 1.000000000000000000, 0.000000000000000000, -1.070816960479510550E-15 ) ) ;
#1594 = EDGE_CURVE ( 'NONE', #1184, #2653, #1428, .T. ) ;
#1595 = LINE ( 'NONE', #227, #2576 ) ;
#1596 = ORIENTED_EDGE ( 'NONE', *, *, #187, .F. ) ;
#1597 = EDGE_LOOP ( 'NONE', ( #2363, #361, #422, #3882 ) ) ;
#1598 = CARTESIAN_POINT ( 'NONE',  ( -2.179999999999997939, 4.094999999999999751, -4.700000000000017053 ) ) ;
#1599 = CARTESIAN_POINT ( 'NONE',  ( -2.179999999999997939, -3.399999999999999467, -5.870000000000022311 ) ) ;
#1600 = LINE ( 'NONE', #2599, #1680 ) ;
#1601 = DIRECTION ( 'NONE',  ( 0.000000000000000000, -1.000000000000000000, 0.000000000000000000 ) ) ;
#1602 = VERTEX_POINT ( 'NONE', #1703 ) ;
#1603 = VERTEX_POINT ( 'NONE', #745 ) ;
#1604 = PLANE ( 'NONE',  #804 ) ;
#1605 = VECTOR ( 'NONE', #3160, 1000.000000000000000 ) ;
#1606 = CARTESIAN_POINT ( 'NONE',  ( -4.950000000000000178, 4.275000000000021672, -1.224646799147336937E-16 ) ) ;
#1607 = CARTESIAN_POINT ( 'NONE',  ( 4.050000000000000711, 0.000000000000000000, -6.999999999999964473 ) ) ;
#1608 = CARTESIAN_POINT ( 'NONE',  ( -2.819999999999999396, -2.887878387081802334, -5.380000000000020322 ) ) ;
#1609 = VECTOR ( 'NONE', #3128, 1000.000000000000000 ) ;
#1610 = ADVANCED_FACE ( 'NONE', ( #447 ), #3092, .F. ) ;
#1611 = AXIS2_PLACEMENT_3D ( 'NONE', #3230, #3903, #633 ) ;
#1612 = VECTOR ( 'NONE', #3122, 1000.000000000000000 ) ;
#1613 = CARTESIAN_POINT ( 'NONE',  ( -2.179999999999997939, -2.618922410801314271, -5.967879242695142139 ) ) ;
#1614 = CARTESIAN_POINT ( 'NONE',  ( -2.329999999999997851, 4.336808689942017736E-16, 3.299999999999982503 ) ) ;
#1615 = CARTESIAN_POINT ( 'NONE',  ( 2.180000000000000604, 4.094999999999999751, -9.400000000000000355 ) ) ;
#1616 = ORIENTED_EDGE ( 'NONE', *, *, #3197, .F. ) ;
#1617 = VERTEX_POINT ( 'NONE', #151 ) ;
#1618 = CIRCLE ( 'NONE', #1815, 0.1000000000000241113 ) ;
#1619 = EDGE_CURVE ( 'NONE', #3652, #2110, #85, .T. ) ;
#1620 = VECTOR ( 'NONE', #281, 1000.000000000000000 ) ;
#1621 = LINE ( 'NONE', #2917, #2972 ) ;
#1622 = DIRECTION ( 'NONE',  ( 1.000000000000000000, 0.000000000000000000, -0.000000000000000000 ) ) ;
#1623 = CARTESIAN_POINT ( 'NONE',  ( -2.669999999999999485, -3.399999999999999467, -6.020000000000021778 ) ) ;
#1624 = VECTOR ( 'NONE', #3081, 1000.000000000000000 ) ;
#1625 = CARTESIAN_POINT ( 'NONE',  ( -2.849999999999991651, 6.100000000000000533, -0.7866025403784332459 ) ) ;
#1626 = ORIENTED_EDGE ( 'NONE', *, *, #1901, .T. ) ;
#1627 = VERTEX_POINT ( 'NONE', #2360 ) ;
#1628 = VECTOR ( 'NONE', #142, 1000.000000000000000 ) ;
#1629 = EDGE_CURVE ( 'NONE', #169, #3151, #3660, .T. ) ;
#1630 = VECTOR ( 'NONE', #2323, 1000.000000000000000 ) ;
#1631 = CARTESIAN_POINT ( 'NONE',  ( 3.000000000000002665, 1.301022143997296432, -0.9309401076758579974 ) ) ;
#1632 = DIRECTION ( 'NONE',  ( 0.000000000000000000, 0.3735499670562323349, -0.9276100592987809312 ) ) ;
#1633 = LINE ( 'NONE', #2927, #1266 ) ;
#1634 = PLANE ( 'NONE',  #1200 ) ;
#1635 = LINE ( 'NONE', #3548, #3647 ) ;
#1636 = CARTESIAN_POINT ( 'NONE',  ( -2.179999999999997939, 2.774999999999997247, -5.380000000000021210 ) ) ;
#1637 = ORIENTED_EDGE ( 'NONE', *, *, #1694, .T. ) ;
#1638 = ORIENTED_EDGE ( 'NONE', *, *, #496, .F. ) ;
#1639 = EDGE_CURVE ( 'NONE', #3770, #643, #3342, .T. ) ;
#1640 = DIRECTION ( 'NONE',  ( -0.000000000000000000, -0.000000000000000000, 1.000000000000000000 ) ) ;
#1641 = DIRECTION ( 'NONE',  ( 1.000000000000000000, 0.000000000000000000, -1.070816960479510550E-15 ) ) ;
#1642 = DIRECTION ( 'NONE',  ( 1.000000000000000000, -0.000000000000000000, 0.000000000000000000 ) ) ;
#1643 = CARTESIAN_POINT ( 'NONE',  ( -2.179999999999997939, 4.094999999999999751, -9.400000000000000355 ) ) ;
#1644 = ORIENTED_EDGE ( 'NONE', *, *, #2181, .F. ) ;
#1645 = EDGE_LOOP ( 'NONE', ( #4051, #2257, #2148, #1668 ) ) ;
#1646 = ADVANCED_FACE ( 'NONE', ( #1725 ), #2709, .T. ) ;
#1647 = ADVANCED_FACE ( 'NONE', ( #3050, #2729 ), #1101, .F. ) ;
#1648 = CYLINDRICAL_SURFACE ( 'NONE', #257, 0.7200000000000036371 ) ;
#1649 = PLANE ( 'NONE',  #178 ) ;
#1650 = DIRECTION ( 'NONE',  ( 1.000000000000000000, 0.000000000000000000, 0.000000000000000000 ) ) ;
#1651 = CARTESIAN_POINT ( 'NONE',  ( 2.849999999999991651, 5.275000000000011013, -0.6133974596215421293 ) ) ;
#1652 = VERTEX_POINT ( 'NONE', #286 ) ;
#1653 = ORIENTED_EDGE ( 'NONE', *, *, #1319, .T. ) ;
#1654 = DIRECTION ( 'NONE',  ( 0.000000000000000000, -0.3735499670562134611, 0.9276100592987884808 ) ) ;
#1655 = CARTESIAN_POINT ( 'NONE',  ( -2.819999999999999396, -2.987878387081805975, -6.020000000000021778 ) ) ;
#1656 = CARTESIAN_POINT ( 'NONE',  ( 4.950000000000000178, 5.275000000000011013, 1.925929944387235853E-31 ) ) ;
#1657 = DIRECTION ( 'NONE',  ( -3.469446951953614189E-15, -0.000000000000000000, 1.000000000000000000 ) ) ;
#1658 = EDGE_LOOP ( 'NONE', ( #3986, #2934, #1712, #1116 ) ) ;
#1659 = VERTEX_POINT ( 'NONE', #1879 ) ;
#1660 = EDGE_CURVE ( 'NONE', #2997, #2549, #3859, .T. ) ;
#1661 = EDGE_CURVE ( 'NONE', #1209, #165, #3205, .T. ) ;
#1662 = PLANE ( 'NONE',  #45 ) ;
#1663 = ADVANCED_BREP_SHAPE_REPRESENTATION ( '', ( #3364, #59 ), #2847 ) ;
#1664 = DIRECTION ( 'NONE',  ( -0.000000000000000000, 1.000000000000000000, -0.000000000000000000 ) ) ;
#1665 = CARTESIAN_POINT ( 'NONE',  ( -2.819999999999999396, 4.094999999999999751, -4.700000000000000178 ) ) ;
#1666 = FACE_OUTER_BOUND ( 'NONE', #3014, .T. ) ;
#1667 = VECTOR ( 'NONE', #2893, 1000.000000000000000 ) ;
#1668 = ORIENTED_EDGE ( 'NONE', *, *, #2604, .F. ) ;
#1669 = VERTEX_POINT ( 'NONE', #1192 ) ;
#1670 = VECTOR ( 'NONE', #1363, 1000.000000000000000 ) ;
#1671 = VECTOR ( 'NONE', #650, 1000.000000000000000 ) ;
#1672 = LINE ( 'NONE', #3607, #3646 ) ;
#1673 = CARTESIAN_POINT ( 'NONE',  ( 0.7499999999999984457, 0.3999999999999999112, -6.999999999999982236 ) ) ;
#1674 = DIRECTION ( 'NONE',  ( 0.000000000000000000, -1.000000000000000000, -8.163404592832033571E-15 ) ) ;
#1675 = CARTESIAN_POINT ( 'NONE',  ( 4.950000000000000178, 0.000000000000000000, -6.999999999999964473 ) ) ;
#1676 = ORIENTED_EDGE ( 'NONE', *, *, #309, .F. ) ;
#1677 = ORIENTED_EDGE ( 'NONE', *, *, #1594, .T. ) ;
#1678 = VECTOR ( 'NONE', #3362, 1000.000000000000000 ) ;
#1679 = EDGE_CURVE ( 'NONE', #1838, #4015, #901, .T. ) ;
#1680 = VECTOR ( 'NONE', #1255, 1000.000000000000000 ) ;
#1681 = PRESENTATION_LAYER_ASSIGNMENT (  '', '', ( #1128 ) ) ;
#1682 = CARTESIAN_POINT ( 'NONE',  ( 4.099999999999999645, 5.275000000000011013, -4.700000000000000178 ) ) ;
#1683 = VECTOR ( 'NONE', #602, 1000.000000000000000 ) ;
#1684 = VECTOR ( 'NONE', #3477, 1000.000000000000000 ) ;
#1685 = ADVANCED_FACE ( 'NONE', ( #1814 ), #265, .F. ) ;
#1686 = AXIS2_PLACEMENT_3D ( 'NONE', #529, #143, #1831 ) ;
#1687 = DIRECTION ( 'NONE',  ( 1.000000000000000000, 0.000000000000000000, -0.000000000000000000 ) ) ;
#1688 = ADVANCED_FACE ( 'NONE', ( #541 ), #1218, .F. ) ;
#1689 = PLANE ( 'NONE',  #1138 ) ;
#1690 = CARTESIAN_POINT ( 'NONE',  ( -2.669999999999999485, -3.399999999999999467, -5.870000000000022311 ) ) ;
#1691 = DIRECTION ( 'NONE',  ( 0.000000000000000000, 5.421010862427523403E-17, 1.000000000000000000 ) ) ;
#1692 = ORIENTED_EDGE ( 'NONE', *, *, #2942, .T. ) ;
#1693 = VERTEX_POINT ( 'NONE', #3471 ) ;
#1694 = EDGE_CURVE ( 'NONE', #2811, #411, #2536, .T. ) ;
#1695 = SURFACE_STYLE_USAGE ( .BOTH. , #777 ) ;
#1696 = CARTESIAN_POINT ( 'NONE',  ( -2.499999999999998668, 2.774999999999996803, -4.700000000000017053 ) ) ;
#1697 = LINE ( 'NONE', #464, #1127 ) ;
#1698 = CARTESIAN_POINT ( 'NONE',  ( 0.7499999999999984457, 0.000000000000000000, -6.999999999999982236 ) ) ;
#1699 = ORIENTED_EDGE ( 'NONE', *, *, #2380, .F. ) ;
#1700 = ORIENTED_EDGE ( 'NONE', *, *, #1030, .F. ) ;
#1701 = LINE ( 'NONE', #3675, #3632 ) ;
#1702 = CARTESIAN_POINT ( 'NONE',  ( -4.099999999999999645, 5.275000000000011013, -4.700000000000000178 ) ) ;
#1703 = CARTESIAN_POINT ( 'NONE',  ( -2.819999999999999396, -1.087878387081800735, -5.380000000000021210 ) ) ;
#1704 = EDGE_CURVE ( 'NONE', #2731, #1134, #3490, .T. ) ;
#1705 = ORIENTED_EDGE ( 'NONE', *, *, #2122, .F. ) ;
#1706 = CARTESIAN_POINT ( 'NONE',  ( -4.950000000000000178, 4.275000000000021672, -1.224646799147336937E-16 ) ) ;
#1707 = EDGE_CURVE ( 'NONE', #707, #3381, #668, .T. ) ;
#1708 = DIRECTION ( 'NONE',  ( 1.000000000000000000, -0.000000000000000000, -0.000000000000000000 ) ) ;
#1709 = CARTESIAN_POINT ( 'NONE',  ( -1.750000000000005107, 6.100000000000000533, -5.999999999999982236 ) ) ;
#1710 =( NAMED_UNIT ( * ) SI_UNIT ( $, .STERADIAN. ) SOLID_ANGLE_UNIT ( ) );
#1711 = VERTEX_POINT ( 'NONE', #3514 ) ;
#1712 = ORIENTED_EDGE ( 'NONE', *, *, #3593, .T. ) ;
#1713 = ADVANCED_FACE ( 'NONE', ( #2880 ), #3182, .F. ) ;
#1714 = DIRECTION ( 'NONE',  ( -0.000000000000000000, -0.000000000000000000, -1.000000000000000000 ) ) ;
#1715 = ADVANCED_FACE ( 'NONE', ( #1840 ), #4108, .F. ) ;
#1716 = DIRECTION ( 'NONE',  ( 4.336808689940944096E-15, 0.000000000000000000, 1.000000000000000000 ) ) ;
#1717 = DIRECTION ( 'NONE',  ( 0.000000000000000000, 0.9276100592987797100, -0.3735499670562350549 ) ) ;
#1718 = FACE_OUTER_BOUND ( 'NONE', #3735, .T. ) ;
#1719 = VERTEX_POINT ( 'NONE', #609 ) ;
#1720 = VERTEX_POINT ( 'NONE', #3138 ) ;
#1721 = DIRECTION ( 'NONE',  ( 0.000000000000000000, 1.000000000000000000, 0.000000000000000000 ) ) ;
#1722 = DIRECTION ( 'NONE',  ( -0.000000000000000000, 1.000000000000000000, -0.000000000000000000 ) ) ;
#1723 = ORIENTED_EDGE ( 'NONE', *, *, #4136, .F. ) ;
#1724 = ORIENTED_EDGE ( 'NONE', *, *, #1017, .F. ) ;
#1725 = FACE_OUTER_BOUND ( 'NONE', #3203, .T. ) ;
#1726 = ORIENTED_EDGE ( 'NONE', *, *, #173, .T. ) ;
#1727 = CARTESIAN_POINT ( 'NONE',  ( -2.179999999999997939, 2.774999999999997247, -5.380000000000022098 ) ) ;
#1728 = CARTESIAN_POINT ( 'NONE',  ( 4.099999999999999645, 1.225000000000037614, -4.700000000000000178 ) ) ;
#1729 = CARTESIAN_POINT ( 'NONE',  ( 4.050000000000000711, 2.549999999999999822, -11.49999999999999645 ) ) ;
#1730 = ORIENTED_EDGE ( 'NONE', *, *, #2943, .T. ) ;
#1731 = ORIENTED_EDGE ( 'NONE', *, *, #129, .T. ) ;
#1732 = EDGE_CURVE ( 'NONE', #1049, #2456, #1534, .T. ) ;
#1733 = VECTOR ( 'NONE', #1360, 1000.000000000000000 ) ;
#1734 = FILL_AREA_STYLE ('',( #371 ) ) ;
#1735 = DIRECTION ( 'NONE',  ( 1.000000000000000000, 0.000000000000000000, 0.000000000000000000 ) ) ;
#1736 = DIRECTION ( 'NONE',  ( 0.000000000000000000, -0.9276100592987817084, -0.3735499670562299479 ) ) ;
#1737 = CARTESIAN_POINT ( 'NONE',  ( -2.499999999999998668, 2.774999999999996803, -4.700000000000017053 ) ) ;
#1738 = ORIENTED_EDGE ( 'NONE', *, *, #3545, .T. ) ;
#1739 = ORIENTED_EDGE ( 'NONE', *, *, #523, .T. ) ;
#1740 = VECTOR ( 'NONE', #2827, 1000.000000000000000 ) ;
#1741 = EDGE_CURVE ( 'NONE', #2401, #837, #386, .T. ) ;
#1742 = VECTOR ( 'NONE', #2588, 1000.000000000000000 ) ;
#1743 = CARTESIAN_POINT ( 'NONE',  ( 3.000000000000003997, 5.275000000000011013, -0.9309401076758579974 ) ) ;
#1744 = CARTESIAN_POINT ( 'NONE',  ( -2.499999999999998668, 2.774999999999996803, -4.700000000000017053 ) ) ;
#1745 = UNCERTAINTY_MEASURE_WITH_UNIT (LENGTH_MEASURE( 1.000000000000000082E-05 ), #1351, 'distance_accuracy_value', 'NONE');
#1746 = AXIS2_PLACEMENT_3D ( 'NONE', #1158, #3703, #3984 ) ;
#1747 = ORIENTED_EDGE ( 'NONE', *, *, #440, .F. ) ;
#1748 = AXIS2_PLACEMENT_3D ( 'NONE', #2237, #1279, #299 ) ;
#1749 = ADVANCED_FACE ( 'NONE', ( #3117 ), #217, .F. ) ;
#1750 = CIRCLE ( 'NONE', #382, 0.7000000000000027311 ) ;
#1751 = VECTOR ( 'NONE', #3871, 1000.000000000000000 ) ;
#1752 = DIRECTION ( 'NONE',  ( -1.000000000000000000, -0.000000000000000000, 0.000000000000000000 ) ) ;
#1753 = AXIS2_PLACEMENT_3D ( 'NONE', #2585, #627, #948 ) ;
#1754 = AXIS2_PLACEMENT_3D ( 'NONE', #321, #2895, #4192 ) ;
#1755 = ORIENTED_EDGE ( 'NONE', *, *, #1871, .T. ) ;
#1756 = DIRECTION ( 'NONE',  ( 0.000000000000000000, 0.000000000000000000, 1.000000000000000000 ) ) ;
#1757 = CARTESIAN_POINT ( 'NONE',  ( -2.669999999999999485, 3.945000000000000728, 3.299999999999982503 ) ) ;
#1758 = PRODUCT_DEFINITION_FORMATION_WITH_SPECIFIED_SOURCE ( 'ANY', '', #3541, .NOT_KNOWN. ) ;
#1759 = CARTESIAN_POINT ( 'NONE',  ( 4.950000000000000178, 4.575000000000019718, -2.400000000000010569 ) ) ;
#1760 = SHAPE_REPRESENTATION_RELATIONSHIP ( 'NONE' , 'NONE' ,  #751, #3752 ) ;
#1761 = ORIENTED_EDGE ( 'NONE', *, *, #746, .F. ) ;
#1762 = VERTEX_POINT ( 'NONE', #4088 ) ;
#1763 = CARTESIAN_POINT ( 'NONE',  ( -2.179999999999997939, -2.987878387081805975, -5.380000000000022098 ) ) ;
#1764 = DIRECTION ( 'NONE',  ( 1.000000000000000000, 0.000000000000000000, 0.000000000000000000 ) ) ;
#1765 = CARTESIAN_POINT ( 'NONE',  ( -2.179999999999997939, -1.087878387081800735, -5.380000000000021210 ) ) ;
#1766 = ORIENTED_EDGE ( 'NONE', *, *, #1661, .T. ) ;
#1767 = VERTEX_POINT ( 'NONE', #1173 ) ;
#1768 = EDGE_CURVE ( 'NONE', #1617, #4081, #2470, .T. ) ;
#1769 = DIRECTION ( 'NONE',  ( -0.000000000000000000, 0.000000000000000000, -1.000000000000000000 ) ) ;
#1770 = LINE ( 'NONE', #2511, #2694 ) ;
#1771 = ADVANCED_FACE ( 'NONE', ( #3451 ), #1510, .F. ) ;
#1772 = VERTEX_POINT ( 'NONE', #2244 ) ;
#1773 = ADVANCED_FACE ( 'NONE', ( #4198 ), #1604, .F. ) ;
#1774 = DIRECTION ( 'NONE',  ( 1.000000000000000000, 0.000000000000000000, 0.000000000000000000 ) ) ;
#1775 = ORIENTED_EDGE ( 'NONE', *, *, #544, .F. ) ;
#1776 = DIRECTION ( 'NONE',  ( 0.000000000000000000, 1.000000000000000000, 0.000000000000000000 ) ) ;
#1777 = CARTESIAN_POINT ( 'NONE',  ( -2.179999999999997939, -2.987878387081805975, -5.380000000000022098 ) ) ;
#1778 = CARTESIAN_POINT ( 'NONE',  ( -4.050000000000000711, 5.148076211353326492, -6.999999999999987566 ) ) ;
#1779 = SURFACE_STYLE_FILL_AREA ( #3734 ) ;
#1780 = ORIENTED_EDGE ( 'NONE', *, *, #1284, .F. ) ;
#1781 = ORIENTED_EDGE ( 'NONE', *, *, #1265, .F. ) ;
#1782 = LINE ( 'NONE', #224, #3636 ) ;
#1783 = CARTESIAN_POINT ( 'NONE',  ( -4.950000000000000178, 6.100000000000000533, 0.000000000000000000 ) ) ;
#1784 = CARTESIAN_POINT ( 'NONE',  ( -2.819999999999999396, -1.356834363362291240, -5.967879242695142139 ) ) ;
#1785 = DIRECTION ( 'NONE',  ( 1.000000000000000000, 0.000000000000000000, -0.000000000000000000 ) ) ;
#1786 = ORIENTED_EDGE ( 'NONE', *, *, #1374, .F. ) ;
#1787 = ORIENTED_EDGE ( 'NONE', *, *, #1492, .F. ) ;
#1788 = LINE ( 'NONE', #2445, #3633 ) ;
#1789 = DIRECTION ( 'NONE',  ( -0.000000000000000000, 1.000000000000000000, 1.946735479746240487E-16 ) ) ;
#1790 = UNCERTAINTY_MEASURE_WITH_UNIT (LENGTH_MEASURE( 1.000000000000000082E-05 ), #1072, 'distance_accuracy_value', 'NONE');
#1791 = ORIENTED_EDGE ( 'NONE', *, *, #1704, .F. ) ;
#1792 = ORIENTED_EDGE ( 'NONE', *, *, #829, .T. ) ;
#1793 = EDGE_CURVE ( 'NONE', #1303, #3403, #1926, .T. ) ;
#1794 = LINE ( 'NONE', #2067, #1678 ) ;
#1795 = EDGE_CURVE ( 'NONE', #4081, #1436, #342, .T. ) ;
#1796 = ORIENTED_EDGE ( 'NONE', *, *, #171, .T. ) ;
#1797 = CARTESIAN_POINT ( 'NONE',  ( -3.000000000000002665, 6.100000000000000533, -0.9309401076758572202 ) ) ;
#1798 = CARTESIAN_POINT ( 'NONE',  ( 3.249999999999995115, 0.4000000000000000222, -5.999999999999982236 ) ) ;
#1799 = ORIENTED_EDGE ( 'NONE', *, *, #24, .F. ) ;
#1800 = DIRECTION ( 'NONE',  ( 1.000000000000000000, 0.000000000000000000, 0.000000000000000000 ) ) ;
#1801 = DIRECTION ( 'NONE',  ( 0.000000000000000000, -1.946735479746240487E-16, 1.000000000000000000 ) ) ;
#1802 = PLANE ( 'NONE',  #3990 ) ;
#1803 = LINE ( 'NONE', #1115, #1344 ) ;
#1804 = ORIENTED_EDGE ( 'NONE', *, *, #548, .T. ) ;
#1805 = ORIENTED_EDGE ( 'NONE', *, *, #93, .F. ) ;
#1806 = PLANE ( 'NONE',  #586 ) ;
#1807 = DIRECTION ( 'NONE',  ( 0.000000000000000000, 1.000000000000000000, 0.000000000000000000 ) ) ;
#1808 = ORIENTED_EDGE ( 'NONE', *, *, #813, .T. ) ;
#1809 = ORIENTED_EDGE ( 'NONE', *, *, #3389, .F. ) ;
#1810 = AXIS2_PLACEMENT_3D ( 'NONE', #695, #3670, #3608 ) ;
#1811 = ADVANCED_FACE ( 'NONE', ( #3198 ), #597, .F. ) ;
#1812 = VECTOR ( 'NONE', #3366, 1000.000000000000000 ) ;
#1813 = CIRCLE ( 'NONE', #4048, 1.320000000000003393 ) ;
#1814 = FACE_OUTER_BOUND ( 'NONE', #3605, .T. ) ;
#1815 = AXIS2_PLACEMENT_3D ( 'NONE', #984, #2589, #3269 ) ;
#1816 = AXIS2_PLACEMENT_3D ( 'NONE', #1425, #3339, #1399 ) ;
#1817 = AXIS2_PLACEMENT_3D ( 'NONE', #1417, #3622, #3351 ) ;
#1818 = LINE ( 'NONE', #3119, #854 ) ;
#1819 = CARTESIAN_POINT ( 'NONE',  ( 2.820000000000002061, 4.094999999999999751, -4.700000000000000178 ) ) ;
#1820 = CARTESIAN_POINT ( 'NONE',  ( -2.819999999999999396, 3.454999999999999627, -9.400000000000000355 ) ) ;
#1821 = EDGE_CURVE ( 'NONE', #3309, #3295, #279, .T. ) ;
#1822 = VERTEX_POINT ( 'NONE', #297 ) ;
#1823 = SHAPE_DEFINITION_REPRESENTATION ( #1327, #751 ) ;
#1824 = VECTOR ( 'NONE', #504, 1000.000000000000000 ) ;
#1825 = VERTEX_POINT ( 'NONE', #17 ) ;
#1826 = VECTOR ( 'NONE', #642, 1000.000000000000000 ) ;
#1827 = DIRECTION ( 'NONE',  ( -0.000000000000000000, -1.000000000000000000, -0.000000000000000000 ) ) ;
#1828 = DIRECTION ( 'NONE',  ( -1.000000000000000000, 0.000000000000000000, 0.000000000000000000 ) ) ;
#1829 = CARTESIAN_POINT ( 'NONE',  ( 4.950000000000000178, 0.000000000000000000, -11.50000000000001776 ) ) ;
#1830 = EDGE_CURVE ( 'NONE', #139, #2453, #2292, .T. ) ;
#1831 = DIRECTION ( 'NONE',  ( 0.000000000000000000, 0.000000000000000000, 1.000000000000000000 ) ) ;
#1832 = ORIENTED_EDGE ( 'NONE', *, *, #2084, .F. ) ;
#1833 = ORIENTED_EDGE ( 'NONE', *, *, #3947, .T. ) ;
#1834 = PRESENTATION_LAYER_ASSIGNMENT (  '', '', ( #1486 ) ) ;
#1835 = DIRECTION ( 'NONE',  ( 6.195440985631429679E-16, 0.000000000000000000, 1.000000000000000000 ) ) ;
#1836 = CARTESIAN_POINT ( 'NONE',  ( -2.179999999999997939, -2.987878387081805975, -5.380000000000022098 ) ) ;
#1837 = UNCERTAINTY_MEASURE_WITH_UNIT (LENGTH_MEASURE( 1.000000000000000082E-05 ), #2036, 'distance_accuracy_value', 'NONE');
#1838 = VERTEX_POINT ( 'NONE', #1313 ) ;
#1839 = VERTEX_POINT ( 'NONE', #32 ) ;
#1840 = FACE_OUTER_BOUND ( 'NONE', #1964, .T. ) ;
#1841 = DIRECTION ( 'NONE',  ( -0.3236155771181845053, -0.8891264907159884823, 0.3236155771181846164 ) ) ;
#1842 = ADVANCED_FACE ( 'NONE', ( #1898 ), #3876, .F. ) ;
#1843 = LINE ( 'NONE', #3140, #946 ) ;
#1844 = CARTESIAN_POINT ( 'NONE',  ( 4.050000000000000711, 2.549999999999999822, -11.49999999999999645 ) ) ;
#1845 = ORIENTED_EDGE ( 'NONE', *, *, #3462, .T. ) ;
#1846 = ADVANCED_FACE ( 'NONE', ( #2891 ), #3910, .F. ) ;
#1847 = CARTESIAN_POINT ( 'NONE',  ( 2.899999999999979039, 6.100000000000000533, -0.9309401076758579974 ) ) ;
#1848 = DIRECTION ( 'NONE',  ( -0.000000000000000000, 5.421010862427523403E-17, 1.000000000000000000 ) ) ;
#1849 = DIRECTION ( 'NONE',  ( 1.000000000000000000, 0.000000000000000000, 0.000000000000000000 ) ) ;
#1850 = LINE ( 'NONE', #3149, #2980 ) ;
#1851 = ORIENTED_EDGE ( 'NONE', *, *, #840, .T. ) ;
#1852 = ORIENTED_EDGE ( 'NONE', *, *, #3561, .F. ) ;
#1853 = VERTEX_POINT ( 'NONE', #1277 ) ;
#1854 = EDGE_CURVE ( 'NONE', #3307, #740, #679, .T. ) ;
#1855 = CARTESIAN_POINT ( 'NONE',  ( -2.179999999999997939, 2.774999999999997247, -5.380000000000021210 ) ) ;
#1856 = CARTESIAN_POINT ( 'NONE',  ( -2.179999999999997939, 0.000000000000000000, -5.999999999999982236 ) ) ;
#1857 = CARTESIAN_POINT ( 'NONE',  ( -0.3199999999999995626, 4.094999999999999751, -5.999999999999982236 ) ) ;
#1858 = ORIENTED_EDGE ( 'NONE', *, *, #3634, .F. ) ;
#1859 = ORIENTED_EDGE ( 'NONE', *, *, #2217, .T. ) ;
#1860 = DIRECTION ( 'NONE',  ( 0.8660254037844574704, 0.000000000000000000, -0.4999999999999673594 ) ) ;
#1861 = DIRECTION ( 'NONE',  ( -1.000000000000000000, 0.000000000000000000, 0.000000000000000000 ) ) ;
#1862 = LINE ( 'NONE', #1607, #3710 ) ;
#1863 = CARTESIAN_POINT ( 'NONE',  ( -2.179999999999997939, 3.454999999999999627, -9.400000000000000355 ) ) ;
#1864 = EDGE_LOOP ( 'NONE', ( #1081, #2268, #3257, #1875 ) ) ;
#1865 = DIRECTION ( 'NONE',  ( 1.000000000000000000, -0.000000000000000000, -0.000000000000000000 ) ) ;
#1866 = CARTESIAN_POINT ( 'NONE',  ( -2.669999999999999485, 3.604999999999999982, 3.299999999999982503 ) ) ;
#1867 = FACE_OUTER_BOUND ( 'NONE', #2818, .T. ) ;
#1868 = CARTESIAN_POINT ( 'NONE',  ( 3.000000000000009770, 5.275000000000011013, -7.347880794884133541E-16 ) ) ;
#1869 = EDGE_LOOP ( 'NONE', ( #3962, #1859, #3790, #1185 ) ) ;
#1870 = VERTEX_POINT ( 'NONE', #317 ) ;
#1871 = EDGE_CURVE ( 'NONE', #2468, #3945, #3218, .T. ) ;
#1872 = CARTESIAN_POINT ( 'NONE',  ( -2.179999999999997939, 2.774999999999997247, -5.380000000000020322 ) ) ;
#1873 = DIRECTION ( 'NONE',  ( 0.000000000000000000, -0.9276100592987797100, 0.3735499670562350549 ) ) ;
#1874 = CARTESIAN_POINT ( 'NONE',  ( -2.390378798518057124, 3.665378798518059700, 4.068252937072387887 ) ) ;
#1875 = ORIENTED_EDGE ( 'NONE', *, *, #1148, .F. ) ;
#1876 = ORIENTED_EDGE ( 'NONE', *, *, #378, .T. ) ;
#1877 = EDGE_CURVE ( 'NONE', #1919, #2175, #938, .T. ) ;
#1878 = VECTOR ( 'NONE', #3153, 1000.000000000000000 ) ;
#1879 = CARTESIAN_POINT ( 'NONE',  ( -2.329999999999997851, 3.945000000000000728, 3.299999999999982503 ) ) ;
#1880 = EDGE_CURVE ( 'NONE', #4059, #2509, #2637, .T. ) ;
#1881 = VECTOR ( 'NONE', #1827, 1000.000000000000000 ) ;
#1882 = VECTOR ( 'NONE', #2316, 1000.000000000000227 ) ;
#1883 = LINE ( 'NONE', #3186, #651 ) ;
#1884 = DIRECTION ( 'NONE',  ( 0.000000000000000000, 0.000000000000000000, -1.000000000000000000 ) ) ;
#1885 = DIRECTION ( 'NONE',  ( -1.000000000000000000, 0.000000000000000000, -0.000000000000000000 ) ) ;
#1886 = VECTOR ( 'NONE', #3955, 1000.000000000000000 ) ;
#1887 = AXIS2_PLACEMENT_3D ( 'NONE', #4045, #821, #2119 ) ;
#1888 = DIRECTION ( 'NONE',  ( 1.000000000000000000, 0.000000000000000000, 0.000000000000000000 ) ) ;
#1889 = AXIS2_PLACEMENT_3D ( 'NONE', #2113, #2746, #2725 ) ;
#1890 = VECTOR ( 'NONE', #3276, 1000.000000000000000 ) ;
#1891 = CARTESIAN_POINT ( 'NONE',  ( -1.750000000000001554, 6.100000000000000533, -6.999999999999982236 ) ) ;
#1892 = DIRECTION ( 'NONE',  ( 0.000000000000000000, 1.946735479746240487E-16, -1.000000000000000000 ) ) ;
#1893 =( NAMED_UNIT ( * ) PLANE_ANGLE_UNIT ( ) SI_UNIT ( $, .RADIAN. ) );
#1894 = DIRECTION ( 'NONE',  ( 0.000000000000000000, 0.000000000000000000, -1.000000000000000000 ) ) ;
#1895 = ORIENTED_EDGE ( 'NONE', *, *, #2892, .T. ) ;
#1896 = VERTEX_POINT ( 'NONE', #1016 ) ;
#1897 = AXIS2_PLACEMENT_3D ( 'NONE', #3459, #2884, #1268 ) ;
#1898 = FACE_OUTER_BOUND ( 'NONE', #1974, .T. ) ;
#1899 = DIRECTION ( 'NONE',  ( -0.000000000000000000, -0.000000000000000000, 1.000000000000000000 ) ) ;
#1900 = DIRECTION ( 'NONE',  ( 0.000000000000000000, 6.377659838149993194E-16, -1.000000000000000000 ) ) ;
#1901 = EDGE_CURVE ( 'NONE', #165, #1358, #3504, .T. ) ;
#1902 = DIRECTION ( 'NONE',  ( 0.000000000000000000, 0.000000000000000000, -1.000000000000000000 ) ) ;
#1903 = ORIENTED_EDGE ( 'NONE', *, *, #2958, .T. ) ;
#1904 = ORIENTED_EDGE ( 'NONE', *, *, #832, .F. ) ;
#1905 = EDGE_CURVE ( 'NONE', #1762, #1145, #959, .T. ) ;
#1906 = CARTESIAN_POINT ( 'NONE',  ( 4.950000000000000178, 0.000000000000000000, -6.999999999999964473 ) ) ;
#1907 = SHAPE_REPRESENTATION ( 'pin^SxB-XH-A ass_bent', ( #59 ), #2847 ) ;
#1908 = ADVANCED_FACE ( 'NONE', ( #1920 ), #4189, .T. ) ;
#1909 = EDGE_LOOP ( 'NONE', ( #3472, #2368, #431, #3433 ) ) ;
#1910 = FACE_OUTER_BOUND ( 'NONE', #2045, .T. ) ;
#1911 = DIRECTION ( 'NONE',  ( 0.000000000000000000, 0.3735499670562134611, -0.9276100592987884808 ) ) ;
#1912 = PRODUCT_CONTEXT ( 'NONE', #2178, 'mechanical' ) ;
#1913 = EDGE_CURVE ( 'NONE', #888, #1982, #1621, .T. ) ;
#1914 = DIRECTION ( 'NONE',  ( -1.000000000000000000, 0.000000000000000000, 0.000000000000000000 ) ) ;
#1915 = CARTESIAN_POINT ( 'NONE',  ( -4.950000000000000178, 5.275000000000011013, -2.400000000000010569 ) ) ;
#1916 = LINE ( 'NONE', #3232, #3792 ) ;
#1917 = DIRECTION ( 'NONE',  ( -1.000000000000000000, 0.000000000000000000, 0.000000000000000000 ) ) ;
#1918 = ORIENTED_EDGE ( 'NONE', *, *, #2813, .F. ) ;
#1919 = VERTEX_POINT ( 'NONE', #2597 ) ;
#1920 = FACE_OUTER_BOUND ( 'NONE', #1177, .T. ) ;
#1921 = CARTESIAN_POINT ( 'NONE',  ( -1.750000000000005107, 3.454999999999999627, -5.999999999999982236 ) ) ;
#1922 = CARTESIAN_POINT ( 'NONE',  ( -3.000000000000006217, 1.301022143997296432, 0.000000000000000000 ) ) ;
#1923 = LINE ( 'NONE', #3221, #1683 ) ;
#1924 = ORIENTED_EDGE ( 'NONE', *, *, #3886, .F. ) ;
#1925 = ORIENTED_EDGE ( 'NONE', *, *, #68, .F. ) ;
#1926 = LINE ( 'NONE', #2899, #2701 ) ;
#1927 = EDGE_CURVE ( 'NONE', #625, #1839, #2425, .T. ) ;
#1928 = CARTESIAN_POINT ( 'NONE',  ( -0.7500000000000028866, 0.000000000000000000, -6.999999999999982236 ) ) ;
#1929 = DIRECTION ( 'NONE',  ( 0.000000000000000000, 0.000000000000000000, 1.000000000000000000 ) ) ;
#1930 = PLANE ( 'NONE',  #2769 ) ;
#1931 = EDGE_CURVE ( 'NONE', #3020, #3931, #657, .T. ) ;
#1932 = FACE_OUTER_BOUND ( 'NONE', #2979, .T. ) ;
#1933 = CARTESIAN_POINT ( 'NONE',  ( -2.819999999999999396, 3.454999999999999627, -5.999999999999982236 ) ) ;
#1934 = CARTESIAN_POINT ( 'NONE',  ( -2.179999999999997939, -2.987878387081802423, -5.380000000000021210 ) ) ;
#1935 = CARTESIAN_POINT ( 'NONE',  ( 1.550000000000009592, 1.301022143997296432, -3.699999999999991740 ) ) ;
#1936 = ORIENTED_EDGE ( 'NONE', *, *, #334, .T. ) ;
#1937 = VERTEX_POINT ( 'NONE', #1045 ) ;
#1938 = DIRECTION ( 'NONE',  ( 1.000000000000000000, 0.000000000000000000, 0.000000000000000000 ) ) ;
#1939 = DIRECTION ( 'NONE',  ( 1.000000000000000000, -0.000000000000000000, 0.000000000000000000 ) ) ;
#1940 = CARTESIAN_POINT ( 'NONE',  ( 1.749999999999993783, 0.000000000000000000, -5.999999999999982236 ) ) ;
#1941 = LINE ( 'NONE', #3811, #2845 ) ;
#1942 = VERTEX_POINT ( 'NONE', #2670 ) ;
#1943 = ORIENTED_EDGE ( 'NONE', *, *, #3661, .T. ) ;
#1944 = DIRECTION ( 'NONE',  ( 3.469446951953614978E-15, 0.000000000000000000, -1.000000000000000000 ) ) ;
#1945 = CARTESIAN_POINT ( 'NONE',  ( -2.179999999999997939, -2.887878387081802778, -5.300000000000016698 ) ) ;
#1946 = PRODUCT_DEFINITION ( 'UNKNOWN', '', #1758, #3019 ) ;
#1947 = AXIS2_PLACEMENT_3D ( 'NONE', #2371, #2638, #758 ) ;
#1948 = CIRCLE ( 'NONE', #2011, 0.1000000000000028644 ) ;
#1949 = VECTOR ( 'NONE', #4180, 1000.000000000000000 ) ;
#1950 = PLANE ( 'NONE',  #1611 ) ;
#1951 = EDGE_CURVE ( 'NONE', #1282, #2675, #710, .T. ) ;
#1952 = LINE ( 'NONE', #336, #520 ) ;
#1953 = CARTESIAN_POINT ( 'NONE',  ( -4.049999999999998046, 0.4000000000000000222, -6.999999999999964473 ) ) ;
#1954 = EDGE_LOOP ( 'NONE', ( #189, #3756, #2242, #2618 ) ) ;
#1955 = AXIS2_PLACEMENT_3D ( 'NONE', #3444, #4168, #2465 ) ;
#1956 = EDGE_LOOP ( 'NONE', ( #466, #2515, #3318, #3039, #3426, #103 ) ) ;
#1957 = CARTESIAN_POINT ( 'NONE',  ( -2.179999999999997939, 2.774999999999997247, -5.380000000000021210 ) ) ;
#1958 = ADVANCED_FACE ( 'NONE', ( #2343 ), #2992, .T. ) ;
#1959 = DIRECTION ( 'NONE',  ( 1.000000000000000000, 0.000000000000000000, -1.070816960479510550E-15 ) ) ;
#1960 = PLANE ( 'NONE',  #3377 ) ;
#1961 = VECTOR ( 'NONE', #3531, 1000.000000000000000 ) ;
#1962 = DIRECTION ( 'NONE',  ( -0.000000000000000000, 2.843808977011159604E-15, 1.000000000000000000 ) ) ;
#1963 = ORIENTED_EDGE ( 'NONE', *, *, #303, .F. ) ;
#1964 = EDGE_LOOP ( 'NONE', ( #2528, #2914, #3662, #2209 ) ) ;
#1965 = AXIS2_PLACEMENT_3D ( 'NONE', #233, #3468, #878 ) ;
#1966 = AXIS2_PLACEMENT_3D ( 'NONE', #222, #2183, #3143 ) ;
#1967 = PRESENTATION_LAYER_ASSIGNMENT (  '', '', ( #197 ) ) ;
#1968 = MANIFOLD_SOLID_BREP ( 'LPattern1', #2681 ) ;
#1969 = DIRECTION ( 'NONE',  ( -1.000000000000000000, 0.000000000000000000, 0.000000000000000000 ) ) ;
#1970 = CARTESIAN_POINT ( 'NONE',  ( -4.950000000000000178, 4.275000000000021672, -3.100000000000001865 ) ) ;
#1971 = CARTESIAN_POINT ( 'NONE',  ( -4.950000000000000178, 4.575000000000019718, -2.400000000000010569 ) ) ;
#1972 = DIRECTION ( 'NONE',  ( -1.109489537070537155E-14, -0.000000000000000000, 1.000000000000000000 ) ) ;
#1973 = SURFACE_STYLE_USAGE ( .BOTH. , #675 ) ;
#1974 = EDGE_LOOP ( 'NONE', ( #439, #3137, #3465, #3094, #2395, #3938 ) ) ;
#1975 = VERTEX_POINT ( 'NONE', #3033 ) ;
#1976 = EDGE_CURVE ( 'NONE', #1772, #776, #413, .T. ) ;
#1977 = CARTESIAN_POINT ( 'NONE',  ( -2.179999999999997939, -2.887878387081802334, -6.020000000000020890 ) ) ;
#1978 = CARTESIAN_POINT ( 'NONE',  ( -2.819999999999999396, -2.987878387081805975, -5.380000000000022098 ) ) ;
#1979 = CARTESIAN_POINT ( 'NONE',  ( 0.000000000000000000, 3.604999999999999982, 3.299999999999982503 ) ) ;
#1980 = PLANE ( 'NONE',  #733 ) ;
#1981 = VERTEX_POINT ( 'NONE', #1388 ) ;
#1982 = VERTEX_POINT ( 'NONE', #2692 ) ;
#1983 = EDGE_CURVE ( 'NONE', #1454, #57, #2307, .T. ) ;
#1984 = DIRECTION ( 'NONE',  ( 0.000000000000000000, 3.285461128743944150E-16, -1.000000000000000000 ) ) ;
#1985 = DIRECTION ( 'NONE',  ( -0.000000000000000000, 1.000000000000000000, -0.000000000000000000 ) ) ;
#1986 = CARTESIAN_POINT ( 'NONE',  ( 4.950000000000000178, 5.275000000000011013, 1.925929944387235853E-31 ) ) ;
#1987 = DIRECTION ( 'NONE',  ( 0.000000000000000000, 0.3735499670562298369, -0.9276100592987818194 ) ) ;
#1988 = SHAPE_REPRESENTATION_RELATIONSHIP ( 'NONE' , 'NONE' ,  #455, #3341 ) ;
#1989 = ORIENTED_EDGE ( 'NONE', *, *, #4020, .T. ) ;
#1990 = EDGE_CURVE ( 'NONE', #3295, #2040, #1672, .T. ) ;
#1991 = VERTEX_POINT ( 'NONE', #4011 ) ;
#1992 = PLANE ( 'NONE',  #1817 ) ;
#1993 = CARTESIAN_POINT ( 'NONE',  ( -4.049999999999994493, 0.4000000000000000222, 0.000000000000000000 ) ) ;
#1994 = DIRECTION ( 'NONE',  ( -1.109489537070536997E-14, 0.000000000000000000, 1.000000000000000000 ) ) ;
#1995 = ADVANCED_FACE ( 'NONE', ( #3010 ), #1992, .T. ) ;
#1996 = CARTESIAN_POINT ( 'NONE',  ( 2.849999999999991207, 1.301022143997296432, -0.7866025403784344672 ) ) ;
#1997 = ORIENTED_EDGE ( 'NONE', *, *, #2156, .T. ) ;
#1998 = ORIENTED_EDGE ( 'NONE', *, *, #3857, .T. ) ;
#1999 = MANIFOLD_SOLID_BREP ( 'Chamfer1', #3974 ) ;
#2000 = DIRECTION ( 'NONE',  ( -0.000000000000000000, 1.000000000000000000, -0.000000000000000000 ) ) ;
#2001 = EDGE_CURVE ( 'NONE', #1975, #638, #2786, .T. ) ;
#2002 = EDGE_CURVE ( 'NONE', #1719, #2304, #1948, .T. ) ;
#2003 = DIRECTION ( 'NONE',  ( 0.000000000000000000, -1.000000000000000000, 0.000000000000000000 ) ) ;
#2004 = CARTESIAN_POINT ( 'NONE',  ( -2.899999999999979039, 5.275000000000011013, -0.9309401076758572202 ) ) ;
#2005 = CARTESIAN_POINT ( 'NONE',  ( -2.179999999999997939, -2.857994389717300798, -5.374208804743921597 ) ) ;
#2006 = CARTESIAN_POINT ( 'NONE',  ( -2.179999999999997939, 4.094999999999999751, -4.700000000000017053 ) ) ;
#2007 = VECTOR ( 'NONE', #2000, 1000.000000000000000 ) ;
#2008 = DIRECTION ( 'NONE',  ( 0.000000000000000000, 0.000000000000000000, 1.000000000000000000 ) ) ;
#2009 = ORIENTED_EDGE ( 'NONE', *, *, #3929, .F. ) ;
#2010 = ORIENTED_EDGE ( 'NONE', *, *, #1830, .F. ) ;
#2011 = AXIS2_PLACEMENT_3D ( 'NONE', #1092, #3399, #2121 ) ;
#2012 = SURFACE_STYLE_USAGE ( .BOTH. , #1437 ) ;
#2013 = DIRECTION ( 'NONE',  ( -0.000000000000000000, 1.000000000000000000, -0.000000000000000000 ) ) ;
#2014 = LINE ( 'NONE', #3649, #1471 ) ;
#2015 = PLANE ( 'NONE',  #1479 ) ;
#2016 = ORIENTED_EDGE ( 'NONE', *, *, #1951, .T. ) ;
#2017 = ORIENTED_EDGE ( 'NONE', *, *, #3070, .T. ) ;
#2018 = VECTOR ( 'NONE', #454, 1000.000000000000000 ) ;
#2019 = VECTOR ( 'NONE', #916, 1000.000000000000000 ) ;
#2020 = AXIS2_PLACEMENT_3D ( 'NONE', #3964, #1354, #60 ) ;
#2021 = EDGE_CURVE ( 'NONE', #2110, #2311, #2758, .T. ) ;
#2022 = FACE_OUTER_BOUND ( 'NONE', #3932, .T. ) ;
#2023 = LINE ( 'NONE', #3068, #3860 ) ;
#2024 = AXIS2_PLACEMENT_3D ( 'NONE', #4097, #248, #910 ) ;
#2025 = EDGE_CURVE ( 'NONE', #1090, #3059, #206, .T. ) ;
#2026 = AXIS2_PLACEMENT_3D ( 'NONE', #294, #2888, #956 ) ;
#2027 = CARTESIAN_POINT ( 'NONE',  ( 1.749999999999993783, 6.100000000000000533, -5.999999999999982236 ) ) ;
#2028 = AXIS2_PLACEMENT_3D ( 'NONE', #4163, #1294, #14 ) ;
#2029 = EDGE_CURVE ( 'NONE', #1373, #2602, #3854, .T. ) ;
#2030 = ORIENTED_EDGE ( 'NONE', *, *, #2749, .F. ) ;
#2031 = CARTESIAN_POINT ( 'NONE',  ( -3.250000000000002665, 6.100000000000000533, -6.999999999999982236 ) ) ;
#2032 = LINE ( 'NONE', #28, #1882 ) ;
#2033 = DIRECTION ( 'NONE',  ( 0.000000000000000000, -0.3420201433256686574, -0.9396926207859084279 ) ) ;
#2034 = ORIENTED_EDGE ( 'NONE', *, *, #2475, .T. ) ;
#2035 = ORIENTED_EDGE ( 'NONE', *, *, #2285, .F. ) ;
#2036 =( LENGTH_UNIT ( ) NAMED_UNIT ( * ) SI_UNIT ( .MILLI., .METRE. ) );
#2037 = DIRECTION ( 'NONE',  ( -0.000000000000000000, 1.000000000000000000, -0.000000000000000000 ) ) ;
#2038 = DIRECTION ( 'NONE',  ( 0.000000000000000000, 1.000000000000000000, 0.000000000000000000 ) ) ;
#2039 = DIRECTION ( 'NONE',  ( 0.000000000000000000, -0.000000000000000000, 1.000000000000000000 ) ) ;
#2040 = VERTEX_POINT ( 'NONE', #3164 ) ;
#2041 = ORIENTED_EDGE ( 'NONE', *, *, #4054, .F. ) ;
#2042 = LINE ( 'NONE', #1186, #3170 ) ;
#2043 = CARTESIAN_POINT ( 'NONE',  ( 0.3200000000000021161, 3.454999999999999627, -9.400000000000000355 ) ) ;
#2044 = UNCERTAINTY_MEASURE_WITH_UNIT (LENGTH_MEASURE( 1.000000000000000082E-05 ), #2318, 'distance_accuracy_value', 'NONE');
#2045 = EDGE_LOOP ( 'NONE', ( #3827, #1421, #1563, #1352 ) ) ;
#2046 = EDGE_CURVE ( 'NONE', #125, #2602, #1782, .T. ) ;
#2047 = CARTESIAN_POINT ( 'NONE',  ( 3.249999999999995115, 3.454999999999999627, -5.999999999999982236 ) ) ;
#2048 = ADVANCED_FACE ( 'NONE', ( #4053 ), #567, .T. ) ;
#2049 = ORIENTED_EDGE ( 'NONE', *, *, #2669, .F. ) ;
#2050 = CARTESIAN_POINT ( 'NONE',  ( -2.179999999999997939, -2.987878387081805975, -5.380000000000022098 ) ) ;
#2051 = DIRECTION ( 'NONE',  ( 0.000000000000000000, -1.000000000000000000, 0.000000000000000000 ) ) ;
#2052 = CARTESIAN_POINT ( 'NONE',  ( 2.180000000000000604, 0.000000000000000000, -5.999999999999982236 ) ) ;
#2053 = ADVANCED_FACE ( 'NONE', ( #547 ), #3713, .T. ) ;
#2054 = PRESENTATION_STYLE_ASSIGNMENT (( #753 ) ) ;
#2055 = VERTEX_POINT ( 'NONE', #2410 ) ;
#2056 = VERTEX_POINT ( 'NONE', #1456 ) ;
#2057 =( NAMED_UNIT ( * ) SI_UNIT ( $, .STERADIAN. ) SOLID_ANGLE_UNIT ( ) );
#2058 = LINE ( 'NONE', #1763, #1540 ) ;
#2059 = PLANE ( 'NONE',  #2291 ) ;
#2060 = ADVANCED_FACE ( 'NONE', ( #1140 ), #483, .F. ) ;
#2061 = LINE ( 'NONE', #3740, #1006 ) ;
#2062 = ORIENTED_EDGE ( 'NONE', *, *, #2285, .T. ) ;
#2063 = EDGE_LOOP ( 'NONE', ( #864, #190, #1723, #3529 ) ) ;
#2064 = CARTESIAN_POINT ( 'NONE',  ( -3.000000000000002665, 6.100000000000000533, -2.999999999999988898 ) ) ;
#2065 = CARTESIAN_POINT ( 'NONE',  ( 0.000000000000000000, -3.400000000000000355, -1.925000000000022471 ) ) ;
#2066 = ORIENTED_EDGE ( 'NONE', *, *, #150, .F. ) ;
#2067 = CARTESIAN_POINT ( 'NONE',  ( 0.7499999999999950040, 0.000000000000000000, -5.999999999999982236 ) ) ;
#2068 = EDGE_LOOP ( 'NONE', ( #1464, #3741, #2825, #3681 ) ) ;
#2069 = EDGE_CURVE ( 'NONE', #1237, #644, #2848, .T. ) ;
#2070 = DIRECTION ( 'NONE',  ( 0.000000000000000000, -1.946735479746240487E-16, 1.000000000000000000 ) ) ;
#2071 = CARTESIAN_POINT ( 'NONE',  ( -2.179999999999997939, -3.399999999999999467, -5.380000000000022098 ) ) ;
#2072 = LINE ( 'NONE', #3618, #605 ) ;
#2073 = ORIENTED_EDGE ( 'NONE', *, *, #3593, .F. ) ;
#2074 = VERTEX_POINT ( 'NONE', #3416 ) ;
#2075 = EDGE_CURVE ( 'NONE', #3371, #762, #502, .T. ) ;
#2076 = VECTOR ( 'NONE', #2212, 1000.000000000000000 ) ;
#2077 = CARTESIAN_POINT ( 'NONE',  ( 2.899999999999979039, 5.275000000000011013, -0.4690598923241186546 ) ) ;
#2078 = FACE_OUTER_BOUND ( 'NONE', #539, .T. ) ;
#2079 = CARTESIAN_POINT ( 'NONE',  ( -3.000000000000002665, 5.275000000000011013, -0.9309401076758572202 ) ) ;
#2080 = ORIENTED_EDGE ( 'NONE', *, *, #747, .F. ) ;
#2081 = ORIENTED_EDGE ( 'NONE', *, *, #1017, .T. ) ;
#2082 = VECTOR ( 'NONE', #4024, 1000.000000000000000 ) ;
#2083 = VECTOR ( 'NONE', #3479, 1000.000000000000000 ) ;
#2084 = EDGE_CURVE ( 'NONE', #900, #1190, #4116, .T. ) ;
#2085 = VECTOR ( 'NONE', #2223, 1000.000000000000000 ) ;
#2086 = CARTESIAN_POINT ( 'NONE',  ( 4.050000000000000711, 2.549999999999999822, -11.49999999999999645 ) ) ;
#2087 = LINE ( 'NONE', #3386, #4199 ) ;
#2088 = AXIS2_PLACEMENT_3D ( 'NONE', #3804, #634, #568 ) ;
#2089 = EDGE_LOOP ( 'NONE', ( #1318, #2857, #1029, #1858, #2660, #1414, #4100, #1050, #3357, #3939, #56, #1644, #3157, #2369, #4066, #1925, #1775, #3482, #4085, #3458, #3344, #2062, #1791, #2476, #663, #2727, #31, #3686, #1700, #3131 ) ) ;
#2090 = VECTOR ( 'NONE', #1032, 1000.000000000000000 ) ;
#2091 = VECTOR ( 'NONE', #564, 1000.000000000000114 ) ;
#2092 = ORIENTED_EDGE ( 'NONE', *, *, #1102, .T. ) ;
#2093 = VECTOR ( 'NONE', #3779, 1000.000000000000000 ) ;
#2094 = DIRECTION ( 'NONE',  ( 0.000000000000000000, 0.000000000000000000, 1.000000000000000000 ) ) ;
#2095 = VECTOR ( 'NONE', #3834, 1000.000000000000000 ) ;
#2096 = CIRCLE ( 'NONE', #54, 0.08000000000000397071 ) ;
#2097 = ORIENTED_EDGE ( 'NONE', *, *, #2943, .F. ) ;
#2098 = DIRECTION ( 'NONE',  ( -1.000000000000000000, 0.000000000000000000, 0.000000000000000000 ) ) ;
#2099 = DIRECTION ( 'NONE',  ( 0.000000000000000000, 0.000000000000000000, 1.000000000000000000 ) ) ;
#2100 =( GEOMETRIC_REPRESENTATION_CONTEXT ( 3 ) GLOBAL_UNCERTAINTY_ASSIGNED_CONTEXT ( ( #2512 ) ) GLOBAL_UNIT_ASSIGNED_CONTEXT ( ( #3329, #4049, #2783 ) ) REPRESENTATION_CONTEXT ( 'NONE', 'WORKASPACE' ) );
#2101 = PLANE ( 'NONE',  #3863 ) ;
#2102 = VECTOR ( 'NONE', #2855, 1000.000000000000000 ) ;
#2103 = ORIENTED_EDGE ( 'NONE', *, *, #702, .T. ) ;
#2104 = ORIENTED_EDGE ( 'NONE', *, *, #40, .F. ) ;
#2105 = DIRECTION ( 'NONE',  ( -1.000000000000000000, 0.000000000000000000, 0.000000000000000000 ) ) ;
#2106 = CARTESIAN_POINT ( 'NONE',  ( -2.179999999999997939, -2.256834363362278051, -5.132120757304893921 ) ) ;
#2107 = DIRECTION ( 'NONE',  ( 0.000000000000000000, -0.3735499670562300034, 0.9276100592987818194 ) ) ;
#2108 = DIRECTION ( 'NONE',  ( 0.000000000000000000, 0.000000000000000000, -1.000000000000000000 ) ) ;
#2109 = ORIENTED_EDGE ( 'NONE', *, *, #1167, .F. ) ;
#2110 = VERTEX_POINT ( 'NONE', #1204 ) ;
#2111 = EDGE_CURVE ( 'NONE', #1044, #2197, #3777, .T. ) ;
#2112 = CARTESIAN_POINT ( 'NONE',  ( -2.819999999999999396, -2.987878387081805975, -6.020000000000021778 ) ) ;
#2113 = CARTESIAN_POINT ( 'NONE',  ( 2.899999999999992806, 1.301022143997296432, -0.6999999999999884093 ) ) ;
#2114 = ORIENTED_EDGE ( 'NONE', *, *, #3654, .T. ) ;
#2115 = EDGE_CURVE ( 'NONE', #1485, #3766, #2139, .T. ) ;
#2116 = DIRECTION ( 'NONE',  ( -0.3236155771181845053, -0.8891264907159884823, -0.3236155771181846164 ) ) ;
#2117 = ORIENTED_EDGE ( 'NONE', *, *, #2808, .F. ) ;
#2118 = LINE ( 'NONE', #3732, #2082 ) ;
#2119 = DIRECTION ( 'NONE',  ( 0.000000000000000000, 0.3735499670562430485, 0.9276100592987764903 ) ) ;
#2120 = ORIENTED_EDGE ( 'NONE', *, *, #1423, .T. ) ;
#2121 = DIRECTION ( 'NONE',  ( 0.000000000000000000, 0.000000000000000000, -1.000000000000000000 ) ) ;
#2122 = EDGE_CURVE ( 'NONE', #3952, #3500, #246, .T. ) ;
#2123 = LINE ( 'NONE', #184, #1267 ) ;
#2124 = DIRECTION ( 'NONE',  ( 0.000000000000000000, -1.000000000000000000, 0.000000000000000000 ) ) ;
#2125 = LINE ( 'NONE', #2079, #4067 ) ;
#2126 = ORIENTED_EDGE ( 'NONE', *, *, #985, .T. ) ;
#2127 = ORIENTED_EDGE ( 'NONE', *, *, #1679, .T. ) ;
#2128 = DIRECTION ( 'NONE',  ( -1.000000000000000000, 0.000000000000000000, 0.000000000000000000 ) ) ;
#2129 = FACE_OUTER_BOUND ( 'NONE', #2791, .T. ) ;
#2130 = ORIENTED_EDGE ( 'NONE', *, *, #907, .T. ) ;
#2131 = ORIENTED_EDGE ( 'NONE', *, *, #2605, .T. ) ;
#2132 = ADVANCED_FACE ( 'NONE', ( #867 ), #3126, .T. ) ;
#2133 = CARTESIAN_POINT ( 'NONE',  ( -2.899999999999979039, 1.301022143997296432, -0.9309401076758572202 ) ) ;
#2134 = ADVANCED_FACE ( 'NONE', ( #1180 ), #2166, .T. ) ;
#2135 = ORIENTED_EDGE ( 'NONE', *, *, #523, .F. ) ;
#2136 = DIRECTION ( 'NONE',  ( 0.000000000000000000, 0.000000000000000000, -1.000000000000000000 ) ) ;
#2137 = CARTESIAN_POINT ( 'NONE',  ( -1.550000000000009592, 6.100000000000000533, -3.699999999999991296 ) ) ;
#2138 = EDGE_LOOP ( 'NONE', ( #2388, #3365, #2722, #3336, #2081, #65, #3537 ) ) ;
#2139 = LINE ( 'NONE', #889, #2152 ) ;
#2140 = LINE ( 'NONE', #3758, #3375 ) ;
#2141 = FACE_OUTER_BOUND ( 'NONE', #3028, .T. ) ;
#2142 = FACE_BOUND ( 'NONE', #1064, .T. ) ;
#2143 = ORIENTED_EDGE ( 'NONE', *, *, #935, .T. ) ;
#2144 = ORIENTED_EDGE ( 'NONE', *, *, #3152, .T. ) ;
#2145 = VECTOR ( 'NONE', #3865, 1000.000000000000000 ) ;
#2146 = CARTESIAN_POINT ( 'NONE',  ( -2.819999999999999396, 4.094999999999999751, 2.887878387081791232 ) ) ;
#2147 = PLANE ( 'NONE',  #3515 ) ;
#2148 = ORIENTED_EDGE ( 'NONE', *, *, #601, .F. ) ;
#2149 = ORIENTED_EDGE ( 'NONE', *, *, #8, .F. ) ;
#2150 = AXIS2_PLACEMENT_3D ( 'NONE', #1696, #1018, #3313 ) ;
#2151 = ADVANCED_FACE ( 'NONE', ( #1569 ), #1649, .F. ) ;
#2152 = VECTOR ( 'NONE', #1865, 1000.000000000000000 ) ;
#2153 = VECTOR ( 'NONE', #435, 1000.000000000000227 ) ;
#2154 = DIRECTION ( 'NONE',  ( 1.000000000000000000, 0.000000000000000000, 0.000000000000000000 ) ) ;
#2155 = AXIS2_PLACEMENT_3D ( 'NONE', #404, #4003, #3002 ) ;
#2156 = EDGE_CURVE ( 'NONE', #3223, #3812, #2569, .T. ) ;
#2157 = CIRCLE ( 'NONE', #2838, 0.7199999999999964206 ) ;
#2158 = AXIS2_PLACEMENT_3D ( 'NONE', #2400, #1752, #4021 ) ;
#2159 = LINE ( 'NONE', #3453, #1605 ) ;
#2160 = CARTESIAN_POINT ( 'NONE',  ( -3.000000000000001776, 6.100000000000000533, -0.4690598923241184881 ) ) ;
#2161 = CARTESIAN_POINT ( 'NONE',  ( 0.3200000000000021161, 4.094999999999999751, -4.700000000000000178 ) ) ;
#2162 = AXIS2_PLACEMENT_3D ( 'NONE', #4078, #2168, #2525 ) ;
#2163 = ORIENTED_EDGE ( 'NONE', *, *, #2181, .T. ) ;
#2164 = ADVANCED_FACE ( 'NONE', ( #4142 ), #1950, .T. ) ;
#2165 = VECTOR ( 'NONE', #2108, 1000.000000000000000 ) ;
#2166 = PLANE ( 'NONE',  #1897 ) ;
#2167 = CARTESIAN_POINT ( 'NONE',  ( -2.179999999999997939, -2.987878387081805975, -6.020000000000021778 ) ) ;
#2168 = DIRECTION ( 'NONE',  ( -1.000000000000000000, -0.000000000000000000, -0.000000000000000000 ) ) ;
#2169 = LINE ( 'NONE', #3167, #3795 ) ;
#2170 = ORIENTED_EDGE ( 'NONE', *, *, #2029, .T. ) ;
#2171 = ORIENTED_EDGE ( 'NONE', *, *, #702, .F. ) ;
#2172 = FACE_OUTER_BOUND ( 'NONE', #339, .T. ) ;
#2173 = DIRECTION ( 'NONE',  ( -1.000000000000000000, 0.000000000000000000, 0.000000000000000000 ) ) ;
#2174 = CARTESIAN_POINT ( 'NONE',  ( -2.669999999999999485, 4.336808689942017736E-16, 3.299999999999982503 ) ) ;
#2175 = VERTEX_POINT ( 'NONE', #3191 ) ;
#2176 = ORIENTED_EDGE ( 'NONE', *, *, #7, .T. ) ;
#2177 = DIRECTION ( 'NONE',  ( 1.000000000000000000, -0.000000000000000000, 0.000000000000000000 ) ) ;
#2178 = APPLICATION_CONTEXT ( 'automotive_design' ) ;
#2179 = EDGE_LOOP ( 'NONE', ( #1845, #144, #2131, #1493, #3111, #3687, #314 ) ) ;
#2180 = CARTESIAN_POINT ( 'NONE',  ( 1.550000000000009592, 5.275000000000011013, -3.699999999999991740 ) ) ;
#2181 = EDGE_CURVE ( 'NONE', #2997, #4035, #3869, .T. ) ;
#2182 = LINE ( 'NONE', #2541, #2091 ) ;
#2183 = DIRECTION ( 'NONE',  ( 0.000000000000000000, 0.000000000000000000, 1.000000000000000000 ) ) ;
#2184 = ORIENTED_EDGE ( 'NONE', *, *, #1830, .T. ) ;
#2185 = CARTESIAN_POINT ( 'NONE',  ( -2.819999999999999396, 3.454999999999999627, -4.700000000000000178 ) ) ;
#2186 = EDGE_CURVE ( 'NONE', #1602, #3652, #861, .T. ) ;
#2187 = DIRECTION ( 'NONE',  ( -0.000000000000000000, 1.000000000000000000, -0.000000000000000000 ) ) ;
#2188 = CARTESIAN_POINT ( 'NONE',  ( 1.550000000000009592, 6.100000000000000533, -3.699999999999991740 ) ) ;
#2189 = CARTESIAN_POINT ( 'NONE',  ( -4.950000000000000178, 0.000000000000000000, 0.000000000000000000 ) ) ;
#2190 = ORIENTED_EDGE ( 'NONE', *, *, #3847, .F. ) ;
#2191 = VERTEX_POINT ( 'NONE', #350 ) ;
#2192 = ORIENTED_EDGE ( 'NONE', *, *, #2329, .T. ) ;
#2193 = ADVANCED_FACE ( 'NONE', ( #11 ), #986, .F. ) ;
#2194 = DIRECTION ( 'NONE',  ( -0.000000000000000000, -0.000000000000000000, 1.000000000000000000 ) ) ;
#2195 = LINE ( 'NONE', #2485, #2019 ) ;
#2196 = CARTESIAN_POINT ( 'NONE',  ( 3.249999999999995115, 6.100000000000000533, -5.999999999999982236 ) ) ;
#2197 = VERTEX_POINT ( 'NONE', #2523 ) ;
#2198 = ORIENTED_EDGE ( 'NONE', *, *, #3080, .T. ) ;
#2199 = CARTESIAN_POINT ( 'NONE',  ( -1.750000000000025757, 0.4000000000000000222, -6.071532165918915549E-15 ) ) ;
#2200 = DIRECTION ( 'NONE',  ( 1.000000000000000000, 0.000000000000000000, -0.000000000000000000 ) ) ;
#2201 = DIRECTION ( 'NONE',  ( -3.469446951953614978E-15, 0.000000000000000000, 1.000000000000000000 ) ) ;
#2202 = VERTEX_POINT ( 'NONE', #4179 ) ;
#2203 = CARTESIAN_POINT ( 'NONE',  ( 2.949999999999994404, 6.100000000000000533, -0.8443375672973930657 ) ) ;
#2204 = EDGE_CURVE ( 'NONE', #1627, #1240, #3888, .T. ) ;
#2205 = DIRECTION ( 'NONE',  ( 1.000000000000000000, 0.000000000000000000, 3.469446951953614978E-15 ) ) ;
#2206 = CARTESIAN_POINT ( 'NONE',  ( -1.750000000000001554, 0.000000000000000000, -6.999999999999982236 ) ) ;
#2207 = CARTESIAN_POINT ( 'NONE',  ( -2.819999999999999396, -2.987878387081805975, -5.380000000000022098 ) ) ;
#2208 = PLANE ( 'NONE',  #2434 ) ;
#2209 = ORIENTED_EDGE ( 'NONE', *, *, #966, .F. ) ;
#2210 = ORIENTED_EDGE ( 'NONE', *, *, #3722, .F. ) ;
#2211 = EDGE_CURVE ( 'NONE', #1603, #1669, #3496, .T. ) ;
#2212 = DIRECTION ( 'NONE',  ( -3.469446951953614189E-15, -0.000000000000000000, 1.000000000000000000 ) ) ;
#2213 = CARTESIAN_POINT ( 'NONE',  ( -0.7500000000000028866, 0.3999999999999999112, -6.999999999999982236 ) ) ;
#2214 = CARTESIAN_POINT ( 'NONE',  ( -2.179999999999997939, -1.987878387081805975, -5.800000000000017586 ) ) ;
#2215 = ORIENTED_EDGE ( 'NONE', *, *, #267, .F. ) ;
#2216 = ORIENTED_EDGE ( 'NONE', *, *, #1704, .T. ) ;
#2217 = EDGE_CURVE ( 'NONE', #481, #3836, #3821, .T. ) ;
#2218 = AXIS2_PLACEMENT_3D ( 'NONE', #3911, #3623, #414 ) ;
#2219 = CARTESIAN_POINT ( 'NONE',  ( -4.099999999999999645, 4.575000000000019718, -2.400000000000010569 ) ) ;
#2220 = VECTOR ( 'NONE', #3983, 1000.000000000000000 ) ;
#2221 = VECTOR ( 'NONE', #3943, 1000.000000000000227 ) ;
#2222 = VERTEX_POINT ( 'NONE', #1891 ) ;
#2223 = DIRECTION ( 'NONE',  ( 0.000000000000000000, -1.000000000000000000, 0.000000000000000000 ) ) ;
#2224 = LINE ( 'NONE', #4091, #2225 ) ;
#2225 = VECTOR ( 'NONE', #2819, 1000.000000000000000 ) ;
#2226 = VECTOR ( 'NONE', #3261, 1000.000000000000000 ) ;
#2227 = DIRECTION ( 'NONE',  ( 1.000000000000000000, 0.000000000000000000, 0.000000000000000000 ) ) ;
#2228 = CARTESIAN_POINT ( 'NONE',  ( -2.743148179717697310, 3.531851820282304377, 4.435115294663137142 ) ) ;
#2229 = VECTOR ( 'NONE', #2554, 1000.000000000000000 ) ;
#2230 = PLANE ( 'NONE',  #3721 ) ;
#2231 = DIRECTION ( 'NONE',  ( 0.000000000000000000, 0.000000000000000000, 1.000000000000000000 ) ) ;
#2232 = VERTEX_POINT ( 'NONE', #3212 ) ;
#2233 = ORIENTED_EDGE ( 'NONE', *, *, #2841, .T. ) ;
#2234 = VECTOR ( 'NONE', #1196, 1000.000000000000000 ) ;
#2235 = CARTESIAN_POINT ( 'NONE',  ( -2.819999999999999396, 2.774999999999997247, -6.020000000000020890 ) ) ;
#2236 = CARTESIAN_POINT ( 'NONE',  ( -2.179999999999997939, -1.117762384446300938, -5.374208804743923373 ) ) ;
#2237 = CARTESIAN_POINT ( 'NONE',  ( -2.179999999999997939, -1.356834363362291240, -5.967879242695142139 ) ) ;
#2238 = EDGE_CURVE ( 'NONE', #104, #1380, #3546, .T. ) ;
#2239 = CARTESIAN_POINT ( 'NONE',  ( -2.949999999999988187, 6.100000000000000533, -0.5556624327025834198 ) ) ;
#2240 = ORIENTED_EDGE ( 'NONE', *, *, #2475, .F. ) ;
#2241 = AXIS2_PLACEMENT_3D ( 'NONE', #3707, #3666, #3057 ) ;
#2242 = ORIENTED_EDGE ( 'NONE', *, *, #1575, .F. ) ;
#2243 = EDGE_CURVE ( 'NONE', #1197, #900, #1633, .T. ) ;
#2244 = CARTESIAN_POINT ( 'NONE',  ( 4.950000000000000178, 4.275000000000021672, -1.224646799147336937E-16 ) ) ;
#2245 = DIRECTION ( 'NONE',  ( 1.000000000000000000, 0.000000000000000000, -1.479319382760722413E-14 ) ) ;
#2246 = LINE ( 'NONE', #3187, #44 ) ;
#2247 = FACE_OUTER_BOUND ( 'NONE', #3421, .T. ) ;
#2248 = DIRECTION ( 'NONE',  ( -1.000000000000000000, -0.000000000000000000, -0.000000000000000000 ) ) ;
#2249 = DIRECTION ( 'NONE',  ( -0.000000000000000000, -0.000000000000000000, -1.000000000000000000 ) ) ;
#2250 = FACE_OUTER_BOUND ( 'NONE', #3807, .T. ) ;
#2251 = ORIENTED_EDGE ( 'NONE', *, *, #2728, .F. ) ;
#2252 = ORIENTED_EDGE ( 'NONE', *, *, #2600, .T. ) ;
#2253 = CARTESIAN_POINT ( 'NONE',  ( 4.099999999999999645, 4.275000000000021672, -4.700000000000000178 ) ) ;
#2254 = CARTESIAN_POINT ( 'NONE',  ( -4.050000000000000711, 0.000000000000000000, -6.999999999999964473 ) ) ;
#2255 = LINE ( 'NONE', #1315, #185 ) ;
#2256 = PLANE ( 'NONE',  #1965 ) ;
#2257 = ORIENTED_EDGE ( 'NONE', *, *, #4133, .T. ) ;
#2258 = ORIENTED_EDGE ( 'NONE', *, *, #238, .F. ) ;
#2259 = ADVANCED_FACE ( 'NONE', ( #273 ), #1308, .T. ) ;
#2260 = LINE ( 'NONE', #701, #2007 ) ;
#2261 = CARTESIAN_POINT ( 'NONE',  ( 4.050000000000000711, 0.000000000000000000, 0.000000000000000000 ) ) ;
#2262 = LINE ( 'NONE', #1362, #3981 ) ;
#2263 = ADVANCED_FACE ( 'NONE', ( #1932 ), #2608, .T. ) ;
#2264 = CARTESIAN_POINT ( 'NONE',  ( 4.099999999999999645, 5.275000000000011013, 0.000000000000000000 ) ) ;
#2265 = PLANE ( 'NONE',  #109 ) ;
#2266 = CARTESIAN_POINT ( 'NONE',  ( -2.329999999999997851, -3.399999999999999467, -5.530000000000021565 ) ) ;
#2267 = PRESENTATION_STYLE_ASSIGNMENT (( #1973 ) ) ;
#2268 = ORIENTED_EDGE ( 'NONE', *, *, #840, .F. ) ;
#2269 = ORIENTED_EDGE ( 'NONE', *, *, #514, .F. ) ;
#2270 = DIRECTION ( 'NONE',  ( 0.000000000000000000, 1.000000000000000000, 0.000000000000000000 ) ) ;
#2271 = CARTESIAN_POINT ( 'NONE',  ( -2.299999999999999822, 5.275000000000011013, -3.699999999999991296 ) ) ;
#2272 = LINE ( 'NONE', #2639, #3113 ) ;
#2273 = DIRECTION ( 'NONE',  ( 0.000000000000000000, 1.000000000000000000, 0.000000000000000000 ) ) ;
#2274 = ORIENTED_EDGE ( 'NONE', *, *, #3975, .T. ) ;
#2275 = VERTEX_POINT ( 'NONE', #615 ) ;
#2276 = EDGE_CURVE ( 'NONE', #740, #776, #292, .T. ) ;
#2277 = DIRECTION ( 'NONE',  ( -0.000000000000000000, -0.000000000000000000, 1.000000000000000000 ) ) ;
#2278 = EDGE_CURVE ( 'NONE', #1377, #1767, #2908, .T. ) ;
#2279 = AXIS2_PLACEMENT_3D ( 'NONE', #784, #3695, #1835 ) ;
#2280 = AXIS2_PLACEMENT_3D ( 'NONE', #904, #1537, #2201 ) ;
#2281 = CIRCLE ( 'NONE', #3106, 0.1000000000000241668 ) ;
#2282 = CARTESIAN_POINT ( 'NONE',  ( 0.000000000000000000, 3.604999999999999982, 3.299999999999982503 ) ) ;
#2283 = CARTESIAN_POINT ( 'NONE',  ( -2.819999999999999396, -3.399999999999999467, -5.380000000000022098 ) ) ;
#2284 = PLANE ( 'NONE',  #3384 ) ;
#2285 = EDGE_CURVE ( 'NONE', #5, #1134, #2364, .T. ) ;
#2286 = CARTESIAN_POINT ( 'NONE',  ( -2.179999999999997939, -2.987878387081802423, -6.020000000000020890 ) ) ;
#2287 = ORIENTED_EDGE ( 'NONE', *, *, #3242, .T. ) ;
#2288 = VECTOR ( 'NONE', #3571, 1000.000000000000000 ) ;
#2289 = VERTEX_POINT ( 'NONE', #704 ) ;
#2290 = VECTOR ( 'NONE', #1538, 1000.000000000000000 ) ;
#2291 = AXIS2_PLACEMENT_3D ( 'NONE', #809, #2107, #1736 ) ;
#2292 = LINE ( 'NONE', #2874, #1407 ) ;
#2293 = DIRECTION ( 'NONE',  ( -0.3236155771181846164, 0.8891264907159884823, -0.3236155771181846164 ) ) ;
#2294 = LINE ( 'NONE', #1656, #1543 ) ;
#2295 = VECTOR ( 'NONE', #920, 1000.000000000000000 ) ;
#2296 = DIRECTION ( 'NONE',  ( 0.000000000000000000, 0.000000000000000000, -1.000000000000000000 ) ) ;
#2297 = ORIENTED_EDGE ( 'NONE', *, *, #26, .T. ) ;
#2298 = VERTEX_POINT ( 'NONE', #1323 ) ;
#2299 = AXIS2_PLACEMENT_3D ( 'NONE', #97, #2347, #78 ) ;
#2300 = LINE ( 'NONE', #1290, #1339 ) ;
#2301 = EDGE_CURVE ( 'NONE', #2275, #786, #2776, .T. ) ;
#2302 = PLANE ( 'NONE',  #3245 ) ;
#2303 = FACE_OUTER_BOUND ( 'NONE', #1658, .T. ) ;
#2304 = VERTEX_POINT ( 'NONE', #3326 ) ;
#2305 = ORIENTED_EDGE ( 'NONE', *, *, #1619, .F. ) ;
#2306 = EDGE_CURVE ( 'NONE', #3420, #2801, #3682, .T. ) ;
#2307 = LINE ( 'NONE', #396, #2568 ) ;
#2308 = CARTESIAN_POINT ( 'NONE',  ( -2.819999999999999396, -1.356834363362289464, -5.967879242695141251 ) ) ;
#2309 = FACE_OUTER_BOUND ( 'NONE', #2416, .T. ) ;
#2310 = CARTESIAN_POINT ( 'NONE',  ( -4.950000000000000178, 4.275000000000021672, -3.100000000000001865 ) ) ;
#2311 = VERTEX_POINT ( 'NONE', #2628 ) ;
#2312 = EDGE_LOOP ( 'NONE', ( #530, #3440, #2184, #487 ) ) ;
#2313 = EDGE_CURVE ( 'NONE', #1295, #3195, #3663, .T. ) ;
#2314 = DIRECTION ( 'NONE',  ( 0.000000000000000000, 0.000000000000000000, -1.000000000000000000 ) ) ;
#2315 = DIRECTION ( 'NONE',  ( -1.000000000000000000, -0.000000000000000000, 0.000000000000000000 ) ) ;
#2316 = DIRECTION ( 'NONE',  ( -0.000000000000000000, -0.9276100592987817084, -0.3735499670562298924 ) ) ;
#2317 = DIRECTION ( 'NONE',  ( 0.000000000000000000, -1.000000000000000000, 0.000000000000000000 ) ) ;
#2318 =( LENGTH_UNIT ( ) NAMED_UNIT ( * ) SI_UNIT ( .MILLI., .METRE. ) );
#2319 = ORIENTED_EDGE ( 'NONE', *, *, #1322, .T. ) ;
#2320 = ORIENTED_EDGE ( 'NONE', *, *, #2859, .T. ) ;
#2321 = DIRECTION ( 'NONE',  ( -0.000000000000000000, 0.000000000000000000, 1.000000000000000000 ) ) ;
#2322 = DIRECTION ( 'NONE',  ( 0.000000000000000000, 0.000000000000000000, 1.000000000000000000 ) ) ;
#2323 = DIRECTION ( 'NONE',  ( -0.000000000000000000, 1.000000000000000000, -0.000000000000000000 ) ) ;
#2324 = ORIENTED_EDGE ( 'NONE', *, *, #2489, .F. ) ;
#2325 = VERTEX_POINT ( 'NONE', #2031 ) ;
#2326 = ADVANCED_FACE ( 'NONE', ( #2711 ), #2302, .T. ) ;
#2327 = DIRECTION ( 'NONE',  ( -0.000000000000000000, 1.000000000000000000, 1.404634393503488270E-16 ) ) ;
#2328 = CARTESIAN_POINT ( 'NONE',  ( 3.000000000000003997, 6.100000000000000533, -0.9309401076758579974 ) ) ;
#2329 = EDGE_CURVE ( 'NONE', #2731, #1174, #453, .T. ) ;
#2330 = DIRECTION ( 'NONE',  ( -0.000000000000000000, 1.000000000000000000, -0.000000000000000000 ) ) ;
#2331 = ADVANCED_FACE ( 'NONE', ( #2384 ), #390, .T. ) ;
#2332 = VECTOR ( 'NONE', #2376, 1000.000000000000000 ) ;
#2333 = DIRECTION ( 'NONE',  ( 0.000000000000000000, 4.216341781888056408E-15, -1.000000000000000000 ) ) ;
#2334 = DIRECTION ( 'NONE',  ( 0.000000000000000000, 0.000000000000000000, -1.000000000000000000 ) ) ;
#2335 = DIRECTION ( 'NONE',  ( 0.000000000000000000, 5.421010862427523403E-17, 1.000000000000000000 ) ) ;
#2336 = VECTOR ( 'NONE', #2037, 1000.000000000000000 ) ;
#2337 =( NAMED_UNIT ( * ) SI_UNIT ( $, .STERADIAN. ) SOLID_ANGLE_UNIT ( ) );
#2338 = EDGE_LOOP ( 'NONE', ( #2798, #482, #934, #611 ) ) ;
#2339 = AXIS2_PLACEMENT_3D ( 'NONE', #2562, #1929, #2377 ) ;
#2340 = EDGE_LOOP ( 'NONE', ( #572, #2009, #3643, #531, #848, #1329 ) ) ;
#2341 = VECTOR ( 'NONE', #1756, 1000.000000000000000 ) ;
#2342 = VECTOR ( 'NONE', #3005, 1000.000000000000000 ) ;
#2343 = FACE_OUTER_BOUND ( 'NONE', #2068, .T. ) ;
#2344 = EDGE_CURVE ( 'NONE', #3307, #1772, #1347, .T. ) ;
#2345 = DIRECTION ( 'NONE',  ( -0.000000000000000000, -1.000000000000000000, -0.000000000000000000 ) ) ;
#2346 = DIRECTION ( 'NONE',  ( 0.000000000000000000, -0.3735499670562351104, -0.9276100592987798210 ) ) ;
#2347 = DIRECTION ( 'NONE',  ( 0.000000000000000000, -0.3420201433256686574, -0.9396926207859084279 ) ) ;
#2348 = ORIENTED_EDGE ( 'NONE', *, *, #2278, .T. ) ;
#2349 = EDGE_LOOP ( 'NONE', ( #2897, #577, #3969, #497 ) ) ;
#2350 = VECTOR ( 'NONE', #3249, 1000.000000000000000 ) ;
#2351 = CIRCLE ( 'NONE', #328, 0.7000000000000027311 ) ;
#2352 = STYLED_ITEM ( 'NONE', ( #3669 ), #1999 ) ;
#2353 = ADVANCED_FACE ( 'NONE', ( #770 ), #1689, .T. ) ;
#2354 = DIRECTION ( 'NONE',  ( -0.000000000000000000, 0.000000000000000000, 1.000000000000000000 ) ) ;
#2355 = DIRECTION ( 'NONE',  ( 0.000000000000000000, 0.5000000000000008882, 0.8660254037844380415 ) ) ;
#2356 = ORIENTED_EDGE ( 'NONE', *, *, #4082, .F. ) ;
#2357 = AXIS2_PLACEMENT_3D ( 'NONE', #3985, #2734, #55 ) ;
#2358 = VECTOR ( 'NONE', #2742, 1000.000000000000000 ) ;
#2359 = ADVANCED_FACE ( 'NONE', ( #366 ), #2945, .F. ) ;
#2360 = CARTESIAN_POINT ( 'NONE',  ( -3.000000000000006217, 5.275000000000011013, 0.000000000000000000 ) ) ;
#2361 = MECHANICAL_DESIGN_GEOMETRIC_PRESENTATION_REPRESENTATION (  '', ( #1486 ), #2100 ) ;
#2362 = EDGE_CURVE ( 'NONE', #3403, #2074, #3925, .T. ) ;
#2363 = ORIENTED_EDGE ( 'NONE', *, *, #3225, .T. ) ;
#2364 = LINE ( 'NONE', #3942, #3864 ) ;
#2365 = CARTESIAN_POINT ( 'NONE',  ( -2.819999999999999396, 3.454999999999999627, -4.700000000000017053 ) ) ;
#2366 = LINE ( 'NONE', #1413, #945 ) ;
#2367 = SURFACE_STYLE_USAGE ( .BOTH. , #774 ) ;
#2368 = ORIENTED_EDGE ( 'NONE', *, *, #3534, .T. ) ;
#2369 = ORIENTED_EDGE ( 'NONE', *, *, #1306, .F. ) ;
#2370 =( NAMED_UNIT ( * ) SI_UNIT ( $, .STERADIAN. ) SOLID_ANGLE_UNIT ( ) );
#2371 = CARTESIAN_POINT ( 'NONE',  ( -2.819999999999999396, 2.774999999999997247, -6.020000000000020890 ) ) ;
#2372 = CARTESIAN_POINT ( 'NONE',  ( -4.099999999999999645, 4.275000000000021672, -4.700000000000000178 ) ) ;
#2373 = DIRECTION ( 'NONE',  ( 0.000000000000000000, -0.000000000000000000, 1.000000000000000000 ) ) ;
#2374 = ORIENTED_EDGE ( 'NONE', *, *, #2301, .T. ) ;
#2375 = ORIENTED_EDGE ( 'NONE', *, *, #3204, .F. ) ;
#2376 = DIRECTION ( 'NONE',  ( 0.000000000000000000, 1.000000000000000000, 0.000000000000000000 ) ) ;
#2377 = DIRECTION ( 'NONE',  ( 1.000000000000000000, 0.000000000000000000, 0.000000000000000000 ) ) ;
#2378 = PRODUCT_DEFINITION_CONTEXT ( 'detailed design', #285, 'design' ) ;
#2379 = EDGE_LOOP ( 'NONE', ( #2674, #74, #2240, #2846 ) ) ;
#2380 = EDGE_CURVE ( 'NONE', #3265, #2298, #3345, .T. ) ;
#2381 = LINE ( 'NONE', #3391, #4052 ) ;
#2382 = EDGE_CURVE ( 'NONE', #522, #139, #1410, .T. ) ;
#2383 = ORIENTED_EDGE ( 'NONE', *, *, #2075, .F. ) ;
#2384 = FACE_OUTER_BOUND ( 'NONE', #3488, .T. ) ;
#2385 = CARTESIAN_POINT ( 'NONE',  ( -2.899999999999979039, 6.100000000000000533, -0.4690598923241179330 ) ) ;
#2386 = DIRECTION ( 'NONE',  ( 1.000000000000000000, 0.000000000000000000, -0.000000000000000000 ) ) ;
#2387 = SURFACE_STYLE_FILL_AREA ( #2687 ) ;
#2388 = ORIENTED_EDGE ( 'NONE', *, *, #966, .T. ) ;
#2389 = ORIENTED_EDGE ( 'NONE', *, *, #2503, .T. ) ;
#2390 = EDGE_CURVE ( 'NONE', #4164, #2778, #27, .T. ) ;
#2391 = FILL_AREA_STYLE_COLOUR ( '', #4200 ) ;
#2392 = DIRECTION ( 'NONE',  ( 0.000000000000000000, 0.3735499670562323349, -0.9276100592987809312 ) ) ;
#2393 = CARTESIAN_POINT ( 'NONE',  ( -4.049999999999998046, 0.4000000000000000222, -6.999999999999964473 ) ) ;
#2394 = CARTESIAN_POINT ( 'NONE',  ( -1.750000000000001554, 0.3999999999999999112, -6.999999999999982236 ) ) ;
#2395 = ORIENTED_EDGE ( 'NONE', *, *, #3229, .F. ) ;
#2396 = ORIENTED_EDGE ( 'NONE', *, *, #4107, .F. ) ;
#2397 = DIRECTION ( 'NONE',  ( -1.000000000000000000, 0.000000000000000000, 0.000000000000000000 ) ) ;
#2398 = CARTESIAN_POINT ( 'NONE',  ( 4.950000000000000178, 6.100000000000000533, -6.999999999999982236 ) ) ;
#2399 = ORIENTED_EDGE ( 'NONE', *, *, #3429, .F. ) ;
#2400 = CARTESIAN_POINT ( 'NONE',  ( -2.819999999999999396, -1.087878387081799403, -5.380000000000019433 ) ) ;
#2401 = VERTEX_POINT ( 'NONE', #2648 ) ;
#2402 = LINE ( 'NONE', #3413, #3918 ) ;
#2403 = EDGE_CURVE ( 'NONE', #2509, #594, #927, .T. ) ;
#2404 = LINE ( 'NONE', #177, #1468 ) ;
#2405 = DIRECTION ( 'NONE',  ( -1.479319382760722413E-14, 0.000000000000000000, -1.000000000000000000 ) ) ;
#2406 = CARTESIAN_POINT ( 'NONE',  ( 0.000000000000000000, 0.000000000000000000, 0.000000000000000000 ) ) ;
#2407 = VERTEX_POINT ( 'NONE', #87 ) ;
#2408 = EDGE_LOOP ( 'NONE', ( #2473, #3995, #1781, #3761 ) ) ;
#2409 = AXIS2_PLACEMENT_3D ( 'NONE', #2661, #3358, #420 ) ;
#2410 = CARTESIAN_POINT ( 'NONE',  ( 3.249999999999998668, 6.100000000000000533, -6.999999999999982236 ) ) ;
#2411 = EDGE_CURVE ( 'NONE', #2784, #501, #1381, .T. ) ;
#2412 = PLANE ( 'NONE',  #2835 ) ;
#2413 = CARTESIAN_POINT ( 'NONE',  ( -0.3199999999999995626, 3.454999999999999627, -9.400000000000000355 ) ) ;
#2414 = DIRECTION ( 'NONE',  ( 0.000000000000000000, 0.000000000000000000, -1.000000000000000000 ) ) ;
#2415 = ORIENTED_EDGE ( 'NONE', *, *, #388, .F. ) ;
#2416 = EDGE_LOOP ( 'NONE', ( #3217, #175, #3774, #1170 ) ) ;
#2417 = AXIS2_PLACEMENT_3D ( 'NONE', #2282, #308, #908 ) ;
#2418 = VECTOR ( 'NONE', #2249, 1000.000000000000000 ) ;
#2419 = ORIENTED_EDGE ( 'NONE', *, *, #1821, .F. ) ;
#2420 = DIRECTION ( 'NONE',  ( 0.000000000000000000, 0.000000000000000000, 1.000000000000000000 ) ) ;
#2421 = FACE_OUTER_BOUND ( 'NONE', #1645, .T. ) ;
#2422 = VECTOR ( 'NONE', #1379, 1000.000000000000227 ) ;
#2423 = ORIENTED_EDGE ( 'NONE', *, *, #363, .T. ) ;
#2424 = VECTOR ( 'NONE', #3378, 1000.000000000000000 ) ;
#2425 = CIRCLE ( 'NONE', #1005, 0.6999999999999914069 ) ;
#2426 = ORIENTED_EDGE ( 'NONE', *, *, #1078, .T. ) ;
#2427 = VECTOR ( 'NONE', #2317, 1000.000000000000000 ) ;
#2428 = DIRECTION ( 'NONE',  ( 0.000000000000000000, 0.3735499670562379970, 0.9276100592987784887 ) ) ;
#2429 = VECTOR ( 'NONE', #971, 1000.000000000000000 ) ;
#2430 = VECTOR ( 'NONE', #781, 1000.000000000000000 ) ;
#2431 = ORIENTED_EDGE ( 'NONE', *, *, #359, .T. ) ;
#2432 = CARTESIAN_POINT ( 'NONE',  ( -2.669999999999999485, -3.399999999999999467, -5.530000000000021565 ) ) ;
#2433 = LINE ( 'NONE', #2365, #182 ) ;
#2434 = AXIS2_PLACEMENT_3D ( 'NONE', #3499, #592, #1894 ) ;
#2435 =( LENGTH_UNIT ( ) NAMED_UNIT ( * ) SI_UNIT ( .MILLI., .METRE. ) );
#2436 = ORIENTED_EDGE ( 'NONE', *, *, #3970, .F. ) ;
#2437 = EDGE_CURVE ( 'NONE', #3234, #204, #379, .T. ) ;
#2438 = CARTESIAN_POINT ( 'NONE',  ( 4.099999999999999645, 5.275000000000011013, -4.700000000000000178 ) ) ;
#2439 = CARTESIAN_POINT ( 'NONE',  ( -2.179999999999997939, -1.087878387081800735, -6.020000000000020890 ) ) ;
#2440 = DIRECTION ( 'NONE',  ( 1.000000000000000000, 0.000000000000000000, -0.000000000000000000 ) ) ;
#2441 = CARTESIAN_POINT ( 'NONE',  ( -2.819999999999999396, 2.774999999999997247, -5.380000000000021210 ) ) ;
#2442 = ORIENTED_EDGE ( 'NONE', *, *, #1795, .F. ) ;
#2443 = ORIENTED_EDGE ( 'NONE', *, *, #75, .T. ) ;
#2444 = EDGE_CURVE ( 'NONE', #2949, #125, #3771, .T. ) ;
#2445 = CARTESIAN_POINT ( 'NONE',  ( 0.000000000000000000, 3.604999999999999982, 3.299999999999982503 ) ) ;
#2446 = LINE ( 'NONE', #3467, #1059 ) ;
#2447 = ORIENTED_EDGE ( 'NONE', *, *, #3048, .T. ) ;
#2448 = VERTEX_POINT ( 'NONE', #1474 ) ;
#2449 = EDGE_CURVE ( 'NONE', #5, #1603, #498, .T. ) ;
#2450 =( REPRESENTATION_RELATIONSHIP ('NONE','NONE', #728, #1907 ) REPRESENTATION_RELATIONSHIP_WITH_TRANSFORMATION ( #585 )SHAPE_REPRESENTATION_RELATIONSHIP( ) );
#2451 = ORIENTED_EDGE ( 'NONE', *, *, #632, .T. ) ;
#2452 = CARTESIAN_POINT ( 'NONE',  ( -2.179999999999997939, 3.454999999999999627, -4.700000000000017053 ) ) ;
#2453 = VERTEX_POINT ( 'NONE', #1797 ) ;
#2454 = LINE ( 'NONE', #885, #662 ) ;
#2455 = CARTESIAN_POINT ( 'NONE',  ( -2.819999999999999396, -2.887878387081802334, -5.380000000000021210 ) ) ;
#2456 = VERTEX_POINT ( 'NONE', #1131 ) ;
#2457 = DIRECTION ( 'NONE',  ( -0.3236155771181856156, -0.3236155771181856156, -0.8891264907159875941 ) ) ;
#2458 = CARTESIAN_POINT ( 'NONE',  ( -2.179999999999997939, 2.774999999999997247, -6.020000000000020890 ) ) ;
#2459 = DIRECTION ( 'NONE',  ( -1.000000000000000000, 0.000000000000000000, 0.000000000000000000 ) ) ;
#2460 = CARTESIAN_POINT ( 'NONE',  ( -2.819999999999999396, 2.774999999999997247, -5.380000000000021210 ) ) ;
#2461 = VERTEX_POINT ( 'NONE', #2432 ) ;
#2462 = ORIENTED_EDGE ( 'NONE', *, *, #746, .T. ) ;
#2463 = EDGE_CURVE ( 'NONE', #3294, #1154, #1843, .T. ) ;
#2464 = LINE ( 'NONE', #849, #2961 ) ;
#2465 = DIRECTION ( 'NONE',  ( 1.000000000000000000, 0.000000000000000000, 0.000000000000000000 ) ) ;
#2466 = EDGE_CURVE ( 'NONE', #3064, #1937, #134, .T. ) ;
#2467 = EDGE_LOOP ( 'NONE', ( #3914, #3483, #1426, #2913 ) ) ;
#2468 = VERTEX_POINT ( 'NONE', #201 ) ;
#2469 = ADVANCED_FACE ( 'NONE', ( #1512 ), #3120, .F. ) ;
#2470 = LINE ( 'NONE', #855, #3583 ) ;
#2471 = ORIENTED_EDGE ( 'NONE', *, *, #40, .T. ) ;
#2472 = CARTESIAN_POINT ( 'NONE',  ( 2.899999999999979039, 1.301022143997296432, -0.4690598923241186546 ) ) ;
#2473 = ORIENTED_EDGE ( 'NONE', *, *, #3743, .F. ) ;
#2474 = CARTESIAN_POINT ( 'NONE',  ( 4.099999999999999645, 5.275000000000011013, -4.700000000000000178 ) ) ;
#2475 = EDGE_CURVE ( 'NONE', #1380, #1217, #2118, .T. ) ;
#2476 = ORIENTED_EDGE ( 'NONE', *, *, #2942, .F. ) ;
#2477 = DIRECTION ( 'NONE',  ( 0.000000000000000000, 0.000000000000000000, 1.000000000000000000 ) ) ;
#2478 = LINE ( 'NONE', #207, #2153 ) ;
#2479 = CARTESIAN_POINT ( 'NONE',  ( -2.819999999999999396, -2.887878387081802334, -6.020000000000020890 ) ) ;
#2480 = DIRECTION ( 'NONE',  ( -0.000000000000000000, 1.000000000000000000, -0.000000000000000000 ) ) ;
#2481 = ORIENTED_EDGE ( 'NONE', *, *, #2449, .F. ) ;
#2482 = ORIENTED_EDGE ( 'NONE', *, *, #2344, .F. ) ;
#2483 = AXIS2_PLACEMENT_3D ( 'NONE', #1079, #3999, #2354 ) ;
#2484 = CARTESIAN_POINT ( 'NONE',  ( -0.7500000000000063283, 0.3999999999999999112, -5.999999999999982236 ) ) ;
#2485 = CARTESIAN_POINT ( 'NONE',  ( -0.7500000000000063283, 0.000000000000000000, -5.999999999999982236 ) ) ;
#2486 = VERTEX_POINT ( 'NONE', #2160 ) ;
#2487 = VERTEX_POINT ( 'NONE', #3095 ) ;
#2488 = VECTOR ( 'NONE', #3011, 1000.000000000000000 ) ;
#2489 = EDGE_CURVE ( 'NONE', #1097, #888, #543, .T. ) ;
#2490 = AXIS2_PLACEMENT_3D ( 'NONE', #4090, #1175, #1450 ) ;
#2491 = VECTOR ( 'NONE', #890, 1000.000000000000000 ) ;
#2492 = CARTESIAN_POINT ( 'NONE',  ( 2.949999999999994404, 1.301022143997296432, -0.8443375672973930657 ) ) ;
#2493 = CIRCLE ( 'NONE', #1816, 1.320000000000003393 ) ;
#2494 = AXIS2_PLACEMENT_3D ( 'NONE', #2071, #2781, #3432 ) ;
#2495 = ADVANCED_FACE ( 'NONE', ( #4072 ), #3053, .F. ) ;
#2496 = AXIS2_PLACEMENT_3D ( 'NONE', #1089, #734, #2386 ) ;
#2497 = LINE ( 'NONE', #2842, #4114 ) ;
#2498 = DIRECTION ( 'NONE',  ( -0.000000000000000000, -0.000000000000000000, 1.000000000000000000 ) ) ;
#2499 = PLANE ( 'NONE',  #1003 ) ;
#2500 = SHAPE_DEFINITION_REPRESENTATION ( #2621, #1907 ) ;
#2501 = VECTOR ( 'NONE', #3610, 1000.000000000000000 ) ;
#2502 = ORIENTED_EDGE ( 'NONE', *, *, #378, .F. ) ;
#2503 = EDGE_CURVE ( 'NONE', #3697, #613, #2454, .T. ) ;
#2504 = DIRECTION ( 'NONE',  ( -0.000000000000000000, -0.000000000000000000, 1.000000000000000000 ) ) ;
#2505 = CARTESIAN_POINT ( 'NONE',  ( -4.099999999999999645, 4.575000000000019718, -3.100000000000001865 ) ) ;
#2506 = FACE_OUTER_BOUND ( 'NONE', #748, .T. ) ;
#2507 = CARTESIAN_POINT ( 'NONE',  ( 3.249999999999995115, 6.100000000000000533, -5.999999999999982236 ) ) ;
#2508 = ORIENTED_EDGE ( 'NONE', *, *, #287, .T. ) ;
#2509 = VERTEX_POINT ( 'NONE', #3754 ) ;
#2510 = DIRECTION ( 'NONE',  ( 1.000000000000000000, 0.000000000000000000, 0.000000000000000000 ) ) ;
#2511 = CARTESIAN_POINT ( 'NONE',  ( -2.179999999999997939, -1.356834363362291240, -5.967879242695142139 ) ) ;
#2512 = UNCERTAINTY_MEASURE_WITH_UNIT (LENGTH_MEASURE( 1.000000000000000082E-05 ), #3329, 'distance_accuracy_value', 'NONE');
#2513 = LINE ( 'NONE', #963, #880 ) ;
#2514 = ORIENTED_EDGE ( 'NONE', *, *, #3828, .F. ) ;
#2515 = ORIENTED_EDGE ( 'NONE', *, *, #3346, .F. ) ;
#2516 = DIRECTION ( 'NONE',  ( -0.000000000000000000, 2.843808977011159604E-15, 1.000000000000000000 ) ) ;
#2517 = EDGE_CURVE ( 'NONE', #5, #1502, #1431, .T. ) ;
#2518 = CARTESIAN_POINT ( 'NONE',  ( 0.000000000000000000, 0.4000000000000000222, -5.999999999999982236 ) ) ;
#2519 = CARTESIAN_POINT ( 'NONE',  ( 0.3200000000000021161, 3.454999999999999627, -9.400000000000000355 ) ) ;
#2520 = ORIENTED_EDGE ( 'NONE', *, *, #363, .F. ) ;
#2521 = DIRECTION ( 'NONE',  ( 0.000000000000000000, -0.000000000000000000, 1.000000000000000000 ) ) ;
#2522 = EDGE_CURVE ( 'NONE', #2074, #30, #4110, .T. ) ;
#2523 = CARTESIAN_POINT ( 'NONE',  ( -2.179999999999997939, 4.094999999999999751, -4.700000000000000178 ) ) ;
#2524 = CARTESIAN_POINT ( 'NONE',  ( 2.820000000000002061, 4.094999999999999751, -9.400000000000000355 ) ) ;
#2525 = DIRECTION ( 'NONE',  ( 0.000000000000000000, 0.000000000000000000, 1.000000000000000000 ) ) ;
#2526 = EDGE_CURVE ( 'NONE', #1145, #1454, #2402, .T. ) ;
#2527 = DIRECTION ( 'NONE',  ( -0.000000000000000000, -0.000000000000000000, 1.000000000000000000 ) ) ;
#2528 = ORIENTED_EDGE ( 'NONE', *, *, #2276, .T. ) ;
#2529 = ORIENTED_EDGE ( 'NONE', *, *, #2892, .F. ) ;
#2530 = CARTESIAN_POINT ( 'NONE',  ( -2.179999999999997939, -3.399999999999999467, -5.870000000000022311 ) ) ;
#2531 = DIRECTION ( 'NONE',  ( -0.000000000000000000, 5.421010862427523403E-17, 1.000000000000000000 ) ) ;
#2532 = CARTESIAN_POINT ( 'NONE',  ( 4.950000000000000178, 0.000000000000000000, -6.999999999999964473 ) ) ;
#2533 = ORIENTED_EDGE ( 'NONE', *, *, #1253, .F. ) ;
#2534 = ORIENTED_EDGE ( 'NONE', *, *, #2730, .T. ) ;
#2535 = APPLICATION_CONTEXT ( 'automotive_design' ) ;
#2536 = LINE ( 'NONE', #237, #2295 ) ;
#2537 = ADVANCED_FACE ( 'NONE', ( #1494 ), #3702, .F. ) ;
#2538 = ORIENTED_EDGE ( 'NONE', *, *, #2344, .T. ) ;
#2539 = DIRECTION ( 'NONE',  ( 0.000000000000000000, 0.3735499670562430485, 0.9276100592987764903 ) ) ;
#2540 = EDGE_LOOP ( 'NONE', ( #216, #2858, #1359, #1730 ) ) ;
#2541 = CARTESIAN_POINT ( 'NONE',  ( 2.949999999999994404, 5.275000000000011013, -0.5556624327025821986 ) ) ;
#2542 = APPLICATION_PROTOCOL_DEFINITION ( 'draft international standard', 'automotive_design', 1998, #1147 ) ;
#2543 = EDGE_CURVE ( 'NONE', #1190, #2653, #3393, .T. ) ;
#2544 = DIRECTION ( 'NONE',  ( -0.000000000000000000, 1.000000000000000000, -0.000000000000000000 ) ) ;
#2545 = CARTESIAN_POINT ( 'NONE',  ( 0.000000000000000000, 0.4000000000000000222, -5.999999999999982236 ) ) ;
#2546 = DIRECTION ( 'NONE',  ( 0.000000000000000000, -1.000000000000000000, 0.000000000000000000 ) ) ;
#2547 = PLANE ( 'NONE',  #3868 ) ;
#2548 = ORIENTED_EDGE ( 'NONE', *, *, #1913, .F. ) ;
#2549 = VERTEX_POINT ( 'NONE', #3074 ) ;
#2550 = ADVANCED_FACE ( 'NONE', ( #2751 ), #154, .F. ) ;
#2551 = DIRECTION ( 'NONE',  ( 0.000000000000000000, -1.000000000000000000, 0.000000000000000000 ) ) ;
#2552 = DIRECTION ( 'NONE',  ( 3.469446951953614189E-15, 0.000000000000000000, -1.000000000000000000 ) ) ;
#2553 = PLANE ( 'NONE',  #4056 ) ;
#2554 = DIRECTION ( 'NONE',  ( -0.000000000000000000, -1.000000000000000000, -0.000000000000000000 ) ) ;
#2555 = ORIENTED_EDGE ( 'NONE', *, *, #2915, .F. ) ;
#2556 = ORIENTED_EDGE ( 'NONE', *, *, #2836, .F. ) ;
#2557 = VECTOR ( 'NONE', #1119, 1000.000000000000227 ) ;
#2558 = DIRECTION ( 'NONE',  ( -1.000000000000000000, -0.000000000000000000, -0.000000000000000000 ) ) ;
#2559 = VECTOR ( 'NONE', #2590, 1000.000000000000000 ) ;
#2560 = AXIS2_PLACEMENT_3D ( 'NONE', #526, #161, #2803 ) ;
#2561 = PLANE ( 'NONE',  #2483 ) ;
#2562 = CARTESIAN_POINT ( 'NONE',  ( 0.000000000000000000, 4.336808689942017736E-16, 3.299999999999982503 ) ) ;
#2563 = LINE ( 'NONE', #2962, #2839 ) ;
#2564 = VECTOR ( 'NONE', #4025, 1000.000000000000000 ) ;
#2565 = ITEM_DEFINED_TRANSFORMATION ( 'NONE', 'NONE', #3266,  #59 ) ;
#2566 = EDGE_CURVE ( 'NONE', #2873, #3409, #1305, .T. ) ;
#2567 = VECTOR ( 'NONE', #1506, 1000.000000000000341 ) ;
#2568 = VECTOR ( 'NONE', #2654, 1000.000000000000000 ) ;
#2569 = LINE ( 'NONE', #3270, #2559 ) ;
#2570 = CARTESIAN_POINT ( 'NONE',  ( -4.950000000000000178, 0.000000000000000000, 0.000000000000000000 ) ) ;
#2571 = AXIS2_PLACEMENT_3D ( 'NONE', #3739, #1500, #2459 ) ;
#2572 = CARTESIAN_POINT ( 'NONE',  ( 4.050000000000000711, 0.000000000000000000, 0.000000000000000000 ) ) ;
#2573 = FACE_OUTER_BOUND ( 'NONE', #15, .T. ) ;
#2574 = ORIENTED_EDGE ( 'NONE', *, *, #1247, .F. ) ;
#2575 = EDGE_LOOP ( 'NONE', ( #2864, #2066, #3907, #346 ) ) ;
#2576 = VECTOR ( 'NONE', #1183, 1000.000000000000000 ) ;
#2577 = CARTESIAN_POINT ( 'NONE',  ( -2.179999999999997939, -1.987878387081805975, -5.800000000000017586 ) ) ;
#2578 = FACE_OUTER_BOUND ( 'NONE', #112, .T. ) ;
#2579 = DIRECTION ( 'NONE',  ( 0.000000000000000000, 1.000000000000000000, -2.843808977011159604E-15 ) ) ;
#2580 = DIRECTION ( 'NONE',  ( -0.000000000000000000, 2.843808977011159604E-15, 1.000000000000000000 ) ) ;
#2581 = ORIENTED_EDGE ( 'NONE', *, *, #3422, .F. ) ;
#2582 = AXIS2_PLACEMENT_3D ( 'NONE', #137, #1434, #2735 ) ;
#2583 = EDGE_LOOP ( 'NONE', ( #1328, #2596, #716, #2215, #1422, #1521, #1833, #3052, #492, #2447, #1586 ) ) ;
#2584 = ADVANCED_FACE ( 'NONE', ( #922 ), #3866, .F. ) ;
#2585 = CARTESIAN_POINT ( 'NONE',  ( -2.949999999999990852, 1.301022143997296432, -0.8443375672973923995 ) ) ;
#2586 = EDGE_CURVE ( 'NONE', #1358, #1484, #612, .T. ) ;
#2587 = DIRECTION ( 'NONE',  ( -1.479319382760722413E-14, 0.000000000000000000, -1.000000000000000000 ) ) ;
#2588 = DIRECTION ( 'NONE',  ( 0.000000000000000000, -1.000000000000000000, 0.000000000000000000 ) ) ;
#2589 = DIRECTION ( 'NONE',  ( 0.000000000000000000, 1.000000000000000000, -0.000000000000000000 ) ) ;
#2590 = DIRECTION ( 'NONE',  ( -1.000000000000000000, -0.000000000000000000, -0.000000000000000000 ) ) ;
#2591 = CARTESIAN_POINT ( 'NONE',  ( -2.179999999999997939, 4.094999999999999751, -4.700000000000017053 ) ) ;
#2592 = CARTESIAN_POINT ( 'NONE',  ( -4.099999999999999645, 5.275000000000011013, -4.700000000000000178 ) ) ;
#2593 = PRODUCT_DEFINITION_SHAPE ( 'NONE', 'NONE',  #4210 ) ;
#2594 = DIRECTION ( 'NONE',  ( 0.000000000000000000, 0.000000000000000000, 1.000000000000000000 ) ) ;
#2595 = EDGE_LOOP ( 'NONE', ( #3177, #1724, #1676, #1258 ) ) ;
#2596 = ORIENTED_EDGE ( 'NONE', *, *, #3116, .F. ) ;
#2597 = CARTESIAN_POINT ( 'NONE',  ( -2.179999999999997939, -2.017762384446300850, -5.725791195256118904 ) ) ;
#2598 = CARTESIAN_POINT ( 'NONE',  ( -2.669999999999999485, 3.945000000000000728, 3.299999999999982503 ) ) ;
#2599 = CARTESIAN_POINT ( 'NONE',  ( -2.179999999999997939, -2.857994389717300798, -5.374208804743921597 ) ) ;
#2600 = EDGE_CURVE ( 'NONE', #594, #2311, #2903, .T. ) ;
#2601 = CARTESIAN_POINT ( 'NONE',  ( 2.299999999999999822, 5.275000000000011013, -3.699999999999991740 ) ) ;
#2602 = VERTEX_POINT ( 'NONE', #2328 ) ;
#2603 = ORIENTED_EDGE ( 'NONE', *, *, #645, .T. ) ;
#2604 = EDGE_CURVE ( 'NONE', #1154, #507, #3161, .T. ) ;
#2605 = EDGE_CURVE ( 'NONE', #837, #3356, #563, .T. ) ;
#2606 = LINE ( 'NONE', #969, #4122 ) ;
#2607 = CARTESIAN_POINT ( 'NONE',  ( 1.550000000000009592, 5.275000000000011013, -3.699999999999991740 ) ) ;
#2608 = PLANE ( 'NONE',  #606 ) ;
#2609 = LINE ( 'NONE', #3640, #1055 ) ;
#2610 = CARTESIAN_POINT ( 'NONE',  ( -0.7500000000000063283, 6.100000000000000533, -5.999999999999982236 ) ) ;
#2611 = VERTEX_POINT ( 'NONE', #3816 ) ;
#2612 = ORIENTED_EDGE ( 'NONE', *, *, #2069, .T. ) ;
#2613 = CARTESIAN_POINT ( 'NONE',  ( 2.299999999999999822, 1.301022143997296432, -2.999999999999989342 ) ) ;
#2614 = LINE ( 'NONE', #3594, #2336 ) ;
#2615 = CARTESIAN_POINT ( 'NONE',  ( 3.000000000000002665, 6.100000000000000533, -0.9309401076758579974 ) ) ;
#2616 = PLANE ( 'NONE',  #3927 ) ;
#2617 = ORIENTED_EDGE ( 'NONE', *, *, #2403, .T. ) ;
#2618 = ORIENTED_EDGE ( 'NONE', *, *, #49, .F. ) ;
#2619 = EDGE_CURVE ( 'NONE', #1453, #260, #1862, .T. ) ;
#2620 = AXIS2_PLACEMENT_3D ( 'NONE', #3614, #2245, #2587 ) ;
#2621 = PRODUCT_DEFINITION_SHAPE ( 'NONE', 'NONE',  #3091 ) ;
#2622 = LINE ( 'NONE', #365, #2627 ) ;
#2623 = VECTOR ( 'NONE', #2780, 1000.000000000000000 ) ;
#2624 = VECTOR ( 'NONE', #71, 1000.000000000000000 ) ;
#2625 = EDGE_CURVE ( 'NONE', #220, #3309, #2606, .T. ) ;
#2626 = AXIS2_PLACEMENT_3D ( 'NONE', #1631, #2925, #951 ) ;
#2627 = VECTOR ( 'NONE', #2003, 1000.000000000000000 ) ;
#2628 = CARTESIAN_POINT ( 'NONE',  ( -2.819999999999999396, -1.957994389717305994, -5.725791195256116239 ) ) ;
#2629 = CARTESIAN_POINT ( 'NONE',  ( -2.819999999999999396, -1.087878387081801623, -6.020000000000020890 ) ) ;
#2630 = CARTESIAN_POINT ( 'NONE',  ( -0.3199999999999995626, 3.454999999999999627, -5.999999999999982236 ) ) ;
#2631 = ORIENTED_EDGE ( 'NONE', *, *, #548, .F. ) ;
#2632 = VECTOR ( 'NONE', #3292, 1000.000000000000000 ) ;
#2633 = ORIENTED_EDGE ( 'NONE', *, *, #3923, .T. ) ;
#2634 = ADVANCED_FACE ( 'NONE', ( #1910 ), #646, .F. ) ;
#2635 = CIRCLE ( 'NONE', #795, 1.320000000000003393 ) ;
#2636 = AXIS2_PLACEMENT_3D ( 'NONE', #1227, #3461, #4057 ) ;
#2637 = LINE ( 'NONE', #2235, #874 ) ;
#2638 = DIRECTION ( 'NONE',  ( 0.000000000000000000, 0.000000000000000000, -1.000000000000000000 ) ) ;
#2639 = CARTESIAN_POINT ( 'NONE',  ( 4.950000000000000178, 6.100000000000000533, -6.999999999999982236 ) ) ;
#2640 = AXIS2_PLACEMENT_3D ( 'NONE', #2133, #1491, #2797 ) ;
#2641 = DIRECTION ( 'NONE',  ( 0.000000000000000000, 1.404634393503488270E-16, -1.000000000000000000 ) ) ;
#2642 = ORIENTED_EDGE ( 'NONE', *, *, #1300, .F. ) ;
#2643 = ORIENTED_EDGE ( 'NONE', *, *, #3631, .F. ) ;
#2644 = VECTOR ( 'NONE', #2658, 1000.000000000000000 ) ;
#2645 = CARTESIAN_POINT ( 'NONE',  ( 4.050000000000001599, 0.4000000000000000222, 0.000000000000000000 ) ) ;
#2646 = LINE ( 'NONE', #1039, #2350 ) ;
#2647 = EDGE_CURVE ( 'NONE', #1772, #3223, #2843, .T. ) ;
#2648 = CARTESIAN_POINT ( 'NONE',  ( -4.099999999999999645, 5.275000000000011013, -2.400000000000010569 ) ) ;
#2649 = ADVANCED_FACE ( 'NONE', ( #1241 ), #1038, .F. ) ;
#2650 = DIRECTION ( 'NONE',  ( -0.8660254037844460351, 0.000000000000000000, 0.4999999999999873990 ) ) ;
#2651 = DIRECTION ( 'NONE',  ( 1.000000000000000000, 0.000000000000000000, 0.000000000000000000 ) ) ;
#2652 = ORIENTED_EDGE ( 'NONE', *, *, #3634, .T. ) ;
#2653 = VERTEX_POINT ( 'NONE', #1221 ) ;
#2654 = DIRECTION ( 'NONE',  ( 0.000000000000000000, 1.000000000000000000, 8.163404592832033571E-15 ) ) ;
#2655 = ADVANCED_FACE ( 'NONE', ( #4156 ), #1289, .F. ) ;
#2656 = PLANE ( 'NONE',  #2898 ) ;
#2657 = PLANE ( 'NONE',  #527 ) ;
#2658 = DIRECTION ( 'NONE',  ( 0.000000000000000000, 0.000000000000000000, 1.000000000000000000 ) ) ;
#2659 = ORIENTED_EDGE ( 'NONE', *, *, #1060, .T. ) ;
#2660 = ORIENTED_EDGE ( 'NONE', *, *, #944, .T. ) ;
#2661 = CARTESIAN_POINT ( 'NONE',  ( -2.179999999999997939, -1.087878387081802289, -5.300000000000016698 ) ) ;
#2662 = DIRECTION ( 'NONE',  ( 1.000000000000000000, 0.000000000000000000, 0.000000000000000000 ) ) ;
#2663 = CARTESIAN_POINT ( 'NONE',  ( 4.950000000000000178, 6.100000000000000533, 0.000000000000000000 ) ) ;
#2664 = DIRECTION ( 'NONE',  ( -0.4999999999999873990, 0.000000000000000000, -0.8660254037844460351 ) ) ;
#2665 = PLANE ( 'NONE',  #4201 ) ;
#2666 = FILL_AREA_STYLE ('',( #2912 ) ) ;
#2667 = ORIENTED_EDGE ( 'NONE', *, *, #1395, .T. ) ;
#2668 = ORIENTED_EDGE ( 'NONE', *, *, #1629, .T. ) ;
#2669 = EDGE_CURVE ( 'NONE', #1762, #3280, #331, .T. ) ;
#2670 = CARTESIAN_POINT ( 'NONE',  ( -2.669999999999999485, -3.399999999999999467, -5.530000000000021565 ) ) ;
#2671 = CARTESIAN_POINT ( 'NONE',  ( 3.249999999999998668, 0.000000000000000000, -6.999999999999982236 ) ) ;
#2672 = CARTESIAN_POINT ( 'NONE',  ( 2.299999999999999822, 6.100000000000000533, -3.699999999999991740 ) ) ;
#2673 = CARTESIAN_POINT ( 'NONE',  ( -4.050000000000000711, 0.000000000000000000, 0.000000000000000000 ) ) ;
#2674 = ORIENTED_EDGE ( 'NONE', *, *, #3899, .T. ) ;
#2675 = VERTEX_POINT ( 'NONE', #9 ) ;
#2676 = EDGE_CURVE ( 'NONE', #2325, #1217, #2246, .T. ) ;
#2677 = LINE ( 'NONE', #950, #1118 ) ;
#2678 = LINE ( 'NONE', #815, #1389 ) ;
#2679 = ORIENTED_EDGE ( 'NONE', *, *, #3133, .F. ) ;
#2680 = CARTESIAN_POINT ( 'NONE',  ( -2.179999999999997939, -1.957994389717305994, -5.725791195256116239 ) ) ;
#2681 = CLOSED_SHELL ( 'NONE', ( #1688, #3680, #3127, #1446, #3797, #4141, #4002, #1842, #4173, #835, #3299, #2060, #4030, #2649, #3568, #1238, #3900, #3066, #1523, #200, #2989, #1773, #648, #1361, #3941, #1008, #4101, #3767, #1715, #3410, #718, #1560, #3625, #1647, #341, #3794, #383, #1346, #2469, #152, #4154, #2359, #1811, #2584, #4087, #1713, #2738, #2550, #3041, #4070, #1085, #2259, #1771, #1749, #1350, #1448, #3690, #318, #2495, #2761, #3373, #2634, #2151, #3512, #3173, #1846, #2655, #3817, #3283, #1275, #1685, #3275 ) ) ;
#2682 = ORIENTED_EDGE ( 'NONE', *, *, #3886, .T. ) ;
#2683 = CARTESIAN_POINT ( 'NONE',  ( -4.099999999999999645, 1.225000000000037614, 0.000000000000000000 ) ) ;
#2684 = LINE ( 'NONE', #3664, #2564 ) ;
#2685 = PLANE ( 'NONE',  #1063 ) ;
#2686 = VECTOR ( 'NONE', #18, 1000.000000000000000 ) ;
#2687 = FILL_AREA_STYLE ('',( #1384 ) ) ;
#2688 = ORIENTED_EDGE ( 'NONE', *, *, #887, .T. ) ;
#2689 = ORIENTED_EDGE ( 'NONE', *, *, #3204, .T. ) ;
#2690 = AXIS2_PLACEMENT_3D ( 'NONE', #4076, #2105, #843 ) ;
#2691 = CIRCLE ( 'NONE', #3511, 0.6800000000000034905 ) ;
#2692 = CARTESIAN_POINT ( 'NONE',  ( 2.180000000000000604, 3.454999999999999627, -4.700000000000000178 ) ) ;
#2693 = DIRECTION ( 'NONE',  ( 1.000000000000000000, 0.000000000000000000, 0.000000000000000000 ) ) ;
#2694 = VECTOR ( 'NONE', #1873, 1000.000000000000114 ) ;
#2695 = DIRECTION ( 'NONE',  ( 0.000000000000000000, 0.000000000000000000, -1.000000000000000000 ) ) ;
#2696 = DIRECTION ( 'NONE',  ( -1.000000000000000000, 0.000000000000000000, 0.000000000000000000 ) ) ;
#2697 = ORIENTED_EDGE ( 'NONE', *, *, #3093, .F. ) ;
#2698 = ORIENTED_EDGE ( 'NONE', *, *, #902, .F. ) ;
#2699 = AXIS2_PLACEMENT_3D ( 'NONE', #2385, #3367, #2099 ) ;
#2700 = VECTOR ( 'NONE', #2753, 1000.000000000000000 ) ;
#2701 = VECTOR ( 'NONE', #3539, 1000.000000000000000 ) ;
#2702 = CARTESIAN_POINT ( 'NONE',  ( -2.819999999999999396, -2.857994389717300798, -5.374208804743921597 ) ) ;
#2703 = CARTESIAN_POINT ( 'NONE',  ( -2.669999999999999485, -3.399999999999999467, -5.870000000000022311 ) ) ;
#2704 = EDGE_CURVE ( 'NONE', #1659, #475, #630, .T. ) ;
#2705 = ORIENTED_EDGE ( 'NONE', *, *, #131, .F. ) ;
#2706 = STYLED_ITEM ( 'NONE', ( #352 ), #3364 ) ;
#2707 = AXIS2_PLACEMENT_3D ( 'NONE', #1737, #1785, #3993 ) ;
#2708 = EDGE_CURVE ( 'NONE', #2311, #1049, #3374, .T. ) ;
#2709 = PLANE ( 'NONE',  #2158 ) ;
#2710 = ORIENTED_EDGE ( 'NONE', *, *, #3975, .F. ) ;
#2711 = FACE_OUTER_BOUND ( 'NONE', #64, .T. ) ;
#2712 = DIRECTION ( 'NONE',  ( 0.000000000000000000, 1.000000000000000000, 8.163404592832033571E-15 ) ) ;
#2713 = FACE_OUTER_BOUND ( 'NONE', #4060, .T. ) ;
#2714 =( NAMED_UNIT ( * ) SI_UNIT ( $, .STERADIAN. ) SOLID_ANGLE_UNIT ( ) );
#2715 = ORIENTED_EDGE ( 'NONE', *, *, #3538, .T. ) ;
#2716 = ORIENTED_EDGE ( 'NONE', *, *, #2779, .F. ) ;
#2717 = CARTESIAN_POINT ( 'NONE',  ( 4.950000000000000178, 4.275000000000021672, -3.100000000000001865 ) ) ;
#2718 = LINE ( 'NONE', #3082, #1001 ) ;
#2719 = FACE_OUTER_BOUND ( 'NONE', #1302, .T. ) ;
#2720 = CARTESIAN_POINT ( 'NONE',  ( -2.329999999999997851, 3.604999999999999982, 3.299999999999982503 ) ) ;
#2721 = ORIENTED_EDGE ( 'NONE', *, *, #2815, .T. ) ;
#2722 = ORIENTED_EDGE ( 'NONE', *, *, #3736, .F. ) ;
#2723 = ADVANCED_FACE ( 'NONE', ( #2882 ), #4175, .T. ) ;
#2724 = DIRECTION ( 'NONE',  ( 1.000000000000000000, 0.000000000000000000, 0.000000000000000000 ) ) ;
#2725 = DIRECTION ( 'NONE',  ( 0.000000000000000000, 0.000000000000000000, 1.000000000000000000 ) ) ;
#2726 = PRODUCT_DEFINITION_CONTEXT ( 'detailed design', #3997, 'design' ) ;
#2727 = ORIENTED_EDGE ( 'NONE', *, *, #4022, .F. ) ;
#2728 = EDGE_CURVE ( 'NONE', #3085, #204, #2678, .T. ) ;
#2729 = FACE_OUTER_BOUND ( 'NONE', #4170, .T. ) ;
#2730 = EDGE_CURVE ( 'NONE', #2778, #165, #445, .T. ) ;
#2731 = VERTEX_POINT ( 'NONE', #764 ) ;
#2732 = DIRECTION ( 'NONE',  ( -9.376883653928708317E-16, 0.000000000000000000, -1.000000000000000000 ) ) ;
#2733 = CARTESIAN_POINT ( 'NONE',  ( -4.950000000000000178, 0.000000000000000000, 0.000000000000000000 ) ) ;
#2734 = DIRECTION ( 'NONE',  ( 0.000000000000000000, -1.000000000000000000, 5.421010862427523403E-17 ) ) ;
#2735 = DIRECTION ( 'NONE',  ( 1.000000000000000000, 0.000000000000000000, 0.000000000000000000 ) ) ;
#2736 = ORIENTED_EDGE ( 'NONE', *, *, #892, .T. ) ;
#2737 = EDGE_LOOP ( 'NONE', ( #406, #661, #1581, #218 ) ) ;
#2738 = ADVANCED_FACE ( 'NONE', ( #148 ), #1150, .T. ) ;
#2739 =( NAMED_UNIT ( * ) PLANE_ANGLE_UNIT ( ) SI_UNIT ( $, .RADIAN. ) );
#2740 = DIRECTION ( 'NONE',  ( 0.000000000000000000, -5.421010862427523403E-17, -1.000000000000000000 ) ) ;
#2741 = CARTESIAN_POINT ( 'NONE',  ( 4.950000000000000178, 0.000000000000000000, 0.000000000000000000 ) ) ;
#2742 = DIRECTION ( 'NONE',  ( 0.8660254037844460351, 0.000000000000000000, -0.4999999999999873990 ) ) ;
#2743 = ORIENTED_EDGE ( 'NONE', *, *, #93, .T. ) ;
#2744 = ORIENTED_EDGE ( 'NONE', *, *, #3282, .T. ) ;
#2745 = DIRECTION ( 'NONE',  ( 1.000000000000000000, 0.000000000000000000, -0.000000000000000000 ) ) ;
#2746 = DIRECTION ( 'NONE',  ( -0.000000000000000000, 1.000000000000000000, -0.000000000000000000 ) ) ;
#2747 = ORIENTED_EDGE ( 'NONE', *, *, #3585, .T. ) ;
#2748 = CYLINDRICAL_SURFACE ( 'NONE', #1058, 1.320000000000003393 ) ;
#2749 = EDGE_CURVE ( 'NONE', #1303, #1473, #1120, .T. ) ;
#2750 = ORIENTED_EDGE ( 'NONE', *, *, #3181, .T. ) ;
#2751 = FACE_OUTER_BOUND ( 'NONE', #3361, .T. ) ;
#2752 = CARTESIAN_POINT ( 'NONE',  ( -2.819999999999999396, 3.455000000000000071, 2.887878387081791232 ) ) ;
#2753 = DIRECTION ( 'NONE',  ( -1.000000000000000000, 0.000000000000000000, 0.000000000000000000 ) ) ;
#2754 = EDGE_CURVE ( 'NONE', #736, #1659, #2023, .T. ) ;
#2755 = ORIENTED_EDGE ( 'NONE', *, *, #1793, .T. ) ;
#2756 = VERTEX_POINT ( 'NONE', #3088 ) ;
#2757 = AXIS2_PLACEMENT_3D ( 'NONE', #1424, #470, #1769 ) ;
#2758 = LINE ( 'NONE', #1161, #1397 ) ;
#2759 = CARTESIAN_POINT ( 'NONE',  ( -2.819999999999999396, 3.454999999999999627, -4.700000000000017053 ) ) ;
#2760 = CARTESIAN_POINT ( 'NONE',  ( -4.050000000000000711, 0.000000000000000000, -11.50000000000001776 ) ) ;
#2761 = ADVANCED_FACE ( 'NONE', ( #2421 ), #3018, .F. ) ;
#2762 = CARTESIAN_POINT ( 'NONE',  ( -2.179999999999997939, -1.718922410801315692, -5.132120757304897474 ) ) ;
#2763 = ORIENTED_EDGE ( 'NONE', *, *, #58, .T. ) ;
#2764 = ORIENTED_EDGE ( 'NONE', *, *, #2779, .T. ) ;
#2765 = AXIS2_PLACEMENT_3D ( 'NONE', #407, #2986, #3639 ) ;
#2766 = VECTOR ( 'NONE', #503, 1000.000000000000000 ) ;
#2767 = LINE ( 'NONE', #2086, #2557 ) ;
#2768 = CARTESIAN_POINT ( 'NONE',  ( -2.179999999999997939, 3.454999999999999627, -5.999999999999982236 ) ) ;
#2769 = AXIS2_PLACEMENT_3D ( 'NONE', #3838, #3455, #271 ) ;
#2770 = VERTEX_POINT ( 'NONE', #2768 ) ;
#2771 = ORIENTED_EDGE ( 'NONE', *, *, #2306, .T. ) ;
#2772 = VECTOR ( 'NONE', #3716, 999.9999999999998863 ) ;
#2773 = MECHANICAL_DESIGN_GEOMETRIC_PRESENTATION_REPRESENTATION (  '', ( #1128 ), #1472 ) ;
#2774 = CIRCLE ( 'NONE', #3250, 0.1000000000000021011 ) ;
#2775 = DIRECTION ( 'NONE',  ( -1.000000000000000000, 0.000000000000000000, -3.469446951953614978E-15 ) ) ;
#2776 = CIRCLE ( 'NONE', #1123, 0.1000000000000239031 ) ;
#2777 = VECTOR ( 'NONE', #1316, 1000.000000000000000 ) ;
#2778 = VERTEX_POINT ( 'NONE', #4065 ) ;
#2779 = EDGE_CURVE ( 'NONE', #1627, #3265, #102, .T. ) ;
#2780 = DIRECTION ( 'NONE',  ( -1.000000000000000000, 0.000000000000000000, 0.000000000000000000 ) ) ;
#2781 = DIRECTION ( 'NONE',  ( 1.000000000000000000, 0.000000000000000000, 0.000000000000000000 ) ) ;
#2782 = PRODUCT_DEFINITION_FORMATION_WITH_SPECIFIED_SOURCE ( 'ANY', '', #4183, .NOT_KNOWN. ) ;
#2783 =( NAMED_UNIT ( * ) SI_UNIT ( $, .STERADIAN. ) SOLID_ANGLE_UNIT ( ) );
#2784 = VERTEX_POINT ( 'NONE', #2398 ) ;
#2785 = EDGE_CURVE ( 'NONE', #2784, #2055, #3321, .T. ) ;
#2786 = LINE ( 'NONE', #183, #1624 ) ;
#2787 = CARTESIAN_POINT ( 'NONE',  ( 4.099999999999999645, 4.275000000000021672, -3.100000000000001865 ) ) ;
#2788 = DIRECTION ( 'NONE',  ( 0.000000000000000000, -0.000000000000000000, -1.000000000000000000 ) ) ;
#2789 = CARTESIAN_POINT ( 'NONE',  ( -2.819999999999999396, -2.987878387081805975, -6.020000000000021778 ) ) ;
#2790 = ORIENTED_EDGE ( 'NONE', *, *, #2276, .F. ) ;
#2791 = EDGE_LOOP ( 'NONE', ( #4106, #211, #270, #537 ) ) ;
#2792 = ADVANCED_FACE ( 'NONE', ( #1463 ), #3407, .F. ) ;
#2793 = LINE ( 'NONE', #3067, #38 ) ;
#2794 = DIRECTION ( 'NONE',  ( 1.000000000000000000, -0.000000000000000000, 0.000000000000000000 ) ) ;
#2795 = VERTEX_POINT ( 'NONE', #1702 ) ;
#2796 = VERTEX_POINT ( 'NONE', #2703 ) ;
#2797 = DIRECTION ( 'NONE',  ( 0.000000000000000000, 0.000000000000000000, 1.000000000000000000 ) ) ;
#2798 = ORIENTED_EDGE ( 'NONE', *, *, #944, .F. ) ;
#2799 = CARTESIAN_POINT ( 'NONE',  ( 0.000000000000000000, 3.945000000000000728, 3.299999999999982503 ) ) ;
#2800 = FACE_OUTER_BOUND ( 'NONE', #2312, .T. ) ;
#2801 = VERTEX_POINT ( 'NONE', #82 ) ;
#2802 = DIRECTION ( 'NONE',  ( -1.000000000000000000, -0.000000000000000000, 0.000000000000000000 ) ) ;
#2803 = DIRECTION ( 'NONE',  ( 0.000000000000000000, 0.000000000000000000, -1.000000000000000000 ) ) ;
#2804 = FACE_OUTER_BOUND ( 'NONE', #1497, .T. ) ;
#2805 = DIRECTION ( 'NONE',  ( -1.000000000000000000, 0.000000000000000000, 9.376883653928708317E-16 ) ) ;
#2806 = ORIENTED_EDGE ( 'NONE', *, *, #1319, .F. ) ;
#2807 = ORIENTED_EDGE ( 'NONE', *, *, #3346, .T. ) ;
#2808 = EDGE_CURVE ( 'NONE', #4185, #124, #1376, .T. ) ;
#2809 = LINE ( 'NONE', #2112, #243 ) ;
#2810 = CARTESIAN_POINT ( 'NONE',  ( -2.299999999999999822, 5.275000000000011013, -3.699999999999991296 ) ) ;
#2811 = VERTEX_POINT ( 'NONE', #3657 ) ;
#2812 = ORIENTED_EDGE ( 'NONE', *, *, #2676, .F. ) ;
#2813 = EDGE_CURVE ( 'NONE', #762, #3064, #743, .T. ) ;
#2814 = DIRECTION ( 'NONE',  ( -1.000000000000000000, -0.000000000000000000, 0.000000000000000000 ) ) ;
#2815 = EDGE_CURVE ( 'NONE', #4059, #1282, #2493, .T. ) ;
#2816 = ORIENTED_EDGE ( 'NONE', *, *, #3282, .F. ) ;
#2817 = DIRECTION ( 'NONE',  ( 0.000000000000000000, 0.000000000000000000, -1.000000000000000000 ) ) ;
#2818 = EDGE_LOOP ( 'NONE', ( #2030, #1386, #801, #1353 ) ) ;
#2819 = DIRECTION ( 'NONE',  ( -1.000000000000000000, -0.000000000000000000, -0.000000000000000000 ) ) ;
#2820 = ORIENTED_EDGE ( 'NONE', *, *, #1253, .T. ) ;
#2821 = CARTESIAN_POINT ( 'NONE',  ( -2.819999999999999396, 4.094999999999999751, -4.700000000000017053 ) ) ;
#2822 = FACE_OUTER_BOUND ( 'NONE', #3169, .T. ) ;
#2823 = PLANE ( 'NONE',  #4131 ) ;
#2824 = CARTESIAN_POINT ( 'NONE',  ( -2.819999999999999396, 3.455000000000000071, 2.887878387081791232 ) ) ;
#2825 = ORIENTED_EDGE ( 'NONE', *, *, #1130, .F. ) ;
#2826 = ORIENTED_EDGE ( 'NONE', *, *, #105, .T. ) ;
#2827 = DIRECTION ( 'NONE',  ( -0.000000000000000000, 1.000000000000000000, -0.000000000000000000 ) ) ;
#2828 = CARTESIAN_POINT ( 'NONE',  ( 4.099999999999999645, 5.275000000000011013, -4.700000000000000178 ) ) ;
#2829 = ADVANCED_FACE ( 'NONE', ( #421 ), #442, .T. ) ;
#2830 = DIRECTION ( 'NONE',  ( -0.8660254037844460351, -0.000000000000000000, 0.4999999999999872879 ) ) ;
#2831 = EDGE_LOOP ( 'NONE', ( #2198, #1137, #2679, #457 ) ) ;
#2832 = ORIENTED_EDGE ( 'NONE', *, *, #2669, .T. ) ;
#2833 = AXIS2_PLACEMENT_3D ( 'NONE', #192, #4083, #1168 ) ;
#2834 = VECTOR ( 'NONE', #1104, 1000.000000000000000 ) ;
#2835 = AXIS2_PLACEMENT_3D ( 'NONE', #2759, #484, #2740 ) ;
#2836 = EDGE_CURVE ( 'NONE', #3409, #1719, #4018, .T. ) ;
#2837 = DIRECTION ( 'NONE',  ( -0.000000000000000000, 1.000000000000000000, -0.000000000000000000 ) ) ;
#2838 = AXIS2_PLACEMENT_3D ( 'NONE', #897, #3830, #214 ) ;
#2839 = VECTOR ( 'NONE', #2277, 1000.000000000000000 ) ;
#2840 = CIRCLE ( 'NONE', #330, 0.1000000000000239031 ) ;
#2841 = EDGE_CURVE ( 'NONE', #786, #2453, #2087, .T. ) ;
#2842 = CARTESIAN_POINT ( 'NONE',  ( -2.819999999999999396, 2.774999999999997247, -5.380000000000022098 ) ) ;
#2843 = LINE ( 'NONE', #4138, #252 ) ;
#2844 = LINE ( 'NONE', #3772, #3110 ) ;
#2845 = VECTOR ( 'NONE', #898, 1000.000000000000000 ) ;
#2846 = ORIENTED_EDGE ( 'NONE', *, *, #2238, .F. ) ;
#2847 =( GEOMETRIC_REPRESENTATION_CONTEXT ( 3 ) GLOBAL_UNCERTAINTY_ASSIGNED_CONTEXT ( ( #1745 ) ) GLOBAL_UNIT_ASSIGNED_CONTEXT ( ( #1351, #3619, #2337 ) ) REPRESENTATION_CONTEXT ( 'NONE', 'WORKASPACE' ) );
#2848 = LINE ( 'NONE', #2438, #1684 ) ;
#2849 = LINE ( 'NONE', #2228, #928 ) ;
#2850 = FACE_BOUND ( 'NONE', #619, .T. ) ;
#2851 = PLANE ( 'NONE',  #3047 ) ;
#2852 = ORIENTED_EDGE ( 'NONE', *, *, #2463, .T. ) ;
#2853 = ORIENTED_EDGE ( 'NONE', *, *, #1429, .F. ) ;
#2854 = LINE ( 'NONE', #3829, #1122 ) ;
#2855 = DIRECTION ( 'NONE',  ( -1.000000000000000000, 0.000000000000000000, 0.000000000000000000 ) ) ;
#2856 = CARTESIAN_POINT ( 'NONE',  ( -4.950000000000000178, 4.575000000000019718, -2.400000000000010569 ) ) ;
#2857 = ORIENTED_EDGE ( 'NONE', *, *, #410, .F. ) ;
#2858 = ORIENTED_EDGE ( 'NONE', *, *, #3352, .T. ) ;
#2859 = EDGE_CURVE ( 'NONE', #3381, #1574, #1770, .T. ) ;
#2860 = DIRECTION ( 'NONE',  ( -0.000000000000000000, 0.000000000000000000, -1.000000000000000000 ) ) ;
#2861 = ADVANCED_FACE ( 'NONE', ( #2876 ), #877, .F. ) ;
#2862 = FACE_OUTER_BOUND ( 'NONE', #153, .T. ) ;
#2863 = DIRECTION ( 'NONE',  ( -0.000000000000000000, -1.000000000000000000, -0.000000000000000000 ) ) ;
#2864 = ORIENTED_EDGE ( 'NONE', *, *, #100, .F. ) ;
#2865 = LINE ( 'NONE', #1244, #1274 ) ;
#2866 = APPLICATION_PROTOCOL_DEFINITION ( 'draft international standard', 'automotive_design', 1998, #2178 ) ;
#2867 = ADVANCED_FACE ( 'NONE', ( #2129 ), #575, .T. ) ;
#2868 = CARTESIAN_POINT ( 'NONE',  ( -2.899999999999992806, 1.301022143997296432, -0.6999999999999876321 ) ) ;
#2869 = LINE ( 'NONE', #2206, #664 ) ;
#2870 = DIRECTION ( 'NONE',  ( 0.000000000000000000, -0.000000000000000000, -1.000000000000000000 ) ) ;
#2871 = PLANE ( 'NONE',  #2028 ) ;
#2872 = ORIENTED_EDGE ( 'NONE', *, *, #1300, .T. ) ;
#2873 = VERTEX_POINT ( 'NONE', #3424 ) ;
#2874 = CARTESIAN_POINT ( 'NONE',  ( -3.000000000000002665, 6.100000000000000533, -0.9309401076758572202 ) ) ;
#2875 = LINE ( 'NONE', #915, #2076 ) ;
#2876 = FACE_OUTER_BOUND ( 'NONE', #957, .T. ) ;
#2877 = CARTESIAN_POINT ( 'NONE',  ( -2.179999999999997939, -1.087878387081801623, -5.380000000000021210 ) ) ;
#2878 = ORIENTED_EDGE ( 'NONE', *, *, #1455, .F. ) ;
#2879 = ORIENTED_EDGE ( 'NONE', *, *, #914, .F. ) ;
#2880 = FACE_OUTER_BOUND ( 'NONE', #369, .T. ) ;
#2881 = LINE ( 'NONE', #288, #709 ) ;
#2882 = FACE_OUTER_BOUND ( 'NONE', #2540, .T. ) ;
#2883 = LINE ( 'NONE', #952, #451 ) ;
#2884 = DIRECTION ( 'NONE',  ( 1.000000000000000000, 0.000000000000000000, -0.000000000000000000 ) ) ;
#2885 = EDGE_CURVE ( 'NONE', #1473, #1617, #2446, .T. ) ;
#2886 = CARTESIAN_POINT ( 'NONE',  ( -4.950000000000000178, 4.275000000000021672, -3.100000000000001865 ) ) ;
#2887 = LINE ( 'NONE', #1953, #729 ) ;
#2888 = DIRECTION ( 'NONE',  ( -1.000000000000000000, 0.000000000000000000, -0.000000000000000000 ) ) ;
#2889 = VERTEX_POINT ( 'NONE', #2213 ) ;
#2890 = ORIENTED_EDGE ( 'NONE', *, *, #778, .F. ) ;
#2891 = FACE_OUTER_BOUND ( 'NONE', #3046, .T. ) ;
#2892 = EDGE_CURVE ( 'NONE', #1121, #1693, #3745, .T. ) ;
#2893 = DIRECTION ( 'NONE',  ( 1.000000000000000000, 0.000000000000000000, 0.000000000000000000 ) ) ;
#2894 = FACE_OUTER_BOUND ( 'NONE', #976, .T. ) ;
#2895 = DIRECTION ( 'NONE',  ( 0.000000000000000000, 1.000000000000000000, 0.000000000000000000 ) ) ;
#2896 = ORIENTED_EDGE ( 'NONE', *, *, #2526, .F. ) ;
#2897 = ORIENTED_EDGE ( 'NONE', *, *, #857, .T. ) ;
#2898 = AXIS2_PLACEMENT_3D ( 'NONE', #3648, #3948, #2321 ) ;
#2899 = CARTESIAN_POINT ( 'NONE',  ( -2.179999999999997939, -2.887878387081802334, -5.380000000000021210 ) ) ;
#2900 = VECTOR ( 'NONE', #1591, 1000.000000000000000 ) ;
#2901 = VECTOR ( 'NONE', #1364, 1000.000000000000227 ) ;
#2902 = DIRECTION ( 'NONE',  ( -1.000000000000000000, 0.000000000000000000, 0.000000000000000000 ) ) ;
#2903 = LINE ( 'NONE', #306, #1199 ) ;
#2904 = DIRECTION ( 'NONE',  ( 0.000000000000000000, -0.3735499670562308916, -0.9276100592987813753 ) ) ;
#2905 = AXIS2_PLACEMENT_3D ( 'NONE', #3022, #1774, #2428 ) ;
#2906 = VECTOR ( 'NONE', #34, 1000.000000000000000 ) ;
#2907 = EDGE_CURVE ( 'NONE', #3945, #655, #326, .T. ) ;
#2908 = LINE ( 'NONE', #3933, #389 ) ;
#2909 = LINE ( 'NONE', #2570, #2083 ) ;
#2910 = MECHANICAL_DESIGN_GEOMETRIC_PRESENTATION_REPRESENTATION (  '', ( #2706 ), #117 ) ;
#2911 = PLANE ( 'NONE',  #667 ) ;
#2912 = FILL_AREA_STYLE_COLOUR ( '', #2982 ) ;
#2913 = ORIENTED_EDGE ( 'NONE', *, *, #1219, .F. ) ;
#2914 = ORIENTED_EDGE ( 'NONE', *, *, #267, .T. ) ;
#2915 = EDGE_CURVE ( 'NONE', #3151, #1853, #4103, .T. ) ;
#2916 = AXIS2_PLACEMENT_3D ( 'NONE', #1580, #3880, #1556 ) ;
#2917 = CARTESIAN_POINT ( 'NONE',  ( 2.180000000000000604, 3.454999999999999627, -4.700000000000000178 ) ) ;
#2918 = LINE ( 'NONE', #1278, #1396 ) ;
#2919 = CARTESIAN_POINT ( 'NONE',  ( -4.050000000000000711, 0.000000000000000000, -11.50000000000001776 ) ) ;
#2920 = CARTESIAN_POINT ( 'NONE',  ( -4.049999999999994493, 0.4000000000000000222, 0.000000000000000000 ) ) ;
#2921 = ORIENTED_EDGE ( 'NONE', *, *, #2907, .F. ) ;
#2922 = COLOUR_RGB ( '',0.7960784313725489669, 0.8235294117647058432, 0.9372549019607843146 ) ;
#2923 = VERTEX_POINT ( 'NONE', #1214 ) ;
#2924 = EDGE_CURVE ( 'NONE', #4010, #2175, #2157, .T. ) ;
#2925 = DIRECTION ( 'NONE',  ( 1.000000000000000000, 0.000000000000000000, 0.000000000000000000 ) ) ;
#2926 = LINE ( 'NONE', #4204, #524 ) ;
#2927 = CARTESIAN_POINT ( 'NONE',  ( -2.669999999999999485, 4.336808689942017736E-16, 3.299999999999982503 ) ) ;
#2928 = DIRECTION ( 'NONE',  ( 0.000000000000000000, 1.000000000000000000, 0.000000000000000000 ) ) ;
#2929 = SURFACE_STYLE_USAGE ( .BOTH. , #1325 ) ;
#2930 = PRODUCT ( 'pin^SxB-XH-A ass_bent', 'pin^SxB-XH-A ass_bent', '', ( #3820 ) ) ;
#2931 = PLANE ( 'NONE',  #3123 ) ;
#2932 = EDGE_LOOP ( 'NONE', ( #2996, #1057, #2035, #1551 ) ) ;
#2933 = EDGE_CURVE ( 'NONE', #1484, #3952, #4149, .T. ) ;
#2934 = ORIENTED_EDGE ( 'NONE', *, *, #949, .F. ) ;
#2935 = DIRECTION ( 'NONE',  ( -0.000000000000000000, 1.000000000000000000, -0.000000000000000000 ) ) ;
#2936 = LINE ( 'NONE', #2671, #2686 ) ;
#2937 = DIRECTION ( 'NONE',  ( 0.000000000000000000, 0.000000000000000000, -1.000000000000000000 ) ) ;
#2938 = EDGE_CURVE ( 'NONE', #3836, #139, #2351, .T. ) ;
#2939 = FACE_OUTER_BOUND ( 'NONE', #1165, .T. ) ;
#2940 = EDGE_LOOP ( 'NONE', ( #3832, #1904, #99, #842 ) ) ;
#2941 = EDGE_LOOP ( 'NONE', ( #1626, #3604, #3150, #1766 ) ) ;
#2942 = EDGE_CURVE ( 'NONE', #481, #2731, #3109, .T. ) ;
#2943 = EDGE_CURVE ( 'NONE', #3500, #1197, #3200, .T. ) ;
#2944 = CARTESIAN_POINT ( 'NONE',  ( -2.179999999999997939, -2.987878387081802423, -6.020000000000020890 ) ) ;
#2945 = PLANE ( 'NONE',  #2765 ) ;
#2946 = DIRECTION ( 'NONE',  ( 0.000000000000000000, -0.000000000000000000, -1.000000000000000000 ) ) ;
#2947 = DIRECTION ( 'NONE',  ( 0.000000000000000000, 0.000000000000000000, 1.000000000000000000 ) ) ;
#2948 =( LENGTH_UNIT ( ) NAMED_UNIT ( * ) SI_UNIT ( .MILLI., .METRE. ) );
#2949 = VERTEX_POINT ( 'NONE', #3764 ) ;
#2950 = ORIENTED_EDGE ( 'NONE', *, *, #3016, .F. ) ;
#2951 = DIRECTION ( 'NONE',  ( 0.000000000000000000, 0.000000000000000000, 1.000000000000000000 ) ) ;
#2952 = LINE ( 'NONE', #1993, #515 ) ;
#2953 = LINE ( 'NONE', #1334, #3920 ) ;
#2954 = FACE_OUTER_BOUND ( 'NONE', #315, .T. ) ;
#2955 = EDGE_LOOP ( 'NONE', ( #1236, #419, #1441, #2426 ) ) ;
#2956 = ORIENTED_EDGE ( 'NONE', *, *, #3545, .F. ) ;
#2957 = ADVANCED_FACE ( 'NONE', ( #850 ), #2147, .T. ) ;
#2958 = EDGE_CURVE ( 'NONE', #2191, #4105, #3810, .T. ) ;
#2959 = CIRCLE ( 'NONE', #3243, 0.6800000000000034905 ) ;
#2960 = EDGE_CURVE ( 'NONE', #229, #4171, #2195, .T. ) ;
#2961 = VECTOR ( 'NONE', #1959, 1000.000000000000000 ) ;
#2962 = CARTESIAN_POINT ( 'NONE',  ( -4.099999999999999645, 1.225000000000037614, -4.700000000000000178 ) ) ;
#2963 = AXIS2_PLACEMENT_3D ( 'NONE', #2821, #807, #2477 ) ;
#2964 = AXIS2_PLACEMENT_3D ( 'NONE', #3305, #2664, #2650 ) ;
#2965 = EDGE_CURVE ( 'NONE', #2778, #2468, #599, .T. ) ;
#2966 = DIRECTION ( 'NONE',  ( 1.000000000000000000, 0.000000000000000000, 0.000000000000000000 ) ) ;
#2967 = CARTESIAN_POINT ( 'NONE',  ( 2.820000000000002061, 4.094999999999999751, -4.700000000000000178 ) ) ;
#2968 = LINE ( 'NONE', #3368, #875 ) ;
#2969 = ORIENTED_EDGE ( 'NONE', *, *, #2907, .T. ) ;
#2970 = AXIS2_PLACEMENT_3D ( 'NONE', #2828, #4126, #696 ) ;
#2971 = ORIENTED_EDGE ( 'NONE', *, *, #3606, .T. ) ;
#2972 = VECTOR ( 'NONE', #1297, 1000.000000000000000 ) ;
#2973 = AXIS2_PLACEMENT_3D ( 'NONE', #2006, #3306, #1691 ) ;
#2974 = CARTESIAN_POINT ( 'NONE',  ( 4.099999999999999645, 5.275000000000011013, -4.700000000000000178 ) ) ;
#2975 = LINE ( 'NONE', #2615, #1002 ) ;
#2976 = AXIS2_PLACEMENT_3D ( 'NONE', #749, #2315, #4006 ) ;
#2977 = DIRECTION ( 'NONE',  ( -0.000000000000000000, 1.000000000000000000, -0.000000000000000000 ) ) ;
#2978 = ORIENTED_EDGE ( 'NONE', *, *, #1374, .T. ) ;
#2979 = EDGE_LOOP ( 'NONE', ( #895, #3988, #203, #715 ) ) ;
#2980 = VECTOR ( 'NONE', #1249, 1000.000000000000341 ) ;
#2981 = LINE ( 'NONE', #3954, #1532 ) ;
#2982 = COLOUR_RGB ( '',1.000000000000000000, 1.000000000000000000, 1.000000000000000000 ) ;
#2983 = UNCERTAINTY_MEASURE_WITH_UNIT (LENGTH_MEASURE( 1.000000000000000082E-05 ), #2435, 'distance_accuracy_value', 'NONE');
#2984 = LINE ( 'NONE', #3599, #1544 ) ;
#2985 = EDGE_CURVE ( 'NONE', #2770, #1044, #557, .T. ) ;
#2986 = DIRECTION ( 'NONE',  ( -0.000000000000000000, 0.000000000000000000, -1.000000000000000000 ) ) ;
#2987 = LINE ( 'NONE', #3271, #2342 ) ;
#2988 = DIRECTION ( 'NONE',  ( 1.000000000000000000, -0.000000000000000000, 0.000000000000000000 ) ) ;
#2989 = ADVANCED_FACE ( 'NONE', ( #3154 ), #1525, .F. ) ;
#2990 = ORIENTED_EDGE ( 'NONE', *, *, #3538, .F. ) ;
#2991 = ORIENTED_EDGE ( 'NONE', *, *, #2075, .T. ) ;
#2992 = PLANE ( 'NONE',  #2020 ) ;
#2993 = CARTESIAN_POINT ( 'NONE',  ( 1.749999999999997113, 6.100000000000000533, -6.999999999999982236 ) ) ;
#2994 = CARTESIAN_POINT ( 'NONE',  ( 2.820000000000002061, 3.454999999999999627, -5.999999999999982236 ) ) ;
#2995 = LINE ( 'NONE', #3335, #1212 ) ;
#2996 = ORIENTED_EDGE ( 'NONE', *, *, #2211, .T. ) ;
#2997 = VERTEX_POINT ( 'NONE', #3851 ) ;
#2998 = LINE ( 'NONE', #81, #787 ) ;
#2999 = CARTESIAN_POINT ( 'NONE',  ( -2.179999999999997939, -2.887878387081802334, -5.380000000000021210 ) ) ;
#3000 = ORIENTED_EDGE ( 'NONE', *, *, #1509, .F. ) ;
#3001 = ADVANCED_FACE ( 'NONE', ( #2894 ), #3278, .F. ) ;
#3002 = DIRECTION ( 'NONE',  ( 0.000000000000000000, 1.000000000000000000, -0.000000000000000000 ) ) ;
#3003 = ORIENTED_EDGE ( 'NONE', *, *, #2362, .F. ) ;
#3004 = DIRECTION ( 'NONE',  ( -1.000000000000000000, -0.000000000000000000, -0.000000000000000000 ) ) ;
#3005 = DIRECTION ( 'NONE',  ( 0.000000000000000000, 1.000000000000000000, 0.000000000000000000 ) ) ;
#3006 = FACE_OUTER_BOUND ( 'NONE', #1076, .T. ) ;
#3007 = ORIENTED_EDGE ( 'NONE', *, *, #171, .F. ) ;
#3008 = EDGE_LOOP ( 'NONE', ( #1028, #1109, #158, #3621 ) ) ;
#3009 = EDGE_CURVE ( 'NONE', #982, #149, #1600, .T. ) ;
#3010 = FACE_OUTER_BOUND ( 'NONE', #1956, .T. ) ;
#3011 = DIRECTION ( 'NONE',  ( -0.3236155771181846164, 0.8891264907159884823, 0.3236155771181846164 ) ) ;
#3012 = CARTESIAN_POINT ( 'NONE',  ( -2.949999999999990852, 6.100000000000000533, -0.8443375672973923995 ) ) ;
#3013 = PLANE ( 'NONE',  #4134 ) ;
#3014 = EDGE_LOOP ( 'NONE', ( #2297, #2269, #3708, #1465 ) ) ;
#3015 = ORIENTED_EDGE ( 'NONE', *, *, #3093, .T. ) ;
#3016 = EDGE_CURVE ( 'NONE', #2602, #3234, #2975, .T. ) ;
#3017 = LINE ( 'NONE', #3297, #1466 ) ;
#3018 = PLANE ( 'NONE',  #254 ) ;
#3019 = PRODUCT_DEFINITION_CONTEXT ( 'detailed design', #430, 'design' ) ;
#3020 = VERTEX_POINT ( 'NONE', #3895 ) ;
#3021 = ORIENTED_EDGE ( 'NONE', *, *, #2029, .F. ) ;
#3022 = CARTESIAN_POINT ( 'NONE',  ( -2.819999999999999396, -1.987878387081805975, -5.800000000000017586 ) ) ;
#3023 = ORIENTED_EDGE ( 'NONE', *, *, #3107, .F. ) ;
#3024 = DIRECTION ( 'NONE',  ( -0.000000000000000000, -1.000000000000000000, -0.000000000000000000 ) ) ;
#3025 = FACE_OUTER_BOUND ( 'NONE', #3029, .T. ) ;
#3026 = DIRECTION ( 'NONE',  ( 0.000000000000000000, 0.000000000000000000, 1.000000000000000000 ) ) ;
#3027 = AXIS2_PLACEMENT_3D ( 'NONE', #1855, #2420, #4017 ) ;
#3028 = EDGE_LOOP ( 'NONE', ( #783, #511, #250, #677 ) ) ;
#3029 = EDGE_LOOP ( 'NONE', ( #2419, #228, #3370, #803 ) ) ;
#3030 = EDGE_CURVE ( 'NONE', #894, #3812, #623, .T. ) ;
#3031 = VECTOR ( 'NONE', #1776, 1000.000000000000000 ) ;
#3032 = VECTOR ( 'NONE', #2334, 1000.000000000000000 ) ;
#3033 = CARTESIAN_POINT ( 'NONE',  ( 0.7499999999999950040, 0.4000000000000000222, -5.999999999999982236 ) ) ;
#3034 = CARTESIAN_POINT ( 'NONE',  ( -2.247025306722260751, -3.172028903833243429, -5.952974693277758966 ) ) ;
#3035 = VECTOR ( 'NONE', #785, 1000.000000000000227 ) ;
#3036 = DIRECTION ( 'NONE',  ( 1.000000000000000000, 0.000000000000000000, 0.000000000000000000 ) ) ;
#3037 = DIRECTION ( 'NONE',  ( -1.000000000000000000, -0.000000000000000000, -0.000000000000000000 ) ) ;
#3038 = ORIENTED_EDGE ( 'NONE', *, *, #678, .F. ) ;
#3039 = ORIENTED_EDGE ( 'NONE', *, *, #1880, .T. ) ;
#3040 = CIRCLE ( 'NONE', #1887, 0.07999999999999593547 ) ;
#3041 = ADVANCED_FACE ( 'NONE', ( #4191 ), #3936, .F. ) ;
#3042 = ORIENTED_EDGE ( 'NONE', *, *, #2933, .F. ) ;
#3043 = PRESENTATION_LAYER_ASSIGNMENT (  '', '', ( #2706 ) ) ;
#3044 = LINE ( 'NONE', #1682, #3775 ) ;
#3045 = DIRECTION ( 'NONE',  ( 1.000000000000000000, 0.000000000000000000, -0.000000000000000000 ) ) ;
#3046 = EDGE_LOOP ( 'NONE', ( #741, #3853, #80, #1963 ) ) ;
#3047 = AXIS2_PLACEMENT_3D ( 'NONE', #1935, #2805, #1229 ) ;
#3048 = EDGE_CURVE ( 'NONE', #2040, #2784, #2255, .T. ) ;
#3049 =( GEOMETRIC_REPRESENTATION_CONTEXT ( 3 ) GLOBAL_UNCERTAINTY_ASSIGNED_CONTEXT ( ( #2044 ) ) GLOBAL_UNIT_ASSIGNED_CONTEXT ( ( #2318, #338, #690 ) ) REPRESENTATION_CONTEXT ( 'NONE', 'WORKASPACE' ) );
#3050 = FACE_BOUND ( 'NONE', #1317, .T. ) ;
#3051 = EDGE_CURVE ( 'NONE', #1652, #1295, #3263, .T. ) ;
#3052 = ORIENTED_EDGE ( 'NONE', *, *, #1821, .T. ) ;
#3053 = PLANE ( 'NONE',  #788 ) ;
#3054 = DIRECTION ( 'NONE',  ( 0.000000000000000000, -1.000000000000000000, 0.000000000000000000 ) ) ;
#3055 = PLANE ( 'NONE',  #2496 ) ;
#3056 = ORIENTED_EDGE ( 'NONE', *, *, #3211, .F. ) ;
#3057 = DIRECTION ( 'NONE',  ( 1.000000000000000000, 0.000000000000000000, 0.000000000000000000 ) ) ;
#3058 = EDGE_LOOP ( 'NONE', ( #138, #1435, #2287, #4120 ) ) ;
#3059 = VERTEX_POINT ( 'NONE', #1299 ) ;
#3060 = DIRECTION ( 'NONE',  ( -0.000000000000000000, 5.421010862427523403E-17, 1.000000000000000000 ) ) ;
#3061 = CARTESIAN_POINT ( 'NONE',  ( -2.179999999999997939, 4.094999999999999751, 2.887878387081791232 ) ) ;
#3062 = CARTESIAN_POINT ( 'NONE',  ( 4.099999999999999645, 5.275000000000011013, 0.000000000000000000 ) ) ;
#3063 = CYLINDRICAL_SURFACE ( 'NONE', #1686, 0.7200000000000027489 ) ;
#3064 = VERTEX_POINT ( 'NONE', #3878 ) ;
#3065 = ORIENTED_EDGE ( 'NONE', *, *, #1455, .T. ) ;
#3066 = ADVANCED_FACE ( 'NONE', ( #641 ), #2553, .F. ) ;
#3067 = CARTESIAN_POINT ( 'NONE',  ( 0.7499999999999950040, 4.094999999999999751, -5.999999999999982236 ) ) ;
#3068 = CARTESIAN_POINT ( 'NONE',  ( -2.743148179717697310, 3.531851820282304377, 4.435115294663137142 ) ) ;
#3069 = ORIENTED_EDGE ( 'NONE', *, *, #2021, .T. ) ;
#3070 = EDGE_CURVE ( 'NONE', #2325, #1693, #2272, .T. ) ;
#3071 = DIRECTION ( 'NONE',  ( 0.000000000000000000, -0.5000000000000008882, -0.8660254037844380415 ) ) ;
#3072 = ADVANCED_FACE ( 'NONE', ( #2309 ), #358, .T. ) ;
#3073 = ORIENTED_EDGE ( 'NONE', *, *, #1304, .T. ) ;
#3074 = CARTESIAN_POINT ( 'NONE',  ( 3.000000000000002665, 6.100000000000000533, -0.4690598923241172113 ) ) ;
#3075 = LINE ( 'NONE', #1105, #3442 ) ;
#3076 = DIRECTION ( 'NONE',  ( 1.000000000000000000, 0.000000000000000000, 3.469446951953614978E-15 ) ) ;
#3077 = DIRECTION ( 'NONE',  ( 1.000000000000000000, 0.000000000000000000, 0.000000000000000000 ) ) ;
#3078 = ORIENTED_EDGE ( 'NONE', *, *, #1694, .F. ) ;
#3079 = ORIENTED_EDGE ( 'NONE', *, *, #3659, .F. ) ;
#3080 = EDGE_CURVE ( 'NONE', #3294, #1485, #3554, .T. ) ;
#3081 = DIRECTION ( 'NONE',  ( 3.469446951953614978E-15, 0.000000000000000000, -1.000000000000000000 ) ) ;
#3082 = CARTESIAN_POINT ( 'NONE',  ( -2.819999999999999396, 3.455000000000000515, -4.700000000000017053 ) ) ;
#3083 = FACE_OUTER_BOUND ( 'NONE', #562, .T. ) ;
#3084 = DIRECTION ( 'NONE',  ( -0.000000000000000000, 0.000000000000000000, 1.000000000000000000 ) ) ;
#3085 = VERTEX_POINT ( 'NONE', #320 ) ;
#3086 = ORIENTED_EDGE ( 'NONE', *, *, #3561, .T. ) ;
#3087 = CARTESIAN_POINT ( 'NONE',  ( 4.050000000000000711, 0.000000000000000000, -11.50000000000001776 ) ) ;
#3088 = CARTESIAN_POINT ( 'NONE',  ( -4.950000000000000178, 5.275000000000011013, -2.400000000000010569 ) ) ;
#3089 = ORIENTED_EDGE ( 'NONE', *, *, #129, .F. ) ;
#3090 = ORIENTED_EDGE ( 'NONE', *, *, #3879, .T. ) ;
#3091 = PRODUCT_DEFINITION ( 'UNKNOWN', '', #3390, #2378 ) ;
#3092 = PLANE ( 'NONE',  #2155 ) ;
#3093 = EDGE_CURVE ( 'NONE', #2461, #981, #979, .T. ) ;
#3094 = ORIENTED_EDGE ( 'NONE', *, *, #3048, .F. ) ;
#3095 = CARTESIAN_POINT ( 'NONE',  ( 2.180000000000000604, 4.094999999999999751, -5.999999999999982236 ) ) ;
#3096 = DIRECTION ( 'NONE',  ( 1.000000000000000000, 0.000000000000000000, -0.000000000000000000 ) ) ;
#3097 = ORIENTED_EDGE ( 'NONE', *, *, #1575, .T. ) ;
#3098 = VECTOR ( 'NONE', #1841, 1000.000000000000000 ) ;
#3099 = ADVANCED_FACE ( 'NONE', ( #659 ), #1960, .T. ) ;
#3100 = CARTESIAN_POINT ( 'NONE',  ( -3.047540985521498325, 3.227459014478501587, 2.262714667361025001 ) ) ;
#3101 = LINE ( 'NONE', #2167, #253 ) ;
#3102 = CYLINDRICAL_SURFACE ( 'NONE', #2162, 0.08000000000000367928 ) ;
#3103 = CARTESIAN_POINT ( 'NONE',  ( -2.949999999999988187, 5.275000000000011013, -0.5556624327025834198 ) ) ;
#3104 = VERTEX_POINT ( 'NONE', #19 ) ;
#3105 = ORIENTED_EDGE ( 'NONE', *, *, #3874, .T. ) ;
#3106 = AXIS2_PLACEMENT_3D ( 'NONE', #2077, #463, #141 ) ;
#3107 = EDGE_CURVE ( 'NONE', #1069, #4035, #3912, .T. ) ;
#3108 = PLANE ( 'NONE',  #2833 ) ;
#3109 = LINE ( 'NONE', #2810, #1276 ) ;
#3110 = VECTOR ( 'NONE', #4111, 1000.000000000000000 ) ;
#3111 = ORIENTED_EDGE ( 'NONE', *, *, #3051, .T. ) ;
#3112 = ORIENTED_EDGE ( 'NONE', *, *, #2002, .F. ) ;
#3113 = VECTOR ( 'NONE', #1019, 1000.000000000000000 ) ;
#3114 = AXIS2_PLACEMENT_3D ( 'NONE', #3592, #1252, #994 ) ;
#3115 = VECTOR ( 'NONE', #1849, 1000.000000000000000 ) ;
#3116 = EDGE_CURVE ( 'NONE', #194, #1069, #2294, .T. ) ;
#3117 = FACE_OUTER_BOUND ( 'NONE', #1086, .T. ) ;
#3118 = AXIS2_PLACEMENT_3D ( 'NONE', #3852, #558, #941 ) ;
#3119 = CARTESIAN_POINT ( 'NONE',  ( 4.050000000000000711, 0.000000000000000000, -11.50000000000001776 ) ) ;
#3120 = CYLINDRICAL_SURFACE ( 'NONE', #244, 0.1000000000000241668 ) ;
#3121 = EDGE_CURVE ( 'NONE', #3156, #2197, #2953, .T. ) ;
#3122 = DIRECTION ( 'NONE',  ( -0.000000000000000000, -0.000000000000000000, 1.000000000000000000 ) ) ;
#3123 = AXIS2_PLACEMENT_3D ( 'NONE', #3960, #313, #3642 ) ;
#3124 = APPLICATION_PROTOCOL_DEFINITION ( 'draft international standard', 'automotive_design', 1998, #3835 ) ;
#3125 = ORIENTED_EDGE ( 'NONE', *, *, #949, .T. ) ;
#3126 = PLANE ( 'NONE',  #3509 ) ;
#3127 = ADVANCED_FACE ( 'NONE', ( #3354 ), #3949, .F. ) ;
#3128 = DIRECTION ( 'NONE',  ( 1.000000000000000000, -0.000000000000000000, -0.000000000000000000 ) ) ;
#3129 = DIRECTION ( 'NONE',  ( 0.000000000000000000, 0.000000000000000000, 1.000000000000000000 ) ) ;
#3130 = LINE ( 'NONE', #465, #333 ) ;
#3131 = ORIENTED_EDGE ( 'NONE', *, *, #3902, .F. ) ;
#3132 = ORIENTED_EDGE ( 'NONE', *, *, #212, .F. ) ;
#3133 = EDGE_CURVE ( 'NONE', #1154, #3766, #1697, .T. ) ;
#3134 = CARTESIAN_POINT ( 'NONE',  ( 4.950000000000000178, 4.575000000000019718, -3.100000000000001865 ) ) ;
#3135 = CARTESIAN_POINT ( 'NONE',  ( -2.819999999999999396, 3.454999999999999627, -4.700000000000017053 ) ) ;
#3136 = ORIENTED_EDGE ( 'NONE', *, *, #83, .F. ) ;
#3137 = ORIENTED_EDGE ( 'NONE', *, *, #601, .T. ) ;
#3138 = CARTESIAN_POINT ( 'NONE',  ( -1.750000000000005107, 6.100000000000000533, -5.999999999999982236 ) ) ;
#3139 = ORIENTED_EDGE ( 'NONE', *, *, #2754, .F. ) ;
#3140 = CARTESIAN_POINT ( 'NONE',  ( 0.000000000000000000, 0.4000000000000000222, -5.999999999999982236 ) ) ;
#3141 = EDGE_LOOP ( 'NONE', ( #2806, #196, #2274, #506 ) ) ;
#3142 = CARTESIAN_POINT ( 'NONE',  ( -4.099999999999999645, 1.225000000000037614, 0.000000000000000000 ) ) ;
#3143 = DIRECTION ( 'NONE',  ( 1.000000000000000000, 0.000000000000000000, 0.000000000000000000 ) ) ;
#3144 = ORIENTED_EDGE ( 'NONE', *, *, #793, .T. ) ;
#3145 = EDGE_CURVE ( 'NONE', #3697, #3371, #485, .T. ) ;
#3146 = DIRECTION ( 'NONE',  ( 0.000000000000000000, 1.000000000000000000, 0.000000000000000000 ) ) ;
#3147 = DIRECTION ( 'NONE',  ( -0.000000000000000000, 1.000000000000000000, -0.000000000000000000 ) ) ;
#3148 = CARTESIAN_POINT ( 'NONE',  ( -4.099999999999999645, 4.275000000000021672, -3.100000000000001865 ) ) ;
#3149 = CARTESIAN_POINT ( 'NONE',  ( -3.047540985521498325, 3.227459014478501587, 2.262714667361025001 ) ) ;
#3150 = ORIENTED_EDGE ( 'NONE', *, *, #1568, .F. ) ;
#3151 = VERTEX_POINT ( 'NONE', #2994 ) ;
#3152 = EDGE_CURVE ( 'NONE', #2448, #2232, #122, .T. ) ;
#3153 = DIRECTION ( 'NONE',  ( -3.469446951953614978E-15, 0.000000000000000000, 1.000000000000000000 ) ) ;
#3154 = FACE_OUTER_BOUND ( 'NONE', #2138, .T. ) ;
#3155 = PLANE ( 'NONE',  #3118 ) ;
#3156 = VERTEX_POINT ( 'NONE', #398 ) ;
#3157 = ORIENTED_EDGE ( 'NONE', *, *, #768, .F. ) ;
#3158 = EDGE_CURVE ( 'NONE', #3195, #3307, #3401, .T. ) ;
#3159 = CARTESIAN_POINT ( 'NONE',  ( 3.000000000000002665, 1.301022143997296432, -0.4690598923241172113 ) ) ;
#3160 = DIRECTION ( 'NONE',  ( -0.000000000000000000, -1.000000000000000000, -0.000000000000000000 ) ) ;
#3161 = LINE ( 'NONE', #4203, #3576 ) ;
#3162 = CARTESIAN_POINT ( 'NONE',  ( -2.179999999999997939, -2.887878387081802334, -5.380000000000020322 ) ) ;
#3163 = EDGE_LOOP ( 'NONE', ( #3097, #1511, #1367, #3501 ) ) ;
#3164 = CARTESIAN_POINT ( 'NONE',  ( 4.950000000000000178, 5.148076211353325604, -6.999999999999979572 ) ) ;
#3165 = CARTESIAN_POINT ( 'NONE',  ( 3.249999999999995115, 4.094999999999999751, -5.999999999999982236 ) ) ;
#3166 = LINE ( 'NONE', #870, #3115 ) ;
#3167 = CARTESIAN_POINT ( 'NONE',  ( 0.3200000000000021161, 4.094999999999999751, -9.400000000000000355 ) ) ;
#3168 = ORIENTED_EDGE ( 'NONE', *, *, #187, .T. ) ;
#3169 = EDGE_LOOP ( 'NONE', ( #1997, #166, #4034, #223 ) ) ;
#3170 = VECTOR ( 'NONE', #4102, 1000.000000000000000 ) ;
#3171 = LINE ( 'NONE', #255, #1264 ) ;
#3172 = DIRECTION ( 'NONE',  ( 1.000000000000000000, 0.000000000000000000, -0.000000000000000000 ) ) ;
#3173 = ADVANCED_FACE ( 'NONE', ( #3992 ), #1113, .F. ) ;
#3174 = LINE ( 'NONE', #2920, #2229 ) ;
#3175 = EDGE_LOOP ( 'NONE', ( #2642, #3551, #1576, #3489 ) ) ;
#3176 = VECTOR ( 'NONE', #1914, 1000.000000000000000 ) ;
#3177 = ORIENTED_EDGE ( 'NONE', *, *, #2313, .T. ) ;
#3178 = VECTOR ( 'NONE', #674, 1000.000000000000000 ) ;
#3179 = VECTOR ( 'NONE', #3559, 1000.000000000000000 ) ;
#3180 = VECTOR ( 'NONE', #545, 1000.000000000000000 ) ;
#3181 = EDGE_CURVE ( 'NONE', #204, #603, #415, .T. ) ;
#3182 = PLANE ( 'NONE',  #263 ) ;
#3183 = AXIS2_PLACEMENT_3D ( 'NONE', #2741, #2695, #1370 ) ;
#3184 = VECTOR ( 'NONE', #1654, 1000.000000000000000 ) ;
#3185 = VECTOR ( 'NONE', #1558, 1000.000000000000000 ) ;
#3186 = CARTESIAN_POINT ( 'NONE',  ( 2.949999999999994404, 5.275000000000011013, -0.8443375672973930657 ) ) ;
#3187 = CARTESIAN_POINT ( 'NONE',  ( -3.250000000000006217, 6.100000000000000533, -5.999999999999982236 ) ) ;
#3188 = PLANE ( 'NONE',  #3638 ) ;
#3189 = VECTOR ( 'NONE', #1459, 1000.000000000000000 ) ;
#3190 =( GEOMETRIC_REPRESENTATION_CONTEXT ( 3 ) GLOBAL_UNCERTAINTY_ASSIGNED_CONTEXT ( ( #1526 ) ) GLOBAL_UNIT_ASSIGNED_CONTEXT ( ( #1159, #500, #2714 ) ) REPRESENTATION_CONTEXT ( 'NONE', 'WORKASPACE' ) );
#3191 = CARTESIAN_POINT ( 'NONE',  ( -2.179999999999997939, -2.256834363362278051, -5.132120757304893033 ) ) ;
#3192 = FACE_OUTER_BOUND ( 'NONE', #1152, .T. ) ;
#3193 = DIRECTION ( 'NONE',  ( -0.000000000000000000, 1.000000000000000000, -0.000000000000000000 ) ) ;
#3194 = FACE_OUTER_BOUND ( 'NONE', #92, .T. ) ;
#3195 = VERTEX_POINT ( 'NONE', #77 ) ;
#3196 = ORIENTED_EDGE ( 'NONE', *, *, #1167, .T. ) ;
#3197 = EDGE_CURVE ( 'NONE', #2311, #1574, #3966, .T. ) ;
#3198 = FACE_OUTER_BOUND ( 'NONE', #921, .T. ) ;
#3199 = LINE ( 'NONE', #1578, #3976 ) ;
#3200 = LINE ( 'NONE', #1169, #2102 ) ;
#3201 = PLANE ( 'NONE',  #1067 ) ;
#3202 = ORIENTED_EDGE ( 'NONE', *, *, #433, .T. ) ;
#3203 = EDGE_LOOP ( 'NONE', ( #2617, #1787, #964, #181 ) ) ;
#3204 = EDGE_CURVE ( 'NONE', #1197, #2653, #713, .T. ) ;
#3205 = LINE ( 'NONE', #4135, #2095 ) ;
#3206 = ADVANCED_FACE ( 'NONE', ( #2078 ), #2657, .T. ) ;
#3207 = ORIENTED_EDGE ( 'NONE', *, *, #2084, .T. ) ;
#3208 = CARTESIAN_POINT ( 'NONE',  ( -4.050000000000000711, 0.000000000000000000, 0.000000000000000000 ) ) ;
#3209 = LINE ( 'NONE', #1844, #3180 ) ;
#3210 = APPLICATION_PROTOCOL_DEFINITION ( 'draft international standard', 'automotive_design', 1998, #3694 ) ;
#3211 = EDGE_CURVE ( 'NONE', #3530, #3674, #738, .T. ) ;
#3212 = CARTESIAN_POINT ( 'NONE',  ( -4.049999999999998046, 0.4000000000000000222, -6.999999999999964473 ) ) ;
#3213 = CARTESIAN_POINT ( 'NONE',  ( 2.180000000000000604, 4.094999999999999751, -4.700000000000000178 ) ) ;
#3214 = SURFACE_STYLE_FILL_AREA ( #591 ) ;
#3215 = DIRECTION ( 'NONE',  ( -1.000000000000000000, 0.000000000000000000, 0.000000000000000000 ) ) ;
#3216 = ORIENTED_EDGE ( 'NONE', *, *, #652, .F. ) ;
#3217 = ORIENTED_EDGE ( 'NONE', *, *, #440, .T. ) ;
#3218 = LINE ( 'NONE', #1332, #1890 ) ;
#3219 = DIRECTION ( 'NONE',  ( 1.000000000000000000, 0.000000000000000000, 0.000000000000000000 ) ) ;
#3220 = DIRECTION ( 'NONE',  ( 0.000000000000000000, -1.000000000000000000, 0.000000000000000000 ) ) ;
#3221 = CARTESIAN_POINT ( 'NONE',  ( -4.950000000000000178, 5.275000000000011013, 1.925929944387235853E-31 ) ) ;
#3222 = ORIENTED_EDGE ( 'NONE', *, *, #2115, .F. ) ;
#3223 = VERTEX_POINT ( 'NONE', #3624 ) ;
#3224 = CARTESIAN_POINT ( 'NONE',  ( -4.099999999999999645, 1.225000000000037614, -4.700000000000000178 ) ) ;
#3225 = EDGE_CURVE ( 'NONE', #1942, #2796, #2014, .T. ) ;
#3226 = LINE ( 'NONE', #4202, #2332 ) ;
#3227 = CARTESIAN_POINT ( 'NONE',  ( 2.949999999999994404, 1.301022143997296432, -0.5556624327025821986 ) ) ;
#3228 = DIRECTION ( 'NONE',  ( -1.000000000000000000, 0.000000000000000000, 0.000000000000000000 ) ) ;
#3229 = EDGE_CURVE ( 'NONE', #260, #2040, #1439, .T. ) ;
#3230 = CARTESIAN_POINT ( 'NONE',  ( -2.819999999999999396, -2.987878387081805975, -5.380000000000022098 ) ) ;
#3231 = LINE ( 'NONE', #225, #1331 ) ;
#3232 = CARTESIAN_POINT ( 'NONE',  ( 4.050000000000001599, 0.4000000000000000222, -6.999999999999973355 ) ) ;
#3233 = EDGE_CURVE ( 'NONE', #3356, #1652, #1074, .T. ) ;
#3234 = VERTEX_POINT ( 'NONE', #3671 ) ;
#3235 = ORIENTED_EDGE ( 'NONE', *, *, #3070, .F. ) ;
#3236 = DIRECTION ( 'NONE',  ( 0.000000000000000000, 0.000000000000000000, -1.000000000000000000 ) ) ;
#3237 = DIRECTION ( 'NONE',  ( 0.000000000000000000, -0.9276100592987797100, 0.3735499670562350549 ) ) ;
#3238 = DIRECTION ( 'NONE',  ( -0.000000000000000000, 1.000000000000000000, -0.000000000000000000 ) ) ;
#3239 = CARTESIAN_POINT ( 'NONE',  ( 0.3200000000000021161, 4.094999999999999751, -5.999999999999982236 ) ) ;
#3240 = ORIENTED_EDGE ( 'NONE', *, *, #2808, .T. ) ;
#3241 = ORIENTED_EDGE ( 'NONE', *, *, #724, .T. ) ;
#3242 = EDGE_CURVE ( 'NONE', #3674, #2801, #2774, .T. ) ;
#3243 = AXIS2_PLACEMENT_3D ( 'NONE', #903, #2200, #582 ) ;
#3244 = VECTOR ( 'NONE', #3786, 1000.000000000000000 ) ;
#3245 = AXIS2_PLACEMENT_3D ( 'NONE', #3601, #1010, #52 ) ;
#3246 = AXIS2_PLACEMENT_3D ( 'NONE', #3563, #2928, #1041 ) ;
#3247 = VECTOR ( 'NONE', #2355, 1000.000000000000227 ) ;
#3248 = CARTESIAN_POINT ( 'NONE',  ( -2.179999999999997939, 3.454999999999999627, 2.887878387081791232 ) ) ;
#3249 = DIRECTION ( 'NONE',  ( -0.000000000000000000, -1.000000000000000000, -0.000000000000000000 ) ) ;
#3250 = AXIS2_PLACEMENT_3D ( 'NONE', #780, #4032, #759 ) ;
#3251 = AXIS2_PLACEMENT_3D ( 'NONE', #3796, #2860, #4153 ) ;
#3252 = ADVANCED_FACE ( 'NONE', ( #1094 ), #2059, .T. ) ;
#3253 = DIRECTION ( 'NONE',  ( 0.000000000000000000, 3.794707603699131728E-14, -1.000000000000000000 ) ) ;
#3254 = DIRECTION ( 'NONE',  ( 0.000000000000000000, -1.000000000000000000, -1.404634393503488270E-16 ) ) ;
#3255 = VECTOR ( 'NONE', #2480, 1000.000000000000000 ) ;
#3256 = CARTESIAN_POINT ( 'NONE',  ( -2.179999999999997939, -2.887878387081802778, -5.300000000000016698 ) ) ;
#3257 = ORIENTED_EDGE ( 'NONE', *, *, #1287, .F. ) ;
#3258 = ORIENTED_EDGE ( 'NONE', *, *, #2915, .T. ) ;
#3259 = VECTOR ( 'NONE', #1917, 1000.000000000000000 ) ;
#3260 = ADVANCED_FACE ( 'NONE', ( #2719 ), #4013, .T. ) ;
#3261 = DIRECTION ( 'NONE',  ( 0.000000000000000000, -1.000000000000000000, 0.000000000000000000 ) ) ;
#3262 = DIRECTION ( 'NONE',  ( -0.000000000000000000, -0.000000000000000000, 1.000000000000000000 ) ) ;
#3263 = LINE ( 'NONE', #3, #725 ) ;
#3264 = CARTESIAN_POINT ( 'NONE',  ( -1.750000000000005107, 4.094999999999999751, -5.999999999999982236 ) ) ;
#3265 = VERTEX_POINT ( 'NONE', #162 ) ;
#3266 = AXIS2_PLACEMENT_3D ( 'NONE', #4027, #3396, #3077 ) ;
#3267 = VERTEX_POINT ( 'NONE', #3418 ) ;
#3268 = EDGE_CURVE ( 'NONE', #603, #1603, #1458, .T. ) ;
#3269 = DIRECTION ( 'NONE',  ( 0.000000000000000000, 0.000000000000000000, -1.000000000000000000 ) ) ;
#3270 = CARTESIAN_POINT ( 'NONE',  ( 4.950000000000000178, 0.000000000000000000, 0.000000000000000000 ) ) ;
#3271 = CARTESIAN_POINT ( 'NONE',  ( 4.099999999999999645, 5.275000000000011013, -3.100000000000001865 ) ) ;
#3272 = FACE_OUTER_BOUND ( 'NONE', #827, .T. ) ;
#3273 = ORIENTED_EDGE ( 'NONE', *, *, #1913, .T. ) ;
#3274 = ORIENTED_EDGE ( 'NONE', *, *, #1011, .T. ) ;
#3275 = ADVANCED_FACE ( 'NONE', ( #2804 ), #4144, .F. ) ;
#3276 = DIRECTION ( 'NONE',  ( 0.000000000000000000, -1.946735479746240487E-16, 1.000000000000000000 ) ) ;
#3277 = CARTESIAN_POINT ( 'NONE',  ( -0.3199999999999995626, 4.094999999999999751, -4.700000000000000178 ) ) ;
#3278 = PLANE ( 'NONE',  #865 ) ;
#3279 = DIRECTION ( 'NONE',  ( 0.000000000000000000, 0.000000000000000000, -1.000000000000000000 ) ) ;
#3280 = VERTEX_POINT ( 'NONE', #2760 ) ;
#3281 = ORIENTED_EDGE ( 'NONE', *, *, #3712, .F. ) ;
#3282 = EDGE_CURVE ( 'NONE', #2461, #2074, #208, .T. ) ;
#3283 = ADVANCED_FACE ( 'NONE', ( #3083 ), #1142, .F. ) ;
#3284 = FACE_OUTER_BOUND ( 'NONE', #1530, .T. ) ;
#3285 = CARTESIAN_POINT ( 'NONE',  ( -3.000000000000002665, 1.301022143997296432, -2.999999999999988898 ) ) ;
#3286 = FACE_OUTER_BOUND ( 'NONE', #796, .T. ) ;
#3287 = DIRECTION ( 'NONE',  ( 0.000000000000000000, 1.000000000000000000, -0.000000000000000000 ) ) ;
#3288 = LINE ( 'NONE', #2286, #1286 ) ;
#3289 = ORIENTED_EDGE ( 'NONE', *, *, #1056, .F. ) ;
#3290 = ORIENTED_EDGE ( 'NONE', *, *, #1527, .F. ) ;
#3291 = LINE ( 'NONE', #397, #106 ) ;
#3292 = DIRECTION ( 'NONE',  ( -0.000000000000000000, -1.000000000000000000, -0.000000000000000000 ) ) ;
#3293 = FACE_OUTER_BOUND ( 'NONE', #816, .T. ) ;
#3294 = VERTEX_POINT ( 'NONE', #1548 ) ;
#3295 = VERTEX_POINT ( 'NONE', #186 ) ;
#3296 = ADVANCED_FACE ( 'NONE', ( #1207 ), #1482, .F. ) ;
#3297 = CARTESIAN_POINT ( 'NONE',  ( -1.750000000000005107, 6.100000000000000533, -5.999999999999982236 ) ) ;
#3298 = VECTOR ( 'NONE', #3262, 1000.000000000000000 ) ;
#3299 = ADVANCED_FACE ( 'NONE', ( #2506 ), #1802, .F. ) ;
#3300 = CARTESIAN_POINT ( 'NONE',  ( 4.950000000000000178, 0.000000000000000000, 0.000000000000000000 ) ) ;
#3301 = VECTOR ( 'NONE', #2248, 1000.000000000000000 ) ;
#3302 = VECTOR ( 'NONE', #3096, 1000.000000000000000 ) ;
#3303 = VECTOR ( 'NONE', #3544, 1000.000000000000000 ) ;
#3304 = CARTESIAN_POINT ( 'NONE',  ( -1.550000000000009592, 1.301022143997296432, -3.699999999999991296 ) ) ;
#3305 = CARTESIAN_POINT ( 'NONE',  ( -2.949999999999988187, 1.301022143997296432, -0.5556624327025834198 ) ) ;
#3306 = DIRECTION ( 'NONE',  ( 0.000000000000000000, 1.000000000000000000, -5.421010862427523403E-17 ) ) ;
#3307 = VERTEX_POINT ( 'NONE', #3805 ) ;
#3308 = AXIS2_PLACEMENT_3D ( 'NONE', #1744, #3045, #128 ) ;
#3309 = VERTEX_POINT ( 'NONE', #1829 ) ;
#3310 = VECTOR ( 'NONE', #3060, 1000.000000000000000 ) ;
#3311 = VECTOR ( 'NONE', #1519, 1000.000000000000000 ) ;
#3312 = SURFACE_STYLE_FILL_AREA ( #1734 ) ;
#3313 = DIRECTION ( 'NONE',  ( 0.000000000000000000, 0.000000000000000000, -1.000000000000000000 ) ) ;
#3314 = CARTESIAN_POINT ( 'NONE',  ( -0.3199999999999995626, 0.000000000000000000, -5.999999999999982236 ) ) ;
#3315 = VECTOR ( 'NONE', #4043, 1000.000000000000000 ) ;
#3316 = LINE ( 'NONE', #63, #1630 ) ;
#3317 = ORIENTED_EDGE ( 'NONE', *, *, #1793, .F. ) ;
#3318 = ORIENTED_EDGE ( 'NONE', *, *, #2815, .F. ) ;
#3319 = AXIS2_PLACEMENT_3D ( 'NONE', #4145, #911, #618 ) ;
#3320 = DIRECTION ( 'NONE',  ( -1.000000000000000000, -0.000000000000000000, -0.000000000000000000 ) ) ;
#3321 = LINE ( 'NONE', #3696, #450 ) ;
#3322 = UNCERTAINTY_MEASURE_WITH_UNIT (LENGTH_MEASURE( 1.000000000000000082E-05 ), #988, 'distance_accuracy_value', 'NONE');
#3323 = DIRECTION ( 'NONE',  ( 0.000000000000000000, -0.9276100592987797100, 0.3735499670562350549 ) ) ;
#3324 = ADVANCED_FACE ( 'NONE', ( #1867 ), #3102, .F. ) ;
#3325 = VERTEX_POINT ( 'NONE', #1163 ) ;
#3326 = CARTESIAN_POINT ( 'NONE',  ( 2.849999999999991207, 6.100000000000000533, -0.7866025403784344672 ) ) ;
#3327 = LINE ( 'NONE', #2629, #789 ) ;
#3328 = DIRECTION ( 'NONE',  ( 1.000000000000000000, 0.000000000000000000, 0.000000000000000000 ) ) ;
#3329 =( LENGTH_UNIT ( ) NAMED_UNIT ( * ) SI_UNIT ( .MILLI., .METRE. ) );
#3330 = VERTEX_POINT ( 'NONE', #3759 ) ;
#3331 = ORIENTED_EDGE ( 'NONE', *, *, #544, .T. ) ;
#3332 = ADVANCED_FACE ( 'NONE', ( #2141 ), #528, .F. ) ;
#3333 = CARTESIAN_POINT ( 'NONE',  ( -2.819999999999999396, -2.987878387081805975, -5.380000000000022098 ) ) ;
#3334 = DIRECTION ( 'NONE',  ( -0.000000000000000000, 1.000000000000000000, -0.000000000000000000 ) ) ;
#3335 = CARTESIAN_POINT ( 'NONE',  ( 1.749999999999993783, 6.100000000000000533, -5.999999999999982236 ) ) ;
#3336 = ORIENTED_EDGE ( 'NONE', *, *, #2069, .F. ) ;
#3337 = ORIENTED_EDGE ( 'NONE', *, *, #26, .F. ) ;
#3338 = DIRECTION ( 'NONE',  ( -1.000000000000000000, 0.000000000000000000, 0.000000000000000000 ) ) ;
#3339 = DIRECTION ( 'NONE',  ( 1.000000000000000000, 0.000000000000000000, -0.000000000000000000 ) ) ;
#3340 = VERTEX_POINT ( 'NONE', #1182 ) ;
#3341 = ADVANCED_BREP_SHAPE_REPRESENTATION ( '', ( #1968, #59 ), #1416 ) ;
#3342 = LINE ( 'NONE', #767, #3788 ) ;
#3343 = ADVANCED_FACE ( 'NONE', ( #550 ), #2823, .T. ) ;
#3344 = ORIENTED_EDGE ( 'NONE', *, *, #2517, .F. ) ;
#3345 = LINE ( 'NONE', #2663, #3519 ) ;
#3346 = EDGE_CURVE ( 'NONE', #1282, #2191, #3480, .T. ) ;
#3347 = LINE ( 'NONE', #1820, #1612 ) ;
#3348 = CARTESIAN_POINT ( 'NONE',  ( -2.899999999999979039, 6.100000000000000533, -0.9309401076758572202 ) ) ;
#3349 = EDGE_LOOP ( 'NONE', ( #851, #1000, #432, #3274 ) ) ;
#3350 = ORIENTED_EDGE ( 'NONE', *, *, #2111, .F. ) ;
#3351 = DIRECTION ( 'NONE',  ( 0.000000000000000000, 0.000000000000000000, 1.000000000000000000 ) ) ;
#3352 = EDGE_CURVE ( 'NONE', #900, #3952, #3166, .T. ) ;
#3353 = DIRECTION ( 'NONE',  ( -1.000000000000000000, 0.000000000000000000, 0.000000000000000000 ) ) ;
#3354 = FACE_OUTER_BOUND ( 'NONE', #394, .T. ) ;
#3355 = FACE_OUTER_BOUND ( 'NONE', #3349, .T. ) ;
#3356 = VERTEX_POINT ( 'NONE', #3148 ) ;
#3357 = ORIENTED_EDGE ( 'NONE', *, *, #685, .T. ) ;
#3358 = DIRECTION ( 'NONE',  ( -1.000000000000000000, -0.000000000000000000, 0.000000000000000000 ) ) ;
#3359 = DIRECTION ( 'NONE',  ( -0.000000000000000000, -0.000000000000000000, 1.000000000000000000 ) ) ;
#3360 = UNCERTAINTY_MEASURE_WITH_UNIT (LENGTH_MEASURE( 1.000000000000000082E-05 ), #2948, 'distance_accuracy_value', 'NONE');
#3361 = EDGE_LOOP ( 'NONE', ( #4195, #376, #4001, #2396 ) ) ;
#3362 = DIRECTION ( 'NONE',  ( -0.000000000000000000, 1.000000000000000000, -0.000000000000000000 ) ) ;
#3363 = AXIS2_PLACEMENT_3D ( 'NONE', #3676, #4000, #721 ) ;
#3364 = MANIFOLD_SOLID_BREP ( 'Sweep3', #312 ) ;
#3365 = ORIENTED_EDGE ( 'NONE', *, *, #1927, .T. ) ;
#3366 = DIRECTION ( 'NONE',  ( -0.000000000000000000, 1.000000000000000000, -0.000000000000000000 ) ) ;
#3367 = DIRECTION ( 'NONE',  ( 0.000000000000000000, 1.000000000000000000, 0.000000000000000000 ) ) ;
#3368 = CARTESIAN_POINT ( 'NONE',  ( -4.950000000000000178, 4.275000000000021672, -1.224646799147336937E-16 ) ) ;
#3369 = VECTOR ( 'NONE', #1233, 1000.000000000000227 ) ;
#3370 = ORIENTED_EDGE ( 'NONE', *, *, #24, .T. ) ;
#3371 = VERTEX_POINT ( 'NONE', #2630 ) ;
#3372 = ORIENTED_EDGE ( 'NONE', *, *, #3121, .T. ) ;
#3373 = ADVANCED_FACE ( 'NONE', ( #2850, #955 ), #2230, .F. ) ;
#3374 = CIRCLE ( 'NONE', #1539, 0.07999999999999593547 ) ;
#3375 = VECTOR ( 'NONE', #1735, 1000.000000000000000 ) ;
#3376 = DIRECTION ( 'NONE',  ( -1.000000000000000000, -0.000000000000000000, -0.000000000000000000 ) ) ;
#3377 = AXIS2_PLACEMENT_3D ( 'NONE', #344, #1642, #2937 ) ;
#3378 = DIRECTION ( 'NONE',  ( -1.000000000000000000, 0.000000000000000000, 0.000000000000000000 ) ) ;
#3379 = PLANE ( 'NONE',  #607 ) ;
#3380 = EDGE_LOOP ( 'NONE', ( #3207, #2436, #834, #3598 ) ) ;
#3381 = VERTEX_POINT ( 'NONE', #3928 ) ;
#3382 = VECTOR ( 'NONE', #1911, 1000.000000000000000 ) ;
#3383 = EDGE_CURVE ( 'NONE', #507, #1453, #2887, .T. ) ;
#3384 = AXIS2_PLACEMENT_3D ( 'NONE', #3588, #3026, #2651 ) ;
#3385 = DIRECTION ( 'NONE',  ( 0.000000000000000000, -0.3420201433256686574, 0.9396926207859084279 ) ) ;
#3386 = CARTESIAN_POINT ( 'NONE',  ( -3.000000000000002665, 1.301022143997296432, -0.9309401076758572202 ) ) ;
#3387 = EDGE_LOOP ( 'NONE', ( #2104, #1780, #3908, #3881 ) ) ;
#3388 = AXIS2_PLACEMENT_3D ( 'NONE', #4033, #3084, #1164 ) ;
#3389 = EDGE_CURVE ( 'NONE', #1617, #30, #3890, .T. ) ;
#3390 = PRODUCT_DEFINITION_FORMATION_WITH_SPECIFIED_SOURCE ( 'ANY', '', #2930, .NOT_KNOWN. ) ;
#3391 = CARTESIAN_POINT ( 'NONE',  ( -2.179999999999997939, -2.987878387081805975, -5.380000000000022098 ) ) ;
#3392 = VERTEX_POINT ( 'NONE', #1013 ) ;
#3393 = LINE ( 'NONE', #476, #3031 ) ;
#3394 = LINE ( 'NONE', #1451, #3711 ) ;
#3395 = CARTESIAN_POINT ( 'NONE',  ( -2.179999999999997939, 3.454999999999999627, -4.700000000000017053 ) ) ;
#3396 = DIRECTION ( 'NONE',  ( 0.000000000000000000, 0.000000000000000000, 1.000000000000000000 ) ) ;
#3397 = VERTEX_POINT ( 'NONE', #1651 ) ;
#3398 = ORIENTED_EDGE ( 'NONE', *, *, #2243, .F. ) ;
#3399 = DIRECTION ( 'NONE',  ( -0.000000000000000000, -1.000000000000000000, 0.000000000000000000 ) ) ;
#3400 = CARTESIAN_POINT ( 'NONE',  ( 4.950000000000000178, 6.100000000000000533, -6.999999999999982236 ) ) ;
#3401 = LINE ( 'NONE', #3062, #1340 ) ;
#3402 = FACE_OUTER_BOUND ( 'NONE', #1144, .T. ) ;
#3403 = VERTEX_POINT ( 'NONE', #1934 ) ;
#3404 = ORIENTED_EDGE ( 'NONE', *, *, #2566, .F. ) ;
#3405 = EDGE_CURVE ( 'NONE', #982, #1303, #262, .T. ) ;
#3406 = CARTESIAN_POINT ( 'NONE',  ( 4.050000000000000711, 5.148076211353326492, -6.999999999999987566 ) ) ;
#3407 = PLANE ( 'NONE',  #1403 ) ;
#3408 = EDGE_CURVE ( 'NONE', #3340, #2486, #4181, .T. ) ;
#3409 = VERTEX_POINT ( 'NONE', #337 ) ;
#3410 = ADVANCED_FACE ( 'NONE', ( #3272 ), #2911, .F. ) ;
#3411 = CARTESIAN_POINT ( 'NONE',  ( -2.819999999999999396, 4.094999999999999751, -4.700000000000017053 ) ) ;
#3412 = ORIENTED_EDGE ( 'NONE', *, *, #579, .T. ) ;
#3413 = CARTESIAN_POINT ( 'NONE',  ( -4.950000000000000178, 0.000000000000000000, 0.000000000000000000 ) ) ;
#3414 = CARTESIAN_POINT ( 'NONE',  ( 2.820000000000002061, 3.454999999999999627, -4.700000000000000178 ) ) ;
#3415 = ORIENTED_EDGE ( 'NONE', *, *, #1854, .F. ) ;
#3416 = CARTESIAN_POINT ( 'NONE',  ( -2.819999999999999396, -2.987878387081805975, -5.380000000000022098 ) ) ;
#3417 = CARTESIAN_POINT ( 'NONE',  ( -2.329999999999997851, -3.399999999999999467, -5.380000000000022098 ) ) ;
#3418 = CARTESIAN_POINT ( 'NONE',  ( -2.329999999999997851, -3.399999999999999467, -5.870000000000022311 ) ) ;
#3419 = FACE_BOUND ( 'NONE', #3387, .T. ) ;
#3420 = VERTEX_POINT ( 'NONE', #275 ) ;
#3421 = EDGE_LOOP ( 'NONE', ( #1231, #571, #3826, #2698 ) ) ;
#3422 = EDGE_CURVE ( 'NONE', #2486, #3265, #1635, .T. ) ;
#3423 = DIRECTION ( 'NONE',  ( 0.000000000000000000, 0.000000000000000000, 1.000000000000000000 ) ) ;
#3424 = CARTESIAN_POINT ( 'NONE',  ( 2.949999999999994404, 5.275000000000011013, -0.5556624327025820875 ) ) ;
#3425 = ORIENTED_EDGE ( 'NONE', *, *, #3712, .T. ) ;
#3426 = ORIENTED_EDGE ( 'NONE', *, *, #967, .F. ) ;
#3427 = EDGE_CURVE ( 'NONE', #3812, #220, #617, .T. ) ;
#3428 = DIRECTION ( 'NONE',  ( 0.000000000000000000, -1.000000000000000000, 2.843808977011159604E-15 ) ) ;
#3429 = EDGE_CURVE ( 'NONE', #1453, #894, #1916, .T. ) ;
#3430 = ORIENTED_EDGE ( 'NONE', *, *, #2204, .F. ) ;
#3431 = DIRECTION ( 'NONE',  ( -3.469446951953614978E-15, 0.000000000000000000, 1.000000000000000000 ) ) ;
#3432 = DIRECTION ( 'NONE',  ( 0.000000000000000000, 0.000000000000000000, -1.000000000000000000 ) ) ;
#3433 = ORIENTED_EDGE ( 'NONE', *, *, #1927, .F. ) ;
#3434 = VECTOR ( 'NONE', #3688, 1000.000000000000000 ) ;
#3435 = CARTESIAN_POINT ( 'NONE',  ( -2.329999999999997851, 4.336808689942017736E-16, 3.299999999999982503 ) ) ;
#3436 = CARTESIAN_POINT ( 'NONE',  ( 2.820000000000002061, 3.454999999999999627, -4.700000000000000178 ) ) ;
#3437 = DIRECTION ( 'NONE',  ( -0.000000000000000000, 0.000000000000000000, -1.000000000000000000 ) ) ;
#3438 = CARTESIAN_POINT ( 'NONE',  ( 4.950000000000000178, 0.000000000000000000, 0.000000000000000000 ) ) ;
#3439 = ORIENTED_EDGE ( 'NONE', *, *, #1732, .T. ) ;
#3440 = ORIENTED_EDGE ( 'NONE', *, *, #2382, .T. ) ;
#3441 = AXIS2_PLACEMENT_3D ( 'NONE', #427, #219, #2817 ) ;
#3442 = VECTOR ( 'NONE', #1066, 1000.000000000000114 ) ;
#3443 = LINE ( 'NONE', #2146, #3244 ) ;
#3444 = CARTESIAN_POINT ( 'NONE',  ( 0.000000000000000000, -3.400000000000000355, -1.925000000000022471 ) ) ;
#3445 = VECTOR ( 'NONE', #132, 1000.000000000000000 ) ;
#3446 = ORIENTED_EDGE ( 'NONE', *, *, #489, .F. ) ;
#3447 = ORIENTED_EDGE ( 'NONE', *, *, #902, .T. ) ;
#3448 = VECTOR ( 'NONE', #193, 1000.000000000000000 ) ;
#3449 =( GEOMETRIC_REPRESENTATION_CONTEXT ( 3 ) GLOBAL_UNCERTAINTY_ASSIGNED_CONTEXT ( ( #1790 ) ) GLOBAL_UNIT_ASSIGNED_CONTEXT ( ( #1072, #757, #2057 ) ) REPRESENTATION_CONTEXT ( 'NONE', 'WORKASPACE' ) );
#3450 = AXIS2_PLACEMENT_3D ( 'NONE', #1759, #3328, #409 ) ;
#3451 = FACE_OUTER_BOUND ( 'NONE', #708, .T. ) ;
#3452 = AXIS2_PLACEMENT_3D ( 'NONE', #2189, #276, #209 ) ;
#3453 = CARTESIAN_POINT ( 'NONE',  ( -0.3199999999999995626, 3.454999999999999627, -4.700000000000000178 ) ) ;
#3454 = DIRECTION ( 'NONE',  ( 1.000000000000000000, 0.000000000000000000, 0.000000000000000000 ) ) ;
#3455 = DIRECTION ( 'NONE',  ( 0.000000000000000000, 1.000000000000000000, 0.000000000000000000 ) ) ;
#3456 = EDGE_CURVE ( 'NONE', #2487, #888, #311, .T. ) ;
#3457 = SHAPE_DEFINITION_REPRESENTATION ( #1572, #728 ) ;
#3458 = ORIENTED_EDGE ( 'NONE', *, *, #3874, .F. ) ;
#3459 = CARTESIAN_POINT ( 'NONE',  ( -2.179999999999997939, 2.774999999999997247, -5.380000000000020322 ) ) ;
#3460 = LINE ( 'NONE', #3497, #3706 ) ;
#3461 = DIRECTION ( 'NONE',  ( 0.000000000000000000, -1.000000000000000000, -0.000000000000000000 ) ) ;
#3462 = EDGE_CURVE ( 'NONE', #2795, #2401, #1293, .T. ) ;
#3463 = CARTESIAN_POINT ( 'NONE',  ( 4.950000000000000178, 0.000000000000000000, 0.000000000000000000 ) ) ;
#3464 = ORIENTED_EDGE ( 'NONE', *, *, #334, .F. ) ;
#3465 = ORIENTED_EDGE ( 'NONE', *, *, #2785, .F. ) ;
#3466 = DIRECTION ( 'NONE',  ( -0.3236155771181846164, 0.8891264907159884823, -0.3236155771181846164 ) ) ;
#3467 = CARTESIAN_POINT ( 'NONE',  ( -2.819999999999999396, -2.887878387081802334, -5.380000000000021210 ) ) ;
#3468 = DIRECTION ( 'NONE',  ( -0.9396926207859084279, -0.3420201433256686574, -6.658227477999735428E-17 ) ) ;
#3469 = ORIENTED_EDGE ( 'NONE', *, *, #3242, .F. ) ;
#3470 = VERTEX_POINT ( 'NONE', #2266 ) ;
#3471 = CARTESIAN_POINT ( 'NONE',  ( -4.950000000000000178, 6.100000000000000533, -6.999999999999982236 ) ) ;
#3472 = ORIENTED_EDGE ( 'NONE', *, *, #405, .T. ) ;
#3473 = CARTESIAN_POINT ( 'NONE',  ( 0.3200000000000021161, 3.454999999999999627, -4.700000000000000178 ) ) ;
#3474 = CARTESIAN_POINT ( 'NONE',  ( -2.179999999999997939, 4.094999999999999751, 2.887878387081791232 ) ) ;
#3475 = ORIENTED_EDGE ( 'NONE', *, *, #1107, .F. ) ;
#3476 = ADVANCED_FACE ( 'NONE', ( #3564 ), #2284, .T. ) ;
#3477 = DIRECTION ( 'NONE',  ( -0.000000000000000000, 1.000000000000000000, -0.000000000000000000 ) ) ;
#3478 =( REPRESENTATION_RELATIONSHIP ('NONE','NONE', #728, #1907 ) REPRESENTATION_RELATIONSHIP_WITH_TRANSFORMATION ( #2565 )SHAPE_REPRESENTATION_RELATIONSHIP( ) );
#3479 = DIRECTION ( 'NONE',  ( -0.000000000000000000, -1.000000000000000000, -0.000000000000000000 ) ) ;
#3480 = LINE ( 'NONE', #569, #2093 ) ;
#3481 = FACE_OUTER_BOUND ( 'NONE', #811, .T. ) ;
#3482 = ORIENTED_EDGE ( 'NONE', *, *, #2444, .F. ) ;
#3483 = ORIENTED_EDGE ( 'NONE', *, *, #4020, .F. ) ;
#3484 = ADVANCED_FACE ( 'NONE', ( #2713 ), #2685, .T. ) ;
#3485 = LINE ( 'NONE', #319, #3503 ) ;
#3486 = CARTESIAN_POINT ( 'NONE',  ( -4.950000000000000178, 0.000000000000000000, -6.999999999999964473 ) ) ;
#3487 = CYLINDRICAL_SURFACE ( 'NONE', #806, 0.6999999999999914069 ) ;
#3488 = EDGE_LOOP ( 'NONE', ( #2969, #79, #4092, #1755 ) ) ;
#3489 = ORIENTED_EDGE ( 'NONE', *, *, #2390, .F. ) ;
#3490 = LINE ( 'NONE', #580, #329 ) ;
#3491 = DIRECTION ( 'NONE',  ( 0.000000000000000000, 1.000000000000000000, 8.163404592832033571E-15 ) ) ;
#3492 = DIRECTION ( 'NONE',  ( 1.000000000000000000, 0.000000000000000000, 0.000000000000000000 ) ) ;
#3493 = LINE ( 'NONE', #241, #1203 ) ;
#3494 = CONTEXT_DEPENDENT_SHAPE_REPRESENTATION ( #1585, #39 ) ;
#3495 = ADVANCED_FACE ( 'NONE', ( #1666 ), #2665, .T. ) ;
#3496 = LINE ( 'NONE', #953, #3301 ) ;
#3497 = CARTESIAN_POINT ( 'NONE',  ( -4.050000000000000711, 2.549999999999999822, -11.49999999999999645 ) ) ;
#3498 = DIRECTION ( 'NONE',  ( -1.000000000000000000, 0.000000000000000000, -0.000000000000000000 ) ) ;
#3499 = CARTESIAN_POINT ( 'NONE',  ( -2.179999999999997939, 3.454999999999999627, -4.700000000000017053 ) ) ;
#3500 = VERTEX_POINT ( 'NONE', #4026 ) ;
#3501 = ORIENTED_EDGE ( 'NONE', *, *, #2001, .F. ) ;
#3502 = EDGE_CURVE ( 'NONE', #1217, #1720, #136, .T. ) ;
#3503 = VECTOR ( 'NONE', #978, 1000.000000000000000 ) ;
#3504 = LINE ( 'NONE', #1598, #1961 ) ;
#3505 = LINE ( 'NONE', #280, #3917 ) ;
#3506 = DIRECTION ( 'NONE',  ( 0.000000000000000000, 0.000000000000000000, 1.000000000000000000 ) ) ;
#3507 = FACE_OUTER_BOUND ( 'NONE', #4165, .T. ) ;
#3508 = ORIENTED_EDGE ( 'NONE', *, *, #3051, .F. ) ;
#3509 = AXIS2_PLACEMENT_3D ( 'NONE', #1498, #2802, #4095 ) ;
#3510 = ORIENTED_EDGE ( 'NONE', *, *, #2156, .F. ) ;
#3511 = AXIS2_PLACEMENT_3D ( 'NONE', #4055, #1481, #1141 ) ;
#3512 = ADVANCED_FACE ( 'NONE', ( #752, #3641 ), #3055, .F. ) ;
#3513 = AXIS2_PLACEMENT_3D ( 'NONE', #25, #2330, #703 ) ;
#3514 = CARTESIAN_POINT ( 'NONE',  ( -2.819999999999999396, -2.256834363362278051, -5.132120757304893033 ) ) ;
#3515 = AXIS2_PLACEMENT_3D ( 'NONE', #1836, #232, #1234 ) ;
#3516 = ADVANCED_FACE ( 'NONE', ( #689 ), #3665, .T. ) ;
#3517 = VECTOR ( 'NONE', #2551, 1000.000000000000000 ) ;
#3518 = VECTOR ( 'NONE', #2405, 1000.000000000000000 ) ;
#3519 = VECTOR ( 'NONE', #3004, 1000.000000000000000 ) ;
#3520 = DIRECTION ( 'NONE',  ( -0.000000000000000000, -0.000000000000000000, 1.000000000000000000 ) ) ;
#3521 = DIRECTION ( 'NONE',  ( 1.000000000000000000, 0.000000000000000000, 0.000000000000000000 ) ) ;
#3522 = EDGE_LOOP ( 'NONE', ( #1796, #1998, #1034, #2643 ) ) ;
#3523 = PLANE ( 'NONE',  #666 ) ;
#3524 = AXIS2_PLACEMENT_3D ( 'NONE', #157, #863, #1888 ) ;
#3525 = DIRECTION ( 'NONE',  ( 0.000000000000000000, 0.000000000000000000, -1.000000000000000000 ) ) ;
#3526 = CARTESIAN_POINT ( 'NONE',  ( 1.749999999999997113, 0.3999999999999999112, -6.999999999999982236 ) ) ;
#3527 = DIRECTION ( 'NONE',  ( 0.000000000000000000, -1.000000000000000000, 0.000000000000000000 ) ) ;
#3528 = CYLINDRICAL_SURFACE ( 'NONE', #538, 0.1000000000000226541 ) ;
#3529 = ORIENTED_EDGE ( 'NONE', *, *, #645, .F. ) ;
#3530 = VERTEX_POINT ( 'NONE', #1433 ) ;
#3531 = DIRECTION ( 'NONE',  ( -0.000000000000000000, 5.421010862427523403E-17, 1.000000000000000000 ) ) ;
#3532 = CARTESIAN_POINT ( 'NONE',  ( 3.249999999999998668, 0.3999999999999999112, -6.999999999999982236 ) ) ;
#3533 = DIRECTION ( 'NONE',  ( 0.000000000000000000, 0.000000000000000000, -1.000000000000000000 ) ) ;
#3534 = EDGE_CURVE ( 'NONE', #362, #194, #50, .T. ) ;
#3535 = DIRECTION ( 'NONE',  ( -0.3236155771181859486, 0.3236155771181840612, -0.8891264907159881492 ) ) ;
#3536 = ORIENTED_EDGE ( 'NONE', *, *, #2517, .T. ) ;
#3537 = ORIENTED_EDGE ( 'NONE', *, *, #1854, .T. ) ;
#3538 = EDGE_CURVE ( 'NONE', #2487, #169, #368, .T. ) ;
#3539 = DIRECTION ( 'NONE',  ( 0.000000000000000000, -1.000000000000000000, 0.000000000000000000 ) ) ;
#3540 = ADVANCED_FACE ( 'NONE', ( #3006 ), #1106, .T. ) ;
#3541 = PRODUCT ( 'S3B-XH-A-E', 'S3B-XH-A-E', '', ( #1541 ) ) ;
#3542 = CARTESIAN_POINT ( 'NONE',  ( 2.180000000000000604, 3.454999999999999627, -5.999999999999982236 ) ) ;
#3543 = DIRECTION ( 'NONE',  ( 1.000000000000000000, -0.000000000000000000, 0.000000000000000000 ) ) ;
#3544 = DIRECTION ( 'NONE',  ( -0.000000000000000000, 1.000000000000000000, 1.404634393503488270E-16 ) ) ;
#3545 = EDGE_CURVE ( 'NONE', #2453, #3530, #2840, .T. ) ;
#3546 = LINE ( 'NONE', #649, #1467 ) ;
#3547 = LINE ( 'NONE', #2591, #1124 ) ;
#3548 = CARTESIAN_POINT ( 'NONE',  ( -3.000000000000006217, 6.100000000000000533, 0.000000000000000000 ) ) ;
#3549 = LINE ( 'NONE', #1208, #3255 ) ;
#3550 = ORIENTED_EDGE ( 'NONE', *, *, #3883, .T. ) ;
#3551 = ORIENTED_EDGE ( 'NONE', *, *, #817, .T. ) ;
#3552 = DIRECTION ( 'NONE',  ( 0.000000000000000000, 0.000000000000000000, -1.000000000000000000 ) ) ;
#3553 = DIRECTION ( 'NONE',  ( -0.000000000000000000, 0.000000000000000000, -1.000000000000000000 ) ) ;
#3554 = LINE ( 'NONE', #1940, #4124 ) ;
#3555 = DIRECTION ( 'NONE',  ( -0.000000000000000000, -0.000000000000000000, 1.000000000000000000 ) ) ;
#3556 = ORIENTED_EDGE ( 'NONE', *, *, #2278, .F. ) ;
#3557 = ORIENTED_EDGE ( 'NONE', *, *, #1078, .F. ) ;
#3558 = EDGE_CURVE ( 'NONE', #3381, #1401, #2072, .T. ) ;
#3559 = DIRECTION ( 'NONE',  ( 0.000000000000000000, 0.000000000000000000, -1.000000000000000000 ) ) ;
#3560 = CARTESIAN_POINT ( 'NONE',  ( -4.950000000000000178, 0.000000000000000000, -11.50000000000001776 ) ) ;
#3561 = EDGE_CURVE ( 'NONE', #683, #2549, #1068, .T. ) ;
#3562 = CARTESIAN_POINT ( 'NONE',  ( 3.000000000000009770, 5.275000000000011013, -7.347880794884133541E-16 ) ) ;
#3563 = CARTESIAN_POINT ( 'NONE',  ( -2.899999999999992806, 5.275000000000011013, -0.6999999999999876321 ) ) ;
#3564 = FACE_OUTER_BOUND ( 'NONE', #1522, .T. ) ;
#3565 = CARTESIAN_POINT ( 'NONE',  ( -4.050000000000000711, 2.549999999999999822, -11.49999999999999645 ) ) ;
#3566 = ORIENTED_EDGE ( 'NONE', *, *, #1056, .T. ) ;
#3567 = ORIENTED_EDGE ( 'NONE', *, *, #1423, .F. ) ;
#3568 = ADVANCED_FACE ( 'NONE', ( #3959 ), #1042, .T. ) ;
#3569 = DIRECTION ( 'NONE',  ( 0.000000000000000000, 0.000000000000000000, -1.000000000000000000 ) ) ;
#3570 = LINE ( 'NONE', #4148, #1535 ) ;
#3571 = DIRECTION ( 'NONE',  ( 0.000000000000000000, 1.946735479746240487E-16, -1.000000000000000000 ) ) ;
#3572 = LINE ( 'NONE', #3264, #2777 ) ;
#3573 = ORIENTED_EDGE ( 'NONE', *, *, #756, .T. ) ;
#3574 = EDGE_LOOP ( 'NONE', ( #2149, #3556, #3550, #943 ) ) ;
#3575 = VECTOR ( 'NONE', #4125, 1000.000000000000000 ) ;
#3576 = VECTOR ( 'NONE', #1944, 1000.000000000000000 ) ;
#3577 = CIRCLE ( 'NONE', #3246, 0.1000000000000021011 ) ;
#3578 = AXIS2_PLACEMENT_3D ( 'NONE', #1922, #940, #1994 ) ;
#3579 = CARTESIAN_POINT ( 'NONE',  ( -3.250000000000006217, 0.3999999999999999112, -5.999999999999982236 ) ) ;
#3580 = VECTOR ( 'NONE', #905, 1000.000000000000000 ) ;
#3581 = PRODUCT_RELATED_PRODUCT_CATEGORY ( 'part', '', ( #1228 ) ) ;
#3582 = VECTOR ( 'NONE', #1764, 1000.000000000000000 ) ;
#3583 = VECTOR ( 'NONE', #2154, 1000.000000000000000 ) ;
#3584 = CARTESIAN_POINT ( 'NONE',  ( -2.299999999999999822, 1.301022143997296432, -3.699999999999991296 ) ) ;
#3585 = EDGE_CURVE ( 'NONE', #149, #2456, #2366, .T. ) ;
#3586 = DIRECTION ( 'NONE',  ( 0.000000000000000000, -1.000000000000000000, 0.000000000000000000 ) ) ;
#3587 = CIRCLE ( 'NONE', #2916, 0.6800000000000034905 ) ;
#3588 = CARTESIAN_POINT ( 'NONE',  ( 0.000000000000000000, 4.336808689942017736E-16, 3.299999999999982503 ) ) ;
#3589 = ORIENTED_EDGE ( 'NONE', *, *, #43, .T. ) ;
#3590 = ORIENTED_EDGE ( 'NONE', *, *, #1976, .T. ) ;
#3591 = AXIS2_PLACEMENT_3D ( 'NONE', #2406, #4093, #521 ) ;
#3592 = CARTESIAN_POINT ( 'NONE',  ( 4.950000000000000178, 0.000000000000000000, -6.999999999999964473 ) ) ;
#3593 = EDGE_CURVE ( 'NONE', #133, #1652, #2968, .T. ) ;
#3594 = CARTESIAN_POINT ( 'NONE',  ( -1.750000000000005107, 0.000000000000000000, -5.999999999999982236 ) ) ;
#3595 = DIRECTION ( 'NONE',  ( 0.000000000000000000, -8.163404592832033571E-15, 1.000000000000000000 ) ) ;
#3596 = DIRECTION ( 'NONE',  ( 0.000000000000000000, -1.000000000000000000, -0.000000000000000000 ) ) ;
#3597 = ORIENTED_EDGE ( 'NONE', *, *, #672, .T. ) ;
#3598 = ORIENTED_EDGE ( 'NONE', *, *, #3352, .F. ) ;
#3599 = CARTESIAN_POINT ( 'NONE',  ( -2.179999999999997939, 4.095000000000000639, -4.700000000000017053 ) ) ;
#3600 = ADVANCED_FACE ( 'NONE', ( #1349 ), #1026, .T. ) ;
#3601 = CARTESIAN_POINT ( 'NONE',  ( -2.819999999999999396, -2.017762384446295520, -5.725791195256118016 ) ) ;
#3602 = CARTESIAN_POINT ( 'NONE',  ( -1.550000000000009592, 1.301022143997296432, 0.000000000000000000 ) ) ;
#3603 = DIRECTION ( 'NONE',  ( -1.000000000000000000, -0.000000000000000000, -0.000000000000000000 ) ) ;
#3604 = ORIENTED_EDGE ( 'NONE', *, *, #2586, .T. ) ;
#3605 = EDGE_LOOP ( 'NONE', ( #2176, #1731, #21, #2555 ) ) ;
#3606 = EDGE_CURVE ( 'NONE', #124, #1121, #3705, .T. ) ;
#3607 = CARTESIAN_POINT ( 'NONE',  ( 4.950000000000000178, 2.549999999999999822, -11.49999999999999645 ) ) ;
#3608 = DIRECTION ( 'NONE',  ( 0.000000000000000000, 0.000000000000000000, 1.000000000000000000 ) ) ;
#3609 = DIRECTION ( 'NONE',  ( -0.000000000000000000, 0.9396926207859079838, -0.3420201433256699342 ) ) ;
#3610 = DIRECTION ( 'NONE',  ( 1.000000000000000000, -0.000000000000000000, -0.000000000000000000 ) ) ;
#3611 = ORIENTED_EDGE ( 'NONE', *, *, #1951, .F. ) ;
#3612 = ORIENTED_EDGE ( 'NONE', *, *, #693, .T. ) ;
#3613 = EDGE_CURVE ( 'NONE', #1825, #4109, #4047, .T. ) ;
#3614 = CARTESIAN_POINT ( 'NONE',  ( 3.000000000000009770, 1.301022143997296432, -7.347880794884133541E-16 ) ) ;
#3615 = FACE_OUTER_BOUND ( 'NONE', #1869, .T. ) ;
#3616 = DIRECTION ( 'NONE',  ( 0.9396926207859085389, -0.3420201433256685464, -6.658227477999732963E-17 ) ) ;
#3617 = LINE ( 'NONE', #391, #3032 ) ;
#3618 = CARTESIAN_POINT ( 'NONE',  ( -2.179999999999997939, -1.356834363362289908, -5.967879242695143027 ) ) ;
#3619 =( NAMED_UNIT ( * ) PLANE_ANGLE_UNIT ( ) SI_UNIT ( $, .RADIAN. ) );
#3620 = ORIENTED_EDGE ( 'NONE', *, *, #2001, .T. ) ;
#3621 = ORIENTED_EDGE ( 'NONE', *, *, #1322, .F. ) ;
#3622 = DIRECTION ( 'NONE',  ( -1.000000000000000000, -0.000000000000000000, 0.000000000000000000 ) ) ;
#3623 = DIRECTION ( 'NONE',  ( -1.000000000000000000, 0.000000000000000000, 0.000000000000000000 ) ) ;
#3624 = CARTESIAN_POINT ( 'NONE',  ( 4.950000000000000178, 0.000000000000000000, 0.000000000000000000 ) ) ;
#3625 = ADVANCED_FACE ( 'NONE', ( #1133 ), #2101, .F. ) ;
#3626 = FACE_OUTER_BOUND ( 'NONE', #277, .T. ) ;
#3627 = ORIENTED_EDGE ( 'NONE', *, *, #579, .F. ) ;
#3628 = ORIENTED_EDGE ( 'NONE', *, *, #496, .T. ) ;
#3629 = DIRECTION ( 'NONE',  ( -0.000000000000000000, -1.000000000000000000, -0.000000000000000000 ) ) ;
#3630 = CARTESIAN_POINT ( 'NONE',  ( 3.249999999999995115, 0.000000000000000000, -5.999999999999982236 ) ) ;
#3631 = EDGE_CURVE ( 'NONE', #918, #3294, #1452, .T. ) ;
#3632 = VECTOR ( 'NONE', #3320, 1000.000000000000000 ) ;
#3633 = VECTOR ( 'NONE', #2724, 1000.000000000000000 ) ;
#3634 = EDGE_CURVE ( 'NONE', #2756, #1240, #1923, .T. ) ;
#3635 = CARTESIAN_POINT ( 'NONE',  ( -2.179999999999997939, -2.887878387081802334, -5.380000000000021210 ) ) ;
#3636 = VECTOR ( 'NONE', #3737, 1000.000000000000000 ) ;
#3637 = VECTOR ( 'NONE', #247, 1000.000000000000000 ) ;
#3638 = AXIS2_PLACEMENT_3D ( 'NONE', #2474, #1223, #2521 ) ;
#3639 = DIRECTION ( 'NONE',  ( -1.000000000000000000, 0.000000000000000000, 0.000000000000000000 ) ) ;
#3640 = CARTESIAN_POINT ( 'NONE',  ( 0.7499999999999950040, 6.100000000000000533, -5.999999999999982236 ) ) ;
#3641 = FACE_OUTER_BOUND ( 'NONE', #1954, .T. ) ;
#3642 = DIRECTION ( 'NONE',  ( -1.000000000000000000, 0.000000000000000000, -0.000000000000000000 ) ) ;
#3643 = ORIENTED_EDGE ( 'NONE', *, *, #58, .F. ) ;
#3644 = VECTOR ( 'NONE', #1419, 1000.000000000000000 ) ;
#3645 = VERTEX_POINT ( 'NONE', #3239 ) ;
#3646 = VECTOR ( 'NONE', #140, 1000.000000000000227 ) ;
#3647 = VECTOR ( 'NONE', #1972, 1000.000000000000000 ) ;
#3648 = CARTESIAN_POINT ( 'NONE',  ( -4.099999999999999645, 5.275000000000011013, -4.700000000000000178 ) ) ;
#3649 = CARTESIAN_POINT ( 'NONE',  ( -2.669999999999999485, -3.399999999999999467, -6.020000000000021778 ) ) ;
#3650 = CARTESIAN_POINT ( 'NONE',  ( -2.179999999999997939, -3.399999999999999467, -6.020000000000021778 ) ) ;
#3651 = EDGE_LOOP ( 'NONE', ( #1117, #1449, #3337, #1171 ) ) ;
#3652 = VERTEX_POINT ( 'NONE', #1235 ) ;
#3653 = VECTOR ( 'NONE', #2830, 1000.000000000000114 ) ;
#3654 = EDGE_CURVE ( 'NONE', #475, #3873, #300, .T. ) ;
#3655 = CARTESIAN_POINT ( 'NONE',  ( 2.299999999999999822, 6.100000000000000533, -3.699999999999991740 ) ) ;
#3656 = COLOUR_RGB ( '',0.7960784313725489669, 0.8235294117647058432, 0.9372549019607843146 ) ;
#3657 = CARTESIAN_POINT ( 'NONE',  ( -2.949999999999988187, 5.275000000000011013, -0.5556624327025833088 ) ) ;
#3658 = ORIENTED_EDGE ( 'NONE', *, *, #433, .F. ) ;
#3659 = EDGE_CURVE ( 'NONE', #2448, #1762, #3174, .T. ) ;
#3660 = LINE ( 'NONE', #2047, #1405 ) ;
#3661 = EDGE_CURVE ( 'NONE', #2923, #3397, #387, .T. ) ;
#3662 = ORIENTED_EDGE ( 'NONE', *, *, #405, .F. ) ;
#3663 = LINE ( 'NONE', #2683, #323 ) ;
#3664 = CARTESIAN_POINT ( 'NONE',  ( -2.179999999999997939, 3.454999999999999627, -4.700000000000000178 ) ) ;
#3665 = PLANE ( 'NONE',  #2357 ) ;
#3666 = DIRECTION ( 'NONE',  ( 0.000000000000000000, 0.000000000000000000, 1.000000000000000000 ) ) ;
#3667 = ORIENTED_EDGE ( 'NONE', *, *, #3197, .T. ) ;
#3668 = ORIENTED_EDGE ( 'NONE', *, *, #68, .T. ) ;
#3669 = PRESENTATION_STYLE_ASSIGNMENT (( #1695 ) ) ;
#3670 = DIRECTION ( 'NONE',  ( -0.000000000000000000, -1.000000000000000000, -0.000000000000000000 ) ) ;
#3671 = CARTESIAN_POINT ( 'NONE',  ( 3.000000000000002665, 6.100000000000000533, -2.999999999999989786 ) ) ;
#3672 = PLANE ( 'NONE',  #3388 ) ;
#3673 = ORIENTED_EDGE ( 'NONE', *, *, #1504, .T. ) ;
#3674 = VERTEX_POINT ( 'NONE', #1625 ) ;
#3675 = CARTESIAN_POINT ( 'NONE',  ( 4.950000000000000178, 6.100000000000000533, -6.999999999999982236 ) ) ;
#3676 = CARTESIAN_POINT ( 'NONE',  ( -2.179999999999997939, 2.774999999999996803, -4.700000000000017053 ) ) ;
#3677 = ORIENTED_EDGE ( 'NONE', *, *, #23, .F. ) ;
#3678 = ADVANCED_FACE ( 'NONE', ( #3507 ), #282, .F. ) ;
#3679 = DIRECTION ( 'NONE',  ( 1.000000000000000000, 0.000000000000000000, 0.000000000000000000 ) ) ;
#3680 = ADVANCED_FACE ( 'NONE', ( #259 ), #3789, .F. ) ;
#3681 = ORIENTED_EDGE ( 'NONE', *, *, #2885, .T. ) ;
#3682 = LINE ( 'NONE', #687, #1812 ) ;
#3683 = DIRECTION ( 'NONE',  ( 1.000000000000000000, -0.000000000000000000, -0.000000000000000000 ) ) ;
#3684 = CARTESIAN_POINT ( 'NONE',  ( -2.819999999999999396, -1.117762384446300938, -5.374208804743923373 ) ) ;
#3685 = ADVANCED_FACE ( 'NONE', ( #1215 ), #2256, .T. ) ;
#3686 = ORIENTED_EDGE ( 'NONE', *, *, #468, .F. ) ;
#3687 = ORIENTED_EDGE ( 'NONE', *, *, #1378, .F. ) ;
#3688 = DIRECTION ( 'NONE',  ( 1.000000000000000000, -0.000000000000000000, -0.000000000000000000 ) ) ;
#3689 = CARTESIAN_POINT ( 'NONE',  ( -2.390378798518057124, 3.665378798518059700, 4.068252937072387887 ) ) ;
#3690 = ADVANCED_FACE ( 'NONE', ( #3831 ), #3155, .F. ) ;
#3691 = CARTESIAN_POINT ( 'NONE',  ( -2.179999999999997939, 4.094999999999999751, -4.700000000000000178 ) ) ;
#3692 = ORIENTED_EDGE ( 'NONE', *, *, #2380, .T. ) ;
#3693 = ORIENTED_EDGE ( 'NONE', *, *, #3923, .F. ) ;
#3694 = APPLICATION_CONTEXT ( 'automotive_design' ) ;
#3695 = DIRECTION ( 'NONE',  ( -0.000000000000000000, -1.000000000000000000, -0.000000000000000000 ) ) ;
#3696 = CARTESIAN_POINT ( 'NONE',  ( 4.950000000000000178, 6.100000000000000533, -6.999999999999982236 ) ) ;
#3697 = VERTEX_POINT ( 'NONE', #1857 ) ;
#3698 = CYLINDRICAL_SURFACE ( 'NONE', #1126, 0.08000000000000281886 ) ;
#3699 = VECTOR ( 'NONE', #1098, 1000.000000000000000 ) ;
#3700 = ORIENTED_EDGE ( 'NONE', *, *, #3158, .F. ) ;
#3701 = EDGE_CURVE ( 'NONE', #2801, #411, #1528, .T. ) ;
#3702 = PLANE ( 'NONE',  #108 ) ;
#3703 = DIRECTION ( 'NONE',  ( 0.9396926207859079838, 0.000000000000000000, -0.3420201433256699342 ) ) ;
#3704 = VECTOR ( 'NONE', #525, 1000.000000000000000 ) ;
#3705 = LINE ( 'NONE', #1778, #2700 ) ;
#3706 = VECTOR ( 'NONE', #549, 1000.000000000000000 ) ;
#3707 = CARTESIAN_POINT ( 'NONE',  ( 0.000000000000000000, 0.000000000000000000, 0.000000000000000000 ) ) ;
#3708 = ORIENTED_EDGE ( 'NONE', *, *, #555, .T. ) ;
#3709 = ORIENTED_EDGE ( 'NONE', *, *, #1639, .F. ) ;
#3710 = VECTOR ( 'NONE', #240, 1000.000000000000000 ) ;
#3711 = VECTOR ( 'NONE', #3683, 1000.000000000000000 ) ;
#3712 = EDGE_CURVE ( 'NONE', #4164, #1209, #3587, .T. ) ;
#3713 = PLANE ( 'NONE',  #2963 ) ;
#3714 = CARTESIAN_POINT ( 'NONE',  ( -3.000000000000002665, 5.275000000000011013, -0.9309401076758572202 ) ) ;
#3715 = AXIS2_PLACEMENT_3D ( 'NONE', #2413, #436, #2322 ) ;
#3716 = DIRECTION ( 'NONE',  ( -0.3236155771181859486, 0.3236155771181840612, -0.8891264907159881492 ) ) ;
#3717 = FACE_OUTER_BOUND ( 'NONE', #1043, .T. ) ;
#3718 = ORIENTED_EDGE ( 'NONE', *, *, #2704, .F. ) ;
#3719 = ORIENTED_EDGE ( 'NONE', *, *, #512, .T. ) ;
#3720 = VECTOR ( 'NONE', #621, 1000.000000000000000 ) ;
#3721 = AXIS2_PLACEMENT_3D ( 'NONE', #4161, #1571, #13 ) ;
#3722 = EDGE_CURVE ( 'NONE', #475, #2675, #4128, .T. ) ;
#3723 = VECTOR ( 'NONE', #2504, 1000.000000000000000 ) ;
#3724 = LINE ( 'NONE', #1149, #316 ) ;
#3725 = CARTESIAN_POINT ( 'NONE',  ( -3.000000000000006217, 1.301022143997296432, 0.000000000000000000 ) ) ;
#3726 = ORIENTED_EDGE ( 'NONE', *, *, #494, .F. ) ;
#3727 = VECTOR ( 'NONE', #2977, 1000.000000000000000 ) ;
#3728 = STYLED_ITEM ( 'NONE', ( #2054 ), #3752 ) ;
#3729 = ORIENTED_EDGE ( 'NONE', *, *, #1242, .T. ) ;
#3730 = FACE_OUTER_BOUND ( 'NONE', #2575, .T. ) ;
#3731 = ORIENTED_EDGE ( 'NONE', *, *, #4133, .F. ) ;
#3732 = CARTESIAN_POINT ( 'NONE',  ( -3.250000000000006217, 0.000000000000000000, -5.999999999999982236 ) ) ;
#3733 = CARTESIAN_POINT ( 'NONE',  ( -2.819999999999999396, 3.455000000000000515, -4.700000000000017053 ) ) ;
#3734 = FILL_AREA_STYLE ('',( #90 ) ) ;
#3735 = EDGE_LOOP ( 'NONE', ( #3241, #2502, #3892, #2103 ) ) ;
#3736 = EDGE_CURVE ( 'NONE', #644, #1839, #2513, .T. ) ;
#3737 = DIRECTION ( 'NONE',  ( -0.000000000000000000, 1.000000000000000000, -0.000000000000000000 ) ) ;
#3738 = CARTESIAN_POINT ( 'NONE',  ( 3.000000000000009770, 6.100000000000000533, -7.347880794884133541E-16 ) ) ;
#3739 = CARTESIAN_POINT ( 'NONE',  ( 0.000000000000000000, 3.945000000000000728, 3.299999999999982503 ) ) ;
#3740 = CARTESIAN_POINT ( 'NONE',  ( -2.179999999999997939, 3.455000000000000515, -4.700000000000017053 ) ) ;
#3741 = ORIENTED_EDGE ( 'NONE', *, *, #2522, .F. ) ;
#3742 = ORIENTED_EDGE ( 'NONE', *, *, #3606, .F. ) ;
#3743 = EDGE_CURVE ( 'NONE', #3931, #1602, #917, .T. ) ;
#3744 = FACE_OUTER_BOUND ( 'NONE', #620, .T. ) ;
#3745 = LINE ( 'NONE', #3486, #384 ) ;
#3746 = UNCERTAINTY_MEASURE_WITH_UNIT (LENGTH_MEASURE( 1.000000000000000082E-05 ), #4112, 'distance_accuracy_value', 'NONE');
#3747 = ORIENTED_EDGE ( 'NONE', *, *, #2985, .F. ) ;
#3748 = ORIENTED_EDGE ( 'NONE', *, *, #2522, .T. ) ;
#3749 = EDGE_CURVE ( 'NONE', #2653, #1358, #1941, .T. ) ;
#3750 = ORIENTED_EDGE ( 'NONE', *, *, #3181, .F. ) ;
#3751 = CARTESIAN_POINT ( 'NONE',  ( -2.499999999999998668, 2.774999999999996803, -4.700000000000017053 ) ) ;
#3752 = ADVANCED_BREP_SHAPE_REPRESENTATION ( '', ( #1999, #59 ), #540 ) ;
#3753 = CARTESIAN_POINT ( 'NONE',  ( -2.819999999999999396, -3.399999999999999467, -5.530000000000021565 ) ) ;
#3754 = CARTESIAN_POINT ( 'NONE',  ( -2.819999999999999396, -1.087878387081800735, -6.020000000000020890 ) ) ;
#3755 = LINE ( 'NONE', #155, #862 ) ;
#3756 = ORIENTED_EDGE ( 'NONE', *, *, #1107, .T. ) ;
#3757 = CARTESIAN_POINT ( 'NONE',  ( -2.179999999999997939, 4.094999999999999751, -9.400000000000000355 ) ) ;
#3758 = CARTESIAN_POINT ( 'NONE',  ( -2.819999999999999396, -2.987878387081802423, -6.020000000000020890 ) ) ;
#3759 = CARTESIAN_POINT ( 'NONE',  ( -4.099999999999999645, 1.225000000000037614, -4.700000000000000178 ) ) ;
#3760 = FACE_OUTER_BOUND ( 'NONE', #4005, .T. ) ;
#3761 = ORIENTED_EDGE ( 'NONE', *, *, #3998, .T. ) ;
#3762 = EDGE_LOOP ( 'NONE', ( #1804, #3372, #3350, #3747 ) ) ;
#3763 = FACE_OUTER_BOUND ( 'NONE', #684, .T. ) ;
#3764 = CARTESIAN_POINT ( 'NONE',  ( 3.000000000000002665, 5.275000000000011013, -2.999999999999989786 ) ) ;
#3765 = EDGE_LOOP ( 'NONE', ( #145, #546, #1542, #899 ) ) ;
#3766 = VERTEX_POINT ( 'NONE', #2196 ) ;
#3767 = ADVANCED_FACE ( 'NONE', ( #4169 ), #3487, .F. ) ;
#3768 = DIRECTION ( 'NONE',  ( 0.000000000000000000, 0.000000000000000000, -1.000000000000000000 ) ) ;
#3769 = ADVANCED_FACE ( 'NONE', ( #1256 ), #3201, .T. ) ;
#3770 = VERTEX_POINT ( 'NONE', #20 ) ;
#3771 = LINE ( 'NONE', #176, #2341 ) ;
#3772 = CARTESIAN_POINT ( 'NONE',  ( -2.819999999999999396, 2.774999999999997247, -5.380000000000022098 ) ) ;
#3773 = APPLICATION_PROTOCOL_DEFINITION ( 'draft international standard', 'automotive_design', 1998, #285 ) ;
#3774 = ORIENTED_EDGE ( 'NONE', *, *, #2859, .F. ) ;
#3775 = VECTOR ( 'NONE', #2902, 1000.000000000000000 ) ;
#3776 = VECTOR ( 'NONE', #2510, 1000.000000000000000 ) ;
#3777 = LINE ( 'NONE', #3757, #3723 ) ;
#3778 = LINE ( 'NONE', #2106, #3856 ) ;
#3779 = DIRECTION ( 'NONE',  ( 0.000000000000000000, -1.000000000000000000, 0.000000000000000000 ) ) ;
#3780 = PLANE ( 'NONE',  #669 ) ;
#3781 = ORIENTED_EDGE ( 'NONE', *, *, #1877, .F. ) ;
#3782 = ORIENTED_EDGE ( 'NONE', *, *, #3847, .T. ) ;
#3783 = VECTOR ( 'NONE', #1800, 1000.000000000000000 ) ;
#3784 = CIRCLE ( 'NONE', #42, 0.6999999999999914069 ) ;
#3785 = VECTOR ( 'NONE', #4037, 1000.000000000000000 ) ;
#3786 = DIRECTION ( 'NONE',  ( 0.000000000000000000, 1.000000000000000000, 0.000000000000000000 ) ) ;
#3787 = CARTESIAN_POINT ( 'NONE',  ( -2.179999999999997939, 2.774999999999997247, -6.020000000000020890 ) ) ;
#3788 = VECTOR ( 'NONE', #424, 1000.000000000000000 ) ;
#3789 = PLANE ( 'NONE',  #947 ) ;
#3790 = ORIENTED_EDGE ( 'NONE', *, *, #2938, .T. ) ;
#3791 = ORIENTED_EDGE ( 'NONE', *, *, #1395, .F. ) ;
#3792 = VECTOR ( 'NONE', #2947, 1000.000000000000000 ) ;
#3793 = AXIS2_PLACEMENT_3D ( 'NONE', #2577, #1938, #3236 ) ;
#3794 = ADVANCED_FACE ( 'NONE', ( #3293 ), #3013, .F. ) ;
#3795 = VECTOR ( 'NONE', #2527, 1000.000000000000000 ) ;
#3796 = CARTESIAN_POINT ( 'NONE',  ( -4.950000000000000178, 4.575000000000019718, -3.100000000000001865 ) ) ;
#3797 = ADVANCED_FACE ( 'NONE', ( #2954 ), #2015, .F. ) ;
#3798 = DIRECTION ( 'NONE',  ( 1.000000000000000000, 0.000000000000000000, 0.000000000000000000 ) ) ;
#3799 = CARTESIAN_POINT ( 'NONE',  ( 1.550000000000013145, 1.301022143997296432, -3.796405077356819076E-16 ) ) ;
#3800 = CARTESIAN_POINT ( 'NONE',  ( -2.819999999999999396, 4.094999999999999751, -4.700000000000017053 ) ) ;
#3801 = ORIENTED_EDGE ( 'NONE', *, *, #1732, .F. ) ;
#3802 = ADVANCED_FACE ( 'NONE', ( #3896 ), #1980, .T. ) ;
#3803 = CARTESIAN_POINT ( 'NONE',  ( -2.819999999999999396, -3.399999999999999467, -6.020000000000021778 ) ) ;
#3804 = CARTESIAN_POINT ( 'NONE',  ( -2.819999999999999396, -2.987878387081805975, -6.020000000000021778 ) ) ;
#3805 = CARTESIAN_POINT ( 'NONE',  ( 4.099999999999995204, 4.275000000000021672, -1.224646799147336937E-16 ) ) ;
#3806 = CARTESIAN_POINT ( 'NONE',  ( -2.819999999999999396, 2.774999999999997247, -6.020000000000020890 ) ) ;
#3807 = EDGE_LOOP ( 'NONE', ( #3331, #3202, #2170, #879 ) ) ;
#3808 = VERTEX_POINT ( 'NONE', #360 ) ;
#3809 = DIRECTION ( 'NONE',  ( 0.000000000000000000, 0.000000000000000000, -1.000000000000000000 ) ) ;
#3810 = LINE ( 'NONE', #3135, #665 ) ;
#3811 = CARTESIAN_POINT ( 'NONE',  ( -2.179999999999997939, 4.094999999999999751, 2.887878387081790343 ) ) ;
#3812 = VERTEX_POINT ( 'NONE', #980 ) ;
#3813 = ORIENTED_EDGE ( 'NONE', *, *, #2619, .T. ) ;
#3814 = CARTESIAN_POINT ( 'NONE',  ( -2.179999999999997939, -1.087878387081802289, -5.300000000000016698 ) ) ;
#3815 = CARTESIAN_POINT ( 'NONE',  ( -4.950000000000000178, 2.549999999999999822, -11.49999999999999645 ) ) ;
#3816 = CARTESIAN_POINT ( 'NONE',  ( 2.949999999999994404, 5.275000000000011013, -0.8443375672973931767 ) ) ;
#3817 = ADVANCED_FACE ( 'NONE', ( #2939 ), #2616, .F. ) ;
#3818 = ORIENTED_EDGE ( 'NONE', *, *, #1139, .F. ) ;
#3819 = LINE ( 'NONE', #1263, #3580 ) ;
#3820 = PRODUCT_CONTEXT ( 'NONE', #3835, 'mechanical' ) ;
#3821 = LINE ( 'NONE', #3584, #519 ) ;
#3822 = EDGE_CURVE ( 'NONE', #707, #3931, #1033, .T. ) ;
#3823 = CARTESIAN_POINT ( 'NONE',  ( 4.950000000000000178, 0.000000000000000000, 0.000000000000000000 ) ) ;
#3824 = FILL_AREA_STYLE_COLOUR ( '', #534 ) ;
#3825 = FACE_OUTER_BOUND ( 'NONE', #2941, .T. ) ;
#3826 = ORIENTED_EDGE ( 'NONE', *, *, #3456, .F. ) ;
#3827 = ORIENTED_EDGE ( 'NONE', *, *, #83, .T. ) ;
#3828 = EDGE_CURVE ( 'NONE', #1044, #1991, #3572, .T. ) ;
#3829 = CARTESIAN_POINT ( 'NONE',  ( -0.3199999999999995626, 3.454999999999999627, -9.400000000000000355 ) ) ;
#3830 = DIRECTION ( 'NONE',  ( 1.000000000000000000, 0.000000000000000000, 0.000000000000000000 ) ) ;
#3831 = FACE_OUTER_BOUND ( 'NONE', #510, .T. ) ;
#3832 = ORIENTED_EDGE ( 'NONE', *, *, #1983, .T. ) ;
#3833 = ORIENTED_EDGE ( 'NONE', *, *, #1036, .T. ) ;
#3834 = DIRECTION ( 'NONE',  ( 0.000000000000000000, 1.000000000000000000, 0.000000000000000000 ) ) ;
#3835 = APPLICATION_CONTEXT ( 'automotive_design' ) ;
#3836 = VERTEX_POINT ( 'NONE', #682 ) ;
#3837 = DIRECTION ( 'NONE',  ( 0.000000000000000000, 0.000000000000000000, -1.000000000000000000 ) ) ;
#3838 = CARTESIAN_POINT ( 'NONE',  ( 2.820000000000002061, 4.094999999999999751, -9.400000000000000355 ) ) ;
#3839 = ITEM_DEFINED_TRANSFORMATION ( 'NONE', 'NONE', #2582,  #59 ) ;
#3840 = PRODUCT_RELATED_PRODUCT_CATEGORY ( 'part', '', ( #4183 ) ) ;
#3841 = DIRECTION ( 'NONE',  ( 0.000000000000000000, 0.000000000000000000, 1.000000000000000000 ) ) ;
#3842 = DIRECTION ( 'NONE',  ( 1.000000000000000000, 0.000000000000000000, 0.000000000000000000 ) ) ;
#3843 = DIRECTION ( 'NONE',  ( 0.000000000000000000, 0.3735499670562326680, -0.9276100592987808202 ) ) ;
#3844 = CARTESIAN_POINT ( 'NONE',  ( -2.899999999999979039, 1.301022143997296432, -0.4690598923241179330 ) ) ;
#3845 = ORIENTED_EDGE ( 'NONE', *, *, #2313, .F. ) ;
#3846 = ORIENTED_EDGE ( 'NONE', *, *, #291, .T. ) ;
#3847 = EDGE_CURVE ( 'NONE', #2304, #1373, #1048, .T. ) ;
#3848 = AXIS2_PLACEMENT_3D ( 'NONE', #1333, #2345, #1716 ) ;
#3849 = CARTESIAN_POINT ( 'NONE',  ( 0.3200000000000021161, 4.094999999999999751, -9.400000000000000355 ) ) ;
#3850 = DIRECTION ( 'NONE',  ( -1.000000000000000000, 0.000000000000000000, 0.000000000000000000 ) ) ;
#3851 = CARTESIAN_POINT ( 'NONE',  ( 3.000000000000002665, 5.275000000000011013, -0.4690598923241172113 ) ) ;
#3852 = CARTESIAN_POINT ( 'NONE',  ( -2.299999999999999822, 1.301022143997296432, -3.699999999999991296 ) ) ;
#3853 = ORIENTED_EDGE ( 'NONE', *, *, #1284, .T. ) ;
#3854 = CIRCLE ( 'NONE', #51, 0.1000000000000247635 ) ;
#3855 = ORIENTED_EDGE ( 'NONE', *, *, #1287, .T. ) ;
#3856 = VECTOR ( 'NONE', #1828, 1000.000000000000000 ) ;
#3857 = EDGE_CURVE ( 'NONE', #654, #1485, #2995, .T. ) ;
#3858 = CIRCLE ( 'NONE', #4197, 0.7200000000000038591 ) ;
#3859 = LINE ( 'NONE', #3159, #1341 ) ;
#3860 = VECTOR ( 'NONE', #3972, 999.9999999999998863 ) ;
#3861 = VECTOR ( 'NONE', #1714, 1000.000000000000000 ) ;
#3862 = ADVANCED_FACE ( 'NONE', ( #1718 ), #997, .T. ) ;
#3863 = AXIS2_PLACEMENT_3D ( 'NONE', #478, #3076, #156 ) ;
#3864 = VECTOR ( 'NONE', #1065, 1000.000000000000000 ) ;
#3865 = DIRECTION ( 'NONE',  ( -0.000000000000000000, 1.000000000000000000, -0.000000000000000000 ) ) ;
#3866 = PLANE ( 'NONE',  #2626 ) ;
#3867 = CARTESIAN_POINT ( 'NONE',  ( -2.819999999999999396, -3.399999999999999467, -6.020000000000021778 ) ) ;
#3868 = AXIS2_PLACEMENT_3D ( 'NONE', #1573, #932, #3215 ) ;
#3869 = LINE ( 'NONE', #3562, #2429 ) ;
#3870 = LINE ( 'NONE', #954, #2418 ) ;
#3871 = DIRECTION ( 'NONE',  ( 0.000000000000000000, 0.000000000000000000, -1.000000000000000000 ) ) ;
#3872 = DIRECTION ( 'NONE',  ( -0.000000000000000000, 1.000000000000000000, -0.000000000000000000 ) ) ;
#3873 = VERTEX_POINT ( 'NONE', #3950 ) ;
#3874 = EDGE_CURVE ( 'NONE', #1502, #3085, #1357, .T. ) ;
#3875 = ORIENTED_EDGE ( 'NONE', *, *, #2885, .F. ) ;
#3876 = PLANE ( 'NONE',  #3114 ) ;
#3877 = CARTESIAN_POINT ( 'NONE',  ( -2.949999999999988187, 6.100000000000000533, -0.5556624327025834198 ) ) ;
#3878 = CARTESIAN_POINT ( 'NONE',  ( 0.3200000000000021161, 3.454999999999999627, -4.700000000000000178 ) ) ;
#3879 = EDGE_CURVE ( 'NONE', #638, #1896, #35, .T. ) ;
#3880 = DIRECTION ( 'NONE',  ( 1.000000000000000000, 0.000000000000000000, -0.000000000000000000 ) ) ;
#3881 = ORIENTED_EDGE ( 'NONE', *, *, #1224, .F. ) ;
#3882 = ORIENTED_EDGE ( 'NONE', *, *, #23, .T. ) ;
#3883 = EDGE_CURVE ( 'NONE', #1377, #3356, #739, .T. ) ;
#3884 = CARTESIAN_POINT ( 'NONE',  ( -2.179999999999997939, 4.094999999999999751, -4.700000000000017053 ) ) ;
#3885 = CARTESIAN_POINT ( 'NONE',  ( -2.819999999999999396, -1.987878387081805975, -5.800000000000017586 ) ) ;
#3886 = EDGE_CURVE ( 'NONE', #2923, #2304, #697, .T. ) ;
#3887 = CARTESIAN_POINT ( 'NONE',  ( -2.179999999999997939, -1.117762384446301605, -5.374208804743921597 ) ) ;
#3888 = LINE ( 'NONE', #2264, #3176 ) ;
#3889 = DIRECTION ( 'NONE',  ( 0.000000000000000000, -1.404634393503488270E-16, 1.000000000000000000 ) ) ;
#3890 = LINE ( 'NONE', #635, #1283 ) ;
#3891 = ORIENTED_EDGE ( 'NONE', *, *, #4044, .T. ) ;
#3892 = ORIENTED_EDGE ( 'NONE', *, *, #212, .T. ) ;
#3893 = CARTESIAN_POINT ( 'NONE',  ( 4.099999999999998757, 4.575000000000019718, -2.400000000000010569 ) ) ;
#3894 = CARTESIAN_POINT ( 'NONE',  ( 4.950000000000000178, 4.575000000000019718, -3.100000000000001865 ) ) ;
#3895 = CARTESIAN_POINT ( 'NONE',  ( -2.179999999999997939, 2.774999999999997247, -5.380000000000021210 ) ) ;
#3896 = FACE_OUTER_BOUND ( 'NONE', #425, .T. ) ;
#3897 = ORIENTED_EDGE ( 'NONE', *, *, #1795, .T. ) ;
#3898 = ORIENTED_EDGE ( 'NONE', *, *, #2924, .F. ) ;
#3899 = EDGE_CURVE ( 'NONE', #104, #2325, #3316, .T. ) ;
#3900 = ADVANCED_FACE ( 'NONE', ( #3626 ), #714, .F. ) ;
#3901 = DIRECTION ( 'NONE',  ( 1.000000000000000000, 0.000000000000000000, -0.000000000000000000 ) ) ;
#3902 = EDGE_CURVE ( 'NONE', #2811, #3420, #123, .T. ) ;
#3903 = DIRECTION ( 'NONE',  ( 0.000000000000000000, -0.3420201433256686574, 0.9396926207859084279 ) ) ;
#3904 = DIRECTION ( 'NONE',  ( 1.000000000000000000, 0.000000000000000000, 0.000000000000000000 ) ) ;
#3905 =( NAMED_UNIT ( * ) SI_UNIT ( $, .STERADIAN. ) SOLID_ANGLE_UNIT ( ) );
#3906 = CARTESIAN_POINT ( 'NONE',  ( 0.000000000000000000, 0.000000000000000000, 0.000000000000000000 ) ) ;
#3907 = ORIENTED_EDGE ( 'NONE', *, *, #3743, .T. ) ;
#3908 = ORIENTED_EDGE ( 'NONE', *, *, #2466, .F. ) ;
#3909 = VECTOR ( 'NONE', #1861, 1000.000000000000000 ) ;
#3910 = PLANE ( 'NONE',  #1343 ) ;
#3911 = CARTESIAN_POINT ( 'NONE',  ( -2.819999999999999396, -2.256834363362282048, -5.132120757304897474 ) ) ;
#3912 = LINE ( 'NONE', #996, #2906 ) ;
#3913 = CARTESIAN_POINT ( 'NONE',  ( 2.949999999999994404, 6.100000000000000533, -0.8443375672973930657 ) ) ;
#3914 = ORIENTED_EDGE ( 'NONE', *, *, #2025, .F. ) ;
#3915 = ORIENTED_EDGE ( 'NONE', *, *, #2111, .T. ) ;
#3916 = VECTOR ( 'NONE', #3219, 1000.000000000000000 ) ;
#3917 = VECTOR ( 'NONE', #1899, 1000.000000000000000 ) ;
#3918 = VECTOR ( 'NONE', #2136, 1000.000000000000000 ) ;
#3919 = AXIS2_PLACEMENT_3D ( 'NONE', #3823, #868, #590 ) ;
#3920 = VECTOR ( 'NONE', #2038, 1000.000000000000000 ) ;
#3921 = PLANE ( 'NONE',  #4127 ) ;
#3922 = AXIS2_PLACEMENT_3D ( 'NONE', #3300, #2314, #3940 ) ;
#3923 = EDGE_CURVE ( 'NONE', #1991, #1090, #163, .T. ) ;
#3924 = AXIS2_PLACEMENT_3D ( 'NONE', #3814, #2814, #198 ) ;
#3925 = LINE ( 'NONE', #69, #1670 ) ;
#3926 = CARTESIAN_POINT ( 'NONE',  ( -4.049999999999998046, 0.4000000000000000222, -6.999999999999964473 ) ) ;
#3927 = AXIS2_PLACEMENT_3D ( 'NONE', #660, #3596, #2296 ) ;
#3928 = CARTESIAN_POINT ( 'NONE',  ( -2.179999999999997939, -1.356834363362289464, -5.967879242695141251 ) ) ;
#3929 = EDGE_CURVE ( 'NONE', #1825, #1981, #2061, .T. ) ;
#3930 = DIRECTION ( 'NONE',  ( 0.000000000000000000, -1.000000000000000000, 0.000000000000000000 ) ) ;
#3931 = VERTEX_POINT ( 'NONE', #1765 ) ;
#3932 = EDGE_LOOP ( 'NONE', ( #3566, #3846, #3968, #3620, #2431, #479, #2852, #1461, #1091, #4042, #2451, #2144, #3412, #493, #2143, #2127 ) ) ;
#3933 = CARTESIAN_POINT ( 'NONE',  ( -4.950000000000000178, 4.575000000000019718, -3.100000000000001865 ) ) ;
#3934 = DIRECTION ( 'NONE',  ( 0.000000000000000000, -1.000000000000000000, 0.000000000000000000 ) ) ;
#3935 = CYLINDRICAL_SURFACE ( 'NONE', #2150, 0.6800000000000034905 ) ;
#3936 = PLANE ( 'NONE',  #3578 ) ;
#3937 = DIRECTION ( 'NONE',  ( 0.000000000000000000, 1.000000000000000000, 1.404634393503488270E-16 ) ) ;
#3938 = ORIENTED_EDGE ( 'NONE', *, *, #2619, .F. ) ;
#3939 = ORIENTED_EDGE ( 'NONE', *, *, #3116, .T. ) ;
#3940 = DIRECTION ( 'NONE',  ( -1.000000000000000000, 0.000000000000000000, -0.000000000000000000 ) ) ;
#3941 = ADVANCED_FACE ( 'NONE', ( #3419, #2142, #1392, #3760 ), #3672, .T. ) ;
#3942 = CARTESIAN_POINT ( 'NONE',  ( 4.099999999999999645, 5.275000000000011013, 0.000000000000000000 ) ) ;
#3943 = DIRECTION ( 'NONE',  ( -0.000000000000000000, -0.9276100592987817084, -0.3735499670562298924 ) ) ;
#3944 = CARTESIAN_POINT ( 'NONE',  ( 3.000000000000009770, 6.100000000000000533, -7.347880794884133541E-16 ) ) ;
#3945 = VERTEX_POINT ( 'NONE', #2460 ) ;
#3946 = EDGE_LOOP ( 'NONE', ( #692, #1312, #975, #3404 ) ) ;
#3947 = EDGE_CURVE ( 'NONE', #3223, #3309, #486, .T. ) ;
#3948 = DIRECTION ( 'NONE',  ( -1.000000000000000000, 0.000000000000000000, -0.000000000000000000 ) ) ;
#3949 = PLANE ( 'NONE',  #3183 ) ;
#3950 = CARTESIAN_POINT ( 'NONE',  ( -2.669999999999999485, 3.604999999999999982, 3.299999999999982503 ) ) ;
#3951 = ORIENTED_EDGE ( 'NONE', *, *, #632, .F. ) ;
#3952 = VERTEX_POINT ( 'NONE', #2720 ) ;
#3953 = EDGE_CURVE ( 'NONE', #3808, #3770, #4058, .T. ) ;
#3954 = CARTESIAN_POINT ( 'NONE',  ( -2.179999999999997939, -3.399999999999999467, -6.020000000000021778 ) ) ;
#3955 = DIRECTION ( 'NONE',  ( -0.000000000000000000, 1.000000000000000000, -0.000000000000000000 ) ) ;
#3956 = DIRECTION ( 'NONE',  ( 0.000000000000000000, 0.000000000000000000, 1.000000000000000000 ) ) ;
#3957 = DIRECTION ( 'NONE',  ( 0.000000000000000000, 1.946735479746240487E-16, -1.000000000000000000 ) ) ;
#3958 = CARTESIAN_POINT ( 'NONE',  ( -2.819999999999999396, -2.017762384446300850, -5.725791195256118904 ) ) ;
#3959 = FACE_OUTER_BOUND ( 'NONE', #1336, .T. ) ;
#3960 = CARTESIAN_POINT ( 'NONE',  ( 4.950000000000000178, 0.000000000000000000, 0.000000000000000000 ) ) ;
#3961 = ORIENTED_EDGE ( 'NONE', *, *, #1589, .F. ) ;
#3962 = ORIENTED_EDGE ( 'NONE', *, *, #1427, .T. ) ;
#3963 = ADVANCED_FACE ( 'NONE', ( #3355 ), #3063, .T. ) ;
#3964 = CARTESIAN_POINT ( 'NONE',  ( -2.819999999999999396, -2.887878387081802334, -5.380000000000021210 ) ) ;
#3965 = LINE ( 'NONE', #357, #3298 ) ;
#3966 = LINE ( 'NONE', #1047, #596 ) ;
#3967 = CARTESIAN_POINT ( 'NONE',  ( -2.179999999999997939, -1.087878387081801623, -6.020000000000020890 ) ) ;
#3968 = ORIENTED_EDGE ( 'NONE', *, *, #49, .T. ) ;
#3969 = ORIENTED_EDGE ( 'NONE', *, *, #3613, .F. ) ;
#3970 = EDGE_CURVE ( 'NONE', #1484, #1190, #1803, .T. ) ;
#3971 = CARTESIAN_POINT ( 'NONE',  ( -2.179999999999997939, -2.887878387081802334, -6.020000000000020890 ) ) ;
#3972 = DIRECTION ( 'NONE',  ( -0.3236155771181859486, -0.3236155771181840612, 0.8891264907159881492 ) ) ;
#3973 = ORIENTED_EDGE ( 'NONE', *, *, #3145, .T. ) ;
#3974 = CLOSED_SHELL ( 'NONE', ( #771, #2053, #3600, #4158, #573, #2331, #2829, #416, #983, #2048, #3802, #1194, #2723, #2792, #2164, #2957, #3685, #3495, #3296, #1114, #1610, #2193 ) ) ;
#3975 = EDGE_CURVE ( 'NONE', #643, #3945, #3130, .T. ) ;
#3976 = VECTOR ( 'NONE', #2552, 1000.000000000000000 ) ;
#3977 = CARTESIAN_POINT ( 'NONE',  ( -2.819999999999999396, -1.117762384446300938, -5.374208804743923373 ) ) ;
#3978 = AXIS2_PLACEMENT_3D ( 'NONE', #2868, #2544, #3841 ) ;
#3979 = VECTOR ( 'NONE', #293, 1000.000000000000000 ) ;
#3980 = ADVANCED_FACE ( 'NONE', ( #1483 ), #437, .F. ) ;
#3981 = VECTOR ( 'NONE', #2662, 1000.000000000000000 ) ;
#3982 = EDGE_LOOP ( 'NONE', ( #4029, #4028, #819, #2716 ) ) ;
#3983 = DIRECTION ( 'NONE',  ( -0.000000000000000000, -0.000000000000000000, 1.000000000000000000 ) ) ;
#3984 = DIRECTION ( 'NONE',  ( 0.000000000000000000, -1.000000000000000000, 0.000000000000000000 ) ) ;
#3985 = CARTESIAN_POINT ( 'NONE',  ( -2.819999999999999396, 3.454999999999999627, -4.700000000000017053 ) ) ;
#3986 = ORIENTED_EDGE ( 'NONE', *, *, #3883, .F. ) ;
#3987 = VECTOR ( 'NONE', #1722, 1000.000000000000000 ) ;
#3988 = ORIENTED_EDGE ( 'NONE', *, *, #75, .F. ) ;
#3989 = VECTOR ( 'NONE', #882, 1000.000000000000000 ) ;
#3990 = AXIS2_PLACEMENT_3D ( 'NONE', #825, #2124, #2788 ) ;
#3991 = PLANE ( 'NONE',  #2218 ) ;
#3992 = FACE_OUTER_BOUND ( 'NONE', #637, .T. ) ;
#3993 = DIRECTION ( 'NONE',  ( 0.000000000000000000, 0.000000000000000000, -1.000000000000000000 ) ) ;
#3994 = ORIENTED_EDGE ( 'NONE', *, *, #1082, .T. ) ;
#3995 = ORIENTED_EDGE ( 'NONE', *, *, #1931, .F. ) ;
#3996 = VECTOR ( 'NONE', #1371, 1000.000000000000000 ) ;
#3997 = APPLICATION_CONTEXT ( 'automotive_design' ) ;
#3998 = EDGE_CURVE ( 'NONE', #3325, #1602, #4014, .T. ) ;
#3999 = DIRECTION ( 'NONE',  ( -1.000000000000000000, 0.000000000000000000, -0.000000000000000000 ) ) ;
#4000 = DIRECTION ( 'NONE',  ( 1.000000000000000000, 0.000000000000000000, -0.000000000000000000 ) ) ;
#4001 = ORIENTED_EDGE ( 'NONE', *, *, #2836, .T. ) ;
#4002 = ADVANCED_FACE ( 'NONE', ( #3402 ), #3379, .F. ) ;
#4003 = DIRECTION ( 'NONE',  ( -0.9396926207859079838, 0.000000000000000000, -0.3420201433256699342 ) ) ;
#4004 = EDGE_CURVE ( 'NONE', #149, #1473, #2096, .T. ) ;
#4005 = EDGE_LOOP ( 'NONE', ( #2612, #4086, #884, #283 ) ) ;
#4006 = DIRECTION ( 'NONE',  ( 0.000000000000000000, 0.000000000000000000, 1.000000000000000000 ) ) ;
#4007 = FACE_OUTER_BOUND ( 'NONE', #3175, .T. ) ;
#4008 = CARTESIAN_POINT ( 'NONE',  ( -2.179999999999997939, 4.094999999999999751, -4.700000000000017053 ) ) ;
#4009 = ORIENTED_EDGE ( 'NONE', *, *, #489, .T. ) ;
#4010 = VERTEX_POINT ( 'NONE', #2762 ) ;
#4011 = CARTESIAN_POINT ( 'NONE',  ( -2.819999999999999396, 4.094999999999999751, -5.999999999999982236 ) ) ;
#4012 = DIRECTION ( 'NONE',  ( -0.3236155771181845053, -0.8891264907159884823, -0.3236155771181846164 ) ) ;
#4013 = PLANE ( 'NONE',  #191 ) ;
#4014 = LINE ( 'NONE', #2441, #1553 ) ;
#4015 = VERTEX_POINT ( 'NONE', #2394 ) ;
#4016 = ORIENTED_EDGE ( 'NONE', *, *, #1768, .F. ) ;
#4017 = DIRECTION ( 'NONE',  ( 1.000000000000000000, 0.000000000000000000, -0.000000000000000000 ) ) ;
#4018 = LINE ( 'NONE', #1099, #3035 ) ;
#4019 = ORIENTED_EDGE ( 'NONE', *, *, #628, .T. ) ;
#4020 = EDGE_CURVE ( 'NONE', #2197, #1090, #826, .T. ) ;
#4021 = DIRECTION ( 'NONE',  ( 0.000000000000000000, 0.000000000000000000, 1.000000000000000000 ) ) ;
#4022 = EDGE_CURVE ( 'NONE', #786, #522, #2125, .T. ) ;
#4023 = ORIENTED_EDGE ( 'NONE', *, *, #2785, .T. ) ;
#4024 = DIRECTION ( 'NONE',  ( -0.000000000000000000, 1.000000000000000000, -0.000000000000000000 ) ) ;
#4025 = DIRECTION ( 'NONE',  ( 1.000000000000000000, -0.000000000000000000, -0.000000000000000000 ) ) ;
#4026 = CARTESIAN_POINT ( 'NONE',  ( -2.329999999999997851, 3.945000000000000728, 3.299999999999982503 ) ) ;
#4027 = CARTESIAN_POINT ( 'NONE',  ( 0.000000000000000000, 0.000000000000000000, 0.000000000000000000 ) ) ;
#4028 = ORIENTED_EDGE ( 'NONE', *, *, #3408, .T. ) ;
#4029 = ORIENTED_EDGE ( 'NONE', *, *, #410, .T. ) ;
#4030 = ADVANCED_FACE ( 'NONE', ( #3717 ), #810, .T. ) ;
#4031 = CARTESIAN_POINT ( 'NONE',  ( 4.950000000000000178, 4.275000000000021672, -3.100000000000001865 ) ) ;
#4032 = DIRECTION ( 'NONE',  ( -0.000000000000000000, -1.000000000000000000, -0.000000000000000000 ) ) ;
#4033 = CARTESIAN_POINT ( 'NONE',  ( 0.000000000000000000, 0.000000000000000000, -4.700000000000000178 ) ) ;
#4034 = ORIENTED_EDGE ( 'NONE', *, *, #2625, .T. ) ;
#4035 = VERTEX_POINT ( 'NONE', #1868 ) ;
#4036 = PLANE ( 'NONE',  #377 ) ;
#4037 = DIRECTION ( 'NONE',  ( -1.000000000000000000, 0.000000000000000000, 0.000000000000000000 ) ) ;
#4038 = ORIENTED_EDGE ( 'NONE', *, *, #43, .F. ) ;
#4039 = VECTOR ( 'NONE', #629, 1000.000000000000000 ) ;
#4040 = CARTESIAN_POINT ( 'NONE',  ( -3.250000000000006217, 0.000000000000000000, -5.999999999999982236 ) ) ;
#4041 = VECTOR ( 'NONE', #2693, 1000.000000000000000 ) ;
#4042 = ORIENTED_EDGE ( 'NONE', *, *, #3429, .T. ) ;
#4043 = DIRECTION ( 'NONE',  ( 0.000000000000000000, 1.000000000000000000, 0.000000000000000000 ) ) ;
#4044 = EDGE_CURVE ( 'NONE', #3873, #4105, #1850, .T. ) ;
#4045 = CARTESIAN_POINT ( 'NONE',  ( -2.179999999999997939, -1.987878387081805975, -5.800000000000017586 ) ) ;
#4046 = VECTOR ( 'NONE', #3957, 1000.000000000000000 ) ;
#4047 = LINE ( 'NONE', #3395, #869 ) ;
#4048 = AXIS2_PLACEMENT_3D ( 'NONE', #1546, #274, #1292 ) ;
#4049 =( NAMED_UNIT ( * ) PLANE_ANGLE_UNIT ( ) SI_UNIT ( $, .RADIAN. ) );
#4050 = ORIENTED_EDGE ( 'NONE', *, *, #1191, .F. ) ;
#4051 = ORIENTED_EDGE ( 'NONE', *, *, #3133, .T. ) ;
#4052 = VECTOR ( 'NONE', #2116, 1000.000000000000000 ) ;
#4053 = FACE_OUTER_BOUND ( 'NONE', #3141, .T. ) ;
#4054 = EDGE_CURVE ( 'NONE', #4109, #4105, #636, .T. ) ;
#4055 = CARTESIAN_POINT ( 'NONE',  ( -2.819999999999999396, 2.774999999999996803, -4.700000000000017053 ) ) ;
#4056 = AXIS2_PLACEMENT_3D ( 'NONE', #2919, #3595, #1674 ) ;
#4057 = DIRECTION ( 'NONE',  ( 0.000000000000000000, 0.000000000000000000, -1.000000000000000000 ) ) ;
#4058 = LINE ( 'NONE', #2789, #3189 ) ;
#4059 = VERTEX_POINT ( 'NONE', #3806 ) ;
#4060 = EDGE_LOOP ( 'NONE', ( #2016, #1739, #604, #2820 ) ) ;
#4061 = VECTOR ( 'NONE', #3552, 1000.000000000000000 ) ;
#4062 = VECTOR ( 'NONE', #1601, 1000.000000000000000 ) ;
#4063 = AXIS2_PLACEMENT_3D ( 'NONE', #1040, #731, #2333 ) ;
#4064 = LINE ( 'NONE', #3134, #3699 ) ;
#4065 = CARTESIAN_POINT ( 'NONE',  ( -2.179999999999997939, 2.774999999999997247, -6.020000000000020890 ) ) ;
#4066 = ORIENTED_EDGE ( 'NONE', *, *, #3661, .F. ) ;
#4067 = VECTOR ( 'NONE', #2414, 1000.000000000000000 ) ;
#4068 = ORIENTED_EDGE ( 'NONE', *, *, #2749, .T. ) ;
#4069 = DIRECTION ( 'NONE',  ( 0.000000000000000000, 0.000000000000000000, 1.000000000000000000 ) ) ;
#4070 = ADVANCED_FACE ( 'NONE', ( #3481 ), #3528, .F. ) ;
#4071 = ORIENTED_EDGE ( 'NONE', *, *, #1492, .T. ) ;
#4072 = FACE_OUTER_BOUND ( 'NONE', #3522, .T. ) ;
#4073 = CARTESIAN_POINT ( 'NONE',  ( -2.179999999999997939, 3.455000000000000071, -4.700000000000017053 ) ) ;
#4074 =( NAMED_UNIT ( * ) PLANE_ANGLE_UNIT ( ) SI_UNIT ( $, .RADIAN. ) );
#4075 = ORIENTED_EDGE ( 'NONE', *, *, #992, .T. ) ;
#4076 = CARTESIAN_POINT ( 'NONE',  ( 4.950000000000000178, 0.000000000000000000, 0.000000000000000000 ) ) ;
#4077 = CARTESIAN_POINT ( 'NONE',  ( -4.950000000000000178, 5.275000000000011013, -2.400000000000010569 ) ) ;
#4078 = CARTESIAN_POINT ( 'NONE',  ( -2.179999999999997939, -2.887878387081802778, -5.300000000000016698 ) ) ;
#4079 = DIRECTION ( 'NONE',  ( 0.000000000000000000, -1.000000000000000000, 0.000000000000000000 ) ) ;
#4080 = ORIENTED_EDGE ( 'NONE', *, *, #100, .T. ) ;
#4081 = VERTEX_POINT ( 'NONE', #1271 ) ;
#4082 = EDGE_CURVE ( 'NONE', #4035, #683, #1595, .T. ) ;
#4083 = DIRECTION ( 'NONE',  ( -0.9396926207859079838, 0.000000000000000000, -0.3420201433256699342 ) ) ;
#4084 = DIRECTION ( 'NONE',  ( -0.000000000000000000, 0.000000000000000000, -1.000000000000000000 ) ) ;
#4085 = ORIENTED_EDGE ( 'NONE', *, *, #230, .F. ) ;
#4086 = ORIENTED_EDGE ( 'NONE', *, *, #146, .T. ) ;
#4087 = ADVANCED_FACE ( 'NONE', ( #2250 ), #1520, .F. ) ;
#4088 = CARTESIAN_POINT ( 'NONE',  ( -4.049999999999994493, 0.000000000000000000, 0.000000000000000000 ) ) ;
#4089 = EDGE_LOOP ( 'NONE', ( #1022, #340, #2399, #3813, #2258, #1799 ) ) ;
#4090 = CARTESIAN_POINT ( 'NONE',  ( 2.949999999999994404, 1.301022143997296432, -0.5556624327025821986 ) ) ;
#4091 = CARTESIAN_POINT ( 'NONE',  ( 4.950000000000000178, 6.100000000000000533, 0.000000000000000000 ) ) ;
#4092 = ORIENTED_EDGE ( 'NONE', *, *, #907, .F. ) ;
#4093 = DIRECTION ( 'NONE',  ( 0.000000000000000000, 0.000000000000000000, 1.000000000000000000 ) ) ;
#4094 = EDGE_LOOP ( 'NONE', ( #3573, #4016, #2878, #2667 ) ) ;
#4095 = DIRECTION ( 'NONE',  ( 0.000000000000000000, 0.000000000000000000, 1.000000000000000000 ) ) ;
#4096 = LINE ( 'NONE', #3034, #1400 ) ;
#4097 = CARTESIAN_POINT ( 'NONE',  ( -2.669999999999999485, 4.336808689942017736E-16, 3.299999999999982503 ) ) ;
#4098 = CARTESIAN_POINT ( 'NONE',  ( -2.819999999999999396, 3.455000000000000071, 2.887878387081791232 ) ) ;
#4099 = ORIENTED_EDGE ( 'NONE', *, *, #3152, .F. ) ;
#4100 = ORIENTED_EDGE ( 'NONE', *, *, #146, .F. ) ;
#4101 = ADVANCED_FACE ( 'NONE', ( #871 ), #2547, .F. ) ;
#4102 = DIRECTION ( 'NONE',  ( -1.000000000000000000, -0.000000000000000000, -0.000000000000000000 ) ) ;
#4103 = LINE ( 'NONE', #509, #3448 ) ;
#4104 = ADVANCED_FACE ( 'NONE', ( #2573 ), #1501, .T. ) ;
#4105 = VERTEX_POINT ( 'NONE', #2824 ) ;
#4106 = ORIENTED_EDGE ( 'NONE', *, *, #150, .T. ) ;
#4107 = EDGE_CURVE ( 'NONE', #3397, #1719, #3549, .T. ) ;
#4108 = PLANE ( 'NONE',  #3251 ) ;
#4109 = VERTEX_POINT ( 'NONE', #893 ) ;
#4110 = LINE ( 'NONE', #838, #2834 ) ;
#4111 = DIRECTION ( 'NONE',  ( 1.000000000000000000, 0.000000000000000000, 0.000000000000000000 ) ) ;
#4112 =( LENGTH_UNIT ( ) NAMED_UNIT ( * ) SI_UNIT ( .MILLI., .METRE. ) );
#4113 = ORIENTED_EDGE ( 'NONE', *, *, #205, .F. ) ;
#4114 = VECTOR ( 'NONE', #3798, 1000.000000000000000 ) ;
#4115 = CIRCLE ( 'NONE', #1810, 0.1000000000000226541 ) ;
#4116 = LINE ( 'NONE', #3100, #587 ) ;
#4117 = LINE ( 'NONE', #1614, #449 ) ;
#4118 = CARTESIAN_POINT ( 'NONE',  ( 2.180000000000000604, 3.454999999999999627, -9.400000000000000355 ) ) ;
#4119 = LINE ( 'NONE', #2507, #1408 ) ;
#4120 = ORIENTED_EDGE ( 'NONE', *, *, #2306, .F. ) ;
#4121 = EDGE_LOOP ( 'NONE', ( #370, #812, #4050, #395 ) ) ;
#4122 = VECTOR ( 'NONE', #3521, 1000.000000000000000 ) ;
#4123 = VECTOR ( 'NONE', #2051, 1000.000000000000000 ) ;
#4124 = VECTOR ( 'NONE', #3238, 1000.000000000000000 ) ;
#4125 = DIRECTION ( 'NONE',  ( 0.000000000000000000, -1.000000000000000000, 2.843808977011159604E-15 ) ) ;
#4126 = DIRECTION ( 'NONE',  ( 1.000000000000000000, 0.000000000000000000, 0.000000000000000000 ) ) ;
#4127 = AXIS2_PLACEMENT_3D ( 'NONE', #3635, #1007, #1687 ) ;
#4128 = LINE ( 'NONE', #1874, #1412 ) ;
#4129 = ORIENTED_EDGE ( 'NONE', *, *, #2708, .F. ) ;
#4130 = ORIENTED_EDGE ( 'NONE', *, *, #829, .F. ) ;
#4131 = AXIS2_PLACEMENT_3D ( 'NONE', #2479, #891, #3498 ) ;
#4132 = PRESENTATION_LAYER_ASSIGNMENT (  '', '', ( #2352 ) ) ;
#4133 = EDGE_CURVE ( 'NONE', #3766, #2055, #4119, .T. ) ;
#4134 = AXIS2_PLACEMENT_3D ( 'NONE', #1643, #2273, #2039 ) ;
#4135 = CARTESIAN_POINT ( 'NONE',  ( -2.179999999999997939, 3.455000000000000515, -4.700000000000017053 ) ) ;
#4136 = EDGE_CURVE ( 'NONE', #3645, #1937, #2169, .T. ) ;
#4137 = ORIENTED_EDGE ( 'NONE', *, *, #3902, .T. ) ;
#4138 = CARTESIAN_POINT ( 'NONE',  ( 4.950000000000000178, 0.000000000000000000, 0.000000000000000000 ) ) ;
#4139 = ORIENTED_EDGE ( 'NONE', *, *, #3828, .T. ) ;
#4140 = CARTESIAN_POINT ( 'NONE',  ( -3.000000000000002665, 1.301022143997296432, -0.9309401076758572202 ) ) ;
#4141 = ADVANCED_FACE ( 'NONE', ( #4184 ), #3780, .F. ) ;
#4142 = FACE_OUTER_BOUND ( 'NONE', #443, .T. ) ;
#4143 = DIRECTION ( 'NONE',  ( -0.3236155771181859486, -0.3236155771181840612, 0.8891264907159881492 ) ) ;
#4144 = PLANE ( 'NONE',  #2636 ) ;
#4145 = CARTESIAN_POINT ( 'NONE',  ( 2.899999999999979039, 1.301022143997296432, -0.9309401076758579974 ) ) ;
#4146 = EDGE_LOOP ( 'NONE', ( #16, #2921, #3589, #3425 ) ) ;
#4147 = EDGE_LOOP ( 'NONE', ( #2721, #2533, #3000, #2319 ) ) ;
#4148 = CARTESIAN_POINT ( 'NONE',  ( -3.000000000000006217, 5.275000000000011013, 0.000000000000000000 ) ) ;
#4149 = LINE ( 'NONE', #536, #2567 ) ;
#4150 = DIRECTION ( 'NONE',  ( 1.000000000000000000, -0.000000000000000000, -0.000000000000000000 ) ) ;
#4151 = ORIENTED_EDGE ( 'NONE', *, *, #1990, .F. ) ;
#4152 = ORIENTED_EDGE ( 'NONE', *, *, #3899, .F. ) ;
#4153 = DIRECTION ( 'NONE',  ( -1.000000000000000000, 0.000000000000000000, 0.000000000000000000 ) ) ;
#4154 = ADVANCED_FACE ( 'NONE', ( #1549 ), #2851, .F. ) ;
#4155 = CARTESIAN_POINT ( 'NONE',  ( 1.550000000000013145, 5.275000000000011013, -4.336808689942017736E-16 ) ) ;
#4156 = FACE_OUTER_BOUND ( 'NONE', #2063, .T. ) ;
#4157 = CARTESIAN_POINT ( 'NONE',  ( -2.819999999999999396, -2.256834363362278051, -5.132120757304893921 ) ) ;
#4158 = ADVANCED_FACE ( 'NONE', ( #3825 ), #2208, .T. ) ;
#4159 = CARTESIAN_POINT ( 'NONE',  ( 0.7499999999999950040, 0.000000000000000000, -5.999999999999982236 ) ) ;
#4160 = DIRECTION ( 'NONE',  ( 0.000000000000000000, 1.000000000000000000, 0.000000000000000000 ) ) ;
#4161 = CARTESIAN_POINT ( 'NONE',  ( 3.249999999999995115, 0.000000000000000000, -5.999999999999982236 ) ) ;
#4162 = ADVANCED_FACE ( 'NONE', ( #3194 ), #2871, .T. ) ;
#4163 = CARTESIAN_POINT ( 'NONE',  ( -2.179999999999997939, -1.117762384446300938, -5.374208804743923373 ) ) ;
#4164 = VERTEX_POINT ( 'NONE', #1636 ) ;
#4165 = EDGE_LOOP ( 'NONE', ( #699, #565, #4129, #3667 ) ) ;
#4166 = CARTESIAN_POINT ( 'NONE',  ( 4.950000000000000178, 0.000000000000000000, -11.50000000000001776 ) ) ;
#4167 = CARTESIAN_POINT ( 'NONE',  ( -2.949999999999990852, 5.275000000000011013, -0.8443375672973923995 ) ) ;
#4168 = DIRECTION ( 'NONE',  ( -0.000000000000000000, 1.000000000000000000, 1.946735479746240487E-16 ) ) ;
#4169 = FACE_OUTER_BOUND ( 'NONE', #2338, .T. ) ;
#4170 = EDGE_LOOP ( 'NONE', ( #2034, #234, #418, #242 ) ) ;
#4171 = VERTEX_POINT ( 'NONE', #2610 ) ;
#4172 = DIRECTION ( 'NONE',  ( -0.000000000000000000, -0.9276100592987817084, -0.3735499670562298924 ) ) ;
#4173 = ADVANCED_FACE ( 'NONE', ( #353 ), #2931, .F. ) ;
#4174 = LINE ( 'NONE', #1261, #444 ) ;
#4175 = PLANE ( 'NONE',  #2339 ) ;
#4176 = DIRECTION ( 'NONE',  ( 0.000000000000000000, -1.000000000000000000, -0.000000000000000000 ) ) ;
#4177 = APPLICATION_PROTOCOL_DEFINITION ( 'draft international standard', 'automotive_design', 1998, #2535 ) ;
#4178 = EDGE_CURVE ( 'NONE', #1436, #3403, #3288, .T. ) ;
#4179 = CARTESIAN_POINT ( 'NONE',  ( -0.7500000000000028866, 6.100000000000000533, -6.999999999999982236 ) ) ;
#4180 = DIRECTION ( 'NONE',  ( -0.000000000000000000, -0.000000000000000000, -1.000000000000000000 ) ) ;
#4181 = LINE ( 'NONE', #931, #1004 ) ;
#4182 = VECTOR ( 'NONE', #441, 1000.000000000000000 ) ;
#4183 = PRODUCT ( 'pin^SxB-XH-A ass', 'pin^SxB-XH-A ass', '', ( #1912 ) ) ;
#4184 = FACE_OUTER_BOUND ( 'NONE', #2932, .T. ) ;
#4185 = VERTEX_POINT ( 'NONE', #3565 ) ;
#4186 = ORIENTED_EDGE ( 'NONE', *, *, #1661, .F. ) ;
#4187 = AXIS2_PLACEMENT_3D ( 'NONE', #1872, #1622, #3553 ) ;
#4188 = EDGE_CURVE ( 'NONE', #1184, #655, #653, .T. ) ;
#4189 = CYLINDRICAL_SURFACE ( 'NONE', #3793, 0.7199999999999966427 ) ;
#4190 = CARTESIAN_POINT ( 'NONE',  ( -3.000000000000002665, 5.275000000000011013, -2.999999999999988898 ) ) ;
#4191 = FACE_OUTER_BOUND ( 'NONE', #3982, .T. ) ;
#4192 = DIRECTION ( 'NONE',  ( 0.000000000000000000, 0.000000000000000000, 1.000000000000000000 ) ) ;
#4193 = ORIENTED_EDGE ( 'NONE', *, *, #555, .F. ) ;
#4194 = VECTOR ( 'NONE', #1664, 1000.000000000000000 ) ;
#4195 = ORIENTED_EDGE ( 'NONE', *, *, #1306, .T. ) ;
#4196 = VECTOR ( 'NONE', #1570, 1000.000000000000000 ) ;
#4197 = AXIS2_PLACEMENT_3D ( 'NONE', #1321, #647, #1632 ) ;
#4198 = FACE_OUTER_BOUND ( 'NONE', #2595, .T. ) ;
#4199 = VECTOR ( 'NONE', #471, 1000.000000000000000 ) ;
#4200 = COLOUR_RGB ( '',0.7960784313725489669, 0.8235294117647058432, 0.9372549019607843146 ) ;
#4201 = AXIS2_PLACEMENT_3D ( 'NONE', #72, #2033, #2988 ) ;
#4202 = CARTESIAN_POINT ( 'NONE',  ( 2.820000000000002061, 3.454999999999999627, -4.700000000000000178 ) ) ;
#4203 = CARTESIAN_POINT ( 'NONE',  ( 3.249999999999974243, 0.4000000000000000222, 1.127570259384915934E-14 ) ) ;
#4204 = CARTESIAN_POINT ( 'NONE',  ( -2.819999999999999396, -1.356834363362289908, -5.967879242695143027 ) ) ;
#4205 = VECTOR ( 'NONE', #1020, 1000.000000000000000 ) ;
#4206 = ORIENTED_EDGE ( 'NONE', *, *, #778, .T. ) ;
#4207 = NEXT_ASSEMBLY_USAGE_OCCURRENCE ( 'NAUO1', ' ', ' ', #1946, #126, $ ) ;
#4208 = NEXT_ASSEMBLY_USAGE_OCCURRENCE ( 'NAUO2', ' ', ' ', #1946, #3091, $ ) ;
#4209 = NEXT_ASSEMBLY_USAGE_OCCURRENCE ( 'NAUO3', ' ', ' ', #1946, #426, $ ) ;
#4210 = NEXT_ASSEMBLY_USAGE_OCCURRENCE ( 'NAUO4', ' ', ' ', #1946, #3091, $ ) ;
ENDSEC;
END-ISO-10303-21;
