ISO-10303-21;
HEADER;
FILE_DESCRIPTION (( 'STEP AP214' ),
    '1' );
FILE_NAME ('DTC143EET1G.STEP',
    '2025-12-05T15:55:50',
    ( 'LENOVO' ),
    ( '' ),
    'SwSTEP 2.0',
    'SolidWorks 2021',
    '' );
FILE_SCHEMA (( 'AUTOMOTIVE_DESIGN' ));
ENDSEC;

DATA;
#1 = LINE ( 'NONE', #534, #34 ) ;
#2 = CARTESIAN_POINT ( 'NONE',  ( -0.4000000000000010214, 0.3927506516902224409, 0.4000000000000004108 ) ) ;
#3 = CARTESIAN_POINT ( 'NONE',  ( -0.7999999999999993783, 0.1499999999999999944, -0.3999999999999996336 ) ) ;
#4 = AXIS2_PLACEMENT_3D ( 'NONE', #411, #36, #1060 ) ;
#5 = AXIS2_PLACEMENT_3D ( 'NONE', #694, #1275, #931 ) ;
#6 = SURFACE_SIDE_STYLE ('',( #888 ) ) ;
#7 = VECTOR ( 'NONE', #182, 1000.000000000000227 ) ;
#8 = DIRECTION ( 'NONE',  ( 0.000000000000000000, -0.000000000000000000, -1.000000000000000000 ) ) ;
#9 = EDGE_CURVE ( 'NONE', #147, #740, #721, .T. ) ;
#10 = VECTOR ( 'NONE', #298, 1000.000000000000000 ) ;
#11 = CARTESIAN_POINT ( 'NONE',  ( -0.6500000000000001332, 0.1999999999999999833, -0.3999999999999996336 ) ) ;
#12 = EDGE_CURVE ( 'NONE', #1045, #1368, #222, .T. ) ;
#13 = FACE_OUTER_BOUND ( 'NONE', #361, .T. ) ;
#14 = CARTESIAN_POINT ( 'NONE',  ( 0.3543242287217214237, 0.1000000000000003109, -0.7999999999999951594 ) ) ;
#15 = DIRECTION ( 'NONE',  ( -1.000000000000000000, -0.000000000000000000, -0.000000000000000000 ) ) ;
#16 = EDGE_LOOP ( 'NONE', ( #1022, #498, #252, #1205 ) ) ;
#17 = CARTESIAN_POINT ( 'NONE',  ( -0.4000000000000010214, 0.4250000000000015432, -0.3999999999999996336 ) ) ;
#18 = CIRCLE ( 'NONE', #1117, 0.05000000000000002359 ) ;
#19 = ORIENTED_EDGE ( 'NONE', *, *, #135, .T. ) ;
#20 = DIRECTION ( 'NONE',  ( -0.9961946980917456562, 0.08715574274765722218, 0.000000000000000000 ) ) ;
#21 = ORIENTED_EDGE ( 'NONE', *, *, #1006, .F. ) ;
#22 = EDGE_CURVE ( 'NONE', #490, #1219, #185, .T. ) ;
#23 = CARTESIAN_POINT ( 'NONE',  ( 0.6500000000000001332, 0.1999999999999999833, 0.1000000000000003664 ) ) ;
#24 = CARTESIAN_POINT ( 'NONE',  ( -0.4507610603816509798, 0.1825688514504684723, 0.6000000000000004219 ) ) ;
#25 = EDGE_CURVE ( 'NONE', #1160, #1194, #1313, .T. ) ;
#26 = CARTESIAN_POINT ( 'NONE',  ( -0.3543242287217239772, 0.9000000000000002442, 0.7543242287217232223 ) ) ;
#27 = LINE ( 'NONE', #633, #1002 ) ;
#28 = ORIENTED_EDGE ( 'NONE', *, *, #1168, .T. ) ;
#29 = ADVANCED_FACE ( 'NONE', ( #1286 ), #443, .T. ) ;
#30 = ORIENTED_EDGE ( 'NONE', *, *, #140, .T. ) ;
#31 = DIRECTION ( 'NONE',  ( 1.000000000000000000, 0.000000000000000000, 0.000000000000000000 ) ) ;
#32 = EDGE_CURVE ( 'NONE', #1466, #568, #757, .T. ) ;
#33 = DIRECTION ( 'NONE',  ( 1.000000000000000000, -4.082155997157843695E-16, 0.000000000000000000 ) ) ;
#34 = VECTOR ( 'NONE', #1245, 1000.000000000000000 ) ;
#35 = ORIENTED_EDGE ( 'NONE', *, *, #581, .F. ) ;
#36 = DIRECTION ( 'NONE',  ( 0.9902680687415702510, -0.1391731009600657432, -2.684126978681595746E-16 ) ) ;
#37 =( GEOMETRIC_REPRESENTATION_CONTEXT ( 3 ) GLOBAL_UNCERTAINTY_ASSIGNED_CONTEXT ( ( #1450 ) ) GLOBAL_UNIT_ASSIGNED_CONTEXT ( ( #77, #1479, #196 ) ) REPRESENTATION_CONTEXT ( 'NONE', 'WORKASPACE' ) );
#38 = ORIENTED_EDGE ( 'NONE', *, *, #737, .T. ) ;
#39 = ORIENTED_EDGE ( 'NONE', *, *, #828, .F. ) ;
#40 = ADVANCED_FACE ( 'NONE', ( #793 ), #777, .F. ) ;
#41 = LINE ( 'NONE', #69, #47 ) ;
#42 = ORIENTED_EDGE ( 'NONE', *, *, #1154, .T. ) ;
#43 = DIRECTION ( 'NONE',  ( -0.000000000000000000, -1.000000000000000000, -0.000000000000000000 ) ) ;
#44 = CARTESIAN_POINT ( 'NONE',  ( -0.6499999999999994671, -6.123233995736763571E-17, 0.4000000000000004108 ) ) ;
#45 = CIRCLE ( 'NONE', #1418, 0.05000000000000002359 ) ;
#46 = CARTESIAN_POINT ( 'NONE',  ( -0.4000000000000010214, 0.4250000000000015432, -0.3999999999999996336 ) ) ;
#47 = VECTOR ( 'NONE', #1115, 1000.000000000000000 ) ;
#48 = VECTOR ( 'NONE', #43, 1000.000000000000000 ) ;
#49 = EDGE_LOOP ( 'NONE', ( #814, #943, #1198, #432 ) ) ;
#50 = DIRECTION ( 'NONE',  ( 0.000000000000000000, 0.000000000000000000, -1.000000000000000000 ) ) ;
#51 = CIRCLE ( 'NONE', #92, 0.05000000000000002359 ) ;
#52 = MECHANICAL_DESIGN_GEOMETRIC_PRESENTATION_REPRESENTATION (  '', ( #564 ), #1072 ) ;
#53 = DIRECTION ( 'NONE',  ( 1.000000000000000000, 0.000000000000000000, 0.000000000000000000 ) ) ;
#54 = PLANE ( 'NONE',  #617 ) ;
#55 = LINE ( 'NONE', #1043, #66 ) ;
#56 = AXIS2_PLACEMENT_3D ( 'NONE', #592, #1281, #376 ) ;
#57 =( NAMED_UNIT ( * ) SI_UNIT ( $, .STERADIAN. ) SOLID_ANGLE_UNIT ( ) );
#58 = UNCERTAINTY_MEASURE_WITH_UNIT (LENGTH_MEASURE( 1.000000000000000082E-05 ), #397, 'distance_accuracy_value', 'NONE');
#59 = FACE_OUTER_BOUND ( 'NONE', #339, .T. ) ;
#60 = ADVANCED_FACE ( 'NONE', ( #285 ), #575, .F. ) ;
#61 = DIRECTION ( 'NONE',  ( 1.000000000000000000, 0.000000000000000000, 0.000000000000000000 ) ) ;
#62 = DIRECTION ( 'NONE',  ( -1.000000000000000000, 0.000000000000000000, 0.000000000000000000 ) ) ;
#63 = EDGE_CURVE ( 'NONE', #1186, #861, #1302, .T. ) ;
#64 = DIRECTION ( 'NONE',  ( -0.08715574274765695850, -0.9961946980917456562, -0.000000000000000000 ) ) ;
#65 = DIRECTION ( 'NONE',  ( 1.000000000000000000, 0.000000000000000000, 0.000000000000000000 ) ) ;
#66 = VECTOR ( 'NONE', #1407, 1000.000000000000000 ) ;
#67 = EDGE_LOOP ( 'NONE', ( #1461, #764, #1467, #742, #1395, #529, #896, #813, #894, #35 ) ) ;
#68 = DIRECTION ( 'NONE',  ( -0.000000000000000000, -0.000000000000000000, -1.000000000000000000 ) ) ;
#69 = CARTESIAN_POINT ( 'NONE',  ( 0.6499999999999994671, 0.1499999999999999389, 0.1000000000000003664 ) ) ;
#70 = CARTESIAN_POINT ( 'NONE',  ( -0.7999999999999993783, 0.000000000000000000, -0.3999999999999996336 ) ) ;
#71 = ORIENTED_EDGE ( 'NONE', *, *, #1083, .T. ) ;
#72 = AXIS2_PLACEMENT_3D ( 'NONE', #11, #337, #902 ) ;
#73 = DIRECTION ( 'NONE',  ( 0.000000000000000000, 0.000000000000000000, 1.000000000000000000 ) ) ;
#74 = FACE_OUTER_BOUND ( 'NONE', #330, .T. ) ;
#75 = ORIENTED_EDGE ( 'NONE', *, *, #882, .T. ) ;
#76 = DIRECTION ( 'NONE',  ( -0.000000000000000000, -0.000000000000000000, -1.000000000000000000 ) ) ;
#77 =( LENGTH_UNIT ( ) NAMED_UNIT ( * ) SI_UNIT ( .MILLI., .METRE. ) );
#78 = CARTESIAN_POINT ( 'NONE',  ( -0.4000000000000010214, 0.3927506516902224409, 0.6000000000000004219 ) ) ;
#79 = DIRECTION ( 'NONE',  ( -0.000000000000000000, -0.000000000000000000, -1.000000000000000000 ) ) ;
#80 =( NAMED_UNIT ( * ) PLANE_ANGLE_UNIT ( ) SI_UNIT ( $, .RADIAN. ) );
#81 = EDGE_CURVE ( 'NONE', #119, #1277, #1280, .T. ) ;
#82 = VERTEX_POINT ( 'NONE', #281 ) ;
#83 = ORIENTED_EDGE ( 'NONE', *, *, #1017, .T. ) ;
#84 = DIRECTION ( 'NONE',  ( 0.08715574274765720830, 0.9961946980917456562, 0.000000000000000000 ) ) ;
#85 = CARTESIAN_POINT ( 'NONE',  ( 0.4507610603816509798, 0.1825688514504684723, -0.09999999999999961697 ) ) ;
#86 = VERTEX_POINT ( 'NONE', #310 ) ;
#87 = DIRECTION ( 'NONE',  ( -1.000000000000000000, 0.000000000000000000, 0.000000000000000000 ) ) ;
#88 = EDGE_CURVE ( 'NONE', #1346, #806, #1318, .T. ) ;
#89 = DIRECTION ( 'NONE',  ( -0.000000000000000000, -0.000000000000000000, -1.000000000000000000 ) ) ;
#90 = ORIENTED_EDGE ( 'NONE', *, *, #365, .F. ) ;
#91 = DIRECTION ( 'NONE',  ( -0.000000000000000000, -0.000000000000000000, -1.000000000000000000 ) ) ;
#92 = AXIS2_PLACEMENT_3D ( 'NONE', #23, #715, #142 ) ;
#93 = DIRECTION ( 'NONE',  ( 1.000000000000000000, 0.000000000000000000, 0.000000000000000000 ) ) ;
#94 = EDGE_CURVE ( 'NONE', #1308, #1160, #752, .T. ) ;
#95 = DIRECTION ( 'NONE',  ( -0.08715574274765720830, 0.9961946980917456562, 0.000000000000000000 ) ) ;
#96 = DIRECTION ( 'NONE',  ( -0.000000000000000000, -0.000000000000000000, -1.000000000000000000 ) ) ;
#97 = CARTESIAN_POINT ( 'NONE',  ( -0.4000000000000010214, 0.4250000000000015432, -0.5999999999999996447 ) ) ;
#98 = ORIENTED_EDGE ( 'NONE', *, *, #1225, .F. ) ;
#99 = AXIS2_PLACEMENT_3D ( 'NONE', #925, #895, #798 ) ;
#100 = LINE ( 'NONE', #14, #541 ) ;
#101 = CARTESIAN_POINT ( 'NONE',  ( -0.4000000000000010214, 0.3927506516902224409, 0.6000000000000004219 ) ) ;
#102 = VECTOR ( 'NONE', #159, 1000.000000000000000 ) ;
#103 = CARTESIAN_POINT ( 'NONE',  ( -0.4507610603816509798, 0.1825688514504685278, -0.5999999999999996447 ) ) ;
#104 = DIRECTION ( 'NONE',  ( 1.000000000000000000, 3.614007241618349264E-16, 0.000000000000000000 ) ) ;
#105 = ORIENTED_EDGE ( 'NONE', *, *, #759, .T. ) ;
#106 = AXIS2_PLACEMENT_3D ( 'NONE', #619, #1354, #1458 ) ;
#107 = VERTEX_POINT ( 'NONE', #530 ) ;
#108 = CARTESIAN_POINT ( 'NONE',  ( 0.7999999999999993783, 0.000000000000000000, -0.09999999999999961697 ) ) ;
#109 = CYLINDRICAL_SURFACE ( 'NONE', #858, 0.1999999999999999833 ) ;
#110 = DIRECTION ( 'NONE',  ( -0.000000000000000000, 0.000000000000000000, 1.000000000000000000 ) ) ;
#111 = ORIENTED_EDGE ( 'NONE', *, *, #1096, .T. ) ;
#112 = VECTOR ( 'NONE', #515, 1000.000000000000000 ) ;
#113 = CARTESIAN_POINT ( 'NONE',  ( -0.6499999999999994671, 0.1499999999999999389, 0.6000000000000004219 ) ) ;
#114 = CARTESIAN_POINT ( 'NONE',  ( -0.4000000000000010214, 0.3927506516902224409, -0.3999999999999996336 ) ) ;
#115 = ORIENTED_EDGE ( 'NONE', *, *, #1151, .F. ) ;
#116 = AXIS2_PLACEMENT_3D ( 'NONE', #1285, #1411, #595 ) ;
#117 = ORIENTED_EDGE ( 'NONE', *, *, #868, .T. ) ;
#118 = CARTESIAN_POINT ( 'NONE',  ( -0.4000000000000010214, 0.3927506516902224409, 0.6000000000000004219 ) ) ;
#119 = VERTEX_POINT ( 'NONE', #427 ) ;
#120 = DIRECTION ( 'NONE',  ( 0.000000000000000000, -1.000000000000000000, -0.000000000000000000 ) ) ;
#121 = VECTOR ( 'NONE', #419, 1000.000000000000000 ) ;
#122 = DIRECTION ( 'NONE',  ( 0.9961946980917456562, -0.08715574274765695850, 0.000000000000000000 ) ) ;
#123 = ORIENTED_EDGE ( 'NONE', *, *, #882, .F. ) ;
#124 = EDGE_CURVE ( 'NONE', #1078, #1257, #288, .T. ) ;
#125 = ORIENTED_EDGE ( 'NONE', *, *, #812, .T. ) ;
#126 = CARTESIAN_POINT ( 'NONE',  ( 0.3999999999999988565, 0.4250000000000015432, -0.7999999999999951594 ) ) ;
#127 = LINE ( 'NONE', #996, #121 ) ;
#128 = CARTESIAN_POINT ( 'NONE',  ( -0.4507610603816509798, 0.1825688514504684723, -0.3999999999999996336 ) ) ;
#129 = LINE ( 'NONE', #1487, #1161 ) ;
#130 = CARTESIAN_POINT ( 'NONE',  ( -0.7999999999999993783, 0.1499999999999999944, 0.6000000000000004219 ) ) ;
#131 = VERTEX_POINT ( 'NONE', #26 ) ;
#132 = CARTESIAN_POINT ( 'NONE',  ( -0.7999999999999993783, 0.000000000000000000, -0.3999999999999996336 ) ) ;
#133 =( NAMED_UNIT ( * ) PLANE_ANGLE_UNIT ( ) SI_UNIT ( $, .RADIAN. ) );
#134 = AXIS2_PLACEMENT_3D ( 'NONE', #1394, #635, #1471 ) ;
#135 = EDGE_CURVE ( 'NONE', #292, #941, #1278, .T. ) ;
#136 = ADVANCED_FACE ( 'NONE', ( #796 ), #571, .F. ) ;
#137 = CARTESIAN_POINT ( 'NONE',  ( -0.4000000000000010214, 0.4250000000000015432, 0.8000000000000003775 ) ) ;
#138 = CARTESIAN_POINT ( 'NONE',  ( -0.6001902650954127338, 0.1956422128626171264, -0.3999999999999996336 ) ) ;
#139 = VERTEX_POINT ( 'NONE', #130 ) ;
#140 = EDGE_CURVE ( 'NONE', #941, #1356, #1268, .T. ) ;
#141 = EDGE_LOOP ( 'NONE', ( #438, #454, #1480, #1196 ) ) ;
#142 = DIRECTION ( 'NONE',  ( -1.000000000000000000, 0.000000000000000000, 0.000000000000000000 ) ) ;
#143 = CARTESIAN_POINT ( 'NONE',  ( -0.4000000000000010214, 0.9000000000000002442, 0.7543242287217232223 ) ) ;
#144 = EDGE_LOOP ( 'NONE', ( #738, #71, #1059, #1233, #570, #1063, #1065, #117, #1213, #716 ) ) ;
#145 = LINE ( 'NONE', #1135, #1107 ) ;
#146 = CARTESIAN_POINT ( 'NONE',  ( -0.7999999999999993783, 0.000000000000000000, -0.3999999999999996336 ) ) ;
#147 = VERTEX_POINT ( 'NONE', #249 ) ;
#148 = FACE_OUTER_BOUND ( 'NONE', #223, .T. ) ;
#149 = CARTESIAN_POINT ( 'NONE',  ( -0.3543242287217239772, 0.9000000000000002442, -0.7999999999999951594 ) ) ;
#150 = EDGE_CURVE ( 'NONE', #542, #86, #1262, .T. ) ;
#151 = FACE_OUTER_BOUND ( 'NONE', #725, .T. ) ;
#152 = CARTESIAN_POINT ( 'NONE',  ( -0.6500000000000001332, 0.1999999999999999833, -0.5999999999999996447 ) ) ;
#153 =( NAMED_UNIT ( * ) SI_UNIT ( $, .STERADIAN. ) SOLID_ANGLE_UNIT ( ) );
#154 = SURFACE_STYLE_FILL_AREA ( #936 ) ;
#155 = AXIS2_PLACEMENT_3D ( 'NONE', #559, #307, #93 ) ;
#156 = CARTESIAN_POINT ( 'NONE',  ( -0.4321266298031170572, 0.3955613675952891484, -0.3999999999999996336 ) ) ;
#157 = CIRCLE ( 'NONE', #241, 0.05000000000000002359 ) ;
#158 = LINE ( 'NONE', #149, #1200 ) ;
#159 = DIRECTION ( 'NONE',  ( -0.000000000000000000, -0.000000000000000000, -1.000000000000000000 ) ) ;
#160 = AXIS2_PLACEMENT_3D ( 'NONE', #1206, #375, #1171 ) ;
#161 = VECTOR ( 'NONE', #1007, 1000.000000000000000 ) ;
#162 = DIRECTION ( 'NONE',  ( -0.000000000000000000, -0.000000000000000000, -1.000000000000000000 ) ) ;
#163 = DIRECTION ( 'NONE',  ( 0.000000000000000000, 0.9902680687415702510, -0.1391731009600657432 ) ) ;
#164 = CIRCLE ( 'NONE', #1304, 0.1822493483097791245 ) ;
#165 = ADVANCED_FACE ( 'NONE', ( #273 ), #709, .T. ) ;
#166 = CARTESIAN_POINT ( 'NONE',  ( -0.7999999999999993783, 0.1499999999999999944, 0.6000000000000004219 ) ) ;
#167 = EDGE_CURVE ( 'NONE', #82, #1377, #1309, .T. ) ;
#168 = EDGE_LOOP ( 'NONE', ( #966, #706, #838, #1373 ) ) ;
#169 = VECTOR ( 'NONE', #190, 1000.000000000000114 ) ;
#170 = PLANE ( 'NONE',  #344 ) ;
#171 = LINE ( 'NONE', #1001, #169 ) ;
#172 = CARTESIAN_POINT ( 'NONE',  ( 0.3999999999999993006, 0.4250000000000015432, 0.8000000000000003775 ) ) ;
#173 = AXIS2_PLACEMENT_3D ( 'NONE', #458, #628, #62 ) ;
#174 = FACE_OUTER_BOUND ( 'NONE', #573, .T. ) ;
#175 = DIRECTION ( 'NONE',  ( -0.000000000000000000, -0.000000000000000000, -1.000000000000000000 ) ) ;
#176 = DIRECTION ( 'NONE',  ( 1.000000000000000000, 0.000000000000000000, 0.000000000000000000 ) ) ;
#177 = AXIS2_PLACEMENT_3D ( 'NONE', #371, #122, #1169 ) ;
#178 = EDGE_LOOP ( 'NONE', ( #703, #840, #1081, #803 ) ) ;
#179 = CARTESIAN_POINT ( 'NONE',  ( -0.7999999999999993783, 0.000000000000000000, 0.6000000000000004219 ) ) ;
#180 = ORIENTED_EDGE ( 'NONE', *, *, #900, .F. ) ;
#181 = PRESENTATION_STYLE_ASSIGNMENT (( #1073 ) ) ;
#182 = DIRECTION ( 'NONE',  ( -0.1378445374916289212, -0.9808148484639889197, -0.1378445374916289212 ) ) ;
#183 = EDGE_CURVE ( 'NONE', #604, #1260, #782, .T. ) ;
#184 = DIRECTION ( 'NONE',  ( 1.000000000000000000, 0.000000000000000000, 0.000000000000000000 ) ) ;
#185 = LINE ( 'NONE', #97, #1301 ) ;
#186 = EDGE_CURVE ( 'NONE', #795, #1040, #762, .T. ) ;
#187 = ADVANCED_FACE ( 'NONE', ( #294 ), #1289, .F. ) ;
#188 = VECTOR ( 'NONE', #1441, 1000.000000000000000 ) ;
#189 = VERTEX_POINT ( 'NONE', #1402 ) ;
#190 = DIRECTION ( 'NONE',  ( 0.1378445374916289212, -0.9808148484639890308, -0.1378445374916289490 ) ) ;
#191 = ORIENTED_EDGE ( 'NONE', *, *, #12, .F. ) ;
#192 = VERTEX_POINT ( 'NONE', #675 ) ;
#193 = CARTESIAN_POINT ( 'NONE',  ( -0.5815558345168788668, 0.4086347290074377470, 0.6000000000000004219 ) ) ;
#194 = ORIENTED_EDGE ( 'NONE', *, *, #1360, .T. ) ;
#195 = CYLINDRICAL_SURFACE ( 'NONE', #988, 0.03224934830977916472 ) ;
#196 =( NAMED_UNIT ( * ) SI_UNIT ( $, .STERADIAN. ) SOLID_ANGLE_UNIT ( ) );
#197 = VECTOR ( 'NONE', #679, 1000.000000000000000 ) ;
#198 = DIRECTION ( 'NONE',  ( 0.000000000000000000, 0.000000000000000000, 1.000000000000000000 ) ) ;
#199 =( GEOMETRIC_REPRESENTATION_CONTEXT ( 3 ) GLOBAL_UNCERTAINTY_ASSIGNED_CONTEXT ( ( #455 ) ) GLOBAL_UNIT_ASSIGNED_CONTEXT ( ( #968, #1193, #1082 ) ) REPRESENTATION_CONTEXT ( 'NONE', 'WORKASPACE' ) );
#200 = DIRECTION ( 'NONE',  ( 0.000000000000000000, 1.000000000000000000, 0.000000000000000000 ) ) ;
#201 = EDGE_LOOP ( 'NONE', ( #1324, #519, #1401, #379 ) ) ;
#202 = AXIS2_PLACEMENT_3D ( 'NONE', #667, #226, #1499 ) ;
#203 = ORIENTED_EDGE ( 'NONE', *, *, #1341, .F. ) ;
#204 = CARTESIAN_POINT ( 'NONE',  ( -0.7999999999999993783, 0.1499999999999999944, -0.5999999999999996447 ) ) ;
#205 = EDGE_CURVE ( 'NONE', #1343, #1377, #260, .T. ) ;
#206 = ORIENTED_EDGE ( 'NONE', *, *, #908, .T. ) ;
#207 = CARTESIAN_POINT ( 'NONE',  ( -0.4321266298031170572, 0.3955613675952891484, -0.3999999999999996336 ) ) ;
#208 = UNCERTAINTY_MEASURE_WITH_UNIT (LENGTH_MEASURE( 1.000000000000000082E-05 ), #845, 'distance_accuracy_value', 'NONE');
#209 = ORIENTED_EDGE ( 'NONE', *, *, #359, .F. ) ;
#210 = ADVANCED_FACE ( 'NONE', ( #789 ), #264, .T. ) ;
#211 = DIRECTION ( 'NONE',  ( -0.000000000000000000, -1.000000000000000000, -0.000000000000000000 ) ) ;
#212 = ORIENTED_EDGE ( 'NONE', *, *, #22, .T. ) ;
#213 = VECTOR ( 'NONE', #950, 1000.000000000000000 ) ;
#214 = EDGE_LOOP ( 'NONE', ( #630, #939, #962, #472 ) ) ;
#215 = DIRECTION ( 'NONE',  ( -0.9961946980917456562, -0.08715574274765695850, 0.000000000000000000 ) ) ;
#216 = ORIENTED_EDGE ( 'NONE', *, *, #660, .F. ) ;
#217 = DIRECTION ( 'NONE',  ( 0.000000000000000000, 0.1391731009600657432, -0.9902680687415702510 ) ) ;
#218 = ORIENTED_EDGE ( 'NONE', *, *, #961, .T. ) ;
#219 = ORIENTED_EDGE ( 'NONE', *, *, #961, .F. ) ;
#220 = VECTOR ( 'NONE', #985, 1000.000000000000000 ) ;
#221 = CARTESIAN_POINT ( 'NONE',  ( -0.7999999999999993783, 0.1499999999999999944, 0.4000000000000004108 ) ) ;
#222 = LINE ( 'NONE', #453, #746 ) ;
#223 = EDGE_LOOP ( 'NONE', ( #1266, #992, #1403, #948 ) ) ;
#224 = ORIENTED_EDGE ( 'NONE', *, *, #94, .T. ) ;
#225 = CARTESIAN_POINT ( 'NONE',  ( -0.6500000000000001332, 0.1999999999999999833, -0.3999999999999996336 ) ) ;
#226 = DIRECTION ( 'NONE',  ( -0.000000000000000000, -0.000000000000000000, -1.000000000000000000 ) ) ;
#227 = ORIENTED_EDGE ( 'NONE', *, *, #32, .F. ) ;
#228 = ADVANCED_FACE ( 'NONE', ( #267 ), #768, .T. ) ;
#229 = EDGE_CURVE ( 'NONE', #1484, #360, #1293, .T. ) ;
#230 = DIRECTION ( 'NONE',  ( 2.710505431213768974E-16, -0.000000000000000000, 1.000000000000000000 ) ) ;
#231 = ORIENTED_EDGE ( 'NONE', *, *, #150, .T. ) ;
#232 = LINE ( 'NONE', #428, #257 ) ;
#233 = VECTOR ( 'NONE', #1232, 1000.000000000000000 ) ;
#234 = CARTESIAN_POINT ( 'NONE',  ( 0.3999999999999988565, 0.5750000000000017319, -0.7999999999999951594 ) ) ;
#235 = EDGE_CURVE ( 'NONE', #903, #876, #275, .T. ) ;
#236 = ORIENTED_EDGE ( 'NONE', *, *, #356, .F. ) ;
#237 = FACE_OUTER_BOUND ( 'NONE', #914, .T. ) ;
#238 = CARTESIAN_POINT ( 'NONE',  ( 0.6500000000000001332, 0.1999999999999999833, 0.1000000000000003664 ) ) ;
#239 = CARTESIAN_POINT ( 'NONE',  ( 0.4000000000000010214, 0.5750000000000015099, 0.1000000000000003664 ) ) ;
#240 = CARTESIAN_POINT ( 'NONE',  ( -0.4000000000000010214, 0.5750000000000017319, 0.8000000000000003775 ) ) ;
#241 = AXIS2_PLACEMENT_3D ( 'NONE', #225, #1256, #351 ) ;
#242 = ORIENTED_EDGE ( 'NONE', *, *, #1036, .F. ) ;
#243 = VERTEX_POINT ( 'NONE', #221 ) ;
#244 = FACE_OUTER_BOUND ( 'NONE', #480, .T. ) ;
#245 = DIRECTION ( 'NONE',  ( -0.000000000000000000, -0.000000000000000000, -1.000000000000000000 ) ) ;
#246 = ADVANCED_FACE ( 'NONE', ( #1296 ), #109, .T. ) ;
#247 = ORIENTED_EDGE ( 'NONE', *, *, #1341, .T. ) ;
#248 = FACE_OUTER_BOUND ( 'NONE', #448, .T. ) ;
#249 = CARTESIAN_POINT ( 'NONE',  ( -0.6499999999999994671, 0.1499999999999999389, -0.3999999999999996336 ) ) ;
#250 = EDGE_LOOP ( 'NONE', ( #231, #1235, #236, #1504 ) ) ;
#251 = DIRECTION ( 'NONE',  ( 0.000000000000000000, -1.000000000000000000, 0.000000000000000000 ) ) ;
#252 = ORIENTED_EDGE ( 'NONE', *, *, #431, .F. ) ;
#253 = LINE ( 'NONE', #513, #1270 ) ;
#254 = DIRECTION ( 'NONE',  ( 0.000000000000000000, -0.9902680687415703620, 0.1391731009600657432 ) ) ;
#255 = CARTESIAN_POINT ( 'NONE',  ( -0.4000000000000010214, 0.4250000000000015432, 0.6000000000000004219 ) ) ;
#256 = VECTOR ( 'NONE', #68, 1000.000000000000000 ) ;
#257 = VECTOR ( 'NONE', #390, 1000.000000000000000 ) ;
#258 = CARTESIAN_POINT ( 'NONE',  ( 0.3999999999999988565, 0.5750000000000017319, -0.7999999999999951594 ) ) ;
#259 = FACE_OUTER_BOUND ( 'NONE', #930, .T. ) ;
#260 = CIRCLE ( 'NONE', #603, 0.03224934830977916472 ) ;
#261 = DIRECTION ( 'NONE',  ( -1.000000000000000000, 0.000000000000000000, 0.000000000000000000 ) ) ;
#262 = AXIS2_PLACEMENT_3D ( 'NONE', #544, #815, #1029 ) ;
#263 = EDGE_CURVE ( 'NONE', #82, #1346, #613, .T. ) ;
#264 = CYLINDRICAL_SURFACE ( 'NONE', #517, 0.1822493483097791245 ) ;
#265 = CYLINDRICAL_SURFACE ( 'NONE', #460, 0.1822493483097791245 ) ;
#266 = CARTESIAN_POINT ( 'NONE',  ( -0.4000000000000010214, 0.5750000000000017319, 0.8000000000000003775 ) ) ;
#267 = FACE_OUTER_BOUND ( 'NONE', #451, .T. ) ;
#268 = VECTOR ( 'NONE', #554, 1000.000000000000000 ) ;
#269 = EDGE_CURVE ( 'NONE', #1040, #1049, #623, .T. ) ;
#270 = DIRECTION ( 'NONE',  ( -1.000000000000000000, 0.000000000000000000, -0.000000000000000000 ) ) ;
#271 = EDGE_CURVE ( 'NONE', #1049, #1178, #1103, .T. ) ;
#272 = LINE ( 'NONE', #711, #769 ) ;
#273 = FACE_OUTER_BOUND ( 'NONE', #1476, .T. ) ;
#274 = DIRECTION ( 'NONE',  ( 0.000000000000000000, 0.000000000000000000, 1.000000000000000000 ) ) ;
#275 = LINE ( 'NONE', #1035, #277 ) ;
#276 = DIRECTION ( 'NONE',  ( 0.000000000000000000, 0.000000000000000000, 1.000000000000000000 ) ) ;
#277 = VECTOR ( 'NONE', #781, 1000.000000000000114 ) ;
#278 = VECTOR ( 'NONE', #120, 1000.000000000000000 ) ;
#279 = AXIS2_PLACEMENT_3D ( 'NONE', #284, #276, #393 ) ;
#280 = EDGE_CURVE ( 'NONE', #243, #1277, #632, .T. ) ;
#281 = CARTESIAN_POINT ( 'NONE',  ( -0.4000000000000010214, 0.4250000000000015987, 0.6000000000000004219 ) ) ;
#282 = EDGE_CURVE ( 'NONE', #708, #333, #145, .T. ) ;
#283 = CARTESIAN_POINT ( 'NONE',  ( -0.4000000000000010214, 0.5750000000000015099, 0.6000000000000004219 ) ) ;
#284 = CARTESIAN_POINT ( 'NONE',  ( -0.6500000000000001332, 0.1999999999999999833, 0.4000000000000004108 ) ) ;
#285 = FACE_OUTER_BOUND ( 'NONE', #686, .T. ) ;
#286 = VECTOR ( 'NONE', #922, 1000.000000000000000 ) ;
#287 = CARTESIAN_POINT ( 'NONE',  ( -0.4507610603816509798, 0.1825688514504685278, -0.3999999999999996336 ) ) ;
#288 = LINE ( 'NONE', #1185, #784 ) ;
#289 = FACE_OUTER_BOUND ( 'NONE', #732, .T. ) ;
#290 = CARTESIAN_POINT ( 'NONE',  ( -0.7999999999999993783, 0.1499999999999999944, 0.6000000000000004219 ) ) ;
#291 =( NAMED_UNIT ( * ) PLANE_ANGLE_UNIT ( ) SI_UNIT ( $, .RADIAN. ) );
#292 = VERTEX_POINT ( 'NONE', #1215 ) ;
#293 = ADVANCED_FACE ( 'NONE', ( #148 ), #1345, .F. ) ;
#294 = FACE_OUTER_BOUND ( 'NONE', #537, .T. ) ;
#295 = VECTOR ( 'NONE', #1419, 999.9999999999998863 ) ;
#296 = ORIENTED_EDGE ( 'NONE', *, *, #88, .F. ) ;
#297 = VECTOR ( 'NONE', #1481, 1000.000000000000000 ) ;
#298 = DIRECTION ( 'NONE',  ( -0.000000000000000000, -1.000000000000000000, -0.000000000000000000 ) ) ;
#299 = VECTOR ( 'NONE', #1061, 1000.000000000000000 ) ;
#300 = VERTEX_POINT ( 'NONE', #1071 ) ;
#301 = APPLICATION_CONTEXT ( 'automotive_design' ) ;
#302 = EDGE_CURVE ( 'NONE', #708, #1172, #608, .T. ) ;
#303 = CARTESIAN_POINT ( 'NONE',  ( 0.7999999999999993783, 0.000000000000000000, 0.1000000000000003664 ) ) ;
#304 = ORIENTED_EDGE ( 'NONE', *, *, #660, .T. ) ;
#305 = EDGE_LOOP ( 'NONE', ( #1384, #1388, #321, #367 ) ) ;
#306 = ORIENTED_EDGE ( 'NONE', *, *, #1225, .T. ) ;
#307 = DIRECTION ( 'NONE',  ( -0.000000000000000000, -0.000000000000000000, -1.000000000000000000 ) ) ;
#308 = ORIENTED_EDGE ( 'NONE', *, *, #1006, .T. ) ;
#309 = ORIENTED_EDGE ( 'NONE', *, *, #1294, .F. ) ;
#310 = CARTESIAN_POINT ( 'NONE',  ( -0.7999999999999993783, 0.000000000000000000, -0.5999999999999996447 ) ) ;
#311 = CARTESIAN_POINT ( 'NONE',  ( 0.4000000000000010214, 0.3927506516902224409, 0.1000000000000003664 ) ) ;
#312 = DIRECTION ( 'NONE',  ( 0.000000000000000000, -0.000000000000000000, 1.000000000000000000 ) ) ;
#313 = ORIENTED_EDGE ( 'NONE', *, *, #1137, .F. ) ;
#314 = ORIENTED_EDGE ( 'NONE', *, *, #1183, .F. ) ;
#315 = ORIENTED_EDGE ( 'NONE', *, *, #320, .F. ) ;
#316 = CARTESIAN_POINT ( 'NONE',  ( -0.6499999999999994671, 0.1499999999999999389, -0.3999999999999996336 ) ) ;
#317 = CARTESIAN_POINT ( 'NONE',  ( 0.4321266298031170572, 0.3955613675952891484, 0.1000000000000003664 ) ) ;
#318 = FACE_OUTER_BOUND ( 'NONE', #392, .T. ) ;
#319 = CARTESIAN_POINT ( 'NONE',  ( 0.000000000000000000, 0.1000000000000003109, 0.000000000000000000 ) ) ;
#320 = EDGE_CURVE ( 'NONE', #373, #189, #1125, .T. ) ;
#321 = ORIENTED_EDGE ( 'NONE', *, *, #1478, .F. ) ;
#322 = CARTESIAN_POINT ( 'NONE',  ( 0.4000000000000010214, 0.3927506516902224409, -0.09999999999999961697 ) ) ;
#323 = ORIENTED_EDGE ( 'NONE', *, *, #1151, .T. ) ;
#324 = ORIENTED_EDGE ( 'NONE', *, *, #1145, .F. ) ;
#325 = EDGE_LOOP ( 'NONE', ( #1344, #665, #1482, #324 ) ) ;
#326 = CARTESIAN_POINT ( 'NONE',  ( -0.6500000000000001332, 0.1999999999999999833, 0.4000000000000004108 ) ) ;
#327 = FILL_AREA_STYLE ('',( #1493 ) ) ;
#328 = FACE_OUTER_BOUND ( 'NONE', #49, .T. ) ;
#329 = VERTEX_POINT ( 'NONE', #523 ) ;
#330 = EDGE_LOOP ( 'NONE', ( #972, #1052, #565, #1066 ) ) ;
#331 = DIRECTION ( 'NONE',  ( -0.000000000000000000, -0.000000000000000000, -1.000000000000000000 ) ) ;
#332 = AXIS2_PLACEMENT_3D ( 'NONE', #1056, #940, #591 ) ;
#333 = VERTEX_POINT ( 'NONE', #1439 ) ;
#334 = ORIENTED_EDGE ( 'NONE', *, *, #421, .T. ) ;
#335 = LINE ( 'NONE', #1299, #378 ) ;
#336 = DIRECTION ( 'NONE',  ( -0.000000000000000000, -1.000000000000000000, -0.000000000000000000 ) ) ;
#337 = DIRECTION ( 'NONE',  ( 0.000000000000000000, 0.000000000000000000, 1.000000000000000000 ) ) ;
#338 = ORIENTED_EDGE ( 'NONE', *, *, #167, .T. ) ;
#339 = EDGE_LOOP ( 'NONE', ( #219, #423, #369, #520 ) ) ;
#340 = CIRCLE ( 'NONE', #1024, 0.03224934830977916472 ) ;
#341 = VERTEX_POINT ( 'NONE', #1202 ) ;
#342 = ORIENTED_EDGE ( 'NONE', *, *, #1027, .T. ) ;
#343 = PLANE ( 'NONE',  #512 ) ;
#344 = AXIS2_PLACEMENT_3D ( 'NONE', #326, #887, #525 ) ;
#345 = DIRECTION ( 'NONE',  ( 0.000000000000000000, 0.9902680687415702510, 0.1391731009600657432 ) ) ;
#346 = VECTOR ( 'NONE', #415, 1000.000000000000000 ) ;
#347 = EDGE_CURVE ( 'NONE', #1134, #816, #1129, .T. ) ;
#348 = DIRECTION ( 'NONE',  ( -0.000000000000000000, -0.000000000000000000, -1.000000000000000000 ) ) ;
#349 = CIRCLE ( 'NONE', #155, 0.1822493483097791245 ) ;
#350 = VERTEX_POINT ( 'NONE', #258 ) ;
#351 = DIRECTION ( 'NONE',  ( 1.000000000000000000, 0.000000000000000000, 0.000000000000000000 ) ) ;
#352 = VERTEX_POINT ( 'NONE', #751 ) ;
#353 = ORIENTED_EDGE ( 'NONE', *, *, #186, .T. ) ;
#354 = PLANE ( 'NONE',  #449 ) ;
#355 = DIRECTION ( 'NONE',  ( -0.000000000000000000, -0.000000000000000000, -1.000000000000000000 ) ) ;
#356 = EDGE_CURVE ( 'NONE', #740, #329, #1138, .T. ) ;
#357 = DIRECTION ( 'NONE',  ( 0.000000000000000000, 0.000000000000000000, 1.000000000000000000 ) ) ;
#358 = EDGE_LOOP ( 'NONE', ( #1269, #1490, #1034, #827 ) ) ;
#359 = EDGE_CURVE ( 'NONE', #1277, #1363, #614, .T. ) ;
#360 = VERTEX_POINT ( 'NONE', #860 ) ;
#361 = EDGE_LOOP ( 'NONE', ( #866, #313, #1338, #315, #1207, #123, #1361, #1347, #90, #209 ) ) ;
#362 = EDGE_CURVE ( 'NONE', #726, #1356, #1136, .T. ) ;
#363 = ORIENTED_EDGE ( 'NONE', *, *, #560, .T. ) ;
#364 = DIRECTION ( 'NONE',  ( -0.000000000000000000, -0.000000000000000000, -1.000000000000000000 ) ) ;
#365 = EDGE_CURVE ( 'NONE', #1363, #848, #641, .T. ) ;
#366 = DIRECTION ( 'NONE',  ( 0.000000000000000000, 0.000000000000000000, 1.000000000000000000 ) ) ;
#367 = ORIENTED_EDGE ( 'NONE', *, *, #514, .T. ) ;
#368 = DIRECTION ( 'NONE',  ( -0.000000000000000000, -0.000000000000000000, -1.000000000000000000 ) ) ;
#369 = ORIENTED_EDGE ( 'NONE', *, *, #395, .F. ) ;
#370 = ADVANCED_FACE ( 'NONE', ( #1114 ), #978, .F. ) ;
#371 = CARTESIAN_POINT ( 'NONE',  ( -0.6001902650954127338, 0.1956422128626171264, 0.6000000000000004219 ) ) ;
#372 = VERTEX_POINT ( 'NONE', #884 ) ;
#373 = VERTEX_POINT ( 'NONE', #729 ) ;
#374 = MECHANICAL_DESIGN_GEOMETRIC_PRESENTATION_REPRESENTATION (  '', ( #533 ), #199 ) ;
#375 = DIRECTION ( 'NONE',  ( 0.000000000000000000, -0.1391731009600657432, 0.9902680687415703620 ) ) ;
#376 = DIRECTION ( 'NONE',  ( 1.000000000000000000, 0.000000000000000000, 0.000000000000000000 ) ) ;
#377 = PLANE ( 'NONE',  #1088 ) ;
#378 = VECTOR ( 'NONE', #1174, 1000.000000000000000 ) ;
#379 = ORIENTED_EDGE ( 'NONE', *, *, #1177, .T. ) ;
#380 = CARTESIAN_POINT ( 'NONE',  ( 0.3543242287217221453, 0.9000000000000002442, 0.7543242287217232223 ) ) ;
#381 = ORIENTED_EDGE ( 'NONE', *, *, #695, .F. ) ;
#382 = FACE_OUTER_BOUND ( 'NONE', #1020, .T. ) ;
#383 = ADVANCED_FACE ( 'NONE', ( #1146 ), #1424, .T. ) ;
#384 = DIRECTION ( 'NONE',  ( -1.000000000000000000, 0.000000000000000000, 0.000000000000000000 ) ) ;
#385 = CARTESIAN_POINT ( 'NONE',  ( -0.4321266298031170572, 0.3955613675952891484, 0.4000000000000004108 ) ) ;
#386 = DIRECTION ( 'NONE',  ( 0.000000000000000000, 0.000000000000000000, 1.000000000000000000 ) ) ;
#387 = ORIENTED_EDGE ( 'NONE', *, *, #982, .F. ) ;
#388 = ORIENTED_EDGE ( 'NONE', *, *, #1397, .F. ) ;
#389 = AXIS2_PLACEMENT_3D ( 'NONE', #1247, #1372, #1273 ) ;
#390 = DIRECTION ( 'NONE',  ( 0.000000000000000000, 1.000000000000000000, 0.000000000000000000 ) ) ;
#391 = ADVANCED_FACE ( 'NONE', ( #1149 ), #377, .F. ) ;
#392 = EDGE_LOOP ( 'NONE', ( #744, #1378, #1236, #718 ) ) ;
#393 = DIRECTION ( 'NONE',  ( 1.000000000000000000, 0.000000000000000000, 0.000000000000000000 ) ) ;
#394 = CARTESIAN_POINT ( 'NONE',  ( -0.4000000000000010214, 0.5750000000000017319, 0.8000000000000003775 ) ) ;
#395 = EDGE_CURVE ( 'NONE', #107, #1134, #647, .T. ) ;
#396 = COLOUR_RGB ( '',0.2509803921568627416, 0.2509803921568627416, 0.2509803921568627416 ) ;
#397 =( LENGTH_UNIT ( ) NAMED_UNIT ( * ) SI_UNIT ( .MILLI., .METRE. ) );
#398 = SURFACE_SIDE_STYLE ('',( #1455 ) ) ;
#399 = VECTOR ( 'NONE', #538, 1000.000000000000000 ) ;
#400 = VECTOR ( 'NONE', #435, 1000.000000000000000 ) ;
#401 = ADVANCED_FACE ( 'NONE', ( #1118 ), #1321, .F. ) ;
#402 = ORIENTED_EDGE ( 'NONE', *, *, #302, .F. ) ;
#403 = ADVANCED_FACE ( 'NONE', ( #1120 ), #783, .T. ) ;
#404 = LINE ( 'NONE', #24, #911 ) ;
#405 = AXIS2_PLACEMENT_3D ( 'NONE', #574, #1405, #312 ) ;
#406 = CARTESIAN_POINT ( 'NONE',  ( 0.6001902650954127338, 0.1956422128626171264, 0.1000000000000003664 ) ) ;
#407 = AXIS2_PLACEMENT_3D ( 'NONE', #799, #583, #926 ) ;
#408 = LINE ( 'NONE', #705, #416 ) ;
#409 = CARTESIAN_POINT ( 'NONE',  ( -0.6500000000000001332, 0.1999999999999999833, -0.3999999999999996336 ) ) ;
#410 = AXIS2_PLACEMENT_3D ( 'NONE', #255, #1416, #496 ) ;
#411 = CARTESIAN_POINT ( 'NONE',  ( 0.3999999999999988565, 0.4250000000000015432, -0.7999999999999951594 ) ) ;
#412 = FACE_OUTER_BOUND ( 'NONE', #545, .T. ) ;
#413 = EDGE_CURVE ( 'NONE', #333, #1250, #127, .T. ) ;
#414 = ADVANCED_FACE ( 'NONE', ( #624 ), #687, .F. ) ;
#415 = DIRECTION ( 'NONE',  ( 0.000000000000000000, -0.000000000000000000, -1.000000000000000000 ) ) ;
#416 = VECTOR ( 'NONE', #1077, 1000.000000000000000 ) ;
#417 = CARTESIAN_POINT ( 'NONE',  ( -0.4000000000000010214, 0.3927506516902224409, -0.3999999999999996336 ) ) ;
#418 = ORIENTED_EDGE ( 'NONE', *, *, #1177, .F. ) ;
#419 = DIRECTION ( 'NONE',  ( -0.000000000000000000, -0.000000000000000000, -1.000000000000000000 ) ) ;
#420 = ORIENTED_EDGE ( 'NONE', *, *, #771, .T. ) ;
#421 = EDGE_CURVE ( 'NONE', #693, #949, #129, .T. ) ;
#422 = DIRECTION ( 'NONE',  ( 0.000000000000000000, -0.000000000000000000, -1.000000000000000000 ) ) ;
#423 = ORIENTED_EDGE ( 'NONE', *, *, #347, .F. ) ;
#424 = CARTESIAN_POINT ( 'NONE',  ( -0.7999999999999993783, 0.000000000000000000, 0.4000000000000004108 ) ) ;
#425 = VECTOR ( 'NONE', #600, 1000.000000000000000 ) ;
#426 = EDGE_CURVE ( 'NONE', #192, #350, #171, .T. ) ;
#427 = CARTESIAN_POINT ( 'NONE',  ( -0.7999999999999993783, 0.000000000000000000, 0.6000000000000004219 ) ) ;
#428 = CARTESIAN_POINT ( 'NONE',  ( 0.4000000000000010214, 0.4250000000000015432, 0.1000000000000003664 ) ) ;
#429 = FACE_OUTER_BOUND ( 'NONE', #843, .T. ) ;
#430 = ORIENTED_EDGE ( 'NONE', *, *, #1145, .T. ) ;
#431 = EDGE_CURVE ( 'NONE', #139, #119, #701, .T. ) ;
#432 = ORIENTED_EDGE ( 'NONE', *, *, #756, .T. ) ;
#433 = LINE ( 'NONE', #684, #1485 ) ;
#434 = ORIENTED_EDGE ( 'NONE', *, *, #1231, .F. ) ;
#435 = DIRECTION ( 'NONE',  ( -0.000000000000000000, -0.000000000000000000, -1.000000000000000000 ) ) ;
#436 = VECTOR ( 'NONE', #15, 1000.000000000000000 ) ;
#437 = ADVANCED_FACE ( 'NONE', ( #151 ), #1387, .F. ) ;
#438 = ORIENTED_EDGE ( 'NONE', *, *, #900, .T. ) ;
#439 = DIRECTION ( 'NONE',  ( 0.000000000000000000, -0.000000000000000000, -1.000000000000000000 ) ) ;
#440 = CARTESIAN_POINT ( 'NONE',  ( -0.7999999999999993783, 0.1499999999999999944, -0.5999999999999996447 ) ) ;
#441 = AXIS2_PLACEMENT_3D ( 'NONE', #311, #1094, #184 ) ;
#442 = CARTESIAN_POINT ( 'NONE',  ( -0.4321266298031170572, 0.3955613675952891484, 0.6000000000000004219 ) ) ;
#443 = PLANE ( 'NONE',  #1220 ) ;
#444 = EDGE_CURVE ( 'NONE', #1257, #1343, #654, .T. ) ;
#445 = CARTESIAN_POINT ( 'NONE',  ( 0.7999999999999993783, 0.1499999999999999944, 0.1000000000000003664 ) ) ;
#446 = SURFACE_STYLE_USAGE ( .BOTH. , #6 ) ;
#447 = DIRECTION ( 'NONE',  ( -1.000000000000000000, 0.000000000000000000, 0.000000000000000000 ) ) ;
#448 = EDGE_LOOP ( 'NONE', ( #1393, #402, #21, #1417 ) ) ;
#449 = AXIS2_PLACEMENT_3D ( 'NONE', #585, #215, #1414 ) ;
#450 = ORIENTED_EDGE ( 'NONE', *, *, #1041, .T. ) ;
#451 = EDGE_LOOP ( 'NONE', ( #959, #1365, #353, #1415 ) ) ;
#452 = DIRECTION ( 'NONE',  ( -0.9961946980917456562, 0.08715574274765722218, 0.000000000000000000 ) ) ;
#453 = CARTESIAN_POINT ( 'NONE',  ( -0.4000000000000010214, 0.5750000000000017319, -0.7999999999999951594 ) ) ;
#454 = ORIENTED_EDGE ( 'NONE', *, *, #497, .T. ) ;
#455 = UNCERTAINTY_MEASURE_WITH_UNIT (LENGTH_MEASURE( 1.000000000000000082E-05 ), #968, 'distance_accuracy_value', 'NONE');
#456 = AXIS2_PLACEMENT_3D ( 'NONE', #70, #880, #1240 ) ;
#457 = ORIENTED_EDGE ( 'NONE', *, *, #1337, .F. ) ;
#458 = CARTESIAN_POINT ( 'NONE',  ( -0.6500000000000001332, 0.1999999999999999833, -0.3999999999999996336 ) ) ;
#459 = CARTESIAN_POINT ( 'NONE',  ( -0.4000000000000010214, 0.4250000000000015432, 0.6000000000000004219 ) ) ;
#460 = AXIS2_PLACEMENT_3D ( 'NONE', #417, #655, #1483 ) ;
#461 = ORIENTED_EDGE ( 'NONE', *, *, #444, .T. ) ;
#462 = EDGE_LOOP ( 'NONE', ( #381, #418, #1494, #1182 ) ) ;
#463 = ORIENTED_EDGE ( 'NONE', *, *, #320, .T. ) ;
#464 = CARTESIAN_POINT ( 'NONE',  ( -0.4000000000000010214, 0.4250000000000015432, 0.8000000000000003775 ) ) ;
#465 = CARTESIAN_POINT ( 'NONE',  ( -0.6500000000000001332, 0.1999999999999999833, 0.6000000000000004219 ) ) ;
#466 = VERTEX_POINT ( 'NONE', #303 ) ;
#467 = PLANE ( 'NONE',  #332 ) ;
#468 = VERTEX_POINT ( 'NONE', #678 ) ;
#469 = EDGE_CURVE ( 'NONE', #795, #1160, #1152, .T. ) ;
#470 = VERTEX_POINT ( 'NONE', #776 ) ;
#471 = CARTESIAN_POINT ( 'NONE',  ( -0.6001902650954127338, 0.1956422128626171264, 0.6000000000000004219 ) ) ;
#472 = ORIENTED_EDGE ( 'NONE', *, *, #702, .F. ) ;
#473 = EDGE_CURVE ( 'NONE', #300, #373, #164, .T. ) ;
#474 = CARTESIAN_POINT ( 'NONE',  ( 0.6500000000000001332, 0.1999999999999999833, -0.09999999999999961697 ) ) ;
#475 = ORIENTED_EDGE ( 'NONE', *, *, #263, .F. ) ;
#476 = DIRECTION ( 'NONE',  ( 0.1378445374916289490, 0.9808148484639890308, 0.1378445374916288935 ) ) ;
#477 = ORIENTED_EDGE ( 'NONE', *, *, #702, .T. ) ;
#478 = ORIENTED_EDGE ( 'NONE', *, *, #365, .T. ) ;
#479 = DIRECTION ( 'NONE',  ( 1.000000000000000000, 0.000000000000000000, 0.000000000000000000 ) ) ;
#480 = EDGE_LOOP ( 'NONE', ( #850, #314, #698, #1141 ) ) ;
#481 = VECTOR ( 'NONE', #727, 1000.000000000000000 ) ;
#482 = PRODUCT_DEFINITION ( 'UNKNOWN', '', #1470, #834 ) ;
#483 = PLANE ( 'NONE',  #634 ) ;
#484 = FACE_OUTER_BOUND ( 'NONE', #201, .T. ) ;
#485 = PLANE ( 'NONE',  #503 ) ;
#486 = AXIS2_PLACEMENT_3D ( 'NONE', #1199, #1446, #357 ) ;
#487 = CARTESIAN_POINT ( 'NONE',  ( -0.7999999999999993783, 0.000000000000000000, -0.5999999999999996447 ) ) ;
#488 = EDGE_CURVE ( 'NONE', #107, #532, #1189, .T. ) ;
#489 = PLANE ( 'NONE',  #1350 ) ;
#490 = VERTEX_POINT ( 'NONE', #1475 ) ;
#491 = DIRECTION ( 'NONE',  ( 0.000000000000000000, -0.000000000000000000, -1.000000000000000000 ) ) ;
#492 = LINE ( 'NONE', #990, #7 ) ;
#493 = EDGE_CURVE ( 'NONE', #360, #1216, #697, .T. ) ;
#494 = DIRECTION ( 'NONE',  ( 0.1391731009600657432, -0.9902680687415702510, 0.000000000000000000 ) ) ;
#495 = ORIENTED_EDGE ( 'NONE', *, *, #9, .T. ) ;
#496 = DIRECTION ( 'NONE',  ( 0.000000000000000000, 0.000000000000000000, 1.000000000000000000 ) ) ;
#497 = EDGE_CURVE ( 'NONE', #532, #1224, #1167, .T. ) ;
#498 = ORIENTED_EDGE ( 'NONE', *, *, #81, .F. ) ;
#499 = DIRECTION ( 'NONE',  ( -1.000000000000000000, 0.000000000000000000, 0.000000000000000000 ) ) ;
#500 = CYLINDRICAL_SURFACE ( 'NONE', #851, 0.05000000000000002359 ) ;
#501 = PLANE ( 'NONE',  #643 ) ;
#502 = ORIENTED_EDGE ( 'NONE', *, *, #893, .T. ) ;
#503 = AXIS2_PLACEMENT_3D ( 'NONE', #692, #849, #956 ) ;
#504 = SURFACE_SIDE_STYLE ('',( #1062 ) ) ;
#505 = DIRECTION ( 'NONE',  ( -1.000000000000000000, 0.000000000000000000, 0.000000000000000000 ) ) ;
#506 = VECTOR ( 'NONE', #1100, 1000.000000000000000 ) ;
#507 = ORIENTED_EDGE ( 'NONE', *, *, #1297, .F. ) ;
#508 = DIRECTION ( 'NONE',  ( 1.000000000000000000, -3.614007241618349757E-16, 0.000000000000000000 ) ) ;
#509 = VECTOR ( 'NONE', #897, 1000.000000000000000 ) ;
#510 = LINE ( 'NONE', #1011, #1507 ) ;
#511 = ORIENTED_EDGE ( 'NONE', *, *, #1390, .F. ) ;
#512 = AXIS2_PLACEMENT_3D ( 'NONE', #1271, #384, #577 ) ;
#513 = CARTESIAN_POINT ( 'NONE',  ( -0.4000000000000010214, 0.5750000000000017319, 0.8000000000000003775 ) ) ;
#514 = EDGE_CURVE ( 'NONE', #967, #822, #1156, .T. ) ;
#515 = DIRECTION ( 'NONE',  ( -0.000000000000000000, -1.000000000000000000, -0.000000000000000000 ) ) ;
#516 = FILL_AREA_STYLE_COLOUR ( '', #1258 ) ;
#517 = AXIS2_PLACEMENT_3D ( 'NONE', #118, #1124, #835 ) ;
#518 = LINE ( 'NONE', #661, #10 ) ;
#519 = ORIENTED_EDGE ( 'NONE', *, *, #488, .F. ) ;
#520 = ORIENTED_EDGE ( 'NONE', *, *, #488, .T. ) ;
#521 = DIRECTION ( 'NONE',  ( -0.000000000000000000, -0.000000000000000000, -1.000000000000000000 ) ) ;
#522 = LINE ( 'NONE', #546, #1013 ) ;
#523 = CARTESIAN_POINT ( 'NONE',  ( -0.7999999999999993783, 0.000000000000000000, -0.3999999999999996336 ) ) ;
#524 = ORIENTED_EDGE ( 'NONE', *, *, #1294, .T. ) ;
#525 = DIRECTION ( 'NONE',  ( 1.000000000000000000, 0.000000000000000000, -0.000000000000000000 ) ) ;
#526 = EDGE_CURVE ( 'NONE', #333, #147, #157, .T. ) ;
#527 = LINE ( 'NONE', #445, #1021 ) ;
#528 = CARTESIAN_POINT ( 'NONE',  ( -0.4000000000000010214, 0.5750000000000017319, -0.7999999999999951594 ) ) ;
#529 = ORIENTED_EDGE ( 'NONE', *, *, #22, .F. ) ;
#530 = CARTESIAN_POINT ( 'NONE',  ( -0.3543242287217235886, 0.1000000000000003109, 0.7543242287217228892 ) ) ;
#531 = CARTESIAN_POINT ( 'NONE',  ( -0.7999999999999993783, 0.1499999999999999944, -0.3999999999999996336 ) ) ;
#532 = VERTEX_POINT ( 'NONE', #464 ) ;
#533 = STYLED_ITEM ( 'NONE', ( #1229 ), #680 ) ;
#534 = CARTESIAN_POINT ( 'NONE',  ( 0.6001902650954127338, 0.1956422128626171264, -0.09999999999999961697 ) ) ;
#535 = EDGE_CURVE ( 'NONE', #352, #1363, #689, .T. ) ;
#536 = CIRCLE ( 'NONE', #748, 0.05000000000000002359 ) ;
#537 = EDGE_LOOP ( 'NONE', ( #859, #558, #39, #584 ) ) ;
#538 = DIRECTION ( 'NONE',  ( 1.000000000000000000, -0.000000000000000000, -0.000000000000000000 ) ) ;
#539 = DIRECTION ( 'NONE',  ( 1.000000000000000000, -3.614007241618349757E-16, 0.000000000000000000 ) ) ;
#540 = FILL_AREA_STYLE_COLOUR ( '', #1469 ) ;
#541 = VECTOR ( 'NONE', #230, 1000.000000000000000 ) ;
#542 = VERTEX_POINT ( 'NONE', #204 ) ;
#543 = EDGE_CURVE ( 'NONE', #1178, #861, #1204, .T. ) ;
#544 = CARTESIAN_POINT ( 'NONE',  ( 0.7999999999999993783, 0.1499999999999999944, 0.1000000000000003664 ) ) ;
#545 = EDGE_LOOP ( 'NONE', ( #1380, #203, #125, #1339 ) ) ;
#546 = CARTESIAN_POINT ( 'NONE',  ( -0.4507610603816509798, 0.1825688514504685278, 0.4000000000000004108 ) ) ;
#547 = ORIENTED_EDGE ( 'NONE', *, *, #1154, .F. ) ;
#548 = CARTESIAN_POINT ( 'NONE',  ( 0.4000000000000010214, 0.5750000000000015099, -0.09999999999999961697 ) ) ;
#549 = VECTOR ( 'NONE', #33, 1000.000000000000000 ) ;
#550 = CARTESIAN_POINT ( 'NONE',  ( -0.4000000000000010214, 0.5750000000000017319, -0.7999999999999951594 ) ) ;
#551 = VECTOR ( 'NONE', #804, 1000.000000000000000 ) ;
#552 = EDGE_LOOP ( 'NONE', ( #212, #387, #910, #863 ) ) ;
#553 = DIRECTION ( 'NONE',  ( 0.08715574274765695850, -0.9961946980917456562, -0.000000000000000000 ) ) ;
#554 = DIRECTION ( 'NONE',  ( 0.000000000000000000, -0.000000000000000000, -1.000000000000000000 ) ) ;
#555 = ORIENTED_EDGE ( 'NONE', *, *, #1208, .F. ) ;
#556 = EDGE_CURVE ( 'NONE', #1045, #816, #1176, .T. ) ;
#557 = PRODUCT ( 'DTC143EET1G', 'DTC143EET1G', '', ( #986 ) ) ;
#558 = ORIENTED_EDGE ( 'NONE', *, *, #514, .F. ) ;
#559 = CARTESIAN_POINT ( 'NONE',  ( 0.4000000000000010214, 0.3927506516902224409, -0.09999999999999961697 ) ) ;
#560 = EDGE_CURVE ( 'NONE', #1210, #107, #1190, .T. ) ;
#561 = VERTEX_POINT ( 'NONE', #380 ) ;
#562 = CARTESIAN_POINT ( 'NONE',  ( 0.6500000000000001332, 0.1999999999999999833, 0.1000000000000003664 ) ) ;
#563 = CARTESIAN_POINT ( 'NONE',  ( -0.7999999999999993783, 0.1499999999999999944, 0.4000000000000004108 ) ) ;
#564 = STYLED_ITEM ( 'NONE', ( #955 ), #1459 ) ;
#565 = ORIENTED_EDGE ( 'NONE', *, *, #1083, .F. ) ;
#566 = DIRECTION ( 'NONE',  ( -0.000000000000000000, 0.000000000000000000, 1.000000000000000000 ) ) ;
#567 = DIRECTION ( 'NONE',  ( 0.000000000000000000, 0.000000000000000000, 1.000000000000000000 ) ) ;
#568 = VERTEX_POINT ( 'NONE', #1323 ) ;
#569 = ORIENTED_EDGE ( 'NONE', *, *, #282, .T. ) ;
#570 = ORIENTED_EDGE ( 'NONE', *, *, #1208, .T. ) ;
#571 = PLANE ( 'NONE',  #1437 ) ;
#572 = AXIS2_PLACEMENT_3D ( 'NONE', #636, #274, #1364 ) ;
#573 = EDGE_LOOP ( 'NONE', ( #450, #650, #722, #809 ) ) ;
#574 = CARTESIAN_POINT ( 'NONE',  ( 0.000000000000000000, 0.9000000000000002442, 0.000000000000000000 ) ) ;
#575 = PLANE ( 'NONE',  #407 ) ;
#576 = LINE ( 'NONE', #1139, #48 ) ;
#577 = DIRECTION ( 'NONE',  ( 0.000000000000000000, 0.000000000000000000, -1.000000000000000000 ) ) ;
#578 = CARTESIAN_POINT ( 'NONE',  ( 0.7999999999999993783, 0.000000000000000000, 0.1000000000000003664 ) ) ;
#579 = ORIENTED_EDGE ( 'NONE', *, *, #356, .T. ) ;
#580 = CARTESIAN_POINT ( 'NONE',  ( -0.6500000000000001332, 0.1999999999999999833, -0.5999999999999996447 ) ) ;
#581 = EDGE_CURVE ( 'NONE', #86, #292, #681, .T. ) ;
#582 = CARTESIAN_POINT ( 'NONE',  ( -0.6499999999999994671, -6.123233995736763571E-17, 0.6000000000000004219 ) ) ;
#583 = DIRECTION ( 'NONE',  ( 1.000000000000000000, 0.000000000000000000, 0.000000000000000000 ) ) ;
#584 = ORIENTED_EDGE ( 'NONE', *, *, #1449, .T. ) ;
#585 = CARTESIAN_POINT ( 'NONE',  ( 0.6001902650954127338, 0.1956422128626171264, 0.1000000000000003664 ) ) ;
#586 = DIRECTION ( 'NONE',  ( 0.000000000000000000, 0.000000000000000000, -1.000000000000000000 ) ) ;
#587 = ADVANCED_FACE ( 'NONE', ( #174 ), #501, .T. ) ;
#588 = PRESENTATION_LAYER_ASSIGNMENT (  '', '', ( #533 ) ) ;
#589 = CARTESIAN_POINT ( 'NONE',  ( 0.4321266298031170572, 0.3955613675952891484, -0.09999999999999961697 ) ) ;
#590 = PLANE ( 'NONE',  #177 ) ;
#591 = DIRECTION ( 'NONE',  ( 1.000000000000000000, 0.000000000000000000, -0.000000000000000000 ) ) ;
#592 = CARTESIAN_POINT ( 'NONE',  ( -0.6500000000000001332, 0.1999999999999999833, 0.6000000000000004219 ) ) ;
#593 = EDGE_CURVE ( 'NONE', #341, #131, #158, .T. ) ;
#594 = ADVANCED_FACE ( 'NONE', ( #662 ), #195, .F. ) ;
#595 = DIRECTION ( 'NONE',  ( -1.000000000000000000, 0.000000000000000000, 0.000000000000000000 ) ) ;
#596 = VECTOR ( 'NONE', #1472, 1000.000000000000000 ) ;
#597 = DIRECTION ( 'NONE',  ( 0.000000000000000000, -0.000000000000000000, -1.000000000000000000 ) ) ;
#598 = VECTOR ( 'NONE', #162, 1000.000000000000000 ) ;
#599 = ORIENTED_EDGE ( 'NONE', *, *, #421, .F. ) ;
#600 = DIRECTION ( 'NONE',  ( -0.000000000000000000, -0.000000000000000000, -1.000000000000000000 ) ) ;
#601 = VECTOR ( 'NONE', #439, 1000.000000000000000 ) ;
#602 =( GEOMETRIC_REPRESENTATION_CONTEXT ( 3 ) GLOBAL_UNCERTAINTY_ASSIGNED_CONTEXT ( ( #58 ) ) GLOBAL_UNIT_ASSIGNED_CONTEXT ( ( #397, #1187, #645 ) ) REPRESENTATION_CONTEXT ( 'NONE', 'WORKASPACE' ) );
#603 = AXIS2_PLACEMENT_3D ( 'NONE', #1283, #819, #792 ) ;
#604 = VERTEX_POINT ( 'NONE', #960 ) ;
#605 = VECTOR ( 'NONE', #1015, 1000.000000000000000 ) ;
#606 = DIRECTION ( 'NONE',  ( 0.000000000000000000, 0.1391731009600657432, 0.9902680687415703620 ) ) ;
#607 = ORIENTED_EDGE ( 'NONE', *, *, #1164, .T. ) ;
#608 = LINE ( 'NONE', #1079, #1144 ) ;
#609 = SURFACE_STYLE_USAGE ( .BOTH. , #504 ) ;
#610 = ORIENTED_EDGE ( 'NONE', *, *, #493, .T. ) ;
#611 = DIRECTION ( 'NONE',  ( 1.000000000000000000, 0.000000000000000000, -0.000000000000000000 ) ) ;
#612 = VECTOR ( 'NONE', #622, 1000.000000000000000 ) ;
#613 = LINE ( 'NONE', #459, #1131 ) ;
#614 = LINE ( 'NONE', #640, #612 ) ;
#615 = FILL_AREA_STYLE ('',( #516 ) ) ;
#616 = MANIFOLD_SOLID_BREP ( 'Boss-Extrude4', #853 ) ;
#617 = AXIS2_PLACEMENT_3D ( 'NONE', #234, #217, #345 ) ;
#618 = VECTOR ( 'NONE', #64, 1000.000000000000000 ) ;
#619 = CARTESIAN_POINT ( 'NONE',  ( -0.4000000000000010214, 0.3927506516902224409, 0.6000000000000004219 ) ) ;
#620 = ORIENTED_EDGE ( 'NONE', *, *, #269, .F. ) ;
#621 = EDGE_CURVE ( 'NONE', #693, #372, #1239, .T. ) ;
#622 = DIRECTION ( 'NONE',  ( 1.000000000000000000, -4.082155997157843695E-16, 0.000000000000000000 ) ) ;
#623 = LINE ( 'NONE', #1495, #638 ) ;
#624 = FACE_OUTER_BOUND ( 'NONE', #250, .T. ) ;
#625 = AXIS2_PLACEMENT_3D ( 'NONE', #528, #998, #1221 ) ;
#626 = ADVANCED_FACE ( 'NONE', ( #720 ), #1050, .F. ) ;
#627 = CARTESIAN_POINT ( 'NONE',  ( -0.7999999999999993783, 0.1499999999999999944, -0.3999999999999996336 ) ) ;
#628 = DIRECTION ( 'NONE',  ( -0.000000000000000000, -0.000000000000000000, -1.000000000000000000 ) ) ;
#629 = ADVANCED_FACE ( 'NONE', ( #704 ), #590, .F. ) ;
#630 = ORIENTED_EDGE ( 'NONE', *, *, #1080, .T. ) ;
#631 = CARTESIAN_POINT ( 'NONE',  ( -0.4000000000000010214, 0.4250000000000015432, -0.7999999999999951594 ) ) ;
#632 = LINE ( 'NONE', #909, #605 ) ;
#633 = CARTESIAN_POINT ( 'NONE',  ( -0.6499999999999994671, -6.123233995736763571E-17, -0.3999999999999996336 ) ) ;
#634 = AXIS2_PLACEMENT_3D ( 'NONE', #137, #1279, #494 ) ;
#635 = DIRECTION ( 'NONE',  ( 0.9961946980917456562, 0.08715574274765722218, 0.000000000000000000 ) ) ;
#636 = CARTESIAN_POINT ( 'NONE',  ( -0.4000000000000010214, 0.3927506516902224409, -0.3999999999999996336 ) ) ;
#637 =( LENGTH_UNIT ( ) NAMED_UNIT ( * ) SI_UNIT ( .MILLI., .METRE. ) );
#638 = VECTOR ( 'NONE', #95, 1000.000000000000000 ) ;
#639 = ADVANCED_FACE ( 'NONE', ( #244 ), #743, .T. ) ;
#640 = CARTESIAN_POINT ( 'NONE',  ( -0.7999999999999993783, 0.000000000000000000, 0.4000000000000004108 ) ) ;
#641 = CIRCLE ( 'NONE', #279, 0.1999999999999999833 ) ;
#642 = DIRECTION ( 'NONE',  ( -1.000000000000000000, -0.000000000000000000, -0.000000000000000000 ) ) ;
#643 = AXIS2_PLACEMENT_3D ( 'NONE', #240, #606, #254 ) ;
#644 = VECTOR ( 'NONE', #1464, 1000.000000000000227 ) ;
#645 =( NAMED_UNIT ( * ) SI_UNIT ( $, .STERADIAN. ) SOLID_ANGLE_UNIT ( ) );
#646 = DIRECTION ( 'NONE',  ( 0.000000000000000000, 0.000000000000000000, 1.000000000000000000 ) ) ;
#647 = LINE ( 'NONE', #965, #1099 ) ;
#648 = DIRECTION ( 'NONE',  ( -0.08715574274765722218, -0.9961946980917456562, 0.000000000000000000 ) ) ;
#649 = PRODUCT_RELATED_PRODUCT_CATEGORY ( 'part', '', ( #557 ) ) ;
#650 = ORIENTED_EDGE ( 'NONE', *, *, #1027, .F. ) ;
#651 = AXIS2_PLACEMENT_3D ( 'NONE', #763, #1381, #163 ) ;
#652 = VECTOR ( 'NONE', #89, 1000.000000000000000 ) ;
#653 = CARTESIAN_POINT ( 'NONE',  ( 0.7999999999999993783, 0.1499999999999999944, 0.1000000000000003664 ) ) ;
#654 = LINE ( 'NONE', #442, #652 ) ;
#655 = DIRECTION ( 'NONE',  ( -0.000000000000000000, -0.000000000000000000, -1.000000000000000000 ) ) ;
#656 = DIRECTION ( 'NONE',  ( -1.000000000000000000, 3.614007241618349264E-16, -0.000000000000000000 ) ) ;
#657 = VECTOR ( 'NONE', #1335, 1000.000000000000000 ) ;
#658 = CARTESIAN_POINT ( 'NONE',  ( 0.6499999999999994671, -6.123233995736763571E-17, 0.1000000000000003664 ) ) ;
#659 = CARTESIAN_POINT ( 'NONE',  ( -0.7999999999999993783, 0.000000000000000000, 0.6000000000000004219 ) ) ;
#660 = EDGE_CURVE ( 'NONE', #726, #604, #1265, .T. ) ;
#661 = CARTESIAN_POINT ( 'NONE',  ( 0.3999999999999993006, 0.5750000000000017319, 0.8000000000000003775 ) ) ;
#662 = FACE_OUTER_BOUND ( 'NONE', #178, .T. ) ;
#663 = DIRECTION ( 'NONE',  ( 0.9902680687415702510, 0.1391731009600657432, -2.684126978681595746E-16 ) ) ;
#664 = DIRECTION ( 'NONE',  ( -1.000000000000000000, 3.614007241618349264E-16, -0.000000000000000000 ) ) ;
#665 = ORIENTED_EDGE ( 'NONE', *, *, #695, .T. ) ;
#666 = CARTESIAN_POINT ( 'NONE',  ( 0.7999999999999993783, 0.1499999999999999944, -0.09999999999999961697 ) ) ;
#667 = CARTESIAN_POINT ( 'NONE',  ( 0.6500000000000001332, 0.1999999999999999833, -0.09999999999999961697 ) ) ;
#668 = COLOUR_RGB ( '',0.8000000000000000444, 0.8196078431372548767, 0.9333333333333333481 ) ;
#669 = AXIS2_PLACEMENT_3D ( 'NONE', #394, #50, #270 ) ;
#670 = AXIS2_PLACEMENT_3D ( 'NONE', #1142, #663, #1409 ) ;
#671 = CARTESIAN_POINT ( 'NONE',  ( -0.6001902650954127338, 0.1956422128626171264, -0.5999999999999996447 ) ) ;
#672 = UNCERTAINTY_MEASURE_WITH_UNIT (LENGTH_MEASURE( 1.000000000000000082E-05 ), #1116, 'distance_accuracy_value', 'NONE');
#673 = CARTESIAN_POINT ( 'NONE',  ( -0.4321266298031170572, 0.3955613675952891484, 0.6000000000000004219 ) ) ;
#674 = ADVANCED_FACE ( 'NONE', ( #1242 ), #1431, .F. ) ;
#675 = CARTESIAN_POINT ( 'NONE',  ( 0.3543242287217217568, 0.9000000000000002442, -0.7543242287217180042 ) ) ;
#676 = VECTOR ( 'NONE', #1128, 1000.000000000000000 ) ;
#677 = ORIENTED_EDGE ( 'NONE', *, *, #269, .T. ) ;
#678 = CARTESIAN_POINT ( 'NONE',  ( 0.4000000000000010214, 0.5750000000000015099, 0.1000000000000003664 ) ) ;
#679 = DIRECTION ( 'NONE',  ( -1.000000000000000000, 3.614007241618349264E-16, -0.000000000000000000 ) ) ;
#680 = MANIFOLD_SOLID_BREP ( 'LPattern1[3]', #1369 ) ;
#681 = LINE ( 'NONE', #824, #657 ) ;
#682 = VECTOR ( 'NONE', #96, 1000.000000000000000 ) ;
#683 = CARTESIAN_POINT ( 'NONE',  ( -0.6001902650954127338, 0.1956422128626171264, 0.6000000000000004219 ) ) ;
#684 = CARTESIAN_POINT ( 'NONE',  ( -0.6001902650954127338, 0.1956422128626171264, 0.6000000000000004219 ) ) ;
#685 = DIRECTION ( 'NONE',  ( 0.000000000000000000, 1.000000000000000000, 0.000000000000000000 ) ) ;
#686 = EDGE_LOOP ( 'NONE', ( #836, #218, #180, #191 ) ) ;
#687 = PLANE ( 'NONE',  #99 ) ;
#688 = CARTESIAN_POINT ( 'NONE',  ( 0.4000000000000010214, 0.4250000000000015987, 0.1000000000000003664 ) ) ;
#689 = LINE ( 'NONE', #582, #682 ) ;
#690 = ORIENTED_EDGE ( 'NONE', *, *, #904, .T. ) ;
#691 = VECTOR ( 'NONE', #104, 1000.000000000000000 ) ;
#692 = CARTESIAN_POINT ( 'NONE',  ( 0.6500000000000001332, 0.1999999999999999833, 0.1000000000000003664 ) ) ;
#693 = VERTEX_POINT ( 'NONE', #1468 ) ;
#694 = CARTESIAN_POINT ( 'NONE',  ( -0.6500000000000001332, 0.1999999999999999833, 0.6000000000000004219 ) ) ;
#695 = EDGE_CURVE ( 'NONE', #1224, #876, #1248, .T. ) ;
#696 = CARTESIAN_POINT ( 'NONE',  ( -0.4000000000000010214, 0.5750000000000017319, 0.8000000000000003775 ) ) ;
#697 = LINE ( 'NONE', #666, #691 ) ;
#698 = ORIENTED_EDGE ( 'NONE', *, *, #1036, .T. ) ;
#699 = ADVANCED_FACE ( 'NONE', ( #237 ), #1391, .T. ) ;
#700 = CARTESIAN_POINT ( 'NONE',  ( 0.4000000000000010214, 0.3927506516902224409, 0.1000000000000003664 ) ) ;
#701 = LINE ( 'NONE', #179, #1179 ) ;
#702 = EDGE_CURVE ( 'NONE', #350, #1045, #733, .T. ) ;
#703 = ORIENTED_EDGE ( 'NONE', *, *, #543, .F. ) ;
#704 = FACE_OUTER_BOUND ( 'NONE', #980, .T. ) ;
#705 = CARTESIAN_POINT ( 'NONE',  ( 0.7999999999999993783, 0.000000000000000000, 0.1000000000000003664 ) ) ;
#706 = ORIENTED_EDGE ( 'NONE', *, *, #1397, .T. ) ;
#707 = SURFACE_STYLE_FILL_AREA ( #615 ) ;
#708 = VERTEX_POINT ( 'NONE', #1502 ) ;
#709 = PLANE ( 'NONE',  #670 ) ;
#710 = AXIS2_PLACEMENT_3D ( 'NONE', #474, #110, #942 ) ;
#711 = CARTESIAN_POINT ( 'NONE',  ( 0.4000000000000010214, 0.4250000000000015432, -0.09999999999999961697 ) ) ;
#712 = CARTESIAN_POINT ( 'NONE',  ( 0.4000000000000010214, 0.3927506516902224409, 0.1000000000000003664 ) ) ;
#713 = VECTOR ( 'NONE', #642, 1000.000000000000000 ) ;
#714 = ORIENTED_EDGE ( 'NONE', *, *, #756, .F. ) ;
#715 = DIRECTION ( 'NONE',  ( -0.000000000000000000, 0.000000000000000000, 1.000000000000000000 ) ) ;
#716 = ORIENTED_EDGE ( 'NONE', *, *, #1478, .T. ) ;
#717 = DIRECTION ( 'NONE',  ( 1.000000000000000000, 4.082155997157843695E-16, 0.000000000000000000 ) ) ;
#718 = ORIENTED_EDGE ( 'NONE', *, *, #1183, .T. ) ;
#719 = DIRECTION ( 'NONE',  ( -0.08715574274765695850, -0.9961946980917456562, -0.000000000000000000 ) ) ;
#720 = FACE_OUTER_BOUND ( 'NONE', #325, .T. ) ;
#721 = LINE ( 'NONE', #3, #197 ) ;
#722 = ORIENTED_EDGE ( 'NONE', *, *, #1433, .F. ) ;
#723 = DIRECTION ( 'NONE',  ( -0.000000000000000000, -0.000000000000000000, 1.000000000000000000 ) ) ;
#724 = EDGE_LOOP ( 'NONE', ( #477, #714, #1353, #1474 ) ) ;
#725 = EDGE_LOOP ( 'NONE', ( #1331, #1322, #1336, #306 ) ) ;
#726 = VERTEX_POINT ( 'NONE', #207 ) ;
#727 = DIRECTION ( 'NONE',  ( 0.000000000000000000, -1.000000000000000000, -0.000000000000000000 ) ) ;
#728 = AXIS2_PLACEMENT_3D ( 'NONE', #821, #20, #837 ) ;
#729 = CARTESIAN_POINT ( 'NONE',  ( -0.5815558345168788668, 0.4086347290074377470, 0.4000000000000004108 ) ) ;
#730 = CIRCLE ( 'NONE', #441, 0.1822493483097791245 ) ;
#731 = SURFACE_SIDE_STYLE ('',( #707 ) ) ;
#732 = EDGE_LOOP ( 'NONE', ( #524, #690, #363, #1442 ) ) ;
#733 = LINE ( 'NONE', #1359, #713 ) ;
#734 = EDGE_LOOP ( 'NONE', ( #1191, #1486, #206, #1101 ) ) ;
#735 = CARTESIAN_POINT ( 'NONE',  ( 0.3999999999999988565, 0.5750000000000017319, -0.7999999999999951594 ) ) ;
#736 = LINE ( 'NONE', #287, #989 ) ;
#737 = EDGE_CURVE ( 'NONE', #568, #726, #736, .T. ) ;
#738 = ORIENTED_EDGE ( 'NONE', *, *, #431, .T. ) ;
#739 = VECTOR ( 'NONE', #79, 1000.000000000000000 ) ;
#740 = VERTEX_POINT ( 'NONE', #1121 ) ;
#741 = CARTESIAN_POINT ( 'NONE',  ( 0.3999999999999993006, 0.1000000000000003109, 0.7543242287217228892 ) ) ;
#742 = ORIENTED_EDGE ( 'NONE', *, *, #771, .F. ) ;
#743 = CYLINDRICAL_SURFACE ( 'NONE', #778, 0.1822493483097791245 ) ;
#744 = ORIENTED_EDGE ( 'NONE', *, *, #1096, .F. ) ;
#745 = ORIENTED_EDGE ( 'NONE', *, *, #1334, .F. ) ;
#746 = VECTOR ( 'NONE', #567, 1000.000000000000000 ) ;
#747 = CARTESIAN_POINT ( 'NONE',  ( 0.6001902650954127338, 0.1956422128626171264, 0.1000000000000003664 ) ) ;
#748 = AXIS2_PLACEMENT_3D ( 'NONE', #879, #521, #61 ) ;
#749 = EDGE_CURVE ( 'NONE', #820, #1224, #518, .T. ) ;
#750 = VECTOR ( 'NONE', #685, 1000.000000000000000 ) ;
#751 = CARTESIAN_POINT ( 'NONE',  ( -0.6499999999999994671, -6.123233995736763571E-17, 0.6000000000000004219 ) ) ;
#752 = LINE ( 'NONE', #864, #297 ) ;
#753 = DIRECTION ( 'NONE',  ( 1.000000000000000000, 0.000000000000000000, 0.000000000000000000 ) ) ;
#754 = EDGE_LOOP ( 'NONE', ( #1406, #1203, #1014, #28 ) ) ;
#755 = PLANE ( 'NONE',  #1389 ) ;
#756 = EDGE_CURVE ( 'NONE', #341, #1045, #492, .T. ) ;
#757 = CIRCLE ( 'NONE', #72, 0.1999999999999999833 ) ;
#758 = SURFACE_STYLE_USAGE ( .BOTH. , #398 ) ;
#759 = EDGE_CURVE ( 'NONE', #949, #1484, #1003, .T. ) ;
#760 = DIRECTION ( 'NONE',  ( 1.000000000000000000, 0.000000000000000000, -0.000000000000000000 ) ) ;
#761 = CYLINDRICAL_SURFACE ( 'NONE', #106, 0.03224934830977916472 ) ;
#762 = CIRCLE ( 'NONE', #952, 0.1999999999999999833 ) ;
#763 = CARTESIAN_POINT ( 'NONE',  ( -0.4000000000000010214, 0.4250000000000015432, -0.7999999999999951594 ) ) ;
#764 = ORIENTED_EDGE ( 'NONE', *, *, #1119, .F. ) ;
#765 = LINE ( 'NONE', #1237, #220 ) ;
#766 = EDGE_LOOP ( 'NONE', ( #115, #98, #1230, #247 ) ) ;
#767 = DIRECTION ( 'NONE',  ( -0.000000000000000000, -0.000000000000000000, -1.000000000000000000 ) ) ;
#768 = CYLINDRICAL_SURFACE ( 'NONE', #881, 0.1999999999999999833 ) ;
#769 = VECTOR ( 'NONE', #200, 1000.000000000000000 ) ;
#770 = LINE ( 'NONE', #934, #278 ) ;
#771 = EDGE_CURVE ( 'NONE', #1172, #1250, #1501, .T. ) ;
#772 = CARTESIAN_POINT ( 'NONE',  ( 0.4000000000000010214, 0.4250000000000015987, 0.1000000000000003664 ) ) ;
#773 = EDGE_CURVE ( 'NONE', #139, #243, #510, .T. ) ;
#774 = VECTOR ( 'NONE', #1506, 1000.000000000000000 ) ;
#775 = DIRECTION ( 'NONE',  ( -3.614007241618349757E-16, -1.000000000000000000, 0.000000000000000000 ) ) ;
#776 = CARTESIAN_POINT ( 'NONE',  ( -0.6499999999999994671, 0.1499999999999999389, -0.5999999999999996447 ) ) ;
#777 = CYLINDRICAL_SURFACE ( 'NONE', #1092, 0.03224934830977916472 ) ;
#778 = AXIS2_PLACEMENT_3D ( 'NONE', #700, #491, #479 ) ;
#779 = DIRECTION ( 'NONE',  ( -1.000000000000000000, -4.082155997157843695E-16, 0.000000000000000000 ) ) ;
#780 = CARTESIAN_POINT ( 'NONE',  ( -0.4000000000000010214, 0.5750000000000015099, -0.5999999999999996447 ) ) ;
#781 = DIRECTION ( 'NONE',  ( 0.1378445374916289212, 0.9808148484639890308, -0.1378445374916289490 ) ) ;
#782 = LINE ( 'NONE', #17, #750 ) ;
#783 = PLANE ( 'NONE',  #405 ) ;
#784 = VECTOR ( 'NONE', #1326, 1000.000000000000000 ) ;
#785 = EDGE_CURVE ( 'NONE', #372, #1484, #1, .T. ) ;
#786 = CARTESIAN_POINT ( 'NONE',  ( 0.4000000000000010214, 0.4250000000000015987, -0.09999999999999961697 ) ) ;
#787 = LINE ( 'NONE', #440, #1329 ) ;
#788 = CARTESIAN_POINT ( 'NONE',  ( -0.4000000000000010214, 0.5750000000000015099, -0.3999999999999996336 ) ) ;
#789 = FACE_OUTER_BOUND ( 'NONE', #1180, .T. ) ;
#790 = LINE ( 'NONE', #563, #794 ) ;
#791 = ORIENTED_EDGE ( 'NONE', *, *, #1017, .F. ) ;
#792 = DIRECTION ( 'NONE',  ( -1.000000000000000000, 0.000000000000000000, 0.000000000000000000 ) ) ;
#793 = FACE_OUTER_BOUND ( 'NONE', #1445, .T. ) ;
#794 = VECTOR ( 'NONE', #664, 1000.000000000000000 ) ;
#795 = VERTEX_POINT ( 'NONE', #1491 ) ;
#796 = FACE_OUTER_BOUND ( 'NONE', #954, .T. ) ;
#797 = ADVANCED_FACE ( 'NONE', ( #13 ), #170, .F. ) ;
#798 = DIRECTION ( 'NONE',  ( 0.000000000000000000, 0.000000000000000000, -1.000000000000000000 ) ) ;
#799 = CARTESIAN_POINT ( 'NONE',  ( -0.4000000000000010214, 0.5750000000000017319, -0.7999999999999951594 ) ) ;
#800 = ADVANCED_FACE ( 'NONE', ( #1009 ), #500, .F. ) ;
#801 = LINE ( 'NONE', #810, #1290 ) ;
#802 = PRESENTATION_LAYER_ASSIGNMENT (  '', '', ( #825 ) ) ;
#803 = ORIENTED_EDGE ( 'NONE', *, *, #63, .T. ) ;
#804 = DIRECTION ( 'NONE',  ( -0.08715574274765695850, -0.9961946980917456562, -0.000000000000000000 ) ) ;
#805 = PLANE ( 'NONE',  #410 ) ;
#806 = VERTEX_POINT ( 'NONE', #193 ) ;
#807 = EDGE_CURVE ( 'NONE', #1466, #292, #27, .T. ) ;
#808 = DIRECTION ( 'NONE',  ( -1.000000000000000000, 0.000000000000000000, 0.000000000000000000 ) ) ;
#809 = ORIENTED_EDGE ( 'NONE', *, *, #1133, .T. ) ;
#810 = CARTESIAN_POINT ( 'NONE',  ( 0.3999999999999988565, 0.5750000000000017319, -0.7999999999999951594 ) ) ;
#811 = VECTOR ( 'NONE', #857, 1000.000000000000000 ) ;
#812 = EDGE_CURVE ( 'NONE', #466, #795, #1010, .T. ) ;
#813 = ORIENTED_EDGE ( 'NONE', *, *, #140, .F. ) ;
#814 = ORIENTED_EDGE ( 'NONE', *, *, #12, .T. ) ;
#815 = DIRECTION ( 'NONE',  ( 3.614007241618349757E-16, -1.000000000000000000, 0.000000000000000000 ) ) ;
#816 = VERTEX_POINT ( 'NONE', #906 ) ;
#817 = DIRECTION ( 'NONE',  ( -2.710505431213768974E-16, -0.000000000000000000, -1.000000000000000000 ) ) ;
#818 = LINE ( 'NONE', #735, #826 ) ;
#819 = DIRECTION ( 'NONE',  ( -0.000000000000000000, -0.000000000000000000, -1.000000000000000000 ) ) ;
#820 = VERTEX_POINT ( 'NONE', #1477 ) ;
#821 = CARTESIAN_POINT ( 'NONE',  ( -0.4507610603816509798, 0.1825688514504685278, 0.6000000000000004219 ) ) ;
#822 = VERTEX_POINT ( 'NONE', #1130 ) ;
#823 = ORIENTED_EDGE ( 'NONE', *, *, #1164, .F. ) ;
#824 = CARTESIAN_POINT ( 'NONE',  ( -0.7999999999999993783, 0.000000000000000000, -0.5999999999999996447 ) ) ;
#825 = STYLED_ITEM ( 'NONE', ( #181 ), #616 ) ;
#826 = VECTOR ( 'NONE', #899, 1000.000000000000000 ) ;
#827 = ORIENTED_EDGE ( 'NONE', *, *, #1334, .T. ) ;
#828 = EDGE_CURVE ( 'NONE', #1320, #967, #18, .T. ) ;
#829 = ORIENTED_EDGE ( 'NONE', *, *, #229, .T. ) ;
#830 = DIRECTION ( 'NONE',  ( 1.000000000000000000, 0.000000000000000000, 0.000000000000000000 ) ) ;
#831 = ORIENTED_EDGE ( 'NONE', *, *, #1423, .F. ) ;
#832 = EDGE_CURVE ( 'NONE', #848, #1343, #522, .T. ) ;
#833 = LINE ( 'NONE', #239, #346 ) ;
#834 = PRODUCT_DEFINITION_CONTEXT ( 'detailed design', #301, 'design' ) ;
#835 = DIRECTION ( 'NONE',  ( -1.000000000000000000, 0.000000000000000000, 0.000000000000000000 ) ) ;
#836 = ORIENTED_EDGE ( 'NONE', *, *, #556, .T. ) ;
#837 = DIRECTION ( 'NONE',  ( -0.08715574274765722218, -0.9961946980917456562, 0.000000000000000000 ) ) ;
#838 = ORIENTED_EDGE ( 'NONE', *, *, #1452, .T. ) ;
#839 = VECTOR ( 'NONE', #1263, 1000.000000000000000 ) ;
#840 = ORIENTED_EDGE ( 'NONE', *, *, #271, .F. ) ;
#841 = CARTESIAN_POINT ( 'NONE',  ( -0.7999999999999993783, 0.000000000000000000, 0.6000000000000004219 ) ) ;
#842 = DIRECTION ( 'NONE',  ( -0.000000000000000000, -0.000000000000000000, -1.000000000000000000 ) ) ;
#843 = EDGE_LOOP ( 'NONE', ( #420, #1498, #871, #979 ) ) ;
#844 = ORIENTED_EDGE ( 'NONE', *, *, #1038, .F. ) ;
#845 =( LENGTH_UNIT ( ) NAMED_UNIT ( * ) SI_UNIT ( .MILLI., .METRE. ) );
#846 = FACE_OUTER_BOUND ( 'NONE', #933, .T. ) ;
#847 = EDGE_CURVE ( 'NONE', #1434, #1086, #527, .T. ) ;
#848 = VERTEX_POINT ( 'NONE', #1261 ) ;
#849 = DIRECTION ( 'NONE',  ( 0.000000000000000000, 0.000000000000000000, 1.000000000000000000 ) ) ;
#850 = ORIENTED_EDGE ( 'NONE', *, *, #1249, .F. ) ;
#851 = AXIS2_PLACEMENT_3D ( 'NONE', #1348, #422, #65 ) ;
#852 = ORIENTED_EDGE ( 'NONE', *, *, #271, .T. ) ;
#853 = CLOSED_SHELL ( 'NONE', ( #414, #1500, #1070, #401, #40, #391, #987, #1429, #1457, #293, #1300, #877 ) ) ;
#854 = ADVANCED_FACE ( 'NONE', ( #484 ), #983, .T. ) ;
#855 = SURFACE_STYLE_USAGE ( .BOTH. , #731 ) ;
#856 = ORIENTED_EDGE ( 'NONE', *, *, #908, .F. ) ;
#857 = DIRECTION ( 'NONE',  ( 1.000000000000000000, -4.082155997157843695E-16, 0.000000000000000000 ) ) ;
#858 = AXIS2_PLACEMENT_3D ( 'NONE', #1163, #348, #1298 ) ;
#859 = ORIENTED_EDGE ( 'NONE', *, *, #946, .T. ) ;
#860 = CARTESIAN_POINT ( 'NONE',  ( 0.6499999999999994671, 0.1499999999999999389, -0.09999999999999961697 ) ) ;
#861 = VERTEX_POINT ( 'NONE', #786 ) ;
#862 = ADVANCED_FACE ( 'NONE', ( #74 ), #918, .F. ) ;
#863 = ORIENTED_EDGE ( 'NONE', *, *, #1231, .T. ) ;
#864 = CARTESIAN_POINT ( 'NONE',  ( 0.7999999999999993783, 0.000000000000000000, -0.09999999999999961697 ) ) ;
#865 = CARTESIAN_POINT ( 'NONE',  ( -0.4000000000000010214, 0.5750000000000015099, -0.3999999999999996336 ) ) ;
#866 = ORIENTED_EDGE ( 'NONE', *, *, #280, .F. ) ;
#867 =( NAMED_UNIT ( * ) SI_UNIT ( $, .STERADIAN. ) SOLID_ANGLE_UNIT ( ) );
#868 = EDGE_CURVE ( 'NONE', #806, #1320, #1058, .T. ) ;
#869 = VECTOR ( 'NONE', #368, 1000.000000000000000 ) ;
#870 = CARTESIAN_POINT ( 'NONE',  ( -0.6001902650954127338, 0.1956422128626171264, 0.4000000000000004108 ) ) ;
#871 = ORIENTED_EDGE ( 'NONE', *, *, #282, .F. ) ;
#872 = LINE ( 'NONE', #898, #878 ) ;
#873 = ORIENTED_EDGE ( 'NONE', *, *, #32, .T. ) ;
#874 = DIRECTION ( 'NONE',  ( 1.000000000000000000, 3.614007241618349264E-16, 0.000000000000000000 ) ) ;
#875 = DIRECTION ( 'NONE',  ( -1.000000000000000000, 0.000000000000000000, 0.000000000000000000 ) ) ;
#876 = VERTEX_POINT ( 'NONE', #126 ) ;
#877 = ADVANCED_FACE ( 'NONE', ( #1028 ), #467, .F. ) ;
#878 = VECTOR ( 'NONE', #1140, 1000.000000000000000 ) ;
#879 = CARTESIAN_POINT ( 'NONE',  ( -0.6500000000000001332, 0.1999999999999999833, 0.4000000000000004108 ) ) ;
#880 = DIRECTION ( 'NONE',  ( 4.082155997157843695E-16, 1.000000000000000000, -0.000000000000000000 ) ) ;
#881 = AXIS2_PLACEMENT_3D ( 'NONE', #238, #8, #1251 ) ;
#882 = EDGE_CURVE ( 'NONE', #1377, #300, #55, .T. ) ;
#883 = ADVANCED_FACE ( 'NONE', ( #59 ), #483, .T. ) ;
#884 = CARTESIAN_POINT ( 'NONE',  ( 0.5815558345168788668, 0.4086347290074377470, -0.09999999999999961697 ) ) ;
#885 = LINE ( 'NONE', #578, #481 ) ;
#886 = ORIENTED_EDGE ( 'NONE', *, *, #526, .F. ) ;
#887 = DIRECTION ( 'NONE',  ( 0.000000000000000000, 0.000000000000000000, 1.000000000000000000 ) ) ;
#888 = SURFACE_STYLE_FILL_AREA ( #327 ) ;
#889 = PLANE ( 'NONE',  #625 ) ;
#890 = DIRECTION ( 'NONE',  ( -1.000000000000000000, 0.000000000000000000, 0.000000000000000000 ) ) ;
#891 = LINE ( 'NONE', #316, #400 ) ;
#892 = CARTESIAN_POINT ( 'NONE',  ( -0.4507610603816509798, 0.1825688514504684723, 0.6000000000000004219 ) ) ;
#893 = EDGE_CURVE ( 'NONE', #329, #1466, #1044, .T. ) ;
#894 = ORIENTED_EDGE ( 'NONE', *, *, #135, .F. ) ;
#895 = DIRECTION ( 'NONE',  ( 1.000000000000000000, 0.000000000000000000, 0.000000000000000000 ) ) ;
#896 = ORIENTED_EDGE ( 'NONE', *, *, #1360, .F. ) ;
#897 = DIRECTION ( 'NONE',  ( 0.000000000000000000, -0.000000000000000000, -1.000000000000000000 ) ) ;
#898 = CARTESIAN_POINT ( 'NONE',  ( -0.4000000000000010214, 0.4250000000000015987, -0.3999999999999996336 ) ) ;
#899 = DIRECTION ( 'NONE',  ( -0.000000000000000000, -1.000000000000000000, -0.000000000000000000 ) ) ;
#900 = EDGE_CURVE ( 'NONE', #1368, #532, #576, .T. ) ;
#901 = CARTESIAN_POINT ( 'NONE',  ( -0.4000000000000010214, 0.4250000000000015432, 0.8000000000000003775 ) ) ;
#902 = DIRECTION ( 'NONE',  ( 1.000000000000000000, 0.000000000000000000, 0.000000000000000000 ) ) ;
#903 = VERTEX_POINT ( 'NONE', #1067 ) ;
#904 = EDGE_CURVE ( 'NONE', #903, #1210, #100, .T. ) ;
#905 = ADVANCED_FACE ( 'NONE', ( #1051 ), #354, .F. ) ;
#906 = CARTESIAN_POINT ( 'NONE',  ( -0.4000000000000010214, 0.4250000000000015432, -0.7999999999999951594 ) ) ;
#907 = PLANE ( 'NONE',  #917 ) ;
#908 = EDGE_CURVE ( 'NONE', #949, #1434, #51, .T. ) ;
#909 = CARTESIAN_POINT ( 'NONE',  ( -0.7999999999999993783, 0.000000000000000000, 0.4000000000000004108 ) ) ;
#910 = ORIENTED_EDGE ( 'NONE', *, *, #183, .F. ) ;
#911 = VECTOR ( 'NONE', #364, 1000.000000000000000 ) ;
#912 = DIRECTION ( 'NONE',  ( 1.000000000000000000, 0.000000000000000000, 0.000000000000000000 ) ) ;
#913 = DIRECTION ( 'NONE',  ( 0.000000000000000000, 0.000000000000000000, 1.000000000000000000 ) ) ;
#914 = EDGE_LOOP ( 'NONE', ( #1222, #1209, #309, #1432 ) ) ;
#915 = FACE_OUTER_BOUND ( 'NONE', #958, .T. ) ;
#916 = ADVANCED_FACE ( 'NONE', ( #1048 ), #343, .F. ) ;
#917 = AXIS2_PLACEMENT_3D ( 'NONE', #921, #1025, #1399 ) ;
#918 = PLANE ( 'NONE',  #1162 ) ;
#919 = MANIFOLD_SOLID_BREP ( 'LPattern1[2]', #1238 ) ;
#920 = LINE ( 'NONE', #1132, #399 ) ;
#921 = CARTESIAN_POINT ( 'NONE',  ( -0.6500000000000001332, 0.1999999999999999833, -0.3999999999999996336 ) ) ;
#922 = DIRECTION ( 'NONE',  ( 0.08715574274765720830, 0.9961946980917456562, 0.000000000000000000 ) ) ;
#923 = CIRCLE ( 'NONE', #1316, 0.03224934830977916472 ) ;
#924 = CIRCLE ( 'NONE', #389, 0.03224934830977916472 ) ;
#925 = CARTESIAN_POINT ( 'NONE',  ( -0.7999999999999993783, 0.000000000000000000, -0.3999999999999996336 ) ) ;
#926 = DIRECTION ( 'NONE',  ( 0.000000000000000000, 0.000000000000000000, -1.000000000000000000 ) ) ;
#927 = FILL_AREA_STYLE_COLOUR ( '', #1030 ) ;
#928 = LINE ( 'NONE', #947, #932 ) ;
#929 = DIRECTION ( 'NONE',  ( -0.000000000000000000, -0.000000000000000000, -1.000000000000000000 ) ) ;
#930 = EDGE_LOOP ( 'NONE', ( #964, #1382, #555, #461 ) ) ;
#931 = DIRECTION ( 'NONE',  ( -1.000000000000000000, 0.000000000000000000, 0.000000000000000000 ) ) ;
#932 = VECTOR ( 'NONE', #1436, 1000.000000000000000 ) ;
#933 = EDGE_LOOP ( 'NONE', ( #823, #1084, #677, #852 ) ) ;
#934 = CARTESIAN_POINT ( 'NONE',  ( 0.7999999999999993783, 0.000000000000000000, -0.09999999999999961697 ) ) ;
#935 = LINE ( 'NONE', #128, #425 ) ;
#936 = FILL_AREA_STYLE ('',( #945 ) ) ;
#937 = LINE ( 'NONE', #1057, #1440 ) ;
#938 = AXIS2_PLACEMENT_3D ( 'NONE', #841, #830, #586 ) ;
#939 = ORIENTED_EDGE ( 'NONE', *, *, #1244, .T. ) ;
#940 = DIRECTION ( 'NONE',  ( 0.000000000000000000, 0.000000000000000000, 1.000000000000000000 ) ) ;
#941 = VERTEX_POINT ( 'NONE', #1327 ) ;
#942 = DIRECTION ( 'NONE',  ( -1.000000000000000000, 0.000000000000000000, 0.000000000000000000 ) ) ;
#943 = ORIENTED_EDGE ( 'NONE', *, *, #1133, .F. ) ;
#944 = CARTESIAN_POINT ( 'NONE',  ( -0.3543242287217235886, 0.1000000000000003109, -0.7543242287217176711 ) ) ;
#945 = FILL_AREA_STYLE_COLOUR ( '', #668 ) ;
#946 = EDGE_CURVE ( 'NONE', #189, #822, #536, .T. ) ;
#947 = CARTESIAN_POINT ( 'NONE',  ( 0.4507610603816509798, 0.1825688514504684723, 0.1000000000000003664 ) ) ;
#948 = ORIENTED_EDGE ( 'NONE', *, *, #1297, .T. ) ;
#949 = VERTEX_POINT ( 'NONE', #747 ) ;
#950 = DIRECTION ( 'NONE',  ( 0.000000000000000000, -0.000000000000000000, -1.000000000000000000 ) ) ;
#951 = AXIS2_PLACEMENT_3D ( 'NONE', #1428, #452, #648 ) ;
#952 = AXIS2_PLACEMENT_3D ( 'NONE', #562, #331, #447 ) ;
#953 = FILL_AREA_STYLE ('',( #927 ) ) ;
#954 = EDGE_LOOP ( 'NONE', ( #323, #224, #1123, #607, #1352, #111, #1246, #1091, #829, #610 ) ) ;
#955 = PRESENTATION_STYLE_ASSIGNMENT (( #758 ) ) ;
#956 = DIRECTION ( 'NONE',  ( -1.000000000000000000, 0.000000000000000000, 0.000000000000000000 ) ) ;
#957 = EDGE_LOOP ( 'NONE', ( #30, #1413, #1212, #984 ) ) ;
#958 = EDGE_LOOP ( 'NONE', ( #75, #791, #475, #338 ) ) ;
#959 = ORIENTED_EDGE ( 'NONE', *, *, #25, .F. ) ;
#960 = CARTESIAN_POINT ( 'NONE',  ( -0.4000000000000010214, 0.4250000000000015987, -0.3999999999999996336 ) ) ;
#961 = EDGE_CURVE ( 'NONE', #816, #532, #1093, .T. ) ;
#962 = ORIENTED_EDGE ( 'NONE', *, *, #556, .F. ) ;
#963 = ORIENTED_EDGE ( 'NONE', *, *, #535, .T. ) ;
#964 = ORIENTED_EDGE ( 'NONE', *, *, #205, .T. ) ;
#965 = CARTESIAN_POINT ( 'NONE',  ( -0.3543242287217235886, 0.1000000000000003109, 0.8000000000000003775 ) ) ;
#966 = ORIENTED_EDGE ( 'NONE', *, *, #1433, .T. ) ;
#967 = VERTEX_POINT ( 'NONE', #1435 ) ;
#968 =( LENGTH_UNIT ( ) NAMED_UNIT ( * ) SI_UNIT ( .MILLI., .METRE. ) );
#969 = ORIENTED_EDGE ( 'NONE', *, *, #868, .F. ) ;
#970 = EDGE_CURVE ( 'NONE', #740, #542, #1095, .T. ) ;
#971 = ORIENTED_EDGE ( 'NONE', *, *, #426, .F. ) ;
#972 = ORIENTED_EDGE ( 'NONE', *, *, #359, .T. ) ;
#973 = EDGE_CURVE ( 'NONE', #1434, #360, #41, .T. ) ;
#974 = CARTESIAN_POINT ( 'NONE',  ( 0.7999999999999993783, 0.1499999999999999944, 0.1000000000000003664 ) ) ;
#975 = FACE_OUTER_BOUND ( 'NONE', #724, .T. ) ;
#976 = FILL_AREA_STYLE ('',( #540 ) ) ;
#977 = EDGE_CURVE ( 'NONE', #1250, #470, #45, .T. ) ;
#978 = PLANE ( 'NONE',  #1053 ) ;
#979 = ORIENTED_EDGE ( 'NONE', *, *, #302, .T. ) ;
#980 = EDGE_LOOP ( 'NONE', ( #463, #1055, #969, #42 ) ) ;
#981 = VECTOR ( 'NONE', #611, 1000.000000000000000 ) ;
#982 = EDGE_CURVE ( 'NONE', #1260, #1219, #1031, .T. ) ;
#983 = PLANE ( 'NONE',  #160 ) ;
#984 = ORIENTED_EDGE ( 'NONE', *, *, #1390, .T. ) ;
#985 = DIRECTION ( 'NONE',  ( 0.1378445374916289490, -0.9808148484639890308, 0.1378445374916288935 ) ) ;
#986 = PRODUCT_CONTEXT ( 'NONE', #1005, 'mechanical' ) ;
#987 = ADVANCED_FACE ( 'NONE', ( #248 ), #265, .T. ) ;
#988 = AXIS2_PLACEMENT_3D ( 'NONE', #712, #597, #31 ) ;
#989 = VECTOR ( 'NONE', #1453, 1000.000000000000000 ) ;
#990 = CARTESIAN_POINT ( 'NONE',  ( -0.4000000000000010214, 0.5750000000000017319, -0.7999999999999951594 ) ) ;
#991 = CARTESIAN_POINT ( 'NONE',  ( 0.7999999999999993783, 0.000000000000000000, 0.1000000000000003664 ) ) ;
#992 = ORIENTED_EDGE ( 'NONE', *, *, #970, .F. ) ;
#993 = CARTESIAN_POINT ( 'NONE',  ( 0.4321266298031170572, 0.3955613675952891484, 0.1000000000000003664 ) ) ;
#994 = CARTESIAN_POINT ( 'NONE',  ( 0.000000000000000000, 0.000000000000000000, 0.000000000000000000 ) ) ;
#995 = VECTOR ( 'NONE', #779, 1000.000000000000000 ) ;
#996 = CARTESIAN_POINT ( 'NONE',  ( -0.6001902650954127338, 0.1956422128626171264, -0.3999999999999996336 ) ) ;
#997 = CARTESIAN_POINT ( 'NONE',  ( 0.7999999999999993783, 0.000000000000000000, 0.1000000000000003664 ) ) ;
#998 = DIRECTION ( 'NONE',  ( -0.9902680687415702510, 0.1391731009600657432, 0.000000000000000000 ) ) ;
#999 = PRESENTATION_LAYER_ASSIGNMENT (  '', '', ( #564 ) ) ;
#1000 = CARTESIAN_POINT ( 'NONE',  ( -0.4000000000000010214, 0.4250000000000015432, -0.7999999999999951594 ) ) ;
#1001 = CARTESIAN_POINT ( 'NONE',  ( 0.3999999999999988565, 0.5750000000000017319, -0.7999999999999951594 ) ) ;
#1002 = VECTOR ( 'NONE', #91, 1000.000000000000000 ) ;
#1003 = LINE ( 'NONE', #406, #509 ) ;
#1004 = CARTESIAN_POINT ( 'NONE',  ( -0.7999999999999993783, 0.000000000000000000, 0.6000000000000004219 ) ) ;
#1005 = APPLICATION_CONTEXT ( 'automotive_design' ) ;
#1006 = EDGE_CURVE ( 'NONE', #1260, #708, #1241, .T. ) ;
#1007 = DIRECTION ( 'NONE',  ( -0.000000000000000000, -0.000000000000000000, -1.000000000000000000 ) ) ;
#1008 = DIRECTION ( 'NONE',  ( -1.000000000000000000, 0.000000000000000000, 0.000000000000000000 ) ) ;
#1009 = FACE_OUTER_BOUND ( 'NONE', #734, .T. ) ;
#1010 = LINE ( 'NONE', #997, #995 ) ;
#1011 = CARTESIAN_POINT ( 'NONE',  ( -0.7999999999999993783, 0.1499999999999999944, 0.6000000000000004219 ) ) ;
#1012 = CARTESIAN_POINT ( 'NONE',  ( -0.4000000000000010214, 0.4250000000000015432, -0.7999999999999951594 ) ) ;
#1013 = VECTOR ( 'NONE', #84, 1000.000000000000000 ) ;
#1014 = ORIENTED_EDGE ( 'NONE', *, *, #893, .F. ) ;
#1015 = DIRECTION ( 'NONE',  ( -0.000000000000000000, -1.000000000000000000, -0.000000000000000000 ) ) ;
#1016 = PRESENTATION_LAYER_ASSIGNMENT (  '', '', ( #1447 ) ) ;
#1017 = EDGE_CURVE ( 'NONE', #1346, #300, #1264, .T. ) ;
#1018 = CARTESIAN_POINT ( 'NONE',  ( -0.4000000000000010214, 0.5750000000000017319, -0.7999999999999951594 ) ) ;
#1019 = DIRECTION ( 'NONE',  ( -0.000000000000000000, -0.000000000000000000, -1.000000000000000000 ) ) ;
#1020 = EDGE_LOOP ( 'NONE', ( #831, #1438, #856, #599, #242, #844, #1201, #620, #1254, #1105 ) ) ;
#1021 = VECTOR ( 'NONE', #874, 1000.000000000000000 ) ;
#1022 = ORIENTED_EDGE ( 'NONE', *, *, #280, .T. ) ;
#1023 = DIRECTION ( 'NONE',  ( -1.000000000000000000, 4.082155997157843695E-16, 0.000000000000000000 ) ) ;
#1024 = AXIS2_PLACEMENT_3D ( 'NONE', #101, #1383, #875 ) ;
#1025 = DIRECTION ( 'NONE',  ( 0.000000000000000000, 0.000000000000000000, 1.000000000000000000 ) ) ;
#1026 = PRESENTATION_STYLE_ASSIGNMENT (( #609 ) ) ;
#1027 = EDGE_CURVE ( 'NONE', #561, #820, #765, .T. ) ;
#1028 = FACE_OUTER_BOUND ( 'NONE', #67, .T. ) ;
#1029 = DIRECTION ( 'NONE',  ( -1.000000000000000000, -3.614007241618349757E-16, 0.000000000000000000 ) ) ;
#1030 = COLOUR_RGB ( '',0.8000000000000000444, 0.8196078431372548767, 0.9333333333333333481 ) ;
#1031 = LINE ( 'NONE', #865, #1033 ) ;
#1032 = PLANE ( 'NONE',  #938 ) ;
#1033 = VECTOR ( 'NONE', #175, 1000.000000000000000 ) ;
#1034 = ORIENTED_EDGE ( 'NONE', *, *, #124, .F. ) ;
#1035 = CARTESIAN_POINT ( 'NONE',  ( 0.3999999999999988565, 0.4250000000000015432, -0.7999999999999951594 ) ) ;
#1036 = EDGE_CURVE ( 'NONE', #468, #693, #730, .T. ) ;
#1037 = CARTESIAN_POINT ( 'NONE',  ( -0.5815558345168788668, 0.4086347290074377470, 0.6000000000000004219 ) ) ;
#1038 = EDGE_CURVE ( 'NONE', #1186, #468, #232, .T. ) ;
#1039 = SURFACE_SIDE_STYLE ('',( #154 ) ) ;
#1040 = VERTEX_POINT ( 'NONE', #1211 ) ;
#1041 = EDGE_CURVE ( 'NONE', #1368, #820, #253, .T. ) ;
#1042 = ORIENTED_EDGE ( 'NONE', *, *, #526, .T. ) ;
#1043 = CARTESIAN_POINT ( 'NONE',  ( -0.4000000000000010214, 0.4250000000000015432, 0.4000000000000004108 ) ) ;
#1044 = LINE ( 'NONE', #1150, #549 ) ;
#1045 = VERTEX_POINT ( 'NONE', #550 ) ;
#1046 = CARTESIAN_POINT ( 'NONE',  ( -0.4000000000000010214, 0.4250000000000015987, 0.6000000000000004219 ) ) ;
#1047 = DIRECTION ( 'NONE',  ( 0.000000000000000000, -0.000000000000000000, -1.000000000000000000 ) ) ;
#1048 = FACE_OUTER_BOUND ( 'NONE', #766, .T. ) ;
#1049 = VERTEX_POINT ( 'NONE', #993 ) ;
#1050 = PLANE ( 'NONE',  #1195 ) ;
#1051 = FACE_OUTER_BOUND ( 'NONE', #1463, .T. ) ;
#1052 = ORIENTED_EDGE ( 'NONE', *, *, #535, .F. ) ;
#1053 = AXIS2_PLACEMENT_3D ( 'NONE', #1357, #73, #760 ) ;
#1054 = ADVANCED_FACE ( 'NONE', ( #259 ), #761, .F. ) ;
#1055 = ORIENTED_EDGE ( 'NONE', *, *, #1449, .F. ) ;
#1056 = CARTESIAN_POINT ( 'NONE',  ( -0.6500000000000001332, 0.1999999999999999833, -0.5999999999999996447 ) ) ;
#1057 = CARTESIAN_POINT ( 'NONE',  ( 0.3543242287217222009, 0.9000000000000002442, 0.8000000000000003775 ) ) ;
#1058 = LINE ( 'NONE', #683, #551 ) ;
#1059 = ORIENTED_EDGE ( 'NONE', *, *, #1337, .T. ) ;
#1060 = DIRECTION ( 'NONE',  ( 0.1391731009600657432, 0.9902680687415702510, 0.000000000000000000 ) ) ;
#1061 = DIRECTION ( 'NONE',  ( -0.000000000000000000, -0.000000000000000000, -1.000000000000000000 ) ) ;
#1062 = SURFACE_STYLE_FILL_AREA ( #953 ) ;
#1063 = ORIENTED_EDGE ( 'NONE', *, *, #263, .T. ) ;
#1064 = CARTESIAN_POINT ( 'NONE',  ( -0.4000000000000010214, 0.3927506516902224409, -0.3999999999999996336 ) ) ;
#1065 = ORIENTED_EDGE ( 'NONE', *, *, #88, .T. ) ;
#1066 = ORIENTED_EDGE ( 'NONE', *, *, #81, .T. ) ;
#1067 = CARTESIAN_POINT ( 'NONE',  ( 0.3543242287217214237, 0.1000000000000003109, -0.7543242287217176711 ) ) ;
#1068 = DIRECTION ( 'NONE',  ( 0.08715574274765695850, 0.9961946980917456562, 0.000000000000000000 ) ) ;
#1069 = ADVANCED_FACE ( 'NONE', ( #1282 ), #1108, .F. ) ;
#1070 = ADVANCED_FACE ( 'NONE', ( #1223 ), #1306, .T. ) ;
#1071 = CARTESIAN_POINT ( 'NONE',  ( -0.4000000000000010214, 0.5750000000000015099, 0.4000000000000004108 ) ) ;
#1072 =( GEOMETRIC_REPRESENTATION_CONTEXT ( 3 ) GLOBAL_UNCERTAINTY_ASSIGNED_CONTEXT ( ( #672 ) ) GLOBAL_UNIT_ASSIGNED_CONTEXT ( ( #1116, #80, #867 ) ) REPRESENTATION_CONTEXT ( 'NONE', 'WORKASPACE' ) );
#1073 = SURFACE_STYLE_USAGE ( .BOTH. , #1039 ) ;
#1074 = EDGE_LOOP ( 'NONE', ( #478, #745, #457, #963 ) ) ;
#1075 = AXIS2_PLACEMENT_3D ( 'NONE', #1064, #1310, #261 ) ;
#1076 = ORIENTED_EDGE ( 'NONE', *, *, #183, .T. ) ;
#1077 = DIRECTION ( 'NONE',  ( 0.000000000000000000, -0.000000000000000000, -1.000000000000000000 ) ) ;
#1078 = VERTEX_POINT ( 'NONE', #892 ) ;
#1079 = CARTESIAN_POINT ( 'NONE',  ( -0.5815558345168788668, 0.4086347290074377470, -0.3999999999999996336 ) ) ;
#1080 = EDGE_CURVE ( 'NONE', #350, #876, #818, .T. ) ;
#1081 = ORIENTED_EDGE ( 'NONE', *, *, #1288, .T. ) ;
#1082 =( NAMED_UNIT ( * ) SI_UNIT ( $, .STERADIAN. ) SOLID_ANGLE_UNIT ( ) );
#1083 = EDGE_CURVE ( 'NONE', #119, #352, #1342, .T. ) ;
#1084 = ORIENTED_EDGE ( 'NONE', *, *, #1379, .F. ) ;
#1085 = APPLICATION_PROTOCOL_DEFINITION ( 'draft international standard', 'automotive_design', 1998, #301 ) ;
#1086 = VERTEX_POINT ( 'NONE', #974 ) ;
#1087 = ADVANCED_FACE ( 'NONE', ( #318 ), #1340, .F. ) ;
#1088 = AXIS2_PLACEMENT_3D ( 'NONE', #46, #499, #386 ) ;
#1089 = ADVANCED_FACE ( 'NONE', ( #1333 ), #1496, .F. ) ;
#1090 = CARTESIAN_POINT ( 'NONE',  ( -0.6500000000000001332, 0.1999999999999999833, 0.6000000000000004219 ) ) ;
#1091 = ORIENTED_EDGE ( 'NONE', *, *, #785, .T. ) ;
#1092 = AXIS2_PLACEMENT_3D ( 'NONE', #114, #1019, #1008 ) ;
#1093 = LINE ( 'NONE', #1000, #596 ) ;
#1094 = DIRECTION ( 'NONE',  ( -0.000000000000000000, -0.000000000000000000, -1.000000000000000000 ) ) ;
#1095 = LINE ( 'NONE', #627, #102 ) ;
#1096 = EDGE_CURVE ( 'NONE', #861, #1188, #272, .T. ) ;
#1097 = DIRECTION ( 'NONE',  ( -3.614007241618349757E-16, -1.000000000000000000, 0.000000000000000000 ) ) ;
#1098 = ORIENTED_EDGE ( 'NONE', *, *, #621, .F. ) ;
#1099 = VECTOR ( 'NONE', #842, 1000.000000000000000 ) ;
#1100 = DIRECTION ( 'NONE',  ( -0.08715574274765695850, -0.9961946980917456562, -0.000000000000000000 ) ) ;
#1101 = ORIENTED_EDGE ( 'NONE', *, *, #973, .T. ) ;
#1102 = UNCERTAINTY_MEASURE_WITH_UNIT (LENGTH_MEASURE( 1.000000000000000082E-05 ), #637, 'distance_accuracy_value', 'NONE');
#1103 = LINE ( 'NONE', #317, #601 ) ;
#1104 = DIRECTION ( 'NONE',  ( -4.082155997157843695E-16, 1.000000000000000000, 0.000000000000000000 ) ) ;
#1105 = ORIENTED_EDGE ( 'NONE', *, *, #812, .F. ) ;
#1106 = ADVANCED_FACE ( 'NONE', ( #289 ), #489, .T. ) ;
#1107 = VECTOR ( 'NONE', #719, 1000.000000000000000 ) ;
#1108 = PLANE ( 'NONE',  #1410 ) ;
#1109 = APPLICATION_PROTOCOL_DEFINITION ( 'draft international standard', 'automotive_design', 1998, #1005 ) ;
#1110 = DIRECTION ( 'NONE',  ( -1.000000000000000000, 0.000000000000000000, 0.000000000000000000 ) ) ;
#1111 = DIRECTION ( 'NONE',  ( -0.000000000000000000, -0.000000000000000000, -1.000000000000000000 ) ) ;
#1112 = EDGE_LOOP ( 'NONE', ( #1312, #507, #886, #1253 ) ) ;
#1113 = DIRECTION ( 'NONE',  ( -1.000000000000000000, -0.000000000000000000, -0.000000000000000000 ) ) ;
#1114 = FACE_OUTER_BOUND ( 'NONE', #214, .T. ) ;
#1115 = DIRECTION ( 'NONE',  ( 0.000000000000000000, -0.000000000000000000, -1.000000000000000000 ) ) ;
#1116 =( LENGTH_UNIT ( ) NAMED_UNIT ( * ) SI_UNIT ( .MILLI., .METRE. ) );
#1117 = AXIS2_PLACEMENT_3D ( 'NONE', #1090, #1111, #753 ) ;
#1118 = FACE_OUTER_BOUND ( 'NONE', #957, .T. ) ;
#1119 = EDGE_CURVE ( 'NONE', #470, #542, #787, .T. ) ;
#1120 = FACE_OUTER_BOUND ( 'NONE', #168, .T. ) ;
#1121 = CARTESIAN_POINT ( 'NONE',  ( -0.7999999999999993783, 0.1499999999999999944, -0.3999999999999996336 ) ) ;
#1122 = CARTESIAN_POINT ( 'NONE',  ( 0.7999999999999993783, 0.1499999999999999944, -0.09999999999999961697 ) ) ;
#1123 = ORIENTED_EDGE ( 'NONE', *, *, #25, .T. ) ;
#1124 = DIRECTION ( 'NONE',  ( -0.000000000000000000, -0.000000000000000000, -1.000000000000000000 ) ) ;
#1125 = LINE ( 'NONE', #870, #618 ) ;
#1126 = DIRECTION ( 'NONE',  ( -1.000000000000000000, 3.614007241618349264E-16, -0.000000000000000000 ) ) ;
#1127 = PRESENTATION_LAYER_ASSIGNMENT (  '', '', ( #1217 ) ) ;
#1128 = DIRECTION ( 'NONE',  ( 1.000000000000000000, 0.000000000000000000, 0.000000000000000000 ) ) ;
#1129 = LINE ( 'NONE', #631, #644 ) ;
#1130 = CARTESIAN_POINT ( 'NONE',  ( -0.6499999999999994671, 0.1499999999999999389, 0.4000000000000004108 ) ) ;
#1131 = VECTOR ( 'NONE', #1385, 1000.000000000000000 ) ;
#1132 = CARTESIAN_POINT ( 'NONE',  ( -0.4000000000000010214, 0.1000000000000003109, -0.7543242287217176711 ) ) ;
#1133 = EDGE_CURVE ( 'NONE', #131, #1368, #1311, .T. ) ;
#1134 = VERTEX_POINT ( 'NONE', #944 ) ;
#1135 = CARTESIAN_POINT ( 'NONE',  ( -0.6001902650954127338, 0.1956422128626171264, -0.3999999999999996336 ) ) ;
#1136 = LINE ( 'NONE', #156, #598 ) ;
#1137 = EDGE_CURVE ( 'NONE', #822, #243, #790, .T. ) ;
#1138 = LINE ( 'NONE', #146, #112 ) ;
#1139 = CARTESIAN_POINT ( 'NONE',  ( -0.4000000000000010214, 0.5750000000000017319, 0.8000000000000003775 ) ) ;
#1140 = DIRECTION ( 'NONE',  ( -0.000000000000000000, -0.000000000000000000, -1.000000000000000000 ) ) ;
#1141 = ORIENTED_EDGE ( 'NONE', *, *, #621, .T. ) ;
#1142 = CARTESIAN_POINT ( 'NONE',  ( 0.3999999999999993006, 0.5750000000000017319, 0.8000000000000003775 ) ) ;
#1143 = AXIS2_PLACEMENT_3D ( 'NONE', #531, #1097, #508 ) ;
#1144 = VECTOR ( 'NONE', #1332, 1000.000000000000000 ) ;
#1145 = EDGE_CURVE ( 'NONE', #820, #350, #801, .T. ) ;
#1146 = FACE_OUTER_BOUND ( 'NONE', #462, .T. ) ;
#1147 = DIRECTION ( 'NONE',  ( 0.000000000000000000, 0.000000000000000000, 1.000000000000000000 ) ) ;
#1148 = DIRECTION ( 'NONE',  ( 0.000000000000000000, 1.000000000000000000, 0.000000000000000000 ) ) ;
#1149 = FACE_OUTER_BOUND ( 'NONE', #552, .T. ) ;
#1150 = CARTESIAN_POINT ( 'NONE',  ( -0.7999999999999993783, 0.000000000000000000, -0.3999999999999996336 ) ) ;
#1151 = EDGE_CURVE ( 'NONE', #1216, #1308, #770, .T. ) ;
#1152 = LINE ( 'NONE', #658, #1159 ) ;
#1153 = DIRECTION ( 'NONE',  ( 0.9961946980917456562, -0.08715574274765695850, 0.000000000000000000 ) ) ;
#1154 = EDGE_CURVE ( 'NONE', #806, #373, #1315, .T. ) ;
#1155 = DIRECTION ( 'NONE',  ( 1.000000000000000000, 0.000000000000000000, 0.000000000000000000 ) ) ;
#1156 = LINE ( 'NONE', #113, #161 ) ;
#1157 = CARTESIAN_POINT ( 'NONE',  ( -0.5815558345168788668, 0.4086347290074377470, -0.5999999999999996447 ) ) ;
#1158 = CARTESIAN_POINT ( 'NONE',  ( 0.5815558345168788668, 0.4086347290074377470, 0.1000000000000003664 ) ) ;
#1159 = VECTOR ( 'NONE', #1227, 1000.000000000000000 ) ;
#1160 = VERTEX_POINT ( 'NONE', #1165 ) ;
#1161 = VECTOR ( 'NONE', #553, 1000.000000000000000 ) ;
#1162 = AXIS2_PLACEMENT_3D ( 'NONE', #1317, #1292, #1023 ) ;
#1163 = CARTESIAN_POINT ( 'NONE',  ( -0.6500000000000001332, 0.1999999999999999833, 0.6000000000000004219 ) ) ;
#1164 = EDGE_CURVE ( 'NONE', #1194, #1178, #335, .T. ) ;
#1165 = CARTESIAN_POINT ( 'NONE',  ( 0.6499999999999994671, -6.123233995736763571E-17, -0.09999999999999961697 ) ) ;
#1166 = ORIENTED_EDGE ( 'NONE', *, *, #785, .F. ) ;
#1167 = LINE ( 'NONE', #901, #676 ) ;
#1168 = EDGE_CURVE ( 'NONE', #329, #86, #1351, .T. ) ;
#1169 = DIRECTION ( 'NONE',  ( 0.08715574274765695850, 0.9961946980917456562, 0.000000000000000000 ) ) ;
#1170 = VECTOR ( 'NONE', #1366, 999.9999999999998863 ) ;
#1171 = DIRECTION ( 'NONE',  ( 0.000000000000000000, -0.9902680687415703620, -0.1391731009600657432 ) ) ;
#1172 = VERTEX_POINT ( 'NONE', #1157 ) ;
#1173 = EDGE_CURVE ( 'NONE', #1219, #1172, #1386, .T. ) ;
#1174 = DIRECTION ( 'NONE',  ( -0.08715574274765720830, 0.9961946980917456562, 0.000000000000000000 ) ) ;
#1175 = MECHANICAL_DESIGN_GEOMETRIC_PRESENTATION_REPRESENTATION (  '', ( #825 ), #1489 ) ;
#1176 = LINE ( 'NONE', #1018, #1184 ) ;
#1177 = EDGE_CURVE ( 'NONE', #1210, #1224, #1371, .T. ) ;
#1178 = VERTEX_POINT ( 'NONE', #589 ) ;
#1179 = VECTOR ( 'NONE', #336, 1000.000000000000000 ) ;
#1180 = EDGE_LOOP ( 'NONE', ( #1197, #547, #296, #83 ) ) ;
#1181 = DIRECTION ( 'NONE',  ( 2.710505431213768974E-16, 0.000000000000000000, 1.000000000000000000 ) ) ;
#1182 = ORIENTED_EDGE ( 'NONE', *, *, #235, .T. ) ;
#1183 = EDGE_CURVE ( 'NONE', #468, #1188, #833, .T. ) ;
#1184 = VECTOR ( 'NONE', #211, 1000.000000000000000 ) ;
#1185 = CARTESIAN_POINT ( 'NONE',  ( -0.4507610603816509798, 0.1825688514504685278, 0.6000000000000004219 ) ) ;
#1186 = VERTEX_POINT ( 'NONE', #772 ) ;
#1187 =( NAMED_UNIT ( * ) PLANE_ANGLE_UNIT ( ) SI_UNIT ( $, .RADIAN. ) );
#1188 = VERTEX_POINT ( 'NONE', #548 ) ;
#1189 = LINE ( 'NONE', #1276, #1170 ) ;
#1190 = LINE ( 'NONE', #741, #188 ) ;
#1191 = ORIENTED_EDGE ( 'NONE', *, *, #229, .F. ) ;
#1192 = AXIS2_PLACEMENT_3D ( 'NONE', #138, #1153, #1068 ) ;
#1193 =( NAMED_UNIT ( * ) PLANE_ANGLE_UNIT ( ) SI_UNIT ( $, .RADIAN. ) );
#1194 = VERTEX_POINT ( 'NONE', #85 ) ;
#1195 = AXIS2_PLACEMENT_3D ( 'NONE', #1287, #1412, #1181 ) ;
#1196 = ORIENTED_EDGE ( 'NONE', *, *, #1041, .F. ) ;
#1197 = ORIENTED_EDGE ( 'NONE', *, *, #473, .T. ) ;
#1198 = ORIENTED_EDGE ( 'NONE', *, *, #593, .F. ) ;
#1199 = CARTESIAN_POINT ( 'NONE',  ( 0.4000000000000010214, 0.4250000000000015432, 0.1000000000000003664 ) ) ;
#1200 = VECTOR ( 'NONE', #723, 1000.000000000000000 ) ;
#1201 = ORIENTED_EDGE ( 'NONE', *, *, #1288, .F. ) ;
#1202 = CARTESIAN_POINT ( 'NONE',  ( -0.3543242287217239772, 0.9000000000000002442, -0.7543242287217180042 ) ) ;
#1203 = ORIENTED_EDGE ( 'NONE', *, *, #807, .F. ) ;
#1204 = CIRCLE ( 'NONE', #1267, 0.03224934830977916472 ) ;
#1205 = ORIENTED_EDGE ( 'NONE', *, *, #773, .T. ) ;
#1206 = CARTESIAN_POINT ( 'NONE',  ( 0.3999999999999993006, 0.4250000000000015432, 0.8000000000000003775 ) ) ;
#1207 = ORIENTED_EDGE ( 'NONE', *, *, #473, .F. ) ;
#1208 = EDGE_CURVE ( 'NONE', #1257, #82, #340, .T. ) ;
#1209 = ORIENTED_EDGE ( 'NONE', *, *, #235, .F. ) ;
#1210 = VERTEX_POINT ( 'NONE', #1234 ) ;
#1211 = CARTESIAN_POINT ( 'NONE',  ( 0.4507610603816509798, 0.1825688514504684723, 0.1000000000000003664 ) ) ;
#1212 = ORIENTED_EDGE ( 'NONE', *, *, #737, .F. ) ;
#1213 = ORIENTED_EDGE ( 'NONE', *, *, #828, .T. ) ;
#1214 = ADVANCED_FACE ( 'NONE', ( #328 ), #889, .T. ) ;
#1215 = CARTESIAN_POINT ( 'NONE',  ( -0.6499999999999994671, -6.123233995736763571E-17, -0.5999999999999996447 ) ) ;
#1216 = VERTEX_POINT ( 'NONE', #1122 ) ;
#1217 = STYLED_ITEM ( 'NONE', ( #1026 ), #919 ) ;
#1218 = CARTESIAN_POINT ( 'NONE',  ( 0.3999999999999988565, 0.4250000000000015432, -0.7999999999999951594 ) ) ;
#1219 = VERTEX_POINT ( 'NONE', #780 ) ;
#1220 = AXIS2_PLACEMENT_3D ( 'NONE', #465, #913, #1259 ) ;
#1221 = DIRECTION ( 'NONE',  ( -0.1391731009600657432, -0.9902680687415702510, 0.000000000000000000 ) ) ;
#1222 = ORIENTED_EDGE ( 'NONE', *, *, #1244, .F. ) ;
#1223 = FACE_OUTER_BOUND ( 'NONE', #1325, .T. ) ;
#1224 = VERTEX_POINT ( 'NONE', #172 ) ;
#1225 = EDGE_CURVE ( 'NONE', #1086, #1216, #1392, .T. ) ;
#1226 = DIRECTION ( 'NONE',  ( 1.000000000000000000, 0.000000000000000000, 0.000000000000000000 ) ) ;
#1227 = DIRECTION ( 'NONE',  ( 0.000000000000000000, -0.000000000000000000, -1.000000000000000000 ) ) ;
#1228 = ORIENTED_EDGE ( 'NONE', *, *, #362, .T. ) ;
#1229 = PRESENTATION_STYLE_ASSIGNMENT (( #855 ) ) ;
#1230 = ORIENTED_EDGE ( 'NONE', *, *, #1423, .T. ) ;
#1231 = EDGE_CURVE ( 'NONE', #604, #490, #872, .T. ) ;
#1232 = DIRECTION ( 'NONE',  ( -2.710505431213768974E-16, -0.000000000000000000, -1.000000000000000000 ) ) ;
#1233 = ORIENTED_EDGE ( 'NONE', *, *, #124, .T. ) ;
#1234 = CARTESIAN_POINT ( 'NONE',  ( 0.3543242287217217568, 0.1000000000000003109, 0.7543242287217228892 ) ) ;
#1235 = ORIENTED_EDGE ( 'NONE', *, *, #1168, .F. ) ;
#1236 = ORIENTED_EDGE ( 'NONE', *, *, #1038, .T. ) ;
#1237 = CARTESIAN_POINT ( 'NONE',  ( 0.3999999999999993006, 0.5750000000000017319, 0.8000000000000003775 ) ) ;
#1238 = CLOSED_SHELL ( 'NONE', ( #1404, #862, #246, #1089, #1054, #1358, #210, #629, #187, #1069, #29, #797 ) ) ;
#1239 = LINE ( 'NONE', #1158, #213 ) ;
#1240 = DIRECTION ( 'NONE',  ( -1.000000000000000000, 4.082155997157843695E-16, 0.000000000000000000 ) ) ;
#1241 = CIRCLE ( 'NONE', #572, 0.1822493483097791245 ) ;
#1242 = FACE_OUTER_BOUND ( 'NONE', #141, .T. ) ;
#1243 = ORIENTED_EDGE ( 'NONE', *, *, #807, .T. ) ;
#1244 = EDGE_CURVE ( 'NONE', #876, #816, #1367, .T. ) ;
#1245 = DIRECTION ( 'NONE',  ( 0.08715574274765695850, -0.9961946980917456562, -0.000000000000000000 ) ) ;
#1246 = ORIENTED_EDGE ( 'NONE', *, *, #1249, .T. ) ;
#1247 = CARTESIAN_POINT ( 'NONE',  ( 0.4000000000000010214, 0.3927506516902224409, 0.1000000000000003664 ) ) ;
#1248 = LINE ( 'NONE', #1218, #233 ) ;
#1249 = EDGE_CURVE ( 'NONE', #1188, #372, #349, .T. ) ;
#1250 = VERTEX_POINT ( 'NONE', #1362 ) ;
#1251 = DIRECTION ( 'NONE',  ( 1.000000000000000000, 0.000000000000000000, 0.000000000000000000 ) ) ;
#1252 = DIRECTION ( 'NONE',  ( -2.710505431213768974E-16, -0.000000000000000000, -1.000000000000000000 ) ) ;
#1253 = ORIENTED_EDGE ( 'NONE', *, *, #413, .T. ) ;
#1254 = ORIENTED_EDGE ( 'NONE', *, *, #186, .F. ) ;
#1255 =( GEOMETRIC_REPRESENTATION_CONTEXT ( 3 ) GLOBAL_UNCERTAINTY_ASSIGNED_CONTEXT ( ( #1102 ) ) GLOBAL_UNIT_ASSIGNED_CONTEXT ( ( #637, #291, #153 ) ) REPRESENTATION_CONTEXT ( 'NONE', 'WORKASPACE' ) );
#1256 = DIRECTION ( 'NONE',  ( -0.000000000000000000, -0.000000000000000000, -1.000000000000000000 ) ) ;
#1257 = VERTEX_POINT ( 'NONE', #673 ) ;
#1258 = COLOUR_RGB ( '',0.8000000000000000444, 0.8196078431372548767, 0.9333333333333333481 ) ;
#1259 = DIRECTION ( 'NONE',  ( 1.000000000000000000, 0.000000000000000000, -0.000000000000000000 ) ) ;
#1260 = VERTEX_POINT ( 'NONE', #788 ) ;
#1261 = CARTESIAN_POINT ( 'NONE',  ( -0.4507610603816509798, 0.1825688514504684723, 0.4000000000000004108 ) ) ;
#1262 = LINE ( 'NONE', #487, #774 ) ;
#1263 = DIRECTION ( 'NONE',  ( 0.000000000000000000, -0.000000000000000000, -1.000000000000000000 ) ) ;
#1264 = LINE ( 'NONE', #283, #739 ) ;
#1265 = CIRCLE ( 'NONE', #1075, 0.03224934830977916472 ) ;
#1266 = ORIENTED_EDGE ( 'NONE', *, *, #1119, .T. ) ;
#1267 = AXIS2_PLACEMENT_3D ( 'NONE', #322, #566, #912 ) ;
#1268 = LINE ( 'NONE', #103, #286 ) ;
#1269 = ORIENTED_EDGE ( 'NONE', *, *, #832, .T. ) ;
#1270 = VECTOR ( 'NONE', #53, 1000.000000000000000 ) ;
#1271 = CARTESIAN_POINT ( 'NONE',  ( 0.7999999999999993783, 0.000000000000000000, 0.1000000000000003664 ) ) ;
#1272 = VECTOR ( 'NONE', #355, 1000.000000000000000 ) ;
#1273 = DIRECTION ( 'NONE',  ( 1.000000000000000000, 0.000000000000000000, 0.000000000000000000 ) ) ;
#1274 = ADVANCED_FACE ( 'NONE', ( #846 ), #1503, .F. ) ;
#1275 = DIRECTION ( 'NONE',  ( -0.000000000000000000, -0.000000000000000000, -1.000000000000000000 ) ) ;
#1276 = CARTESIAN_POINT ( 'NONE',  ( -0.4000000000000010214, 0.4250000000000015432, 0.8000000000000003775 ) ) ;
#1277 = VERTEX_POINT ( 'NONE', #424 ) ;
#1278 = CIRCLE ( 'NONE', #1305, 0.1999999999999999833 ) ;
#1279 = DIRECTION ( 'NONE',  ( -0.9902680687415702510, -0.1391731009600657432, 0.000000000000000000 ) ) ;
#1280 = LINE ( 'NONE', #659, #256 ) ;
#1281 = DIRECTION ( 'NONE',  ( 0.000000000000000000, 0.000000000000000000, 1.000000000000000000 ) ) ;
#1282 = FACE_OUTER_BOUND ( 'NONE', #305, .T. ) ;
#1283 = CARTESIAN_POINT ( 'NONE',  ( -0.4000000000000010214, 0.3927506516902224409, 0.4000000000000004108 ) ) ;
#1284 = MECHANICAL_DESIGN_GEOMETRIC_PRESENTATION_REPRESENTATION (  '', ( #1447 ), #37 ) ;
#1285 = CARTESIAN_POINT ( 'NONE',  ( -0.4000000000000010214, 0.3927506516902224409, -0.5999999999999996447 ) ) ;
#1286 = FACE_OUTER_BOUND ( 'NONE', #144, .T. ) ;
#1287 = CARTESIAN_POINT ( 'NONE',  ( 0.3999999999999988565, 0.5750000000000017319, -0.7999999999999951594 ) ) ;
#1288 = EDGE_CURVE ( 'NONE', #1049, #1186, #924, .T. ) ;
#1289 = CYLINDRICAL_SURFACE ( 'NONE', #5, 0.05000000000000002359 ) ;
#1290 = VECTOR ( 'NONE', #1252, 1000.000000000000000 ) ;
#1291 = MANIFOLD_SOLID_BREP ( 'Boss-Extrude3', #1456 ) ;
#1292 = DIRECTION ( 'NONE',  ( 4.082155997157843695E-16, 1.000000000000000000, -0.000000000000000000 ) ) ;
#1293 = CIRCLE ( 'NONE', #710, 0.05000000000000002359 ) ;
#1294 = EDGE_CURVE ( 'NONE', #1134, #903, #920, .T. ) ;
#1295 = CARTESIAN_POINT ( 'NONE',  ( 0.3999999999999988565, 0.9000000000000002442, -0.7543242287217180042 ) ) ;
#1296 = FACE_OUTER_BOUND ( 'NONE', #1074, .T. ) ;
#1297 = EDGE_CURVE ( 'NONE', #147, #470, #891, .T. ) ;
#1298 = DIRECTION ( 'NONE',  ( -1.000000000000000000, 0.000000000000000000, 0.000000000000000000 ) ) ;
#1299 = CARTESIAN_POINT ( 'NONE',  ( 0.4507610603816509798, 0.1825688514504685278, -0.09999999999999961697 ) ) ;
#1300 = ADVANCED_FACE ( 'NONE', ( #1426 ), #907, .T. ) ;
#1301 = VECTOR ( 'NONE', #1148, 1000.000000000000000 ) ;
#1302 = LINE ( 'NONE', #688, #268 ) ;
#1303 = CARTESIAN_POINT ( 'NONE',  ( -0.4000000000000010214, 0.5750000000000015099, 0.6000000000000004219 ) ) ;
#1304 = AXIS2_PLACEMENT_3D ( 'NONE', #2, #1147, #1110 ) ;
#1305 = AXIS2_PLACEMENT_3D ( 'NONE', #580, #198, #1155 ) ;
#1306 = CYLINDRICAL_SURFACE ( 'NONE', #1370, 0.1999999999999999833 ) ;
#1307 = CARTESIAN_POINT ( 'NONE',  ( 0.3999999999999993006, 0.4250000000000015432, 0.8000000000000003775 ) ) ;
#1308 = VERTEX_POINT ( 'NONE', #108 ) ;
#1309 = LINE ( 'NONE', #1046, #1272 ) ;
#1310 = DIRECTION ( 'NONE',  ( -0.000000000000000000, -0.000000000000000000, -1.000000000000000000 ) ) ;
#1311 = LINE ( 'NONE', #696, #295 ) ;
#1312 = ORIENTED_EDGE ( 'NONE', *, *, #977, .T. ) ;
#1313 = CIRCLE ( 'NONE', #202, 0.1999999999999999833 ) ;
#1314 = ADVANCED_FACE ( 'NONE', ( #412 ), #755, .F. ) ;
#1315 = LINE ( 'NONE', #1037, #299 ) ;
#1316 = AXIS2_PLACEMENT_3D ( 'NONE', #1420, #929, #505 ) ;
#1317 = CARTESIAN_POINT ( 'NONE',  ( -0.7999999999999993783, 0.000000000000000000, 0.6000000000000004219 ) ) ;
#1318 = CIRCLE ( 'NONE', #1330, 0.1822493483097791245 ) ;
#1319 = CARTESIAN_POINT ( 'NONE',  ( -0.4000000000000010214, 0.4250000000000015987, 0.4000000000000004108 ) ) ;
#1320 = VERTEX_POINT ( 'NONE', #471 ) ;
#1321 = PLANE ( 'NONE',  #951 ) ;
#1322 = ORIENTED_EDGE ( 'NONE', *, *, #973, .F. ) ;
#1323 = CARTESIAN_POINT ( 'NONE',  ( -0.4507610603816509798, 0.1825688514504684723, -0.3999999999999996336 ) ) ;
#1324 = ORIENTED_EDGE ( 'NONE', *, *, #497, .F. ) ;
#1325 = EDGE_LOOP ( 'NONE', ( #19, #511, #227, #1243 ) ) ;
#1326 = DIRECTION ( 'NONE',  ( 0.08715574274765720830, 0.9961946980917456562, 0.000000000000000000 ) ) ;
#1327 = CARTESIAN_POINT ( 'NONE',  ( -0.4507610603816509798, 0.1825688514504684723, -0.5999999999999996447 ) ) ;
#1328 = CARTESIAN_POINT ( 'NONE',  ( 0.6499999999999994671, 0.1499999999999999389, 0.1000000000000003664 ) ) ;
#1329 = VECTOR ( 'NONE', #1126, 1000.000000000000000 ) ;
#1330 = AXIS2_PLACEMENT_3D ( 'NONE', #78, #1374, #890 ) ;
#1331 = ORIENTED_EDGE ( 'NONE', *, *, #493, .F. ) ;
#1332 = DIRECTION ( 'NONE',  ( -0.000000000000000000, -0.000000000000000000, -1.000000000000000000 ) ) ;
#1333 = FACE_OUTER_BOUND ( 'NONE', #358, .T. ) ;
#1334 = EDGE_CURVE ( 'NONE', #1078, #848, #404, .T. ) ;
#1335 = DIRECTION ( 'NONE',  ( 1.000000000000000000, -4.082155997157843695E-16, 0.000000000000000000 ) ) ;
#1336 = ORIENTED_EDGE ( 'NONE', *, *, #847, .T. ) ;
#1337 = EDGE_CURVE ( 'NONE', #352, #1078, #1422, .T. ) ;
#1338 = ORIENTED_EDGE ( 'NONE', *, *, #946, .F. ) ;
#1339 = ORIENTED_EDGE ( 'NONE', *, *, #469, .T. ) ;
#1340 = PLANE ( 'NONE',  #486 ) ;
#1341 = EDGE_CURVE ( 'NONE', #466, #1308, #408, .T. ) ;
#1342 = LINE ( 'NONE', #1004, #811 ) ;
#1343 = VERTEX_POINT ( 'NONE', #385 ) ;
#1344 = ORIENTED_EDGE ( 'NONE', *, *, #749, .T. ) ;
#1345 = PLANE ( 'NONE',  #1143 ) ;
#1346 = VERTEX_POINT ( 'NONE', #1303 ) ;
#1347 = ORIENTED_EDGE ( 'NONE', *, *, #832, .F. ) ;
#1348 = CARTESIAN_POINT ( 'NONE',  ( 0.6500000000000001332, 0.1999999999999999833, 0.1000000000000003664 ) ) ;
#1349 = VECTOR ( 'NONE', #1113, 1000.000000000000000 ) ;
#1350 = AXIS2_PLACEMENT_3D ( 'NONE', #319, #251, #1047 ) ;
#1351 = LINE ( 'NONE', #132, #869 ) ;
#1352 = ORIENTED_EDGE ( 'NONE', *, *, #543, .T. ) ;
#1353 = ORIENTED_EDGE ( 'NONE', *, *, #1452, .F. ) ;
#1354 = DIRECTION ( 'NONE',  ( -0.000000000000000000, -0.000000000000000000, -1.000000000000000000 ) ) ;
#1355 = CARTESIAN_POINT ( 'NONE',  ( -0.6499999999999994671, -6.123233995736763571E-17, -0.3999999999999996336 ) ) ;
#1356 = VERTEX_POINT ( 'NONE', #1408 ) ;
#1357 = CARTESIAN_POINT ( 'NONE',  ( -0.4000000000000010214, 0.5750000000000017319, -0.7999999999999951594 ) ) ;
#1358 = ADVANCED_FACE ( 'NONE', ( #915 ), #805, .F. ) ;
#1359 = CARTESIAN_POINT ( 'NONE',  ( -0.4000000000000010214, 0.5750000000000017319, -0.7999999999999951594 ) ) ;
#1360 = EDGE_CURVE ( 'NONE', #1356, #490, #923, .T. ) ;
#1361 = ORIENTED_EDGE ( 'NONE', *, *, #205, .F. ) ;
#1362 = CARTESIAN_POINT ( 'NONE',  ( -0.6001902650954127338, 0.1956422128626171264, -0.5999999999999996447 ) ) ;
#1363 = VERTEX_POINT ( 'NONE', #44 ) ;
#1364 = DIRECTION ( 'NONE',  ( -1.000000000000000000, 0.000000000000000000, 0.000000000000000000 ) ) ;
#1365 = ORIENTED_EDGE ( 'NONE', *, *, #469, .F. ) ;
#1366 = DIRECTION ( 'NONE',  ( -0.1378445374916289490, 0.9808148484639891418, 0.1378445374916289212 ) ) ;
#1367 = LINE ( 'NONE', #1012, #1349 ) ;
#1368 = VERTEX_POINT ( 'NONE', #266 ) ;
#1369 = CLOSED_SHELL ( 'NONE', ( #916, #1314, #228, #1274, #594, #1087, #639, #905, #800, #437, #1421, #136 ) ) ;
#1370 = AXIS2_PLACEMENT_3D ( 'NONE', #409, #1375, #87 ) ;
#1371 = LINE ( 'NONE', #1307, #1376 ) ;
#1372 = DIRECTION ( 'NONE',  ( -0.000000000000000000, 0.000000000000000000, 1.000000000000000000 ) ) ;
#1373 = ORIENTED_EDGE ( 'NONE', *, *, #593, .T. ) ;
#1374 = DIRECTION ( 'NONE',  ( 0.000000000000000000, 0.000000000000000000, 1.000000000000000000 ) ) ;
#1375 = DIRECTION ( 'NONE',  ( -0.000000000000000000, -0.000000000000000000, -1.000000000000000000 ) ) ;
#1376 = VECTOR ( 'NONE', #476, 1000.000000000000000 ) ;
#1377 = VERTEX_POINT ( 'NONE', #1319 ) ;
#1378 = ORIENTED_EDGE ( 'NONE', *, *, #63, .F. ) ;
#1379 = EDGE_CURVE ( 'NONE', #1040, #1194, #928, .T. ) ;
#1380 = ORIENTED_EDGE ( 'NONE', *, *, #94, .F. ) ;
#1381 = DIRECTION ( 'NONE',  ( 0.000000000000000000, -0.1391731009600657432, -0.9902680687415702510 ) ) ;
#1382 = ORIENTED_EDGE ( 'NONE', *, *, #167, .F. ) ;
#1383 = DIRECTION ( 'NONE',  ( -0.000000000000000000, -0.000000000000000000, -1.000000000000000000 ) ) ;
#1384 = ORIENTED_EDGE ( 'NONE', *, *, #1137, .T. ) ;
#1385 = DIRECTION ( 'NONE',  ( 0.000000000000000000, 1.000000000000000000, 0.000000000000000000 ) ) ;
#1386 = CIRCLE ( 'NONE', #116, 0.1822493483097791245 ) ;
#1387 = PLANE ( 'NONE',  #262 ) ;
#1388 = ORIENTED_EDGE ( 'NONE', *, *, #773, .F. ) ;
#1389 = AXIS2_PLACEMENT_3D ( 'NONE', #991, #1104, #717 ) ;
#1390 = EDGE_CURVE ( 'NONE', #568, #941, #935, .T. ) ;
#1391 = PLANE ( 'NONE',  #651 ) ;
#1392 = LINE ( 'NONE', #653, #839 ) ;
#1393 = ORIENTED_EDGE ( 'NONE', *, *, #1173, .T. ) ;
#1394 = CARTESIAN_POINT ( 'NONE',  ( 0.4507610603816509798, 0.1825688514504685278, 0.1000000000000003664 ) ) ;
#1395 = ORIENTED_EDGE ( 'NONE', *, *, #1173, .F. ) ;
#1396 = CARTESIAN_POINT ( 'NONE',  ( 0.6500000000000001332, 0.1999999999999999833, -0.09999999999999961697 ) ) ;
#1397 = EDGE_CURVE ( 'NONE', #561, #192, #937, .T. ) ;
#1398 = EDGE_LOOP ( 'NONE', ( #579, #502, #873, #38, #304, #1076, #308, #569, #1042, #495 ) ) ;
#1399 = DIRECTION ( 'NONE',  ( 1.000000000000000000, 0.000000000000000000, -0.000000000000000000 ) ) ;
#1400 = FACE_OUTER_BOUND ( 'NONE', #16, .T. ) ;
#1401 = ORIENTED_EDGE ( 'NONE', *, *, #560, .F. ) ;
#1402 = CARTESIAN_POINT ( 'NONE',  ( -0.6001902650954127338, 0.1956422128626171264, 0.4000000000000004108 ) ) ;
#1403 = ORIENTED_EDGE ( 'NONE', *, *, #9, .F. ) ;
#1404 = ADVANCED_FACE ( 'NONE', ( #1400 ), #1032, .F. ) ;
#1405 = DIRECTION ( 'NONE',  ( -0.000000000000000000, 1.000000000000000000, 0.000000000000000000 ) ) ;
#1406 = ORIENTED_EDGE ( 'NONE', *, *, #581, .T. ) ;
#1407 = DIRECTION ( 'NONE',  ( 0.000000000000000000, 1.000000000000000000, 0.000000000000000000 ) ) ;
#1408 = CARTESIAN_POINT ( 'NONE',  ( -0.4321266298031170572, 0.3955613675952891484, -0.5999999999999996447 ) ) ;
#1409 = DIRECTION ( 'NONE',  ( -0.1391731009600657432, 0.9902680687415702510, 0.000000000000000000 ) ) ;
#1410 = AXIS2_PLACEMENT_3D ( 'NONE', #290, #775, #539 ) ;
#1411 = DIRECTION ( 'NONE',  ( 0.000000000000000000, 0.000000000000000000, 1.000000000000000000 ) ) ;
#1412 = DIRECTION ( 'NONE',  ( -1.000000000000000000, 0.000000000000000000, 2.710505431213768974E-16 ) ) ;
#1413 = ORIENTED_EDGE ( 'NONE', *, *, #362, .F. ) ;
#1414 = DIRECTION ( 'NONE',  ( -0.08715574274765695850, 0.9961946980917456562, 0.000000000000000000 ) ) ;
#1415 = ORIENTED_EDGE ( 'NONE', *, *, #1379, .T. ) ;
#1416 = DIRECTION ( 'NONE',  ( -1.000000000000000000, 0.000000000000000000, 0.000000000000000000 ) ) ;
#1417 = ORIENTED_EDGE ( 'NONE', *, *, #982, .T. ) ;
#1418 = AXIS2_PLACEMENT_3D ( 'NONE', #152, #767, #1226 ) ;
#1419 = DIRECTION ( 'NONE',  ( -0.1378445374916289490, -0.9808148484639891418, 0.1378445374916289212 ) ) ;
#1420 = CARTESIAN_POINT ( 'NONE',  ( -0.4000000000000010214, 0.3927506516902224409, -0.5999999999999996447 ) ) ;
#1421 = ADVANCED_FACE ( 'NONE', ( #382 ), #485, .T. ) ;
#1422 = CIRCLE ( 'NONE', #56, 0.1999999999999999833 ) ;
#1423 = EDGE_CURVE ( 'NONE', #1086, #466, #885, .T. ) ;
#1424 = PLANE ( 'NONE',  #4 ) ;
#1425 = PLANE ( 'NONE',  #1192 ) ;
#1426 = FACE_OUTER_BOUND ( 'NONE', #1398, .T. ) ;
#1427 = MECHANICAL_DESIGN_GEOMETRIC_PRESENTATION_REPRESENTATION (  '', ( #1217 ), #602 ) ;
#1428 = CARTESIAN_POINT ( 'NONE',  ( -0.4507610603816509798, 0.1825688514504685278, -0.3999999999999996336 ) ) ;
#1429 = ADVANCED_FACE ( 'NONE', ( #429 ), #1425, .F. ) ;
#1430 = PRESENTATION_STYLE_ASSIGNMENT (( #446 ) ) ;
#1431 = PLANE ( 'NONE',  #669 ) ;
#1432 = ORIENTED_EDGE ( 'NONE', *, *, #347, .T. ) ;
#1433 = EDGE_CURVE ( 'NONE', #131, #561, #1451, .T. ) ;
#1434 = VERTEX_POINT ( 'NONE', #1328 ) ;
#1435 = CARTESIAN_POINT ( 'NONE',  ( -0.6499999999999994671, 0.1499999999999999389, 0.6000000000000004219 ) ) ;
#1436 = DIRECTION ( 'NONE',  ( 0.000000000000000000, -0.000000000000000000, -1.000000000000000000 ) ) ;
#1437 = AXIS2_PLACEMENT_3D ( 'NONE', #1396, #366, #808 ) ;
#1438 = ORIENTED_EDGE ( 'NONE', *, *, #847, .F. ) ;
#1439 = CARTESIAN_POINT ( 'NONE',  ( -0.6001902650954127338, 0.1956422128626171264, -0.3999999999999996336 ) ) ;
#1440 = VECTOR ( 'NONE', #817, 1000.000000000000000 ) ;
#1441 = DIRECTION ( 'NONE',  ( -1.000000000000000000, -0.000000000000000000, -0.000000000000000000 ) ) ;
#1442 = ORIENTED_EDGE ( 'NONE', *, *, #395, .T. ) ;
#1443 = AXIS2_PLACEMENT_3D ( 'NONE', #994, #646, #176 ) ;
#1444 = LINE ( 'NONE', #1295, #436 ) ;
#1445 = EDGE_LOOP ( 'NONE', ( #194, #434, #216, #1228 ) ) ;
#1446 = DIRECTION ( 'NONE',  ( 1.000000000000000000, 0.000000000000000000, -0.000000000000000000 ) ) ;
#1447 = STYLED_ITEM ( 'NONE', ( #1430 ), #1291 ) ;
#1448 = FACE_OUTER_BOUND ( 'NONE', #1112, .T. ) ;
#1449 = EDGE_CURVE ( 'NONE', #1320, #189, #433, .T. ) ;
#1450 = UNCERTAINTY_MEASURE_WITH_UNIT (LENGTH_MEASURE( 1.000000000000000082E-05 ), #77, 'distance_accuracy_value', 'NONE');
#1451 = LINE ( 'NONE', #143, #981 ) ;
#1452 = EDGE_CURVE ( 'NONE', #192, #341, #1444, .T. ) ;
#1453 = DIRECTION ( 'NONE',  ( 0.08715574274765720830, 0.9961946980917456562, 0.000000000000000000 ) ) ;
#1454 = ADVANCED_FACE ( 'NONE', ( #975 ), #54, .T. ) ;
#1455 = SURFACE_STYLE_FILL_AREA ( #976 ) ;
#1456 = CLOSED_SHELL ( 'NONE', ( #626, #370, #60, #674, #587, #165, #1454, #1214, #403, #699, #383, #854, #883, #1106 ) ) ;
#1457 = ADVANCED_FACE ( 'NONE', ( #1448 ), #1465, .F. ) ;
#1458 = DIRECTION ( 'NONE',  ( -1.000000000000000000, 0.000000000000000000, 0.000000000000000000 ) ) ;
#1459 = ADVANCED_BREP_SHAPE_REPRESENTATION ( 'DTC143EET1G', ( #1291, #616, #919, #680, #1443 ), #1255 ) ;
#1460 = CARTESIAN_POINT ( 'NONE',  ( 0.6001902650954127338, 0.1956422128626171264, -0.09999999999999961697 ) ) ;
#1461 = ORIENTED_EDGE ( 'NONE', *, *, #150, .F. ) ;
#1462 = SHAPE_DEFINITION_REPRESENTATION ( #1505, #1459 ) ;
#1463 = EDGE_LOOP ( 'NONE', ( #1166, #1098, #334, #105 ) ) ;
#1464 = DIRECTION ( 'NONE',  ( -0.1378445374916289212, 0.9808148484639889197, -0.1378445374916289212 ) ) ;
#1465 = CYLINDRICAL_SURFACE ( 'NONE', #173, 0.05000000000000002359 ) ;
#1466 = VERTEX_POINT ( 'NONE', #1355 ) ;
#1467 = ORIENTED_EDGE ( 'NONE', *, *, #977, .F. ) ;
#1468 = CARTESIAN_POINT ( 'NONE',  ( 0.5815558345168788668, 0.4086347290074377470, 0.1000000000000003664 ) ) ;
#1469 = COLOUR_RGB ( '',0.8000000000000000444, 0.8196078431372548767, 0.9333333333333333481 ) ;
#1470 = PRODUCT_DEFINITION_FORMATION_WITH_SPECIFIED_SOURCE ( 'ANY', '', #557, .NOT_KNOWN. ) ;
#1471 = DIRECTION ( 'NONE',  ( 0.08715574274765722218, -0.9961946980917456562, 0.000000000000000000 ) ) ;
#1472 = DIRECTION ( 'NONE',  ( 0.000000000000000000, 0.000000000000000000, 1.000000000000000000 ) ) ;
#1473 = PLANE ( 'NONE',  #456 ) ;
#1474 = ORIENTED_EDGE ( 'NONE', *, *, #426, .T. ) ;
#1475 = CARTESIAN_POINT ( 'NONE',  ( -0.4000000000000010214, 0.4250000000000015987, -0.5999999999999996447 ) ) ;
#1476 = EDGE_LOOP ( 'NONE', ( #430, #971, #388, #342 ) ) ;
#1477 = CARTESIAN_POINT ( 'NONE',  ( 0.3999999999999993006, 0.5750000000000017319, 0.8000000000000003775 ) ) ;
#1478 = EDGE_CURVE ( 'NONE', #967, #139, #1488, .T. ) ;
#1479 =( NAMED_UNIT ( * ) PLANE_ANGLE_UNIT ( ) SI_UNIT ( $, .RADIAN. ) );
#1480 = ORIENTED_EDGE ( 'NONE', *, *, #749, .F. ) ;
#1481 = DIRECTION ( 'NONE',  ( -1.000000000000000000, -4.082155997157843695E-16, 0.000000000000000000 ) ) ;
#1482 = ORIENTED_EDGE ( 'NONE', *, *, #1080, .F. ) ;
#1483 = DIRECTION ( 'NONE',  ( -1.000000000000000000, 0.000000000000000000, 0.000000000000000000 ) ) ;
#1484 = VERTEX_POINT ( 'NONE', #1460 ) ;
#1485 = VECTOR ( 'NONE', #245, 1000.000000000000000 ) ;
#1486 = ORIENTED_EDGE ( 'NONE', *, *, #759, .F. ) ;
#1487 = CARTESIAN_POINT ( 'NONE',  ( 0.6001902650954127338, 0.1956422128626171264, 0.1000000000000003664 ) ) ;
#1488 = LINE ( 'NONE', #166, #1497 ) ;
#1489 =( GEOMETRIC_REPRESENTATION_CONTEXT ( 3 ) GLOBAL_UNCERTAINTY_ASSIGNED_CONTEXT ( ( #208 ) ) GLOBAL_UNIT_ASSIGNED_CONTEXT ( ( #845, #133, #57 ) ) REPRESENTATION_CONTEXT ( 'NONE', 'WORKASPACE' ) );
#1490 = ORIENTED_EDGE ( 'NONE', *, *, #444, .F. ) ;
#1491 = CARTESIAN_POINT ( 'NONE',  ( 0.6499999999999994671, -6.123233995736763571E-17, 0.1000000000000003664 ) ) ;
#1492 = FACE_OUTER_BOUND ( 'NONE', #754, .T. ) ;
#1493 = FILL_AREA_STYLE_COLOUR ( '', #396 ) ;
#1494 = ORIENTED_EDGE ( 'NONE', *, *, #904, .F. ) ;
#1495 = CARTESIAN_POINT ( 'NONE',  ( 0.4507610603816509798, 0.1825688514504685278, 0.1000000000000003664 ) ) ;
#1496 = PLANE ( 'NONE',  #728 ) ;
#1497 = VECTOR ( 'NONE', #656, 1000.000000000000000 ) ;
#1498 = ORIENTED_EDGE ( 'NONE', *, *, #413, .F. ) ;
#1499 = DIRECTION ( 'NONE',  ( -1.000000000000000000, 0.000000000000000000, 0.000000000000000000 ) ) ;
#1500 = ADVANCED_FACE ( 'NONE', ( #1492 ), #1473, .F. ) ;
#1501 = LINE ( 'NONE', #671, #506 ) ;
#1502 = CARTESIAN_POINT ( 'NONE',  ( -0.5815558345168788668, 0.4086347290074377470, -0.3999999999999996336 ) ) ;
#1503 = PLANE ( 'NONE',  #134 ) ;
#1504 = ORIENTED_EDGE ( 'NONE', *, *, #970, .T. ) ;
#1505 = PRODUCT_DEFINITION_SHAPE ( 'NONE', 'NONE',  #482 ) ;
#1506 = DIRECTION ( 'NONE',  ( -0.000000000000000000, -1.000000000000000000, -0.000000000000000000 ) ) ;
#1507 = VECTOR ( 'NONE', #76, 1000.000000000000000 ) ;
ENDSEC;
END-ISO-10303-21;
